timestamp_s,relative_time_s,car_id,x_m,y_m,speed_kmh,longitudinal_accel_g,sector,speed_origin,position_origin,accel_origin,timing_origin
0.0,-5.0,33,600.0,400.0,310.0,0.0,3,SIMULATED,SIMULATED,SIMULATED,SIMULATED
0.0,-5.0,11,950.0,400.0,300.0,0.0,3,SIMULATED,SIMULATED,SIMULATED,SIMULATED
0.0,-5.0,44,1200.0,350.0,295.0,0.0,2,SIMULATED,SIMULATED,SIMULATED,SIMULATED
0.2,-4.8,33,582.78,400.0,310.0,0.0,3,SIMULATED,SIMULATED,SIMULATED,SIMULATED
0.2,-4.8,11,933.33,400.0,300.0,0.0,3,SIMULATED,SIMULATED,SIMULATED,SIMULATED
0.2,-4.8,44,1200.0,366.39,295.0,0.0,2,SIMULATED,SIMULATED,SIMULATED,SIMULATED
0.4,-4.6,33,565.56,400.0,310.0,0.0,3,SIMULATED,SIMULATED,SIMULATED,SIMULATED
0.4,-4.6,11,916.67,400.0,300.0,0.0,3,SIMULATED,SIMULATED,SIMULATED,SIMULATED
0.4,-4.6,44,1200.0,382.78,295.0,0.0,2,SIMULATED,SIMULATED,SIMULATED,SIMULATED
0.6,-4.4,33,548.33,400.0,310.0,0.0,3,SIMULATED,SIMULATED,SIMULATED,SIMULATED
0.6,-4.4,11,900.0,400.0,300.0,0.0,3,SIMULATED,SIMULATED,SIMULATED,SIMULATED
0.6,-4.4,44,1200.0,399.17,295.0,0.0,2,SIMULATED,SIMULATED,SIMULATED,SIMULATED
0.8,-4.2,33,531.11,400.0,310.0,0.0,3,SIMULATED,SIMULATED,SIMULATED,SIMULATED
0.8,-4.2,11,883.33,400.0,300.0,0.0,3,SIMULATED,SIMULATED,SIMULATED,SIMULATED
0.8,-4.2,44,1184.44,400.0,295.0,0.0,3,SIMULATED,SIMULATED,SIMULATED,SIMULATED
1.0,-4.0,33,513.89,400.0,310.0,0.0,3,SIMULATED,SIMULATED,SIMULATED,SIMULATED
1.0,-4.0,11,866.67,400.0,300.0,0.0,3,SIMULATED,SIMULATED,SIMULATED,SIMULATED
1.0,-4.0,44,1168.06,400.0,295.0,0.0,3,SIMULATED,SIMULATED,SIMULATED,SIMULATED
1.2,-3.8,33,496.67,400.0,310.0,0.0,3,SIMULATED,SIMULATED,SIMULATED,SIMULATED
1.2,-3.8,11,850.0,400.0,300.0,0.0,3,SIMULATED,SIMULATED,SIMULATED,SIMULATED
1.2,-3.8,44,1151.67,400.0,295.0,0.0,3,SIMULATED,SIMULATED,SIMULATED,SIMULATED
1.4,-3.6,33,479.44,400.0,310.0,0.0,3,SIMULATED,SIMULATED,SIMULATED,SIMULATED
1.4,-3.6,11,833.33,400.0,300.0,0.0,3,SIMULATED,SIMULATED,SIMULATED,SIMULATED
1.4,-3.6,44,1135.28,400.0,295.0,0.0,3,SIMULATED,SIMULATED,SIMULATED,SIMULATED
1.6,-3.4,33,462.22,400.0,310.0,0.0,3,SIMULATED,SIMULATED,SIMULATED,SIMULATED
1.6,-3.4,11,816.67,400.0,300.0,0.0,3,SIMULATED,SIMULATED,SIMULATED,SIMULATED
1.6,-3.4,44,1118.89,400.0,295.0,0.0,3,SIMULATED,SIMULATED,SIMULATED,SIMULATED
1.8,-3.2,33,445.0,400.0,310.0,0.0,3,SIMULATED,SIMULATED,SIMULATED,SIMULATED
1.8,-3.2,11,800.0,400.0,300.0,0.0,3,SIMULATED,SIMULATED,SIMULATED,SIMULATED
1.8,-3.2,44,1102.5,400.0,295.0,0.0,3,SIMULATED,SIMULATED,SIMULATED,SIMULATED
2.0,-3.0,33,427.78,400.0,310.0,0.0,3,SIMULATED,SIMULATED,SIMULATED,SIMULATED
2.0,-3.0,11,783.33,400.0,300.0,0.0,3,SIMULATED,SIMULATED,SIMULATED,SIMULATED
2.0,-3.0,44,1086.11,400.0,295.0,0.0,3,SIMULATED,SIMULATED,SIMULATED,SIMULATED
2.2,-2.8,33,410.56,400.0,310.0,0.0,3,SIMULATED,SIMULATED,SIMULATED,SIMULATED
2.2,-2.8,11,766.67,400.0,300.0,0.0,3,SIMULATED,SIMULATED,SIMULATED,SIMULATED
2.2,-2.8,44,1069.72,400.0,295.0,0.0,3,SIMULATED,SIMULATED,SIMULATED,SIMULATED
2.4,-2.6,33,393.33,400.0,310.0,0.0,4,SIMULATED,SIMULATED,SIMULATED,SIMULATED
2.4,-2.6,11,750.0,400.0,300.0,0.0,3,SIMULATED,SIMULATED,SIMULATED,SIMULATED
2.4,-2.6,44,1053.33,400.0,295.0,0.0,3,SIMULATED,SIMULATED,SIMULATED,SIMULATED
2.6,-2.4,33,376.11,400.0,310.0,0.0,4,SIMULATED,SIMULATED,SIMULATED,SIMULATED
2.6,-2.4,11,733.33,400.0,300.0,0.0,3,SIMULATED,SIMULATED,SIMULATED,SIMULATED
2.6,-2.4,44,1036.94,400.0,295.0,0.0,3,SIMULATED,SIMULATED,SIMULATED,SIMULATED
2.8,-2.2,33,358.89,400.0,310.0,0.0,4,SIMULATED,SIMULATED,SIMULATED,SIMULATED
2.8,-2.2,11,716.67,400.0,300.0,0.0,3,SIMULATED,SIMULATED,SIMULATED,SIMULATED
2.8,-2.2,44,1020.56,400.0,295.0,0.0,3,SIMULATED,SIMULATED,SIMULATED,SIMULATED
3.0,-2.0,33,341.67,400.0,310.0,0.0,4,SIMULATED,SIMULATED,SIMULATED,SIMULATED
3.0,-2.0,11,700.0,400.0,300.0,0.0,3,SIMULATED,SIMULATED,SIMULATED,SIMULATED
3.0,-2.0,44,1004.17,400.0,295.0,0.0,3,SIMULATED,SIMULATED,SIMULATED,SIMULATED
3.2,-1.8,33,324.44,400.0,310.0,0.0,4,SIMULATED,SIMULATED,SIMULATED,SIMULATED
3.2,-1.8,11,683.33,400.0,300.0,0.0,3,SIMULATED,SIMULATED,SIMULATED,SIMULATED
3.2,-1.8,44,987.78,400.0,295.0,0.0,3,SIMULATED,SIMULATED,SIMULATED,SIMULATED
3.4,-1.6,33,307.22,400.0,310.0,0.0,4,SIMULATED,SIMULATED,SIMULATED,SIMULATED
3.4,-1.6,11,666.67,400.0,300.0,0.0,3,SIMULATED,SIMULATED,SIMULATED,SIMULATED
3.4,-1.6,44,971.39,400.0,295.0,0.0,3,SIMULATED,SIMULATED,SIMULATED,SIMULATED
3.6,-1.4,33,290.0,400.0,310.0,0.0,4,SIMULATED,SIMULATED,SIMULATED,SIMULATED
3.6,-1.4,11,650.0,400.0,300.0,0.0,3,SIMULATED,SIMULATED,SIMULATED,SIMULATED
3.6,-1.4,44,955.0,400.0,295.0,0.0,3,SIMULATED,SIMULATED,SIMULATED,SIMULATED
3.8,-1.2,33,272.78,400.0,310.0,0.0,4,SIMULATED,SIMULATED,SIMULATED,SIMULATED
3.8,-1.2,11,633.33,400.0,300.0,0.0,3,SIMULATED,SIMULATED,SIMULATED,SIMULATED
3.8,-1.2,44,938.61,400.0,295.0,0.0,3,SIMULATED,SIMULATED,SIMULATED,SIMULATED
4.0,-1.0,33,255.56,400.0,310.0,0.0,4,SIMULATED,SIMULATED,SIMULATED,SIMULATED
4.0,-1.0,11,616.67,400.0,300.0,0.0,3,SIMULATED,SIMULATED,SIMULATED,SIMULATED
4.0,-1.0,44,922.22,400.0,295.0,0.0,3,SIMULATED,SIMULATED,SIMULATED,SIMULATED
4.2,-0.8,33,238.33,400.0,310.0,0.0,4,SIMULATED,SIMULATED,SIMULATED,SIMULATED
4.2,-0.8,11,600.0,400.0,300.0,0.0,3,SIMULATED,SIMULATED,SIMULATED,SIMULATED
4.2,-0.8,44,905.83,400.0,295.0,0.0,3,SIMULATED,SIMULATED,SIMULATED,SIMULATED
4.4,-0.6,33,221.11,400.0,310.0,0.0,4,SIMULATED,SIMULATED,SIMULATED,SIMULATED
4.4,-0.6,11,583.33,400.0,300.0,0.0,3,SIMULATED,SIMULATED,SIMULATED,SIMULATED
4.4,-0.6,44,889.44,400.0,295.0,0.0,3,SIMULATED,SIMULATED,SIMULATED,SIMULATED
4.6,-0.4,33,203.89,400.0,310.0,0.0,4,SIMULATED,SIMULATED,SIMULATED,SIMULATED
4.6,-0.4,11,566.67,400.0,300.0,0.0,3,SIMULATED,SIMULATED,SIMULATED,SIMULATED
4.6,-0.4,44,873.06,400.0,295.0,0.0,3,SIMULATED,SIMULATED,SIMULATED,SIMULATED
4.8,-0.2,33,186.67,400.0,310.0,0.0,4,SIMULATED,SIMULATED,SIMULATED,SIMULATED
4.8,-0.2,11,550.0,400.0,300.0,0.0,3,SIMULATED,SIMULATED,SIMULATED,SIMULATED
4.8,-0.2,44,856.67,400.0,295.0,0.0,3,SIMULATED,SIMULATED,SIMULATED,SIMULATED
5.0,0.0,33,169.44,400.0,310.0,0.0,4,SIMULATED,SIMULATED,SIMULATED,SIMULATED
5.0,0.0,11,533.33,400.0,300.0,0.0,3,SIMULATED,SIMULATED,SIMULATED,SIMULATED
5.0,0.0,44,840.28,400.0,295.0,0.0,3,SIMULATED,SIMULATED,SIMULATED,SIMULATED
5.2,0.2,33,154.14,400.0,275.56,-4.878,4,SIMULATED,SIMULATED,SIMULATED,SIMULATED
5.2,0.2,11,516.67,400.0,300.0,0.0,3,SIMULATED,SIMULATED,SIMULATED,SIMULATED
5.2,0.2,44,823.89,400.0,295.0,0.0,3,SIMULATED,SIMULATED,SIMULATED,SIMULATED
5.4,0.4,33,140.74,400.0,241.11,-4.879,4,SIMULATED,SIMULATED,SIMULATED,SIMULATED
5.4,0.4,11,500.0,400.0,300.0,0.0,3,SIMULATED,SIMULATED,SIMULATED,SIMULATED
5.4,0.4,44,807.5,400.0,295.0,0.0,3,SIMULATED,SIMULATED,SIMULATED,SIMULATED
5.6,0.6,33,129.26,400.0,206.67,-4.878,4,SIMULATED,SIMULATED,SIMULATED,SIMULATED
5.6,0.6,11,483.33,400.0,300.0,0.0,3,SIMULATED,SIMULATED,SIMULATED,SIMULATED
5.6,0.6,44,791.11,400.0,295.0,0.0,3,SIMULATED,SIMULATED,SIMULATED,SIMULATED
5.8,0.8,33,119.69,400.0,172.22,-4.879,4,SIMULATED,SIMULATED,SIMULATED,SIMULATED
5.8,0.8,11,466.67,400.0,300.0,0.0,3,SIMULATED,SIMULATED,SIMULATED,SIMULATED
5.8,0.8,44,774.72,400.0,295.0,0.0,3,SIMULATED,SIMULATED,SIMULATED,SIMULATED
6.0,1.0,33,112.04,400.0,137.78,-4.878,4,SIMULATED,SIMULATED,SIMULATED,SIMULATED
6.0,1.0,11,450.0,400.0,300.0,0.0,3,SIMULATED,SIMULATED,SIMULATED,SIMULATED
6.0,1.0,44,758.33,400.0,295.0,0.0,3,SIMULATED,SIMULATED,SIMULATED,SIMULATED
6.2,1.2,33,106.3,400.0,103.33,-4.879,4,SIMULATED,SIMULATED,SIMULATED,SIMULATED
6.2,1.2,11,433.33,400.0,300.0,0.0,3,SIMULATED,SIMULATED,SIMULATED,SIMULATED
6.2,1.2,44,741.94,400.0,295.0,0.0,3,SIMULATED,SIMULATED,SIMULATED,SIMULATED
6.4,1.4,33,102.47,400.0,68.89,-4.878,4,SIMULATED,SIMULATED,SIMULATED,SIMULATED
6.4,1.4,11,416.67,400.0,300.0,0.0,3,SIMULATED,SIMULATED,SIMULATED,SIMULATED
6.4,1.4,44,725.56,400.0,295.0,0.0,3,SIMULATED,SIMULATED,SIMULATED,SIMULATED
6.6,1.6,33,100.56,400.0,34.44,-4.879,4,SIMULATED,SIMULATED,SIMULATED,SIMULATED
6.6,1.6,11,400.0,400.0,300.0,0.0,3,SIMULATED,SIMULATED,SIMULATED,SIMULATED
6.6,1.6,44,709.17,400.0,295.0,0.0,3,SIMULATED,SIMULATED,SIMULATED,SIMULATED
6.8,1.8,33,100.56,400.0,0.0,-4.878,4,SIMULATED,SIMULATED,SIMULATED,SIMULATED
6.8,1.8,11,383.33,400.0,300.0,0.0,4,SIMULATED,SIMULATED,SIMULATED,SIMULATED
6.8,1.8,44,692.78,400.0,295.0,0.0,3,SIMULATED,SIMULATED,SIMULATED,SIMULATED
7.0,2.0,33,100.56,400.0,0.0,0.0,4,SIMULATED,SIMULATED,SIMULATED,SIMULATED
7.0,2.0,11,366.67,400.0,300.0,0.0,4,SIMULATED,SIMULATED,SIMULATED,SIMULATED
7.0,2.0,44,676.39,400.0,295.0,0.0,3,SIMULATED,SIMULATED,SIMULATED,SIMULATED
7.2,2.2,33,100.56,400.0,0.0,0.0,4,SIMULATED,SIMULATED,SIMULATED,SIMULATED
7.2,2.2,11,350.0,400.0,300.0,0.0,4,SIMULATED,SIMULATED,SIMULATED,SIMULATED
7.2,2.2,44,660.0,400.0,295.0,0.0,3,SIMULATED,SIMULATED,SIMULATED,SIMULATED
7.4,2.4,33,100.56,400.0,0.0,0.0,4,SIMULATED,SIMULATED,SIMULATED,SIMULATED
7.4,2.4,11,333.33,400.0,300.0,0.0,4,SIMULATED,SIMULATED,SIMULATED,SIMULATED
7.4,2.4,44,643.61,400.0,295.0,0.0,3,SIMULATED,SIMULATED,SIMULATED,SIMULATED
7.6,2.6,33,100.56,400.0,0.0,0.0,4,SIMULATED,SIMULATED,SIMULATED,SIMULATED
7.6,2.6,11,316.67,400.0,300.0,0.0,4,SIMULATED,SIMULATED,SIMULATED,SIMULATED
7.6,2.6,44,627.22,400.0,295.0,0.0,3,SIMULATED,SIMULATED,SIMULATED,SIMULATED
7.8,2.8,33,100.56,400.0,0.0,0.0,4,SIMULATED,SIMULATED,SIMULATED,SIMULATED
7.8,2.8,11,300.0,400.0,300.0,0.0,4,SIMULATED,SIMULATED,SIMULATED,SIMULATED
7.8,2.8,44,610.83,400.0,295.0,0.0,3,SIMULATED,SIMULATED,SIMULATED,SIMULATED
8.0,3.0,33,100.56,400.0,0.0,0.0,4,SIMULATED,SIMULATED,SIMULATED,SIMULATED
8.0,3.0,11,283.33,400.0,300.0,0.0,4,SIMULATED,SIMULATED,SIMULATED,SIMULATED
8.0,3.0,44,594.44,400.0,295.0,0.0,3,SIMULATED,SIMULATED,SIMULATED,SIMULATED
8.2,3.2,33,100.56,400.0,0.0,0.0,4,SIMULATED,SIMULATED,SIMULATED,SIMULATED
8.2,3.2,11,266.67,400.0,300.0,0.0,4,SIMULATED,SIMULATED,SIMULATED,SIMULATED
8.2,3.2,44,578.06,400.0,295.0,0.0,3,SIMULATED,SIMULATED,SIMULATED,SIMULATED
8.4,3.4,33,100.56,400.0,0.0,0.0,4,SIMULATED,SIMULATED,SIMULATED,SIMULATED
8.4,3.4,11,250.0,400.0,300.0,0.0,4,SIMULATED,SIMULATED,SIMULATED,SIMULATED
8.4,3.4,44,561.67,400.0,295.0,0.0,3,SIMULATED,SIMULATED,SIMULATED,SIMULATED
8.6,3.6,33,100.56,400.0,0.0,0.0,4,SIMULATED,SIMULATED,SIMULATED,SIMULATED
8.6,3.6,11,233.33,400.0,300.0,0.0,4,SIMULATED,SIMULATED,SIMULATED,SIMULATED
8.6,3.6,44,545.28,400.0,295.0,0.0,3,SIMULATED,SIMULATED,SIMULATED,SIMULATED
8.8,3.8,33,100.56,400.0,0.0,0.0,4,SIMULATED,SIMULATED,SIMULATED,SIMULATED
8.8,3.8,11,216.67,400.0,300.0,0.0,4,SIMULATED,SIMULATED,SIMULATED,SIMULATED
8.8,3.8,44,528.89,400.0,295.0,0.0,3,SIMULATED,SIMULATED,SIMULATED,SIMULATED
9.0,4.0,33,100.56,400.0,0.0,0.0,4,SIMULATED,SIMULATED,SIMULATED,SIMULATED
9.0,4.0,11,200.0,400.0,300.0,0.0,4,SIMULATED,SIMULATED,SIMULATED,SIMULATED
9.0,4.0,44,512.5,400.0,295.0,0.0,3,SIMULATED,SIMULATED,SIMULATED,SIMULATED
9.2,4.2,33,100.56,400.0,0.0,0.0,4,SIMULATED,SIMULATED,SIMULATED,SIMULATED
9.2,4.2,11,183.33,400.0,300.0,0.0,4,SIMULATED,SIMULATED,SIMULATED,SIMULATED
9.2,4.2,44,496.11,400.0,295.0,0.0,3,SIMULATED,SIMULATED,SIMULATED,SIMULATED
9.4,4.4,33,100.56,400.0,0.0,0.0,4,SIMULATED,SIMULATED,SIMULATED,SIMULATED
9.4,4.4,11,166.67,400.0,300.0,0.0,4,SIMULATED,SIMULATED,SIMULATED,SIMULATED
9.4,4.4,44,479.72,400.0,295.0,0.0,3,SIMULATED,SIMULATED,SIMULATED,SIMULATED
9.6,4.6,33,100.56,400.0,0.0,0.0,4,SIMULATED,SIMULATED,SIMULATED,SIMULATED
9.6,4.6,11,150.0,400.0,300.0,0.0,4,SIMULATED,SIMULATED,SIMULATED,SIMULATED
9.6,4.6,44,463.33,400.0,295.0,0.0,3,SIMULATED,SIMULATED,SIMULATED,SIMULATED
9.8,4.8,33,100.56,400.0,0.0,0.0,4,SIMULATED,SIMULATED,SIMULATED,SIMULATED
9.8,4.8,11,133.33,400.0,300.0,0.0,4,SIMULATED,SIMULATED,SIMULATED,SIMULATED
9.8,4.8,44,446.94,400.0,295.0,0.0,3,SIMULATED,SIMULATED,SIMULATED,SIMULATED
10.0,5.0,33,100.56,400.0,0.0,0.0,4,SIMULATED,SIMULATED,SIMULATED,SIMULATED
10.0,5.0,11,116.67,400.0,300.0,0.0,4,SIMULATED,SIMULATED,SIMULATED,SIMULATED
10.0,5.0,44,430.56,400.0,295.0,0.0,3,SIMULATED,SIMULATED,SIMULATED,SIMULATED
10.2,5.2,33,100.56,400.0,0.0,0.0,4,SIMULATED,SIMULATED,SIMULATED,SIMULATED
10.2,5.2,11,100.0,400.0,300.0,0.0,4,SIMULATED,SIMULATED,SIMULATED,SIMULATED
10.2,5.2,44,414.17,400.0,295.0,0.0,3,SIMULATED,SIMULATED,SIMULATED,SIMULATED
10.4,5.4,33,100.56,400.0,0.0,0.0,4,SIMULATED,SIMULATED,SIMULATED,SIMULATED
10.4,5.4,11,83.33,400.0,300.0,0.0,4,SIMULATED,SIMULATED,SIMULATED,SIMULATED
10.4,5.4,44,397.78,400.0,295.0,0.0,4,SIMULATED,SIMULATED,SIMULATED,SIMULATED
10.6,5.6,33,100.56,400.0,0.0,0.0,4,SIMULATED,SIMULATED,SIMULATED,SIMULATED
10.6,5.6,11,66.67,400.0,300.0,0.0,4,SIMULATED,SIMULATED,SIMULATED,SIMULATED
10.6,5.6,44,381.39,400.0,295.0,0.0,4,SIMULATED,SIMULATED,SIMULATED,SIMULATED
10.8,5.8,33,100.56,400.0,0.0,0.0,4,SIMULATED,SIMULATED,SIMULATED,SIMULATED
10.8,5.8,11,50.0,400.0,300.0,0.0,4,SIMULATED,SIMULATED,SIMULATED,SIMULATED
10.8,5.8,44,365.0,400.0,295.0,0.0,4,SIMULATED,SIMULATED,SIMULATED,SIMULATED
11.0,6.0,33,100.56,400.0,0.0,0.0,4,SIMULATED,SIMULATED,SIMULATED,SIMULATED
11.0,6.0,11,33.33,400.0,300.0,0.0,4,SIMULATED,SIMULATED,SIMULATED,SIMULATED
11.0,6.0,44,348.61,400.0,295.0,0.0,4,SIMULATED,SIMULATED,SIMULATED,SIMULATED
11.2,6.2,33,100.56,400.0,0.0,0.0,4,SIMULATED,SIMULATED,SIMULATED,SIMULATED
11.2,6.2,11,16.67,400.0,300.0,0.0,4,SIMULATED,SIMULATED,SIMULATED,SIMULATED
11.2,6.2,44,332.22,400.0,295.0,0.0,4,SIMULATED,SIMULATED,SIMULATED,SIMULATED
11.4,6.4,33,100.56,400.0,0.0,0.0,4,SIMULATED,SIMULATED,SIMULATED,SIMULATED
11.4,6.4,11,0.0,400.0,300.0,0.0,4,SIMULATED,SIMULATED,SIMULATED,SIMULATED
11.4,6.4,44,315.83,400.0,295.0,0.0,4,SIMULATED,SIMULATED,SIMULATED,SIMULATED
11.6,6.6,33,100.56,400.0,0.0,0.0,4,SIMULATED,SIMULATED,SIMULATED,SIMULATED
11.6,6.6,11,0.0,383.33,300.0,0.0,4,SIMULATED,SIMULATED,SIMULATED,SIMULATED
11.6,6.6,44,299.44,400.0,295.0,0.0,4,SIMULATED,SIMULATED,SIMULATED,SIMULATED
11.8,6.8,33,100.56,400.0,0.0,0.0,4,SIMULATED,SIMULATED,SIMULATED,SIMULATED
11.8,6.8,11,0.0,366.67,300.0,0.0,4,SIMULATED,SIMULATED,SIMULATED,SIMULATED
11.8,6.8,44,283.06,400.0,295.0,0.0,4,SIMULATED,SIMULATED,SIMULATED,SIMULATED
12.0,7.0,33,100.56,400.0,0.0,0.0,4,SIMULATED,SIMULATED,SIMULATED,SIMULATED
12.0,7.0,11,0.0,350.0,300.0,0.0,4,SIMULATED,SIMULATED,SIMULATED,SIMULATED
12.0,7.0,44,266.67,400.0,295.0,0.0,4,SIMULATED,SIMULATED,SIMULATED,SIMULATED
12.2,7.2,33,100.56,400.0,0.0,0.0,4,SIMULATED,SIMULATED,SIMULATED,SIMULATED
12.2,7.2,11,0.0,333.33,300.0,0.0,4,SIMULATED,SIMULATED,SIMULATED,SIMULATED
12.2,7.2,44,250.28,400.0,295.0,0.0,4,SIMULATED,SIMULATED,SIMULATED,SIMULATED
12.4,7.4,33,100.56,400.0,0.0,0.0,4,SIMULATED,SIMULATED,SIMULATED,SIMULATED
12.4,7.4,11,0.0,316.67,300.0,0.0,4,SIMULATED,SIMULATED,SIMULATED,SIMULATED
12.4,7.4,44,233.89,400.0,295.0,0.0,4,SIMULATED,SIMULATED,SIMULATED,SIMULATED
12.6,7.6,33,100.56,400.0,0.0,0.0,4,SIMULATED,SIMULATED,SIMULATED,SIMULATED
12.6,7.6,11,0.0,300.0,300.0,0.0,4,SIMULATED,SIMULATED,SIMULATED,SIMULATED
12.6,7.6,44,217.5,400.0,295.0,0.0,4,SIMULATED,SIMULATED,SIMULATED,SIMULATED
12.8,7.8,33,100.56,400.0,0.0,0.0,4,SIMULATED,SIMULATED,SIMULATED,SIMULATED
12.8,7.8,11,0.0,283.33,300.0,0.0,4,SIMULATED,SIMULATED,SIMULATED,SIMULATED
12.8,7.8,44,201.11,400.0,295.0,0.0,4,SIMULATED,SIMULATED,SIMULATED,SIMULATED
13.0,8.0,33,100.56,400.0,0.0,0.0,4,SIMULATED,SIMULATED,SIMULATED,SIMULATED
13.0,8.0,11,0.0,266.67,300.0,0.0,4,SIMULATED,SIMULATED,SIMULATED,SIMULATED
13.0,8.0,44,184.72,400.0,295.0,0.0,4,SIMULATED,SIMULATED,SIMULATED,SIMULATED
13.2,8.2,33,100.56,400.0,0.0,0.0,4,SIMULATED,SIMULATED,SIMULATED,SIMULATED
13.2,8.2,11,0.0,250.0,300.0,0.0,4,SIMULATED,SIMULATED,SIMULATED,SIMULATED
13.2,8.2,44,168.33,400.0,295.0,0.0,4,SIMULATED,SIMULATED,SIMULATED,SIMULATED
13.4,8.4,33,100.56,400.0,0.0,0.0,4,SIMULATED,SIMULATED,SIMULATED,SIMULATED
13.4,8.4,11,0.0,233.33,300.0,0.0,4,SIMULATED,SIMULATED,SIMULATED,SIMULATED
13.4,8.4,44,151.94,400.0,295.0,0.0,4,SIMULATED,SIMULATED,SIMULATED,SIMULATED
13.6,8.6,33,100.56,400.0,0.0,0.0,4,SIMULATED,SIMULATED,SIMULATED,SIMULATED
13.6,8.6,11,0.0,216.67,300.0,0.0,4,SIMULATED,SIMULATED,SIMULATED,SIMULATED
13.6,8.6,44,135.56,400.0,295.0,0.0,4,SIMULATED,SIMULATED,SIMULATED,SIMULATED
13.8,8.8,33,100.56,400.0,0.0,0.0,4,SIMULATED,SIMULATED,SIMULATED,SIMULATED
13.8,8.8,11,0.0,200.0,300.0,0.0,4,SIMULATED,SIMULATED,SIMULATED,SIMULATED
13.8,8.8,44,119.17,400.0,295.0,0.0,4,SIMULATED,SIMULATED,SIMULATED,SIMULATED
14.0,9.0,33,100.56,400.0,0.0,0.0,4,SIMULATED,SIMULATED,SIMULATED,SIMULATED
14.0,9.0,11,0.0,183.33,300.0,0.0,4,SIMULATED,SIMULATED,SIMULATED,SIMULATED
14.0,9.0,44,102.78,400.0,295.0,0.0,4,SIMULATED,SIMULATED,SIMULATED,SIMULATED
14.2,9.2,33,100.56,400.0,0.0,0.0,4,SIMULATED,SIMULATED,SIMULATED,SIMULATED
14.2,9.2,11,0.0,166.67,300.0,0.0,4,SIMULATED,SIMULATED,SIMULATED,SIMULATED
14.2,9.2,44,86.39,400.0,295.0,0.0,4,SIMULATED,SIMULATED,SIMULATED,SIMULATED
14.4,9.4,33,100.56,400.0,0.0,0.0,4,SIMULATED,SIMULATED,SIMULATED,SIMULATED
14.4,9.4,11,0.0,150.0,300.0,0.0,4,SIMULATED,SIMULATED,SIMULATED,SIMULATED
14.4,9.4,44,70.0,400.0,295.0,0.0,4,SIMULATED,SIMULATED,SIMULATED,SIMULATED
14.6,9.6,33,100.56,400.0,0.0,0.0,4,SIMULATED,SIMULATED,SIMULATED,SIMULATED
14.6,9.6,11,0.0,133.33,300.0,0.0,4,SIMULATED,SIMULATED,SIMULATED,SIMULATED
14.6,9.6,44,53.61,400.0,295.0,0.0,4,SIMULATED,SIMULATED,SIMULATED,SIMULATED
14.8,9.8,33,100.56,400.0,0.0,0.0,4,SIMULATED,SIMULATED,SIMULATED,SIMULATED
14.8,9.8,11,0.0,116.67,300.0,0.0,4,SIMULATED,SIMULATED,SIMULATED,SIMULATED
14.8,9.8,44,37.22,400.0,295.0,0.0,4,SIMULATED,SIMULATED,SIMULATED,SIMULATED
15.0,10.0,33,100.56,400.0,0.0,0.0,4,SIMULATED,SIMULATED,SIMULATED,SIMULATED
15.0,10.0,11,0.0,100.0,300.0,0.0,4,SIMULATED,SIMULATED,SIMULATED,SIMULATED
15.0,10.0,44,20.83,400.0,295.0,0.0,4,SIMULATED,SIMULATED,SIMULATED,SIMULATED
15.2,10.2,33,100.56,400.0,0.0,0.0,4,SIMULATED,SIMULATED,SIMULATED,SIMULATED
15.2,10.2,11,0.0,83.33,300.0,0.0,4,SIMULATED,SIMULATED,SIMULATED,SIMULATED
15.2,10.2,44,4.44,400.0,295.0,0.0,4,SIMULATED,SIMULATED,SIMULATED,SIMULATED
15.4,10.4,33,100.56,400.0,0.0,0.0,4,SIMULATED,SIMULATED,SIMULATED,SIMULATED
15.4,10.4,11,0.0,66.67,300.0,0.0,4,SIMULATED,SIMULATED,SIMULATED,SIMULATED
15.4,10.4,44,0.0,388.06,295.0,0.0,4,SIMULATED,SIMULATED,SIMULATED,SIMULATED
15.6,10.6,33,100.56,400.0,0.0,0.0,4,SIMULATED,SIMULATED,SIMULATED,SIMULATED
15.6,10.6,11,0.0,50.0,300.0,0.0,4,SIMULATED,SIMULATED,SIMULATED,SIMULATED
15.6,10.6,44,0.0,371.67,295.0,0.0,4,SIMULATED,SIMULATED,SIMULATED,SIMULATED
15.8,10.8,33,100.56,400.0,0.0,0.0,4,SIMULATED,SIMULATED,SIMULATED,SIMULATED
15.8,10.8,11,0.0,33.33,300.0,0.0,4,SIMULATED,SIMULATED,SIMULATED,SIMULATED
15.8,10.8,44,0.0,355.28,295.0,0.0,4,SIMULATED,SIMULATED,SIMULATED,SIMULATED
16.0,11.0,33,100.56,400.0,0.0,0.0,4,SIMULATED,SIMULATED,SIMULATED,SIMULATED
16.0,11.0,11,0.0,16.67,300.0,0.0,4,SIMULATED,SIMULATED,SIMULATED,SIMULATED
16.0,11.0,44,0.0,338.89,295.0,0.0,4,SIMULATED,SIMULATED,SIMULATED,SIMULATED
16.2,11.2,33,100.56,400.0,0.0,0.0,4,SIMULATED,SIMULATED,SIMULATED,SIMULATED
16.2,11.2,11,0.0,0.0,300.0,0.0,4,SIMULATED,SIMULATED,SIMULATED,SIMULATED
16.2,11.2,44,0.0,322.5,295.0,0.0,4,SIMULATED,SIMULATED,SIMULATED,SIMULATED
16.4,11.4,33,100.56,400.0,0.0,0.0,4,SIMULATED,SIMULATED,SIMULATED,SIMULATED
16.4,11.4,11,16.67,0.0,300.0,0.0,1,SIMULATED,SIMULATED,SIMULATED,SIMULATED
16.4,11.4,44,0.0,306.11,295.0,0.0,4,SIMULATED,SIMULATED,SIMULATED,SIMULATED
16.6,11.6,33,100.56,400.0,0.0,0.0,4,SIMULATED,SIMULATED,SIMULATED,SIMULATED
16.6,11.6,11,33.33,0.0,300.0,0.0,1,SIMULATED,SIMULATED,SIMULATED,SIMULATED
16.6,11.6,44,0.0,289.72,295.0,0.0,4,SIMULATED,SIMULATED,SIMULATED,SIMULATED
16.8,11.8,33,100.56,400.0,0.0,0.0,4,SIMULATED,SIMULATED,SIMULATED,SIMULATED
16.8,11.8,11,50.0,0.0,300.0,0.0,1,SIMULATED,SIMULATED,SIMULATED,SIMULATED
16.8,11.8,44,0.0,273.33,295.0,0.0,4,SIMULATED,SIMULATED,SIMULATED,SIMULATED
17.0,12.0,33,100.56,400.0,0.0,0.0,4,SIMULATED,SIMULATED,SIMULATED,SIMULATED
17.0,12.0,11,66.67,0.0,300.0,0.0,1,SIMULATED,SIMULATED,SIMULATED,SIMULATED
17.0,12.0,44,0.0,256.94,295.0,0.0,4,SIMULATED,SIMULATED,SIMULATED,SIMULATED
17.2,12.2,33,100.56,400.0,0.0,0.0,4,SIMULATED,SIMULATED,SIMULATED,SIMULATED
17.2,12.2,11,83.33,0.0,300.0,0.0,1,SIMULATED,SIMULATED,SIMULATED,SIMULATED
17.2,12.2,44,0.0,240.56,295.0,0.0,4,SIMULATED,SIMULATED,SIMULATED,SIMULATED
17.4,12.4,33,100.56,400.0,0.0,0.0,4,SIMULATED,SIMULATED,SIMULATED,SIMULATED
17.4,12.4,11,100.0,0.0,300.0,0.0,1,SIMULATED,SIMULATED,SIMULATED,SIMULATED
17.4,12.4,44,0.0,224.17,295.0,0.0,4,SIMULATED,SIMULATED,SIMULATED,SIMULATED
17.6,12.6,33,100.56,400.0,0.0,0.0,4,SIMULATED,SIMULATED,SIMULATED,SIMULATED
17.6,12.6,11,116.67,0.0,300.0,0.0,1,SIMULATED,SIMULATED,SIMULATED,SIMULATED
17.6,12.6,44,0.0,207.78,295.0,0.0,4,SIMULATED,SIMULATED,SIMULATED,SIMULATED
17.8,12.8,33,100.56,400.0,0.0,0.0,4,SIMULATED,SIMULATED,SIMULATED,SIMULATED
17.8,12.8,11,133.33,0.0,300.0,0.0,1,SIMULATED,SIMULATED,SIMULATED,SIMULATED
17.8,12.8,44,0.0,191.39,295.0,0.0,4,SIMULATED,SIMULATED,SIMULATED,SIMULATED
18.0,13.0,33,100.56,400.0,0.0,0.0,4,SIMULATED,SIMULATED,SIMULATED,SIMULATED
18.0,13.0,11,150.0,0.0,300.0,0.0,1,SIMULATED,SIMULATED,SIMULATED,SIMULATED
18.0,13.0,44,0.0,175.0,295.0,0.0,4,SIMULATED,SIMULATED,SIMULATED,SIMULATED
18.2,13.2,33,100.56,400.0,0.0,0.0,4,SIMULATED,SIMULATED,SIMULATED,SIMULATED
18.2,13.2,11,166.67,0.0,300.0,0.0,1,SIMULATED,SIMULATED,SIMULATED,SIMULATED
18.2,13.2,44,0.0,158.61,295.0,0.0,4,SIMULATED,SIMULATED,SIMULATED,SIMULATED
18.4,13.4,33,100.56,400.0,0.0,0.0,4,SIMULATED,SIMULATED,SIMULATED,SIMULATED
18.4,13.4,11,183.33,0.0,300.0,0.0,1,SIMULATED,SIMULATED,SIMULATED,SIMULATED
18.4,13.4,44,0.0,142.22,295.0,0.0,4,SIMULATED,SIMULATED,SIMULATED,SIMULATED
18.6,13.6,33,100.56,400.0,0.0,0.0,4,SIMULATED,SIMULATED,SIMULATED,SIMULATED
18.6,13.6,11,200.0,0.0,300.0,0.0,1,SIMULATED,SIMULATED,SIMULATED,SIMULATED
18.6,13.6,44,0.0,125.83,295.0,0.0,4,SIMULATED,SIMULATED,SIMULATED,SIMULATED
18.8,13.8,33,100.56,400.0,0.0,0.0,4,SIMULATED,SIMULATED,SIMULATED,SIMULATED
18.8,13.8,11,216.67,0.0,300.0,0.0,1,SIMULATED,SIMULATED,SIMULATED,SIMULATED
18.8,13.8,44,0.0,109.44,295.0,0.0,4,SIMULATED,SIMULATED,SIMULATED,SIMULATED
19.0,14.0,33,100.56,400.0,0.0,0.0,4,SIMULATED,SIMULATED,SIMULATED,SIMULATED
19.0,14.0,11,233.33,0.0,300.0,0.0,1,SIMULATED,SIMULATED,SIMULATED,SIMULATED
19.0,14.0,44,0.0,93.06,295.0,0.0,4,SIMULATED,SIMULATED,SIMULATED,SIMULATED
19.2,14.2,33,100.56,400.0,0.0,0.0,4,SIMULATED,SIMULATED,SIMULATED,SIMULATED
19.2,14.2,11,250.0,0.0,300.0,0.0,1,SIMULATED,SIMULATED,SIMULATED,SIMULATED
19.2,14.2,44,0.0,76.67,295.0,0.0,4,SIMULATED,SIMULATED,SIMULATED,SIMULATED
19.4,14.4,33,100.56,400.0,0.0,0.0,4,SIMULATED,SIMULATED,SIMULATED,SIMULATED
19.4,14.4,11,266.67,0.0,300.0,0.0,1,SIMULATED,SIMULATED,SIMULATED,SIMULATED
19.4,14.4,44,0.0,60.28,295.0,0.0,4,SIMULATED,SIMULATED,SIMULATED,SIMULATED
19.6,14.6,33,100.56,400.0,0.0,0.0,4,SIMULATED,SIMULATED,SIMULATED,SIMULATED
19.6,14.6,11,283.33,0.0,300.0,0.0,1,SIMULATED,SIMULATED,SIMULATED,SIMULATED
19.6,14.6,44,0.0,43.89,295.0,0.0,4,SIMULATED,SIMULATED,SIMULATED,SIMULATED
19.8,14.8,33,100.56,400.0,0.0,0.0,4,SIMULATED,SIMULATED,SIMULATED,SIMULATED
19.8,14.8,11,300.0,0.0,300.0,0.0,1,SIMULATED,SIMULATED,SIMULATED,SIMULATED
19.8,14.8,44,0.0,27.5,295.0,0.0,4,SIMULATED,SIMULATED,SIMULATED,SIMULATED
20.0,15.0,33,100.56,400.0,0.0,0.0,4,SIMULATED,SIMULATED,SIMULATED,SIMULATED
20.0,15.0,11,316.67,0.0,300.0,0.0,1,SIMULATED,SIMULATED,SIMULATED,SIMULATED
20.0,15.0,44,0.0,11.11,295.0,0.0,4,SIMULATED,SIMULATED,SIMULATED,SIMULATED
20.2,15.2,33,100.56,400.0,0.0,0.0,4,SIMULATED,SIMULATED,SIMULATED,SIMULATED
20.2,15.2,11,333.33,0.0,300.0,0.0,1,SIMULATED,SIMULATED,SIMULATED,SIMULATED
20.2,15.2,44,5.28,0.0,295.0,0.0,1,SIMULATED,SIMULATED,SIMULATED,SIMULATED
20.4,15.4,33,100.56,400.0,0.0,0.0,4,SIMULATED,SIMULATED,SIMULATED,SIMULATED
20.4,15.4,11,350.0,0.0,300.0,0.0,1,SIMULATED,SIMULATED,SIMULATED,SIMULATED
20.4,15.4,44,21.67,0.0,295.0,0.0,1,SIMULATED,SIMULATED,SIMULATED,SIMULATED
20.6,15.6,33,100.56,400.0,0.0,0.0,4,SIMULATED,SIMULATED,SIMULATED,SIMULATED
20.6,15.6,11,366.67,0.0,300.0,0.0,1,SIMULATED,SIMULATED,SIMULATED,SIMULATED
20.6,15.6,44,38.06,0.0,295.0,0.0,1,SIMULATED,SIMULATED,SIMULATED,SIMULATED
20.8,15.8,33,100.56,400.0,0.0,0.0,4,SIMULATED,SIMULATED,SIMULATED,SIMULATED
20.8,15.8,11,383.33,0.0,300.0,0.0,1,SIMULATED,SIMULATED,SIMULATED,SIMULATED
20.8,15.8,44,54.44,0.0,295.0,0.0,1,SIMULATED,SIMULATED,SIMULATED,SIMULATED
21.0,16.0,33,100.56,400.0,0.0,0.0,4,SIMULATED,SIMULATED,SIMULATED,SIMULATED
21.0,16.0,11,400.0,0.0,300.0,0.0,1,SIMULATED,SIMULATED,SIMULATED,SIMULATED
21.0,16.0,44,70.83,0.0,295.0,0.0,1,SIMULATED,SIMULATED,SIMULATED,SIMULATED
21.2,16.2,33,100.56,400.0,0.0,0.0,4,SIMULATED,SIMULATED,SIMULATED,SIMULATED
21.2,16.2,11,416.67,0.0,300.0,0.0,1,SIMULATED,SIMULATED,SIMULATED,SIMULATED
21.2,16.2,44,87.22,0.0,295.0,0.0,1,SIMULATED,SIMULATED,SIMULATED,SIMULATED
21.4,16.4,33,100.56,400.0,0.0,0.0,4,SIMULATED,SIMULATED,SIMULATED,SIMULATED
21.4,16.4,11,433.33,0.0,300.0,0.0,1,SIMULATED,SIMULATED,SIMULATED,SIMULATED
21.4,16.4,44,103.61,0.0,295.0,0.0,1,SIMULATED,SIMULATED,SIMULATED,SIMULATED
21.6,16.6,33,100.56,400.0,0.0,0.0,4,SIMULATED,SIMULATED,SIMULATED,SIMULATED
21.6,16.6,11,450.0,0.0,300.0,0.0,1,SIMULATED,SIMULATED,SIMULATED,SIMULATED
21.6,16.6,44,120.0,0.0,295.0,0.0,1,SIMULATED,SIMULATED,SIMULATED,SIMULATED
21.8,16.8,33,100.56,400.0,0.0,0.0,4,SIMULATED,SIMULATED,SIMULATED,SIMULATED
21.8,16.8,11,466.67,0.0,300.0,0.0,1,SIMULATED,SIMULATED,SIMULATED,SIMULATED
21.8,16.8,44,136.39,0.0,295.0,0.0,1,SIMULATED,SIMULATED,SIMULATED,SIMULATED
22.0,17.0,33,100.56,400.0,0.0,0.0,4,SIMULATED,SIMULATED,SIMULATED,SIMULATED
22.0,17.0,11,483.33,0.0,300.0,0.0,1,SIMULATED,SIMULATED,SIMULATED,SIMULATED
22.0,17.0,44,152.78,0.0,295.0,0.0,1,SIMULATED,SIMULATED,SIMULATED,SIMULATED
22.2,17.2,33,100.56,400.0,0.0,0.0,4,SIMULATED,SIMULATED,SIMULATED,SIMULATED
22.2,17.2,11,500.0,0.0,300.0,0.0,1,SIMULATED,SIMULATED,SIMULATED,SIMULATED
22.2,17.2,44,169.17,0.0,295.0,0.0,1,SIMULATED,SIMULATED,SIMULATED,SIMULATED
22.4,17.4,33,100.56,400.0,0.0,0.0,4,SIMULATED,SIMULATED,SIMULATED,SIMULATED
22.4,17.4,11,516.67,0.0,300.0,0.0,1,SIMULATED,SIMULATED,SIMULATED,SIMULATED
22.4,17.4,44,185.56,0.0,295.0,0.0,1,SIMULATED,SIMULATED,SIMULATED,SIMULATED
22.6,17.6,33,100.56,400.0,0.0,0.0,4,SIMULATED,SIMULATED,SIMULATED,SIMULATED
22.6,17.6,11,533.33,0.0,300.0,0.0,1,SIMULATED,SIMULATED,SIMULATED,SIMULATED
22.6,17.6,44,201.94,0.0,295.0,0.0,1,SIMULATED,SIMULATED,SIMULATED,SIMULATED
22.8,17.8,33,100.56,400.0,0.0,0.0,4,SIMULATED,SIMULATED,SIMULATED,SIMULATED
22.8,17.8,11,550.0,0.0,300.0,0.0,1,SIMULATED,SIMULATED,SIMULATED,SIMULATED
22.8,17.8,44,218.33,0.0,295.0,0.0,1,SIMULATED,SIMULATED,SIMULATED,SIMULATED
23.0,18.0,33,100.56,400.0,0.0,0.0,4,SIMULATED,SIMULATED,SIMULATED,SIMULATED
23.0,18.0,11,566.67,0.0,300.0,0.0,1,SIMULATED,SIMULATED,SIMULATED,SIMULATED
23.0,18.0,44,234.72,0.0,295.0,0.0,1,SIMULATED,SIMULATED,SIMULATED,SIMULATED
23.2,18.2,33,100.56,400.0,0.0,0.0,4,SIMULATED,SIMULATED,SIMULATED,SIMULATED
23.2,18.2,11,583.33,0.0,300.0,0.0,1,SIMULATED,SIMULATED,SIMULATED,SIMULATED
23.2,18.2,44,251.11,0.0,295.0,0.0,1,SIMULATED,SIMULATED,SIMULATED,SIMULATED
23.4,18.4,33,100.56,400.0,0.0,0.0,4,SIMULATED,SIMULATED,SIMULATED,SIMULATED
23.4,18.4,11,600.0,0.0,300.0,0.0,1,SIMULATED,SIMULATED,SIMULATED,SIMULATED
23.4,18.4,44,267.5,0.0,295.0,0.0,1,SIMULATED,SIMULATED,SIMULATED,SIMULATED
23.6,18.6,33,100.56,400.0,0.0,0.0,4,SIMULATED,SIMULATED,SIMULATED,SIMULATED
23.6,18.6,11,616.67,0.0,300.0,0.0,1,SIMULATED,SIMULATED,SIMULATED,SIMULATED
23.6,18.6,44,283.89,0.0,295.0,0.0,1,SIMULATED,SIMULATED,SIMULATED,SIMULATED
23.8,18.8,33,100.56,400.0,0.0,0.0,4,SIMULATED,SIMULATED,SIMULATED,SIMULATED
23.8,18.8,11,633.33,0.0,300.0,0.0,1,SIMULATED,SIMULATED,SIMULATED,SIMULATED
23.8,18.8,44,300.28,0.0,295.0,0.0,1,SIMULATED,SIMULATED,SIMULATED,SIMULATED
24.0,19.0,33,100.56,400.0,0.0,0.0,4,SIMULATED,SIMULATED,SIMULATED,SIMULATED
24.0,19.0,11,650.0,0.0,300.0,0.0,1,SIMULATED,SIMULATED,SIMULATED,SIMULATED
24.0,19.0,44,316.67,0.0,295.0,0.0,1,SIMULATED,SIMULATED,SIMULATED,SIMULATED
24.2,19.2,33,100.56,400.0,0.0,0.0,4,SIMULATED,SIMULATED,SIMULATED,SIMULATED
24.2,19.2,11,666.67,0.0,300.0,0.0,1,SIMULATED,SIMULATED,SIMULATED,SIMULATED
24.2,19.2,44,333.06,0.0,295.0,0.0,1,SIMULATED,SIMULATED,SIMULATED,SIMULATED
24.4,19.4,33,100.56,400.0,0.0,0.0,4,SIMULATED,SIMULATED,SIMULATED,SIMULATED
24.4,19.4,11,683.33,0.0,300.0,0.0,1,SIMULATED,SIMULATED,SIMULATED,SIMULATED
24.4,19.4,44,349.44,0.0,295.0,0.0,1,SIMULATED,SIMULATED,SIMULATED,SIMULATED
24.6,19.6,33,100.56,400.0,0.0,0.0,4,SIMULATED,SIMULATED,SIMULATED,SIMULATED
24.6,19.6,11,700.0,0.0,300.0,0.0,1,SIMULATED,SIMULATED,SIMULATED,SIMULATED
24.6,19.6,44,365.83,0.0,295.0,0.0,1,SIMULATED,SIMULATED,SIMULATED,SIMULATED
24.8,19.8,33,100.56,400.0,0.0,0.0,4,SIMULATED,SIMULATED,SIMULATED,SIMULATED
24.8,19.8,11,716.67,0.0,300.0,0.0,1,SIMULATED,SIMULATED,SIMULATED,SIMULATED
24.8,19.8,44,382.22,0.0,295.0,0.0,1,SIMULATED,SIMULATED,SIMULATED,SIMULATED
25.0,20.0,33,100.56,400.0,0.0,0.0,4,SIMULATED,SIMULATED,SIMULATED,SIMULATED
25.0,20.0,11,733.33,0.0,300.0,0.0,1,SIMULATED,SIMULATED,SIMULATED,SIMULATED
25.0,20.0,44,398.61,0.0,295.0,0.0,1,SIMULATED,SIMULATED,SIMULATED,SIMULATED
25.2,20.2,33,100.56,400.0,0.0,0.0,4,SIMULATED,SIMULATED,SIMULATED,SIMULATED
25.2,20.2,11,750.0,0.0,300.0,0.0,1,SIMULATED,SIMULATED,SIMULATED,SIMULATED
25.2,20.2,44,415.0,0.0,295.0,0.0,1,SIMULATED,SIMULATED,SIMULATED,SIMULATED
25.4,20.4,33,100.56,400.0,0.0,0.0,4,SIMULATED,SIMULATED,SIMULATED,SIMULATED
25.4,20.4,11,766.67,0.0,300.0,0.0,1,SIMULATED,SIMULATED,SIMULATED,SIMULATED
25.4,20.4,44,431.39,0.0,295.0,0.0,1,SIMULATED,SIMULATED,SIMULATED,SIMULATED
25.6,20.6,33,100.56,400.0,0.0,0.0,4,SIMULATED,SIMULATED,SIMULATED,SIMULATED
25.6,20.6,11,783.33,0.0,300.0,0.0,1,SIMULATED,SIMULATED,SIMULATED,SIMULATED
25.6,20.6,44,447.78,0.0,295.0,0.0,1,SIMULATED,SIMULATED,SIMULATED,SIMULATED
25.8,20.8,33,100.56,400.0,0.0,0.0,4,SIMULATED,SIMULATED,SIMULATED,SIMULATED
25.8,20.8,11,800.0,0.0,300.0,0.0,1,SIMULATED,SIMULATED,SIMULATED,SIMULATED
25.8,20.8,44,464.17,0.0,295.0,0.0,1,SIMULATED,SIMULATED,SIMULATED,SIMULATED
26.0,21.0,33,100.56,400.0,0.0,0.0,4,SIMULATED,SIMULATED,SIMULATED,SIMULATED
26.0,21.0,11,816.67,0.0,300.0,0.0,2,SIMULATED,SIMULATED,SIMULATED,SIMULATED
26.0,21.0,44,480.56,0.0,295.0,0.0,1,SIMULATED,SIMULATED,SIMULATED,SIMULATED
26.2,21.2,33,100.56,400.0,0.0,0.0,4,SIMULATED,SIMULATED,SIMULATED,SIMULATED
26.2,21.2,11,833.33,0.0,300.0,0.0,2,SIMULATED,SIMULATED,SIMULATED,SIMULATED
26.2,21.2,44,496.94,0.0,295.0,0.0,1,SIMULATED,SIMULATED,SIMULATED,SIMULATED
26.4,21.4,33,100.56,400.0,0.0,0.0,4,SIMULATED,SIMULATED,SIMULATED,SIMULATED
26.4,21.4,11,850.0,0.0,300.0,0.0,2,SIMULATED,SIMULATED,SIMULATED,SIMULATED
26.4,21.4,44,513.33,0.0,295.0,0.0,1,SIMULATED,SIMULATED,SIMULATED,SIMULATED
26.6,21.6,33,100.56,400.0,0.0,0.0,4,SIMULATED,SIMULATED,SIMULATED,SIMULATED
26.6,21.6,11,866.67,0.0,300.0,0.0,2,SIMULATED,SIMULATED,SIMULATED,SIMULATED
26.6,21.6,44,529.72,0.0,295.0,0.0,1,SIMULATED,SIMULATED,SIMULATED,SIMULATED
26.8,21.8,33,100.56,400.0,0.0,0.0,4,SIMULATED,SIMULATED,SIMULATED,SIMULATED
26.8,21.8,11,883.33,0.0,300.0,0.0,2,SIMULATED,SIMULATED,SIMULATED,SIMULATED
26.8,21.8,44,546.11,0.0,295.0,0.0,1,SIMULATED,SIMULATED,SIMULATED,SIMULATED
27.0,22.0,33,100.56,400.0,0.0,0.0,4,SIMULATED,SIMULATED,SIMULATED,SIMULATED
27.0,22.0,11,900.0,0.0,300.0,0.0,2,SIMULATED,SIMULATED,SIMULATED,SIMULATED
27.0,22.0,44,562.5,0.0,295.0,0.0,1,SIMULATED,SIMULATED,SIMULATED,SIMULATED
27.2,22.2,33,100.56,400.0,0.0,0.0,4,SIMULATED,SIMULATED,SIMULATED,SIMULATED
27.2,22.2,11,916.67,0.0,300.0,0.0,2,SIMULATED,SIMULATED,SIMULATED,SIMULATED
27.2,22.2,44,578.89,0.0,295.0,0.0,1,SIMULATED,SIMULATED,SIMULATED,SIMULATED
27.4,22.4,33,100.56,400.0,0.0,0.0,4,SIMULATED,SIMULATED,SIMULATED,SIMULATED
27.4,22.4,11,933.33,0.0,300.0,0.0,2,SIMULATED,SIMULATED,SIMULATED,SIMULATED
27.4,22.4,44,595.28,0.0,295.0,0.0,1,SIMULATED,SIMULATED,SIMULATED,SIMULATED
27.6,22.6,33,100.56,400.0,0.0,0.0,4,SIMULATED,SIMULATED,SIMULATED,SIMULATED
27.6,22.6,11,950.0,0.0,300.0,0.0,2,SIMULATED,SIMULATED,SIMULATED,SIMULATED
27.6,22.6,44,611.67,0.0,295.0,0.0,1,SIMULATED,SIMULATED,SIMULATED,SIMULATED
27.8,22.8,33,100.56,400.0,0.0,0.0,4,SIMULATED,SIMULATED,SIMULATED,SIMULATED
27.8,22.8,11,966.67,0.0,300.0,0.0,2,SIMULATED,SIMULATED,SIMULATED,SIMULATED
27.8,22.8,44,628.06,0.0,295.0,0.0,1,SIMULATED,SIMULATED,SIMULATED,SIMULATED
28.0,23.0,33,100.56,400.0,0.0,0.0,4,SIMULATED,SIMULATED,SIMULATED,SIMULATED
28.0,23.0,11,983.33,0.0,300.0,0.0,2,SIMULATED,SIMULATED,SIMULATED,SIMULATED
28.0,23.0,44,644.44,0.0,295.0,0.0,1,SIMULATED,SIMULATED,SIMULATED,SIMULATED
28.2,23.2,33,100.56,400.0,0.0,0.0,4,SIMULATED,SIMULATED,SIMULATED,SIMULATED
28.2,23.2,11,1000.0,0.0,300.0,0.0,2,SIMULATED,SIMULATED,SIMULATED,SIMULATED
28.2,23.2,44,660.83,0.0,295.0,0.0,1,SIMULATED,SIMULATED,SIMULATED,SIMULATED
28.4,23.4,33,100.56,400.0,0.0,0.0,4,SIMULATED,SIMULATED,SIMULATED,SIMULATED
28.4,23.4,11,1016.67,0.0,300.0,0.0,2,SIMULATED,SIMULATED,SIMULATED,SIMULATED
28.4,23.4,44,677.22,0.0,295.0,0.0,1,SIMULATED,SIMULATED,SIMULATED,SIMULATED
28.6,23.6,33,100.56,400.0,0.0,0.0,4,SIMULATED,SIMULATED,SIMULATED,SIMULATED
28.6,23.6,11,1033.33,0.0,300.0,0.0,2,SIMULATED,SIMULATED,SIMULATED,SIMULATED
28.6,23.6,44,693.61,0.0,295.0,0.0,1,SIMULATED,SIMULATED,SIMULATED,SIMULATED
28.8,23.8,33,100.56,400.0,0.0,0.0,4,SIMULATED,SIMULATED,SIMULATED,SIMULATED
28.8,23.8,11,1050.0,0.0,300.0,0.0,2,SIMULATED,SIMULATED,SIMULATED,SIMULATED
28.8,23.8,44,710.0,0.0,295.0,0.0,1,SIMULATED,SIMULATED,SIMULATED,SIMULATED
29.0,24.0,33,100.56,400.0,0.0,0.0,4,SIMULATED,SIMULATED,SIMULATED,SIMULATED
29.0,24.0,11,1066.67,0.0,300.0,0.0,2,SIMULATED,SIMULATED,SIMULATED,SIMULATED
29.0,24.0,44,726.39,0.0,295.0,0.0,1,SIMULATED,SIMULATED,SIMULATED,SIMULATED
29.2,24.2,33,100.56,400.0,0.0,0.0,4,SIMULATED,SIMULATED,SIMULATED,SIMULATED
29.2,24.2,11,1083.33,0.0,300.0,0.0,2,SIMULATED,SIMULATED,SIMULATED,SIMULATED
29.2,24.2,44,742.78,0.0,295.0,0.0,1,SIMULATED,SIMULATED,SIMULATED,SIMULATED
29.4,24.4,33,100.56,400.0,0.0,0.0,4,SIMULATED,SIMULATED,SIMULATED,SIMULATED
29.4,24.4,11,1100.0,0.0,300.0,0.0,2,SIMULATED,SIMULATED,SIMULATED,SIMULATED
29.4,24.4,44,759.17,0.0,295.0,0.0,1,SIMULATED,SIMULATED,SIMULATED,SIMULATED
29.6,24.6,33,100.56,400.0,0.0,0.0,4,SIMULATED,SIMULATED,SIMULATED,SIMULATED
29.6,24.6,11,1116.67,0.0,300.0,0.0,2,SIMULATED,SIMULATED,SIMULATED,SIMULATED
29.6,24.6,44,775.56,0.0,295.0,0.0,1,SIMULATED,SIMULATED,SIMULATED,SIMULATED
29.8,24.8,33,100.56,400.0,0.0,0.0,4,SIMULATED,SIMULATED,SIMULATED,SIMULATED
29.8,24.8,11,1133.33,0.0,300.0,0.0,2,SIMULATED,SIMULATED,SIMULATED,SIMULATED
29.8,24.8,44,791.94,0.0,295.0,0.0,1,SIMULATED,SIMULATED,SIMULATED,SIMULATED
30.0,25.0,33,100.56,400.0,0.0,0.0,4,SIMULATED,SIMULATED,SIMULATED,SIMULATED
30.0,25.0,11,1150.0,0.0,300.0,0.0,2,SIMULATED,SIMULATED,SIMULATED,SIMULATED
30.0,25.0,44,808.33,0.0,295.0,0.0,2,SIMULATED,SIMULATED,SIMULATED,SIMULATED
30.2,25.2,33,100.56,400.0,0.0,0.0,4,SIMULATED,SIMULATED,SIMULATED,SIMULATED
30.2,25.2,11,1166.67,0.0,300.0,0.0,2,SIMULATED,SIMULATED,SIMULATED,SIMULATED
30.2,25.2,44,824.72,0.0,295.0,0.0,2,SIMULATED,SIMULATED,SIMULATED,SIMULATED
30.4,25.4,33,100.56,400.0,0.0,0.0,4,SIMULATED,SIMULATED,SIMULATED,SIMULATED
30.4,25.4,11,1183.33,0.0,300.0,0.0,2,SIMULATED,SIMULATED,SIMULATED,SIMULATED
30.4,25.4,44,841.11,0.0,295.0,0.0,2,SIMULATED,SIMULATED,SIMULATED,SIMULATED
30.6,25.6,33,100.56,400.0,0.0,0.0,4,SIMULATED,SIMULATED,SIMULATED,SIMULATED
30.6,25.6,11,1200.0,0.0,300.0,0.0,2,SIMULATED,SIMULATED,SIMULATED,SIMULATED
30.6,25.6,44,857.5,0.0,295.0,0.0,2,SIMULATED,SIMULATED,SIMULATED,SIMULATED
30.8,25.8,33,100.56,400.0,0.0,0.0,4,SIMULATED,SIMULATED,SIMULATED,SIMULATED
30.8,25.8,11,1200.0,16.67,300.0,0.0,2,SIMULATED,SIMULATED,SIMULATED,SIMULATED
30.8,25.8,44,873.89,0.0,295.0,0.0,2,SIMULATED,SIMULATED,SIMULATED,SIMULATED
31.0,26.0,33,100.56,400.0,0.0,0.0,4,SIMULATED,SIMULATED,SIMULATED,SIMULATED
31.0,26.0,11,1200.0,33.33,300.0,0.0,2,SIMULATED,SIMULATED,SIMULATED,SIMULATED
31.0,26.0,44,890.28,0.0,295.0,0.0,2,SIMULATED,SIMULATED,SIMULATED,SIMULATED
31.2,26.2,33,100.56,400.0,0.0,0.0,4,SIMULATED,SIMULATED,SIMULATED,SIMULATED
31.2,26.2,11,1200.0,50.0,300.0,0.0,2,SIMULATED,SIMULATED,SIMULATED,SIMULATED
31.2,26.2,44,906.67,0.0,295.0,0.0,2,SIMULATED,SIMULATED,SIMULATED,SIMULATED
31.4,26.4,33,100.56,400.0,0.0,0.0,4,SIMULATED,SIMULATED,SIMULATED,SIMULATED
31.4,26.4,11,1200.0,66.67,300.0,0.0,2,SIMULATED,SIMULATED,SIMULATED,SIMULATED
31.4,26.4,44,923.06,0.0,295.0,0.0,2,SIMULATED,SIMULATED,SIMULATED,SIMULATED
31.6,26.6,33,100.56,400.0,0.0,0.0,4,SIMULATED,SIMULATED,SIMULATED,SIMULATED
31.6,26.6,11,1200.0,83.33,300.0,0.0,2,SIMULATED,SIMULATED,SIMULATED,SIMULATED
31.6,26.6,44,939.44,0.0,295.0,0.0,2,SIMULATED,SIMULATED,SIMULATED,SIMULATED
31.8,26.8,33,100.56,400.0,0.0,0.0,4,SIMULATED,SIMULATED,SIMULATED,SIMULATED
31.8,26.8,11,1200.0,100.0,300.0,0.0,2,SIMULATED,SIMULATED,SIMULATED,SIMULATED
31.8,26.8,44,955.83,0.0,295.0,0.0,2,SIMULATED,SIMULATED,SIMULATED,SIMULATED
32.0,27.0,33,100.56,400.0,0.0,0.0,4,SIMULATED,SIMULATED,SIMULATED,SIMULATED
32.0,27.0,11,1200.0,116.67,300.0,0.0,2,SIMULATED,SIMULATED,SIMULATED,SIMULATED
32.0,27.0,44,972.22,0.0,295.0,0.0,2,SIMULATED,SIMULATED,SIMULATED,SIMULATED
32.2,27.2,33,100.56,400.0,0.0,0.0,4,SIMULATED,SIMULATED,SIMULATED,SIMULATED
32.2,27.2,11,1200.0,133.33,300.0,0.0,2,SIMULATED,SIMULATED,SIMULATED,SIMULATED
32.2,27.2,44,988.61,0.0,295.0,0.0,2,SIMULATED,SIMULATED,SIMULATED,SIMULATED
32.4,27.4,33,100.56,400.0,0.0,0.0,4,SIMULATED,SIMULATED,SIMULATED,SIMULATED
32.4,27.4,11,1200.0,150.0,300.0,0.0,2,SIMULATED,SIMULATED,SIMULATED,SIMULATED
32.4,27.4,44,1005.0,0.0,295.0,0.0,2,SIMULATED,SIMULATED,SIMULATED,SIMULATED
32.6,27.6,33,100.56,400.0,0.0,0.0,4,SIMULATED,SIMULATED,SIMULATED,SIMULATED
32.6,27.6,11,1200.0,166.67,300.0,0.0,2,SIMULATED,SIMULATED,SIMULATED,SIMULATED
32.6,27.6,44,1021.39,0.0,295.0,0.0,2,SIMULATED,SIMULATED,SIMULATED,SIMULATED
32.8,27.8,33,100.56,400.0,0.0,0.0,4,SIMULATED,SIMULATED,SIMULATED,SIMULATED
32.8,27.8,11,1200.0,183.33,300.0,0.0,2,SIMULATED,SIMULATED,SIMULATED,SIMULATED
32.8,27.8,44,1037.78,0.0,295.0,0.0,2,SIMULATED,SIMULATED,SIMULATED,SIMULATED
33.0,28.0,33,100.56,400.0,0.0,0.0,4,SIMULATED,SIMULATED,SIMULATED,SIMULATED
33.0,28.0,11,1200.0,200.0,300.0,0.0,2,SIMULATED,SIMULATED,SIMULATED,SIMULATED
33.0,28.0,44,1054.17,0.0,295.0,0.0,2,SIMULATED,SIMULATED,SIMULATED,SIMULATED
33.2,28.2,33,100.56,400.0,0.0,0.0,4,SIMULATED,SIMULATED,SIMULATED,SIMULATED
33.2,28.2,11,1200.0,216.67,300.0,0.0,2,SIMULATED,SIMULATED,SIMULATED,SIMULATED
33.2,28.2,44,1070.56,0.0,295.0,0.0,2,SIMULATED,SIMULATED,SIMULATED,SIMULATED
33.4,28.4,33,100.56,400.0,0.0,0.0,4,SIMULATED,SIMULATED,SIMULATED,SIMULATED
33.4,28.4,11,1200.0,233.33,300.0,0.0,2,SIMULATED,SIMULATED,SIMULATED,SIMULATED
33.4,28.4,44,1086.94,0.0,295.0,0.0,2,SIMULATED,SIMULATED,SIMULATED,SIMULATED
33.6,28.6,33,100.56,400.0,0.0,0.0,4,SIMULATED,SIMULATED,SIMULATED,SIMULATED
33.6,28.6,11,1200.0,250.0,300.0,0.0,2,SIMULATED,SIMULATED,SIMULATED,SIMULATED
33.6,28.6,44,1103.33,0.0,295.0,0.0,2,SIMULATED,SIMULATED,SIMULATED,SIMULATED
33.8,28.8,33,100.56,400.0,0.0,0.0,4,SIMULATED,SIMULATED,SIMULATED,SIMULATED
33.8,28.8,11,1200.0,266.67,300.0,0.0,2,SIMULATED,SIMULATED,SIMULATED,SIMULATED
33.8,28.8,44,1119.72,0.0,295.0,0.0,2,SIMULATED,SIMULATED,SIMULATED,SIMULATED
34.0,29.0,33,100.56,400.0,0.0,0.0,4,SIMULATED,SIMULATED,SIMULATED,SIMULATED
34.0,29.0,11,1200.0,283.33,300.0,0.0,2,SIMULATED,SIMULATED,SIMULATED,SIMULATED
34.0,29.0,44,1136.11,0.0,295.0,0.0,2,SIMULATED,SIMULATED,SIMULATED,SIMULATED
34.2,29.2,33,100.56,400.0,0.0,0.0,4,SIMULATED,SIMULATED,SIMULATED,SIMULATED
34.2,29.2,11,1200.0,300.0,300.0,0.0,2,SIMULATED,SIMULATED,SIMULATED,SIMULATED
34.2,29.2,44,1152.5,0.0,295.0,0.0,2,SIMULATED,SIMULATED,SIMULATED,SIMULATED
34.4,29.4,33,100.56,400.0,0.0,0.0,4,SIMULATED,SIMULATED,SIMULATED,SIMULATED
34.4,29.4,11,1200.0,316.67,300.0,0.0,2,SIMULATED,SIMULATED,SIMULATED,SIMULATED
34.4,29.4,44,1168.89,0.0,295.0,0.0,2,SIMULATED,SIMULATED,SIMULATED,SIMULATED
34.6,29.6,33,100.56,400.0,0.0,0.0,4,SIMULATED,SIMULATED,SIMULATED,SIMULATED
34.6,29.6,11,1200.0,333.33,300.0,0.0,2,SIMULATED,SIMULATED,SIMULATED,SIMULATED
34.6,29.6,44,1185.28,0.0,295.0,0.0,2,SIMULATED,SIMULATED,SIMULATED,SIMULATED
34.8,29.8,33,100.56,400.0,0.0,0.0,4,SIMULATED,SIMULATED,SIMULATED,SIMULATED
34.8,29.8,11,1200.0,350.0,300.0,0.0,2,SIMULATED,SIMULATED,SIMULATED,SIMULATED
34.8,29.8,44,1200.0,1.67,295.0,0.0,2,SIMULATED,SIMULATED,SIMULATED,SIMULATED
35.0,30.0,33,100.56,400.0,0.0,0.0,4,SIMULATED,SIMULATED,SIMULATED,SIMULATED
35.0,30.0,11,1200.0,366.67,300.0,0.0,2,SIMULATED,SIMULATED,SIMULATED,SIMULATED
35.0,30.0,44,1200.0,18.06,295.0,0.0,2,SIMULATED,SIMULATED,SIMULATED,SIMULATED
35.2,30.2,33,100.56,400.0,0.0,0.0,4,SIMULATED,SIMULATED,SIMULATED,SIMULATED
35.2,30.2,11,1200.0,383.33,300.0,0.0,2,SIMULATED,SIMULATED,SIMULATED,SIMULATED
35.2,30.2,44,1200.0,34.44,295.0,0.0,2,SIMULATED,SIMULATED,SIMULATED,SIMULATED
35.4,30.4,33,100.56,400.0,0.0,0.0,4,SIMULATED,SIMULATED,SIMULATED,SIMULATED
35.4,30.4,11,1200.0,400.0,300.0,0.0,2,SIMULATED,SIMULATED,SIMULATED,SIMULATED
35.4,30.4,44,1200.0,50.83,295.0,0.0,2,SIMULATED,SIMULATED,SIMULATED,SIMULATED
35.6,30.6,33,100.56,400.0,0.0,0.0,4,SIMULATED,SIMULATED,SIMULATED,SIMULATED
35.6,30.6,11,1183.33,400.0,300.0,0.0,3,SIMULATED,SIMULATED,SIMULATED,SIMULATED
35.6,30.6,44,1200.0,67.22,295.0,0.0,2,SIMULATED,SIMULATED,SIMULATED,SIMULATED
35.8,30.8,33,100.56,400.0,0.0,0.0,4,SIMULATED,SIMULATED,SIMULATED,SIMULATED
35.8,30.8,11,1166.67,400.0,300.0,0.0,3,SIMULATED,SIMULATED,SIMULATED,SIMULATED
35.8,30.8,44,1200.0,83.61,295.0,0.0,2,SIMULATED,SIMULATED,SIMULATED,SIMULATED
36.0,31.0,33,100.56,400.0,0.0,0.0,4,SIMULATED,SIMULATED,SIMULATED,SIMULATED
36.0,31.0,11,1150.0,400.0,300.0,0.0,3,SIMULATED,SIMULATED,SIMULATED,SIMULATED
36.0,31.0,44,1200.0,100.0,295.0,0.0,2,SIMULATED,SIMULATED,SIMULATED,SIMULATED
36.2,31.2,33,100.56,400.0,0.0,0.0,4,SIMULATED,SIMULATED,SIMULATED,SIMULATED
36.2,31.2,11,1133.33,400.0,300.0,0.0,3,SIMULATED,SIMULATED,SIMULATED,SIMULATED
36.2,31.2,44,1200.0,116.39,295.0,0.0,2,SIMULATED,SIMULATED,SIMULATED,SIMULATED
36.4,31.4,33,100.56,400.0,0.0,0.0,4,SIMULATED,SIMULATED,SIMULATED,SIMULATED
36.4,31.4,11,1116.67,400.0,300.0,0.0,3,SIMULATED,SIMULATED,SIMULATED,SIMULATED
36.4,31.4,44,1200.0,132.78,295.0,0.0,2,SIMULATED,SIMULATED,SIMULATED,SIMULATED
36.6,31.6,33,100.56,400.0,0.0,0.0,4,SIMULATED,SIMULATED,SIMULATED,SIMULATED
36.6,31.6,11,1100.0,400.0,300.0,0.0,3,SIMULATED,SIMULATED,SIMULATED,SIMULATED
36.6,31.6,44,1200.0,149.17,295.0,0.0,2,SIMULATED,SIMULATED,SIMULATED,SIMULATED
36.8,31.8,33,100.56,400.0,0.0,0.0,4,SIMULATED,SIMULATED,SIMULATED,SIMULATED
36.8,31.8,11,1083.33,400.0,300.0,0.0,3,SIMULATED,SIMULATED,SIMULATED,SIMULATED
36.8,31.8,44,1200.0,165.56,295.0,0.0,2,SIMULATED,SIMULATED,SIMULATED,SIMULATED
37.0,32.0,33,100.56,400.0,0.0,0.0,4,SIMULATED,SIMULATED,SIMULATED,SIMULATED
37.0,32.0,11,1066.67,400.0,300.0,0.0,3,SIMULATED,SIMULATED,SIMULATED,SIMULATED
37.0,32.0,44,1200.0,181.94,295.0,0.0,2,SIMULATED,SIMULATED,SIMULATED,SIMULATED
37.2,32.2,33,100.56,400.0,0.0,0.0,4,SIMULATED,SIMULATED,SIMULATED,SIMULATED
37.2,32.2,11,1050.0,400.0,300.0,0.0,3,SIMULATED,SIMULATED,SIMULATED,SIMULATED
37.2,32.2,44,1200.0,198.33,295.0,0.0,2,SIMULATED,SIMULATED,SIMULATED,SIMULATED
37.4,32.4,33,100.56,400.0,0.0,0.0,4,SIMULATED,SIMULATED,SIMULATED,SIMULATED
37.4,32.4,11,1033.33,400.0,300.0,0.0,3,SIMULATED,SIMULATED,SIMULATED,SIMULATED
37.4,32.4,44,1200.0,214.72,295.0,0.0,2,SIMULATED,SIMULATED,SIMULATED,SIMULATED
37.6,32.6,33,100.56,400.0,0.0,0.0,4,SIMULATED,SIMULATED,SIMULATED,SIMULATED
37.6,32.6,11,1016.67,400.0,300.0,0.0,3,SIMULATED,SIMULATED,SIMULATED,SIMULATED
37.6,32.6,44,1200.0,231.11,295.0,0.0,2,SIMULATED,SIMULATED,SIMULATED,SIMULATED
37.8,32.8,33,100.56,400.0,0.0,0.0,4,SIMULATED,SIMULATED,SIMULATED,SIMULATED
37.8,32.8,11,1000.0,400.0,300.0,0.0,3,SIMULATED,SIMULATED,SIMULATED,SIMULATED
37.8,32.8,44,1200.0,247.5,295.0,0.0,2,SIMULATED,SIMULATED,SIMULATED,SIMULATED
38.0,33.0,33,100.56,400.0,0.0,0.0,4,SIMULATED,SIMULATED,SIMULATED,SIMULATED
38.0,33.0,11,983.33,400.0,300.0,0.0,3,SIMULATED,SIMULATED,SIMULATED,SIMULATED
38.0,33.0,44,1200.0,263.89,295.0,0.0,2,SIMULATED,SIMULATED,SIMULATED,SIMULATED
38.2,33.2,33,100.56,400.0,0.0,0.0,4,SIMULATED,SIMULATED,SIMULATED,SIMULATED
38.2,33.2,11,966.67,400.0,300.0,0.0,3,SIMULATED,SIMULATED,SIMULATED,SIMULATED
38.2,33.2,44,1200.0,280.28,295.0,0.0,2,SIMULATED,SIMULATED,SIMULATED,SIMULATED
38.4,33.4,33,100.56,400.0,0.0,0.0,4,SIMULATED,SIMULATED,SIMULATED,SIMULATED
38.4,33.4,11,950.0,400.0,300.0,0.0,3,SIMULATED,SIMULATED,SIMULATED,SIMULATED
38.4,33.4,44,1200.0,296.67,295.0,0.0,2,SIMULATED,SIMULATED,SIMULATED,SIMULATED
38.6,33.6,33,100.56,400.0,0.0,0.0,4,SIMULATED,SIMULATED,SIMULATED,SIMULATED
38.6,33.6,11,933.33,400.0,300.0,0.0,3,SIMULATED,SIMULATED,SIMULATED,SIMULATED
38.6,33.6,44,1200.0,313.06,295.0,0.0,2,SIMULATED,SIMULATED,SIMULATED,SIMULATED
38.8,33.8,33,100.56,400.0,0.0,0.0,4,SIMULATED,SIMULATED,SIMULATED,SIMULATED
38.8,33.8,11,916.67,400.0,300.0,0.0,3,SIMULATED,SIMULATED,SIMULATED,SIMULATED
38.8,33.8,44,1200.0,329.44,295.0,0.0,2,SIMULATED,SIMULATED,SIMULATED,SIMULATED
39.0,34.0,33,100.56,400.0,0.0,0.0,4,SIMULATED,SIMULATED,SIMULATED,SIMULATED
39.0,34.0,11,900.0,400.0,300.0,0.0,3,SIMULATED,SIMULATED,SIMULATED,SIMULATED
39.0,34.0,44,1200.0,345.83,295.0,0.0,2,SIMULATED,SIMULATED,SIMULATED,SIMULATED
39.2,34.2,33,100.56,400.0,0.0,0.0,4,SIMULATED,SIMULATED,SIMULATED,SIMULATED
39.2,34.2,11,883.33,400.0,300.0,0.0,3,SIMULATED,SIMULATED,SIMULATED,SIMULATED
39.2,34.2,44,1200.0,362.22,295.0,0.0,2,SIMULATED,SIMULATED,SIMULATED,SIMULATED
39.4,34.4,33,100.56,400.0,0.0,0.0,4,SIMULATED,SIMULATED,SIMULATED,SIMULATED
39.4,34.4,11,866.67,400.0,300.0,0.0,3,SIMULATED,SIMULATED,SIMULATED,SIMULATED
39.4,34.4,44,1200.0,378.61,295.0,0.0,2,SIMULATED,SIMULATED,SIMULATED,SIMULATED
39.6,34.6,33,100.56,400.0,0.0,0.0,4,SIMULATED,SIMULATED,SIMULATED,SIMULATED
39.6,34.6,11,850.0,400.0,300.0,0.0,3,SIMULATED,SIMULATED,SIMULATED,SIMULATED
39.6,34.6,44,1200.0,395.0,295.0,0.0,2,SIMULATED,SIMULATED,SIMULATED,SIMULATED
39.8,34.8,33,100.56,400.0,0.0,0.0,4,SIMULATED,SIMULATED,SIMULATED,SIMULATED
39.8,34.8,11,833.33,400.0,300.0,0.0,3,SIMULATED,SIMULATED,SIMULATED,SIMULATED
39.8,34.8,44,1188.61,400.0,295.0,0.0,3,SIMULATED,SIMULATED,SIMULATED,SIMULATED
40.0,35.0,33,100.56,400.0,0.0,0.0,4,SIMULATED,SIMULATED,SIMULATED,SIMULATED
40.0,35.0,11,816.67,400.0,300.0,0.0,3,SIMULATED,SIMULATED,SIMULATED,SIMULATED
40.0,35.0,44,1172.22,400.0,295.0,0.0,3,SIMULATED,SIMULATED,SIMULATED,SIMULATED
40.2,35.2,33,100.56,400.0,0.0,0.0,4,SIMULATED,SIMULATED,SIMULATED,SIMULATED
40.2,35.2,11,800.0,400.0,300.0,0.0,3,SIMULATED,SIMULATED,SIMULATED,SIMULATED
40.2,35.2,44,1155.83,400.0,295.0,0.0,3,SIMULATED,SIMULATED,SIMULATED,SIMULATED
40.4,35.4,33,100.56,400.0,0.0,0.0,4,SIMULATED,SIMULATED,SIMULATED,SIMULATED
40.4,35.4,11,783.33,400.0,300.0,0.0,3,SIMULATED,SIMULATED,SIMULATED,SIMULATED
40.4,35.4,44,1139.44,400.0,295.0,0.0,3,SIMULATED,SIMULATED,SIMULATED,SIMULATED
40.6,35.6,33,100.56,400.0,0.0,0.0,4,SIMULATED,SIMULATED,SIMULATED,SIMULATED
40.6,35.6,11,766.67,400.0,300.0,0.0,3,SIMULATED,SIMULATED,SIMULATED,SIMULATED
40.6,35.6,44,1123.06,400.0,295.0,0.0,3,SIMULATED,SIMULATED,SIMULATED,SIMULATED
40.8,35.8,33,100.56,400.0,0.0,0.0,4,SIMULATED,SIMULATED,SIMULATED,SIMULATED
40.8,35.8,11,750.0,400.0,300.0,0.0,3,SIMULATED,SIMULATED,SIMULATED,SIMULATED
40.8,35.8,44,1106.67,400.0,295.0,0.0,3,SIMULATED,SIMULATED,SIMULATED,SIMULATED
41.0,36.0,33,100.56,400.0,0.0,0.0,4,SIMULATED,SIMULATED,SIMULATED,SIMULATED
41.0,36.0,11,733.33,400.0,300.0,0.0,3,SIMULATED,SIMULATED,SIMULATED,SIMULATED
41.0,36.0,44,1090.28,400.0,295.0,0.0,3,SIMULATED,SIMULATED,SIMULATED,SIMULATED
41.2,36.2,33,100.56,400.0,0.0,0.0,4,SIMULATED,SIMULATED,SIMULATED,SIMULATED
41.2,36.2,11,716.67,400.0,300.0,0.0,3,SIMULATED,SIMULATED,SIMULATED,SIMULATED
41.2,36.2,44,1073.89,400.0,295.0,0.0,3,SIMULATED,SIMULATED,SIMULATED,SIMULATED
41.4,36.4,33,100.56,400.0,0.0,0.0,4,SIMULATED,SIMULATED,SIMULATED,SIMULATED
41.4,36.4,11,700.0,400.0,300.0,0.0,3,SIMULATED,SIMULATED,SIMULATED,SIMULATED
41.4,36.4,44,1057.5,400.0,295.0,0.0,3,SIMULATED,SIMULATED,SIMULATED,SIMULATED
41.6,36.6,33,100.56,400.0,0.0,0.0,4,SIMULATED,SIMULATED,SIMULATED,SIMULATED
41.6,36.6,11,683.33,400.0,300.0,0.0,3,SIMULATED,SIMULATED,SIMULATED,SIMULATED
41.6,36.6,44,1041.11,400.0,295.0,0.0,3,SIMULATED,SIMULATED,SIMULATED,SIMULATED
41.8,36.8,33,100.56,400.0,0.0,0.0,4,SIMULATED,SIMULATED,SIMULATED,SIMULATED
41.8,36.8,11,666.67,400.0,300.0,0.0,3,SIMULATED,SIMULATED,SIMULATED,SIMULATED
41.8,36.8,44,1024.72,400.0,295.0,0.0,3,SIMULATED,SIMULATED,SIMULATED,SIMULATED
42.0,37.0,33,100.56,400.0,0.0,0.0,4,SIMULATED,SIMULATED,SIMULATED,SIMULATED
42.0,37.0,11,650.0,400.0,300.0,0.0,3,SIMULATED,SIMULATED,SIMULATED,SIMULATED
42.0,37.0,44,1008.33,400.0,295.0,0.0,3,SIMULATED,SIMULATED,SIMULATED,SIMULATED
42.2,37.2,33,100.56,400.0,0.0,0.0,4,SIMULATED,SIMULATED,SIMULATED,SIMULATED
42.2,37.2,11,633.33,400.0,300.0,0.0,3,SIMULATED,SIMULATED,SIMULATED,SIMULATED
42.2,37.2,44,991.94,400.0,295.0,0.0,3,SIMULATED,SIMULATED,SIMULATED,SIMULATED
42.4,37.4,33,100.56,400.0,0.0,0.0,4,SIMULATED,SIMULATED,SIMULATED,SIMULATED
42.4,37.4,11,616.67,400.0,300.0,0.0,3,SIMULATED,SIMULATED,SIMULATED,SIMULATED
42.4,37.4,44,975.56,400.0,295.0,0.0,3,SIMULATED,SIMULATED,SIMULATED,SIMULATED
42.6,37.6,33,100.56,400.0,0.0,0.0,4,SIMULATED,SIMULATED,SIMULATED,SIMULATED
42.6,37.6,11,600.0,400.0,300.0,0.0,3,SIMULATED,SIMULATED,SIMULATED,SIMULATED
42.6,37.6,44,959.17,400.0,295.0,0.0,3,SIMULATED,SIMULATED,SIMULATED,SIMULATED
42.8,37.8,33,100.56,400.0,0.0,0.0,4,SIMULATED,SIMULATED,SIMULATED,SIMULATED
42.8,37.8,11,583.33,400.0,300.0,0.0,3,SIMULATED,SIMULATED,SIMULATED,SIMULATED
42.8,37.8,44,942.78,400.0,295.0,0.0,3,SIMULATED,SIMULATED,SIMULATED,SIMULATED
43.0,38.0,33,100.56,400.0,0.0,0.0,4,SIMULATED,SIMULATED,SIMULATED,SIMULATED
43.0,38.0,11,566.67,400.0,300.0,0.0,3,SIMULATED,SIMULATED,SIMULATED,SIMULATED
43.0,38.0,44,926.39,400.0,295.0,0.0,3,SIMULATED,SIMULATED,SIMULATED,SIMULATED
43.2,38.2,33,100.56,400.0,0.0,0.0,4,SIMULATED,SIMULATED,SIMULATED,SIMULATED
43.2,38.2,11,550.0,400.0,300.0,0.0,3,SIMULATED,SIMULATED,SIMULATED,SIMULATED
43.2,38.2,44,910.0,400.0,295.0,0.0,3,SIMULATED,SIMULATED,SIMULATED,SIMULATED
43.4,38.4,33,100.56,400.0,0.0,0.0,4,SIMULATED,SIMULATED,SIMULATED,SIMULATED
43.4,38.4,11,533.33,400.0,300.0,0.0,3,SIMULATED,SIMULATED,SIMULATED,SIMULATED
43.4,38.4,44,893.61,400.0,295.0,0.0,3,SIMULATED,SIMULATED,SIMULATED,SIMULATED
43.6,38.6,33,100.56,400.0,0.0,0.0,4,SIMULATED,SIMULATED,SIMULATED,SIMULATED
43.6,38.6,11,516.67,400.0,300.0,0.0,3,SIMULATED,SIMULATED,SIMULATED,SIMULATED
43.6,38.6,44,877.22,400.0,295.0,0.0,3,SIMULATED,SIMULATED,SIMULATED,SIMULATED
43.8,38.8,33,100.56,400.0,0.0,0.0,4,SIMULATED,SIMULATED,SIMULATED,SIMULATED
43.8,38.8,11,500.0,400.0,300.0,0.0,3,SIMULATED,SIMULATED,SIMULATED,SIMULATED
43.8,38.8,44,860.83,400.0,295.0,0.0,3,SIMULATED,SIMULATED,SIMULATED,SIMULATED
44.0,39.0,33,100.56,400.0,0.0,0.0,4,SIMULATED,SIMULATED,SIMULATED,SIMULATED
44.0,39.0,11,483.33,400.0,300.0,0.0,3,SIMULATED,SIMULATED,SIMULATED,SIMULATED
44.0,39.0,44,844.44,400.0,295.0,0.0,3,SIMULATED,SIMULATED,SIMULATED,SIMULATED
44.2,39.2,33,100.56,400.0,0.0,0.0,4,SIMULATED,SIMULATED,SIMULATED,SIMULATED
44.2,39.2,11,466.67,400.0,300.0,0.0,3,SIMULATED,SIMULATED,SIMULATED,SIMULATED
44.2,39.2,44,828.06,400.0,295.0,0.0,3,SIMULATED,SIMULATED,SIMULATED,SIMULATED
44.4,39.4,33,100.56,400.0,0.0,0.0,4,SIMULATED,SIMULATED,SIMULATED,SIMULATED
44.4,39.4,11,450.0,400.0,300.0,0.0,3,SIMULATED,SIMULATED,SIMULATED,SIMULATED
44.4,39.4,44,811.67,400.0,295.0,0.0,3,SIMULATED,SIMULATED,SIMULATED,SIMULATED
44.6,39.6,33,100.56,400.0,0.0,0.0,4,SIMULATED,SIMULATED,SIMULATED,SIMULATED
44.6,39.6,11,433.33,400.0,300.0,0.0,3,SIMULATED,SIMULATED,SIMULATED,SIMULATED
44.6,39.6,44,795.28,400.0,295.0,0.0,3,SIMULATED,SIMULATED,SIMULATED,SIMULATED
44.8,39.8,33,100.56,400.0,0.0,0.0,4,SIMULATED,SIMULATED,SIMULATED,SIMULATED
44.8,39.8,11,416.67,400.0,300.0,0.0,3,SIMULATED,SIMULATED,SIMULATED,SIMULATED
44.8,39.8,44,778.89,400.0,295.0,0.0,3,SIMULATED,SIMULATED,SIMULATED,SIMULATED
45.0,40.0,33,100.56,400.0,0.0,0.0,4,SIMULATED,SIMULATED,SIMULATED,SIMULATED
45.0,40.0,11,400.0,400.0,300.0,0.0,4,SIMULATED,SIMULATED,SIMULATED,SIMULATED
45.0,40.0,44,762.5,400.0,295.0,0.0,3,SIMULATED,SIMULATED,SIMULATED,SIMULATED
45.2,40.2,33,100.56,400.0,0.0,0.0,4,SIMULATED,SIMULATED,SIMULATED,SIMULATED
45.2,40.2,11,383.33,400.0,300.0,0.0,4,SIMULATED,SIMULATED,SIMULATED,SIMULATED
45.2,40.2,44,746.11,400.0,295.0,0.0,3,SIMULATED,SIMULATED,SIMULATED,SIMULATED
45.4,40.4,33,100.56,400.0,0.0,0.0,4,SIMULATED,SIMULATED,SIMULATED,SIMULATED
45.4,40.4,11,366.67,400.0,300.0,0.0,4,SIMULATED,SIMULATED,SIMULATED,SIMULATED
45.4,40.4,44,729.72,400.0,295.0,0.0,3,SIMULATED,SIMULATED,SIMULATED,SIMULATED
45.6,40.6,33,100.56,400.0,0.0,0.0,4,SIMULATED,SIMULATED,SIMULATED,SIMULATED
45.6,40.6,11,350.0,400.0,300.0,0.0,4,SIMULATED,SIMULATED,SIMULATED,SIMULATED
45.6,40.6,44,713.33,400.0,295.0,0.0,3,SIMULATED,SIMULATED,SIMULATED,SIMULATED
45.8,40.8,33,100.56,400.0,0.0,0.0,4,SIMULATED,SIMULATED,SIMULATED,SIMULATED
45.8,40.8,11,333.33,400.0,300.0,0.0,4,SIMULATED,SIMULATED,SIMULATED,SIMULATED
45.8,40.8,44,696.94,400.0,295.0,0.0,3,SIMULATED,SIMULATED,SIMULATED,SIMULATED
46.0,41.0,33,100.56,400.0,0.0,0.0,4,SIMULATED,SIMULATED,SIMULATED,SIMULATED
46.0,41.0,11,316.67,400.0,300.0,0.0,4,SIMULATED,SIMULATED,SIMULATED,SIMULATED
46.0,41.0,44,680.56,400.0,295.0,0.0,3,SIMULATED,SIMULATED,SIMULATED,SIMULATED
46.2,41.2,33,100.56,400.0,0.0,0.0,4,SIMULATED,SIMULATED,SIMULATED,SIMULATED
46.2,41.2,11,300.0,400.0,300.0,0.0,4,SIMULATED,SIMULATED,SIMULATED,SIMULATED
46.2,41.2,44,664.17,400.0,295.0,0.0,3,SIMULATED,SIMULATED,SIMULATED,SIMULATED
46.4,41.4,33,100.56,400.0,0.0,0.0,4,SIMULATED,SIMULATED,SIMULATED,SIMULATED
46.4,41.4,11,283.33,400.0,300.0,0.0,4,SIMULATED,SIMULATED,SIMULATED,SIMULATED
46.4,41.4,44,647.78,400.0,295.0,0.0,3,SIMULATED,SIMULATED,SIMULATED,SIMULATED
46.6,41.6,33,100.56,400.0,0.0,0.0,4,SIMULATED,SIMULATED,SIMULATED,SIMULATED
46.6,41.6,11,266.67,400.0,300.0,0.0,4,SIMULATED,SIMULATED,SIMULATED,SIMULATED
46.6,41.6,44,631.39,400.0,295.0,0.0,3,SIMULATED,SIMULATED,SIMULATED,SIMULATED
46.8,41.8,33,100.56,400.0,0.0,0.0,4,SIMULATED,SIMULATED,SIMULATED,SIMULATED
46.8,41.8,11,250.0,400.0,300.0,0.0,4,SIMULATED,SIMULATED,SIMULATED,SIMULATED
46.8,41.8,44,615.0,400.0,295.0,0.0,3,SIMULATED,SIMULATED,SIMULATED,SIMULATED
47.0,42.0,33,100.56,400.0,0.0,0.0,4,SIMULATED,SIMULATED,SIMULATED,SIMULATED
47.0,42.0,11,233.33,400.0,300.0,0.0,4,SIMULATED,SIMULATED,SIMULATED,SIMULATED
47.0,42.0,44,598.61,400.0,295.0,0.0,3,SIMULATED,SIMULATED,SIMULATED,SIMULATED
47.2,42.2,33,100.56,400.0,0.0,0.0,4,SIMULATED,SIMULATED,SIMULATED,SIMULATED
47.2,42.2,11,216.67,400.0,300.0,0.0,4,SIMULATED,SIMULATED,SIMULATED,SIMULATED
47.2,42.2,44,582.22,400.0,295.0,0.0,3,SIMULATED,SIMULATED,SIMULATED,SIMULATED
47.4,42.4,33,100.56,400.0,0.0,0.0,4,SIMULATED,SIMULATED,SIMULATED,SIMULATED
47.4,42.4,11,200.0,400.0,300.0,0.0,4,SIMULATED,SIMULATED,SIMULATED,SIMULATED
47.4,42.4,44,565.83,400.0,295.0,0.0,3,SIMULATED,SIMULATED,SIMULATED,SIMULATED
47.6,42.6,33,100.56,400.0,0.0,0.0,4,SIMULATED,SIMULATED,SIMULATED,SIMULATED
47.6,42.6,11,183.33,400.0,300.0,0.0,4,SIMULATED,SIMULATED,SIMULATED,SIMULATED
47.6,42.6,44,549.44,400.0,295.0,0.0,3,SIMULATED,SIMULATED,SIMULATED,SIMULATED
47.8,42.8,33,100.56,400.0,0.0,0.0,4,SIMULATED,SIMULATED,SIMULATED,SIMULATED
47.8,42.8,11,166.67,400.0,300.0,0.0,4,SIMULATED,SIMULATED,SIMULATED,SIMULATED
47.8,42.8,44,533.06,400.0,295.0,0.0,3,SIMULATED,SIMULATED,SIMULATED,SIMULATED
48.0,43.0,33,100.56,400.0,0.0,0.0,4,SIMULATED,SIMULATED,SIMULATED,SIMULATED
48.0,43.0,11,150.0,400.0,300.0,0.0,4,SIMULATED,SIMULATED,SIMULATED,SIMULATED
48.0,43.0,44,516.67,400.0,295.0,0.0,3,SIMULATED,SIMULATED,SIMULATED,SIMULATED
48.2,43.2,33,100.56,400.0,0.0,0.0,4,SIMULATED,SIMULATED,SIMULATED,SIMULATED
48.2,43.2,11,133.33,400.0,300.0,0.0,4,SIMULATED,SIMULATED,SIMULATED,SIMULATED
48.2,43.2,44,500.28,400.0,295.0,0.0,3,SIMULATED,SIMULATED,SIMULATED,SIMULATED
48.4,43.4,33,100.56,400.0,0.0,0.0,4,SIMULATED,SIMULATED,SIMULATED,SIMULATED
48.4,43.4,11,116.67,400.0,300.0,0.0,4,SIMULATED,SIMULATED,SIMULATED,SIMULATED
48.4,43.4,44,483.89,400.0,295.0,0.0,3,SIMULATED,SIMULATED,SIMULATED,SIMULATED
48.6,43.6,33,100.56,400.0,0.0,0.0,4,SIMULATED,SIMULATED,SIMULATED,SIMULATED
48.6,43.6,11,100.0,400.0,300.0,0.0,4,SIMULATED,SIMULATED,SIMULATED,SIMULATED
48.6,43.6,44,467.5,400.0,295.0,0.0,3,SIMULATED,SIMULATED,SIMULATED,SIMULATED
48.8,43.8,33,100.56,400.0,0.0,0.0,4,SIMULATED,SIMULATED,SIMULATED,SIMULATED
48.8,43.8,11,83.33,400.0,300.0,0.0,4,SIMULATED,SIMULATED,SIMULATED,SIMULATED
48.8,43.8,44,451.11,400.0,295.0,0.0,3,SIMULATED,SIMULATED,SIMULATED,SIMULATED
49.0,44.0,33,100.56,400.0,0.0,0.0,4,SIMULATED,SIMULATED,SIMULATED,SIMULATED
49.0,44.0,11,66.67,400.0,300.0,0.0,4,SIMULATED,SIMULATED,SIMULATED,SIMULATED
49.0,44.0,44,434.72,400.0,295.0,0.0,3,SIMULATED,SIMULATED,SIMULATED,SIMULATED
49.2,44.2,33,100.56,400.0,0.0,0.0,4,SIMULATED,SIMULATED,SIMULATED,SIMULATED
49.2,44.2,11,50.0,400.0,300.0,0.0,4,SIMULATED,SIMULATED,SIMULATED,SIMULATED
49.2,44.2,44,418.33,400.0,295.0,0.0,3,SIMULATED,SIMULATED,SIMULATED,SIMULATED
49.4,44.4,33,100.56,400.0,0.0,0.0,4,SIMULATED,SIMULATED,SIMULATED,SIMULATED
49.4,44.4,11,33.33,400.0,300.0,0.0,4,SIMULATED,SIMULATED,SIMULATED,SIMULATED
49.4,44.4,44,401.94,400.0,295.0,0.0,3,SIMULATED,SIMULATED,SIMULATED,SIMULATED
49.6,44.6,33,100.56,400.0,0.0,0.0,4,SIMULATED,SIMULATED,SIMULATED,SIMULATED
49.6,44.6,11,16.67,400.0,300.0,0.0,4,SIMULATED,SIMULATED,SIMULATED,SIMULATED
49.6,44.6,44,385.56,400.0,295.0,0.0,4,SIMULATED,SIMULATED,SIMULATED,SIMULATED
49.8,44.8,33,100.56,400.0,0.0,0.0,4,SIMULATED,SIMULATED,SIMULATED,SIMULATED
49.8,44.8,11,0.0,400.0,300.0,0.0,4,SIMULATED,SIMULATED,SIMULATED,SIMULATED
49.8,44.8,44,369.17,400.0,295.0,0.0,4,SIMULATED,SIMULATED,SIMULATED,SIMULATED
50.0,45.0,33,100.56,400.0,0.0,0.0,4,SIMULATED,SIMULATED,SIMULATED,SIMULATED
50.0,45.0,11,0.0,383.33,300.0,0.0,4,SIMULATED,SIMULATED,SIMULATED,SIMULATED
50.0,45.0,44,352.78,400.0,295.0,0.0,4,SIMULATED,SIMULATED,SIMULATED,SIMULATED
50.2,45.2,33,100.56,400.0,0.0,0.0,4,SIMULATED,SIMULATED,SIMULATED,SIMULATED
50.2,45.2,11,0.0,366.67,300.0,0.0,4,SIMULATED,SIMULATED,SIMULATED,SIMULATED
50.2,45.2,44,336.39,400.0,295.0,0.0,4,SIMULATED,SIMULATED,SIMULATED,SIMULATED
50.4,45.4,33,100.56,400.0,0.0,0.0,4,SIMULATED,SIMULATED,SIMULATED,SIMULATED
50.4,45.4,11,0.0,350.0,300.0,0.0,4,SIMULATED,SIMULATED,SIMULATED,SIMULATED
50.4,45.4,44,320.0,400.0,295.0,0.0,4,SIMULATED,SIMULATED,SIMULATED,SIMULATED
50.6,45.6,33,100.56,400.0,0.0,0.0,4,SIMULATED,SIMULATED,SIMULATED,SIMULATED
50.6,45.6,11,0.0,333.33,300.0,0.0,4,SIMULATED,SIMULATED,SIMULATED,SIMULATED
50.6,45.6,44,303.61,400.0,295.0,0.0,4,SIMULATED,SIMULATED,SIMULATED,SIMULATED
50.8,45.8,33,100.56,400.0,0.0,0.0,4,SIMULATED,SIMULATED,SIMULATED,SIMULATED
50.8,45.8,11,0.0,316.67,300.0,0.0,4,SIMULATED,SIMULATED,SIMULATED,SIMULATED
50.8,45.8,44,287.22,400.0,295.0,0.0,4,SIMULATED,SIMULATED,SIMULATED,SIMULATED
51.0,46.0,33,100.56,400.0,0.0,0.0,4,SIMULATED,SIMULATED,SIMULATED,SIMULATED
51.0,46.0,11,0.0,300.0,300.0,0.0,4,SIMULATED,SIMULATED,SIMULATED,SIMULATED
51.0,46.0,44,270.83,400.0,295.0,0.0,4,SIMULATED,SIMULATED,SIMULATED,SIMULATED
51.2,46.2,33,100.56,400.0,0.0,0.0,4,SIMULATED,SIMULATED,SIMULATED,SIMULATED
51.2,46.2,11,0.0,283.33,300.0,0.0,4,SIMULATED,SIMULATED,SIMULATED,SIMULATED
51.2,46.2,44,254.44,400.0,295.0,0.0,4,SIMULATED,SIMULATED,SIMULATED,SIMULATED
51.4,46.4,33,100.56,400.0,0.0,0.0,4,SIMULATED,SIMULATED,SIMULATED,SIMULATED
51.4,46.4,11,0.0,266.67,300.0,0.0,4,SIMULATED,SIMULATED,SIMULATED,SIMULATED
51.4,46.4,44,238.06,400.0,295.0,0.0,4,SIMULATED,SIMULATED,SIMULATED,SIMULATED
51.6,46.6,33,100.56,400.0,0.0,0.0,4,SIMULATED,SIMULATED,SIMULATED,SIMULATED
51.6,46.6,11,0.0,250.0,300.0,0.0,4,SIMULATED,SIMULATED,SIMULATED,SIMULATED
51.6,46.6,44,221.67,400.0,295.0,0.0,4,SIMULATED,SIMULATED,SIMULATED,SIMULATED
51.8,46.8,33,100.56,400.0,0.0,0.0,4,SIMULATED,SIMULATED,SIMULATED,SIMULATED
51.8,46.8,11,0.0,233.33,300.0,0.0,4,SIMULATED,SIMULATED,SIMULATED,SIMULATED
51.8,46.8,44,205.28,400.0,295.0,0.0,4,SIMULATED,SIMULATED,SIMULATED,SIMULATED
52.0,47.0,33,100.56,400.0,0.0,0.0,4,SIMULATED,SIMULATED,SIMULATED,SIMULATED
52.0,47.0,11,0.0,216.67,300.0,0.0,4,SIMULATED,SIMULATED,SIMULATED,SIMULATED
52.0,47.0,44,188.89,400.0,295.0,0.0,4,SIMULATED,SIMULATED,SIMULATED,SIMULATED
52.2,47.2,33,100.56,400.0,0.0,0.0,4,SIMULATED,SIMULATED,SIMULATED,SIMULATED
52.2,47.2,11,0.0,200.0,300.0,0.0,4,SIMULATED,SIMULATED,SIMULATED,SIMULATED
52.2,47.2,44,172.5,400.0,295.0,0.0,4,SIMULATED,SIMULATED,SIMULATED,SIMULATED
52.4,47.4,33,100.56,400.0,0.0,0.0,4,SIMULATED,SIMULATED,SIMULATED,SIMULATED
52.4,47.4,11,0.0,183.33,300.0,0.0,4,SIMULATED,SIMULATED,SIMULATED,SIMULATED
52.4,47.4,44,156.11,400.0,295.0,0.0,4,SIMULATED,SIMULATED,SIMULATED,SIMULATED
52.6,47.6,33,100.56,400.0,0.0,0.0,4,SIMULATED,SIMULATED,SIMULATED,SIMULATED
52.6,47.6,11,0.0,166.67,300.0,0.0,4,SIMULATED,SIMULATED,SIMULATED,SIMULATED
52.6,47.6,44,139.72,400.0,295.0,0.0,4,SIMULATED,SIMULATED,SIMULATED,SIMULATED
52.8,47.8,33,100.56,400.0,0.0,0.0,4,SIMULATED,SIMULATED,SIMULATED,SIMULATED
52.8,47.8,11,0.0,150.0,300.0,0.0,4,SIMULATED,SIMULATED,SIMULATED,SIMULATED
52.8,47.8,44,123.33,400.0,295.0,0.0,4,SIMULATED,SIMULATED,SIMULATED,SIMULATED
53.0,48.0,33,100.56,400.0,0.0,0.0,4,SIMULATED,SIMULATED,SIMULATED,SIMULATED
53.0,48.0,11,0.0,133.33,300.0,0.0,4,SIMULATED,SIMULATED,SIMULATED,SIMULATED
53.0,48.0,44,106.94,400.0,295.0,0.0,4,SIMULATED,SIMULATED,SIMULATED,SIMULATED
53.2,48.2,33,100.56,400.0,0.0,0.0,4,SIMULATED,SIMULATED,SIMULATED,SIMULATED
53.2,48.2,11,0.0,116.67,300.0,0.0,4,SIMULATED,SIMULATED,SIMULATED,SIMULATED
53.2,48.2,44,90.56,400.0,295.0,0.0,4,SIMULATED,SIMULATED,SIMULATED,SIMULATED
53.4,48.4,33,100.56,400.0,0.0,0.0,4,SIMULATED,SIMULATED,SIMULATED,SIMULATED
53.4,48.4,11,0.0,100.0,300.0,0.0,4,SIMULATED,SIMULATED,SIMULATED,SIMULATED
53.4,48.4,44,74.17,400.0,295.0,0.0,4,SIMULATED,SIMULATED,SIMULATED,SIMULATED
53.6,48.6,33,100.56,400.0,0.0,0.0,4,SIMULATED,SIMULATED,SIMULATED,SIMULATED
53.6,48.6,11,0.0,83.33,300.0,0.0,4,SIMULATED,SIMULATED,SIMULATED,SIMULATED
53.6,48.6,44,57.78,400.0,295.0,0.0,4,SIMULATED,SIMULATED,SIMULATED,SIMULATED
53.8,48.8,33,100.56,400.0,0.0,0.0,4,SIMULATED,SIMULATED,SIMULATED,SIMULATED
53.8,48.8,11,0.0,66.67,300.0,0.0,4,SIMULATED,SIMULATED,SIMULATED,SIMULATED
53.8,48.8,44,41.39,400.0,295.0,0.0,4,SIMULATED,SIMULATED,SIMULATED,SIMULATED
54.0,49.0,33,100.56,400.0,0.0,0.0,4,SIMULATED,SIMULATED,SIMULATED,SIMULATED
54.0,49.0,11,0.0,50.0,300.0,0.0,4,SIMULATED,SIMULATED,SIMULATED,SIMULATED
54.0,49.0,44,25.0,400.0,295.0,0.0,4,SIMULATED,SIMULATED,SIMULATED,SIMULATED
54.2,49.2,33,100.56,400.0,0.0,0.0,4,SIMULATED,SIMULATED,SIMULATED,SIMULATED
54.2,49.2,11,0.0,33.33,300.0,0.0,4,SIMULATED,SIMULATED,SIMULATED,SIMULATED
54.2,49.2,44,8.61,400.0,295.0,0.0,4,SIMULATED,SIMULATED,SIMULATED,SIMULATED
54.4,49.4,33,100.56,400.0,0.0,0.0,4,SIMULATED,SIMULATED,SIMULATED,SIMULATED
54.4,49.4,11,0.0,16.67,300.0,0.0,4,SIMULATED,SIMULATED,SIMULATED,SIMULATED
54.4,49.4,44,0.0,392.22,295.0,0.0,4,SIMULATED,SIMULATED,SIMULATED,SIMULATED
54.6,49.6,33,100.56,400.0,0.0,0.0,4,SIMULATED,SIMULATED,SIMULATED,SIMULATED
54.6,49.6,11,0.0,0.0,300.0,0.0,1,SIMULATED,SIMULATED,SIMULATED,SIMULATED
54.6,49.6,44,0.0,375.83,295.0,0.0,4,SIMULATED,SIMULATED,SIMULATED,SIMULATED
54.8,49.8,33,100.56,400.0,0.0,0.0,4,SIMULATED,SIMULATED,SIMULATED,SIMULATED
54.8,49.8,11,16.67,0.0,300.0,0.0,1,SIMULATED,SIMULATED,SIMULATED,SIMULATED
54.8,49.8,44,0.0,359.44,295.0,0.0,4,SIMULATED,SIMULATED,SIMULATED,SIMULATED
55.0,50.0,33,100.56,400.0,0.0,0.0,4,SIMULATED,SIMULATED,SIMULATED,SIMULATED
55.0,50.0,11,33.33,0.0,300.0,0.0,1,SIMULATED,SIMULATED,SIMULATED,SIMULATED
55.0,50.0,44,0.0,343.06,295.0,0.0,4,SIMULATED,SIMULATED,SIMULATED,SIMULATED
55.2,50.2,33,100.56,400.0,0.0,0.0,4,SIMULATED,SIMULATED,SIMULATED,SIMULATED
55.2,50.2,11,50.0,0.0,300.0,0.0,1,SIMULATED,SIMULATED,SIMULATED,SIMULATED
55.2,50.2,44,0.0,326.67,295.0,0.0,4,SIMULATED,SIMULATED,SIMULATED,SIMULATED
55.4,50.4,33,100.56,400.0,0.0,0.0,4,SIMULATED,SIMULATED,SIMULATED,SIMULATED
55.4,50.4,11,66.67,0.0,300.0,0.0,1,SIMULATED,SIMULATED,SIMULATED,SIMULATED
55.4,50.4,44,0.0,310.28,295.0,0.0,4,SIMULATED,SIMULATED,SIMULATED,SIMULATED
55.6,50.6,33,100.56,400.0,0.0,0.0,4,SIMULATED,SIMULATED,SIMULATED,SIMULATED
55.6,50.6,11,83.33,0.0,300.0,0.0,1,SIMULATED,SIMULATED,SIMULATED,SIMULATED
55.6,50.6,44,0.0,293.89,295.0,0.0,4,SIMULATED,SIMULATED,SIMULATED,SIMULATED
55.8,50.8,33,100.56,400.0,0.0,0.0,4,SIMULATED,SIMULATED,SIMULATED,SIMULATED
55.8,50.8,11,100.0,0.0,300.0,0.0,1,SIMULATED,SIMULATED,SIMULATED,SIMULATED
55.8,50.8,44,0.0,277.5,295.0,0.0,4,SIMULATED,SIMULATED,SIMULATED,SIMULATED
56.0,51.0,33,100.56,400.0,0.0,0.0,4,SIMULATED,SIMULATED,SIMULATED,SIMULATED
56.0,51.0,11,116.67,0.0,300.0,0.0,1,SIMULATED,SIMULATED,SIMULATED,SIMULATED
56.0,51.0,44,0.0,261.11,295.0,0.0,4,SIMULATED,SIMULATED,SIMULATED,SIMULATED
56.2,51.2,33,100.56,400.0,0.0,0.0,4,SIMULATED,SIMULATED,SIMULATED,SIMULATED
56.2,51.2,11,133.33,0.0,300.0,0.0,1,SIMULATED,SIMULATED,SIMULATED,SIMULATED
56.2,51.2,44,0.0,244.72,295.0,0.0,4,SIMULATED,SIMULATED,SIMULATED,SIMULATED
56.4,51.4,33,100.56,400.0,0.0,0.0,4,SIMULATED,SIMULATED,SIMULATED,SIMULATED
56.4,51.4,11,150.0,0.0,300.0,0.0,1,SIMULATED,SIMULATED,SIMULATED,SIMULATED
56.4,51.4,44,0.0,228.33,295.0,0.0,4,SIMULATED,SIMULATED,SIMULATED,SIMULATED
56.6,51.6,33,100.56,400.0,0.0,0.0,4,SIMULATED,SIMULATED,SIMULATED,SIMULATED
56.6,51.6,11,166.67,0.0,300.0,0.0,1,SIMULATED,SIMULATED,SIMULATED,SIMULATED
56.6,51.6,44,0.0,211.94,295.0,0.0,4,SIMULATED,SIMULATED,SIMULATED,SIMULATED
56.8,51.8,33,100.56,400.0,0.0,0.0,4,SIMULATED,SIMULATED,SIMULATED,SIMULATED
56.8,51.8,11,183.33,0.0,300.0,0.0,1,SIMULATED,SIMULATED,SIMULATED,SIMULATED
56.8,51.8,44,0.0,195.56,295.0,0.0,4,SIMULATED,SIMULATED,SIMULATED,SIMULATED
57.0,52.0,33,100.56,400.0,0.0,0.0,4,SIMULATED,SIMULATED,SIMULATED,SIMULATED
57.0,52.0,11,200.0,0.0,300.0,0.0,1,SIMULATED,SIMULATED,SIMULATED,SIMULATED
57.0,52.0,44,0.0,179.17,295.0,0.0,4,SIMULATED,SIMULATED,SIMULATED,SIMULATED
57.2,52.2,33,100.56,400.0,0.0,0.0,4,SIMULATED,SIMULATED,SIMULATED,SIMULATED
57.2,52.2,11,216.67,0.0,300.0,0.0,1,SIMULATED,SIMULATED,SIMULATED,SIMULATED
57.2,52.2,44,0.0,162.78,295.0,0.0,4,SIMULATED,SIMULATED,SIMULATED,SIMULATED
57.4,52.4,33,100.56,400.0,0.0,0.0,4,SIMULATED,SIMULATED,SIMULATED,SIMULATED
57.4,52.4,11,233.33,0.0,300.0,0.0,1,SIMULATED,SIMULATED,SIMULATED,SIMULATED
57.4,52.4,44,0.0,146.39,295.0,0.0,4,SIMULATED,SIMULATED,SIMULATED,SIMULATED
57.6,52.6,33,100.56,400.0,0.0,0.0,4,SIMULATED,SIMULATED,SIMULATED,SIMULATED
57.6,52.6,11,250.0,0.0,300.0,0.0,1,SIMULATED,SIMULATED,SIMULATED,SIMULATED
57.6,52.6,44,0.0,130.0,295.0,0.0,4,SIMULATED,SIMULATED,SIMULATED,SIMULATED
57.8,52.8,33,100.56,400.0,0.0,0.0,4,SIMULATED,SIMULATED,SIMULATED,SIMULATED
57.8,52.8,11,266.67,0.0,300.0,0.0,1,SIMULATED,SIMULATED,SIMULATED,SIMULATED
57.8,52.8,44,0.0,113.61,295.0,0.0,4,SIMULATED,SIMULATED,SIMULATED,SIMULATED
58.0,53.0,33,100.56,400.0,0.0,0.0,4,SIMULATED,SIMULATED,SIMULATED,SIMULATED
58.0,53.0,11,283.33,0.0,300.0,0.0,1,SIMULATED,SIMULATED,SIMULATED,SIMULATED
58.0,53.0,44,0.0,97.22,295.0,0.0,4,SIMULATED,SIMULATED,SIMULATED,SIMULATED
58.2,53.2,33,100.56,400.0,0.0,0.0,4,SIMULATED,SIMULATED,SIMULATED,SIMULATED
58.2,53.2,11,300.0,0.0,300.0,0.0,1,SIMULATED,SIMULATED,SIMULATED,SIMULATED
58.2,53.2,44,0.0,80.83,295.0,0.0,4,SIMULATED,SIMULATED,SIMULATED,SIMULATED
58.4,53.4,33,100.56,400.0,0.0,0.0,4,SIMULATED,SIMULATED,SIMULATED,SIMULATED
58.4,53.4,11,316.67,0.0,300.0,0.0,1,SIMULATED,SIMULATED,SIMULATED,SIMULATED
58.4,53.4,44,0.0,64.44,295.0,0.0,4,SIMULATED,SIMULATED,SIMULATED,SIMULATED
58.6,53.6,33,100.56,400.0,0.0,0.0,4,SIMULATED,SIMULATED,SIMULATED,SIMULATED
58.6,53.6,11,333.33,0.0,300.0,0.0,1,SIMULATED,SIMULATED,SIMULATED,SIMULATED
58.6,53.6,44,0.0,48.06,295.0,0.0,4,SIMULATED,SIMULATED,SIMULATED,SIMULATED
58.8,53.8,33,100.56,400.0,0.0,0.0,4,SIMULATED,SIMULATED,SIMULATED,SIMULATED
58.8,53.8,11,350.0,0.0,300.0,0.0,1,SIMULATED,SIMULATED,SIMULATED,SIMULATED
58.8,53.8,44,0.0,31.67,295.0,0.0,4,SIMULATED,SIMULATED,SIMULATED,SIMULATED
59.0,54.0,33,100.56,400.0,0.0,0.0,4,SIMULATED,SIMULATED,SIMULATED,SIMULATED
59.0,54.0,11,366.67,0.0,300.0,0.0,1,SIMULATED,SIMULATED,SIMULATED,SIMULATED
59.0,54.0,44,0.0,15.28,295.0,0.0,4,SIMULATED,SIMULATED,SIMULATED,SIMULATED
59.2,54.2,33,100.56,400.0,0.0,0.0,4,SIMULATED,SIMULATED,SIMULATED,SIMULATED
59.2,54.2,11,383.33,0.0,300.0,0.0,1,SIMULATED,SIMULATED,SIMULATED,SIMULATED
59.2,54.2,44,1.11,0.0,295.0,0.0,1,SIMULATED,SIMULATED,SIMULATED,SIMULATED
59.4,54.4,33,100.56,400.0,0.0,0.0,4,SIMULATED,SIMULATED,SIMULATED,SIMULATED
59.4,54.4,11,400.0,0.0,300.0,0.0,1,SIMULATED,SIMULATED,SIMULATED,SIMULATED
59.4,54.4,44,17.5,0.0,295.0,0.0,1,SIMULATED,SIMULATED,SIMULATED,SIMULATED
59.6,54.6,33,100.56,400.0,0.0,0.0,4,SIMULATED,SIMULATED,SIMULATED,SIMULATED
59.6,54.6,11,416.67,0.0,300.0,0.0,1,SIMULATED,SIMULATED,SIMULATED,SIMULATED
59.6,54.6,44,33.89,0.0,295.0,0.0,1,SIMULATED,SIMULATED,SIMULATED,SIMULATED
59.8,54.8,33,100.56,400.0,0.0,0.0,4,SIMULATED,SIMULATED,SIMULATED,SIMULATED
59.8,54.8,11,433.33,0.0,300.0,0.0,1,SIMULATED,SIMULATED,SIMULATED,SIMULATED
59.8,54.8,44,50.28,0.0,295.0,0.0,1,SIMULATED,SIMULATED,SIMULATED,SIMULATED
60.0,55.0,33,100.56,400.0,0.0,0.0,4,SIMULATED,SIMULATED,SIMULATED,SIMULATED
60.0,55.0,11,450.0,0.0,300.0,0.0,1,SIMULATED,SIMULATED,SIMULATED,SIMULATED
60.0,55.0,44,66.67,0.0,295.0,0.0,1,SIMULATED,SIMULATED,SIMULATED,SIMULATED
60.2,55.2,33,100.56,400.0,0.0,0.0,4,SIMULATED,SIMULATED,SIMULATED,SIMULATED
60.2,55.2,11,466.67,0.0,300.0,0.0,1,SIMULATED,SIMULATED,SIMULATED,SIMULATED
60.2,55.2,44,83.06,0.0,295.0,0.0,1,SIMULATED,SIMULATED,SIMULATED,SIMULATED
60.4,55.4,33,100.56,400.0,0.0,0.0,4,SIMULATED,SIMULATED,SIMULATED,SIMULATED
60.4,55.4,11,483.33,0.0,300.0,0.0,1,SIMULATED,SIMULATED,SIMULATED,SIMULATED
60.4,55.4,44,99.44,0.0,295.0,0.0,1,SIMULATED,SIMULATED,SIMULATED,SIMULATED
60.6,55.6,33,100.56,400.0,0.0,0.0,4,SIMULATED,SIMULATED,SIMULATED,SIMULATED
60.6,55.6,11,500.0,0.0,300.0,0.0,1,SIMULATED,SIMULATED,SIMULATED,SIMULATED
60.6,55.6,44,115.83,0.0,295.0,0.0,1,SIMULATED,SIMULATED,SIMULATED,SIMULATED
60.8,55.8,33,100.56,400.0,0.0,0.0,4,SIMULATED,SIMULATED,SIMULATED,SIMULATED
60.8,55.8,11,516.67,0.0,300.0,0.0,1,SIMULATED,SIMULATED,SIMULATED,SIMULATED
60.8,55.8,44,132.22,0.0,295.0,0.0,1,SIMULATED,SIMULATED,SIMULATED,SIMULATED
61.0,56.0,33,100.56,400.0,0.0,0.0,4,SIMULATED,SIMULATED,SIMULATED,SIMULATED
61.0,56.0,11,533.33,0.0,300.0,0.0,1,SIMULATED,SIMULATED,SIMULATED,SIMULATED
61.0,56.0,44,148.61,0.0,295.0,0.0,1,SIMULATED,SIMULATED,SIMULATED,SIMULATED
61.2,56.2,33,100.56,400.0,0.0,0.0,4,SIMULATED,SIMULATED,SIMULATED,SIMULATED
61.2,56.2,11,550.0,0.0,300.0,0.0,1,SIMULATED,SIMULATED,SIMULATED,SIMULATED
61.2,56.2,44,165.0,0.0,295.0,0.0,1,SIMULATED,SIMULATED,SIMULATED,SIMULATED
61.4,56.4,33,100.56,400.0,0.0,0.0,4,SIMULATED,SIMULATED,SIMULATED,SIMULATED
61.4,56.4,11,566.67,0.0,300.0,0.0,1,SIMULATED,SIMULATED,SIMULATED,SIMULATED
61.4,56.4,44,181.39,0.0,295.0,0.0,1,SIMULATED,SIMULATED,SIMULATED,SIMULATED
61.6,56.6,33,100.56,400.0,0.0,0.0,4,SIMULATED,SIMULATED,SIMULATED,SIMULATED
61.6,56.6,11,583.33,0.0,300.0,0.0,1,SIMULATED,SIMULATED,SIMULATED,SIMULATED
61.6,56.6,44,197.78,0.0,295.0,0.0,1,SIMULATED,SIMULATED,SIMULATED,SIMULATED
61.8,56.8,33,100.56,400.0,0.0,0.0,4,SIMULATED,SIMULATED,SIMULATED,SIMULATED
61.8,56.8,11,600.0,0.0,300.0,0.0,1,SIMULATED,SIMULATED,SIMULATED,SIMULATED
61.8,56.8,44,214.17,0.0,295.0,0.0,1,SIMULATED,SIMULATED,SIMULATED,SIMULATED
62.0,57.0,33,100.56,400.0,0.0,0.0,4,SIMULATED,SIMULATED,SIMULATED,SIMULATED
62.0,57.0,11,616.67,0.0,300.0,0.0,1,SIMULATED,SIMULATED,SIMULATED,SIMULATED
62.0,57.0,44,230.56,0.0,295.0,0.0,1,SIMULATED,SIMULATED,SIMULATED,SIMULATED
62.2,57.2,33,100.56,400.0,0.0,0.0,4,SIMULATED,SIMULATED,SIMULATED,SIMULATED
62.2,57.2,11,633.33,0.0,300.0,0.0,1,SIMULATED,SIMULATED,SIMULATED,SIMULATED
62.2,57.2,44,246.94,0.0,295.0,0.0,1,SIMULATED,SIMULATED,SIMULATED,SIMULATED
62.4,57.4,33,100.56,400.0,0.0,0.0,4,SIMULATED,SIMULATED,SIMULATED,SIMULATED
62.4,57.4,11,650.0,0.0,300.0,0.0,1,SIMULATED,SIMULATED,SIMULATED,SIMULATED
62.4,57.4,44,263.33,0.0,295.0,0.0,1,SIMULATED,SIMULATED,SIMULATED,SIMULATED
62.6,57.6,33,100.56,400.0,0.0,0.0,4,SIMULATED,SIMULATED,SIMULATED,SIMULATED
62.6,57.6,11,666.67,0.0,300.0,0.0,1,SIMULATED,SIMULATED,SIMULATED,SIMULATED
62.6,57.6,44,279.72,0.0,295.0,0.0,1,SIMULATED,SIMULATED,SIMULATED,SIMULATED
62.8,57.8,33,100.56,400.0,0.0,0.0,4,SIMULATED,SIMULATED,SIMULATED,SIMULATED
62.8,57.8,11,683.33,0.0,300.0,0.0,1,SIMULATED,SIMULATED,SIMULATED,SIMULATED
62.8,57.8,44,296.11,0.0,295.0,0.0,1,SIMULATED,SIMULATED,SIMULATED,SIMULATED
63.0,58.0,33,100.56,400.0,0.0,0.0,4,SIMULATED,SIMULATED,SIMULATED,SIMULATED
63.0,58.0,11,700.0,0.0,300.0,0.0,1,SIMULATED,SIMULATED,SIMULATED,SIMULATED
63.0,58.0,44,312.5,0.0,295.0,0.0,1,SIMULATED,SIMULATED,SIMULATED,SIMULATED
63.2,58.2,33,100.56,400.0,0.0,0.0,4,SIMULATED,SIMULATED,SIMULATED,SIMULATED
63.2,58.2,11,716.67,0.0,300.0,0.0,1,SIMULATED,SIMULATED,SIMULATED,SIMULATED
63.2,58.2,44,328.89,0.0,295.0,0.0,1,SIMULATED,SIMULATED,SIMULATED,SIMULATED
63.4,58.4,33,100.56,400.0,0.0,0.0,4,SIMULATED,SIMULATED,SIMULATED,SIMULATED
63.4,58.4,11,733.33,0.0,300.0,0.0,1,SIMULATED,SIMULATED,SIMULATED,SIMULATED
63.4,58.4,44,345.28,0.0,295.0,0.0,1,SIMULATED,SIMULATED,SIMULATED,SIMULATED
63.6,58.6,33,100.56,400.0,0.0,0.0,4,SIMULATED,SIMULATED,SIMULATED,SIMULATED
63.6,58.6,11,750.0,0.0,300.0,0.0,1,SIMULATED,SIMULATED,SIMULATED,SIMULATED
63.6,58.6,44,361.67,0.0,295.0,0.0,1,SIMULATED,SIMULATED,SIMULATED,SIMULATED
63.8,58.8,33,100.56,400.0,0.0,0.0,4,SIMULATED,SIMULATED,SIMULATED,SIMULATED
63.8,58.8,11,766.67,0.0,300.0,0.0,1,SIMULATED,SIMULATED,SIMULATED,SIMULATED
63.8,58.8,44,378.06,0.0,295.0,0.0,1,SIMULATED,SIMULATED,SIMULATED,SIMULATED
64.0,59.0,33,100.56,400.0,0.0,0.0,4,SIMULATED,SIMULATED,SIMULATED,SIMULATED
64.0,59.0,11,783.33,0.0,300.0,0.0,1,SIMULATED,SIMULATED,SIMULATED,SIMULATED
64.0,59.0,44,394.44,0.0,295.0,0.0,1,SIMULATED,SIMULATED,SIMULATED,SIMULATED
64.2,59.2,33,100.56,400.0,0.0,0.0,4,SIMULATED,SIMULATED,SIMULATED,SIMULATED
64.2,59.2,11,800.0,0.0,300.0,0.0,2,SIMULATED,SIMULATED,SIMULATED,SIMULATED
64.2,59.2,44,410.83,0.0,295.0,0.0,1,SIMULATED,SIMULATED,SIMULATED,SIMULATED
64.4,59.4,33,100.56,400.0,0.0,0.0,4,SIMULATED,SIMULATED,SIMULATED,SIMULATED
64.4,59.4,11,816.67,0.0,300.0,0.0,2,SIMULATED,SIMULATED,SIMULATED,SIMULATED
64.4,59.4,44,427.22,0.0,295.0,0.0,1,SIMULATED,SIMULATED,SIMULATED,SIMULATED
64.6,59.6,33,100.56,400.0,0.0,0.0,4,SIMULATED,SIMULATED,SIMULATED,SIMULATED
64.6,59.6,11,833.33,0.0,300.0,0.0,2,SIMULATED,SIMULATED,SIMULATED,SIMULATED
64.6,59.6,44,443.61,0.0,295.0,0.0,1,SIMULATED,SIMULATED,SIMULATED,SIMULATED
64.8,59.8,33,100.56,400.0,0.0,0.0,4,SIMULATED,SIMULATED,SIMULATED,SIMULATED
64.8,59.8,11,850.0,0.0,300.0,0.0,2,SIMULATED,SIMULATED,SIMULATED,SIMULATED
64.8,59.8,44,460.0,0.0,295.0,0.0,1,SIMULATED,SIMULATED,SIMULATED,SIMULATED
65.0,60.0,33,100.56,400.0,0.0,0.0,4,SIMULATED,SIMULATED,SIMULATED,SIMULATED
65.0,60.0,11,866.67,0.0,300.0,0.0,2,SIMULATED,SIMULATED,SIMULATED,SIMULATED
65.0,60.0,44,476.39,0.0,295.0,0.0,1,SIMULATED,SIMULATED,SIMULATED,SIMULATED
65.2,60.2,33,100.56,400.0,0.0,0.0,4,SIMULATED,SIMULATED,SIMULATED,SIMULATED
65.2,60.2,11,883.33,0.0,300.0,0.0,2,SIMULATED,SIMULATED,SIMULATED,SIMULATED
65.2,60.2,44,492.78,0.0,295.0,0.0,1,SIMULATED,SIMULATED,SIMULATED,SIMULATED
65.4,60.4,33,100.56,400.0,0.0,0.0,4,SIMULATED,SIMULATED,SIMULATED,SIMULATED
65.4,60.4,11,900.0,0.0,300.0,0.0,2,SIMULATED,SIMULATED,SIMULATED,SIMULATED
65.4,60.4,44,509.17,0.0,295.0,0.0,1,SIMULATED,SIMULATED,SIMULATED,SIMULATED
65.6,60.6,33,100.56,400.0,0.0,0.0,4,SIMULATED,SIMULATED,SIMULATED,SIMULATED
65.6,60.6,11,916.67,0.0,300.0,0.0,2,SIMULATED,SIMULATED,SIMULATED,SIMULATED
65.6,60.6,44,525.56,0.0,295.0,0.0,1,SIMULATED,SIMULATED,SIMULATED,SIMULATED
65.8,60.8,33,100.56,400.0,0.0,0.0,4,SIMULATED,SIMULATED,SIMULATED,SIMULATED
65.8,60.8,11,933.33,0.0,300.0,0.0,2,SIMULATED,SIMULATED,SIMULATED,SIMULATED
65.8,60.8,44,541.94,0.0,295.0,0.0,1,SIMULATED,SIMULATED,SIMULATED,SIMULATED
66.0,61.0,33,100.56,400.0,0.0,0.0,4,SIMULATED,SIMULATED,SIMULATED,SIMULATED
66.0,61.0,11,950.0,0.0,300.0,0.0,2,SIMULATED,SIMULATED,SIMULATED,SIMULATED
66.0,61.0,44,558.33,0.0,295.0,0.0,1,SIMULATED,SIMULATED,SIMULATED,SIMULATED
66.2,61.2,33,100.56,400.0,0.0,0.0,4,SIMULATED,SIMULATED,SIMULATED,SIMULATED
66.2,61.2,11,966.67,0.0,300.0,0.0,2,SIMULATED,SIMULATED,SIMULATED,SIMULATED
66.2,61.2,44,574.72,0.0,295.0,0.0,1,SIMULATED,SIMULATED,SIMULATED,SIMULATED
66.4,61.4,33,100.56,400.0,0.0,0.0,4,SIMULATED,SIMULATED,SIMULATED,SIMULATED
66.4,61.4,11,983.33,0.0,300.0,0.0,2,SIMULATED,SIMULATED,SIMULATED,SIMULATED
66.4,61.4,44,591.11,0.0,295.0,0.0,1,SIMULATED,SIMULATED,SIMULATED,SIMULATED
66.6,61.6,33,100.56,400.0,0.0,0.0,4,SIMULATED,SIMULATED,SIMULATED,SIMULATED
66.6,61.6,11,1000.0,0.0,300.0,0.0,2,SIMULATED,SIMULATED,SIMULATED,SIMULATED
66.6,61.6,44,607.5,0.0,295.0,0.0,1,SIMULATED,SIMULATED,SIMULATED,SIMULATED
66.8,61.8,33,100.56,400.0,0.0,0.0,4,SIMULATED,SIMULATED,SIMULATED,SIMULATED
66.8,61.8,11,1016.67,0.0,300.0,0.0,2,SIMULATED,SIMULATED,SIMULATED,SIMULATED
66.8,61.8,44,623.89,0.0,295.0,0.0,1,SIMULATED,SIMULATED,SIMULATED,SIMULATED
67.0,62.0,33,100.56,400.0,0.0,0.0,4,SIMULATED,SIMULATED,SIMULATED,SIMULATED
67.0,62.0,11,1033.33,0.0,300.0,0.0,2,SIMULATED,SIMULATED,SIMULATED,SIMULATED
67.0,62.0,44,640.28,0.0,295.0,0.0,1,SIMULATED,SIMULATED,SIMULATED,SIMULATED
67.2,62.2,33,100.56,400.0,0.0,0.0,4,SIMULATED,SIMULATED,SIMULATED,SIMULATED
67.2,62.2,11,1050.0,0.0,300.0,0.0,2,SIMULATED,SIMULATED,SIMULATED,SIMULATED
67.2,62.2,44,656.67,0.0,295.0,0.0,1,SIMULATED,SIMULATED,SIMULATED,SIMULATED
67.4,62.4,33,100.56,400.0,0.0,0.0,4,SIMULATED,SIMULATED,SIMULATED,SIMULATED
67.4,62.4,11,1066.67,0.0,300.0,0.0,2,SIMULATED,SIMULATED,SIMULATED,SIMULATED
67.4,62.4,44,673.06,0.0,295.0,0.0,1,SIMULATED,SIMULATED,SIMULATED,SIMULATED
67.6,62.6,33,100.56,400.0,0.0,0.0,4,SIMULATED,SIMULATED,SIMULATED,SIMULATED
67.6,62.6,11,1083.33,0.0,300.0,0.0,2,SIMULATED,SIMULATED,SIMULATED,SIMULATED
67.6,62.6,44,689.44,0.0,295.0,0.0,1,SIMULATED,SIMULATED,SIMULATED,SIMULATED
67.8,62.8,33,100.56,400.0,0.0,0.0,4,SIMULATED,SIMULATED,SIMULATED,SIMULATED
67.8,62.8,11,1100.0,0.0,300.0,0.0,2,SIMULATED,SIMULATED,SIMULATED,SIMULATED
67.8,62.8,44,705.83,0.0,295.0,0.0,1,SIMULATED,SIMULATED,SIMULATED,SIMULATED
68.0,63.0,33,100.56,400.0,0.0,0.0,4,SIMULATED,SIMULATED,SIMULATED,SIMULATED
68.0,63.0,11,1116.67,0.0,300.0,0.0,2,SIMULATED,SIMULATED,SIMULATED,SIMULATED
68.0,63.0,44,722.22,0.0,295.0,0.0,1,SIMULATED,SIMULATED,SIMULATED,SIMULATED
68.2,63.2,33,100.56,400.0,0.0,0.0,4,SIMULATED,SIMULATED,SIMULATED,SIMULATED
68.2,63.2,11,1133.33,0.0,300.0,0.0,2,SIMULATED,SIMULATED,SIMULATED,SIMULATED
68.2,63.2,44,738.61,0.0,295.0,0.0,1,SIMULATED,SIMULATED,SIMULATED,SIMULATED
68.4,63.4,33,100.56,400.0,0.0,0.0,4,SIMULATED,SIMULATED,SIMULATED,SIMULATED
68.4,63.4,11,1150.0,0.0,300.0,0.0,2,SIMULATED,SIMULATED,SIMULATED,SIMULATED
68.4,63.4,44,755.0,0.0,295.0,0.0,1,SIMULATED,SIMULATED,SIMULATED,SIMULATED
68.6,63.6,33,100.56,400.0,0.0,0.0,4,SIMULATED,SIMULATED,SIMULATED,SIMULATED
68.6,63.6,11,1166.67,0.0,300.0,0.0,2,SIMULATED,SIMULATED,SIMULATED,SIMULATED
68.6,63.6,44,771.39,0.0,295.0,0.0,1,SIMULATED,SIMULATED,SIMULATED,SIMULATED
68.8,63.8,33,100.56,400.0,0.0,0.0,4,SIMULATED,SIMULATED,SIMULATED,SIMULATED
68.8,63.8,11,1183.33,0.0,300.0,0.0,2,SIMULATED,SIMULATED,SIMULATED,SIMULATED
68.8,63.8,44,787.78,0.0,295.0,0.0,1,SIMULATED,SIMULATED,SIMULATED,SIMULATED
69.0,64.0,33,100.56,400.0,0.0,0.0,4,SIMULATED,SIMULATED,SIMULATED,SIMULATED
69.0,64.0,11,1200.0,0.0,300.0,0.0,2,SIMULATED,SIMULATED,SIMULATED,SIMULATED
69.0,64.0,44,804.17,0.0,295.0,0.0,2,SIMULATED,SIMULATED,SIMULATED,SIMULATED
69.2,64.2,33,100.56,400.0,0.0,0.0,4,SIMULATED,SIMULATED,SIMULATED,SIMULATED
69.2,64.2,11,1200.0,16.67,300.0,0.0,2,SIMULATED,SIMULATED,SIMULATED,SIMULATED
69.2,64.2,44,820.56,0.0,295.0,0.0,2,SIMULATED,SIMULATED,SIMULATED,SIMULATED
69.4,64.4,33,100.56,400.0,0.0,0.0,4,SIMULATED,SIMULATED,SIMULATED,SIMULATED
69.4,64.4,11,1200.0,33.33,300.0,0.0,2,SIMULATED,SIMULATED,SIMULATED,SIMULATED
69.4,64.4,44,836.94,0.0,295.0,0.0,2,SIMULATED,SIMULATED,SIMULATED,SIMULATED
69.6,64.6,33,100.56,400.0,0.0,0.0,4,SIMULATED,SIMULATED,SIMULATED,SIMULATED
69.6,64.6,11,1200.0,50.0,300.0,0.0,2,SIMULATED,SIMULATED,SIMULATED,SIMULATED
69.6,64.6,44,853.33,0.0,295.0,0.0,2,SIMULATED,SIMULATED,SIMULATED,SIMULATED
69.8,64.8,33,100.56,400.0,0.0,0.0,4,SIMULATED,SIMULATED,SIMULATED,SIMULATED
69.8,64.8,11,1200.0,66.67,300.0,0.0,2,SIMULATED,SIMULATED,SIMULATED,SIMULATED
69.8,64.8,44,869.72,0.0,295.0,0.0,2,SIMULATED,SIMULATED,SIMULATED,SIMULATED
70.0,65.0,33,100.56,400.0,0.0,0.0,4,SIMULATED,SIMULATED,SIMULATED,SIMULATED
70.0,65.0,11,1200.0,83.33,300.0,0.0,2,SIMULATED,SIMULATED,SIMULATED,SIMULATED
70.0,65.0,44,886.11,0.0,295.0,0.0,2,SIMULATED,SIMULATED,SIMULATED,SIMULATED
70.2,65.2,33,100.56,400.0,0.0,0.0,4,SIMULATED,SIMULATED,SIMULATED,SIMULATED
70.2,65.2,11,1200.0,100.0,300.0,0.0,2,SIMULATED,SIMULATED,SIMULATED,SIMULATED
70.2,65.2,44,902.5,0.0,295.0,0.0,2,SIMULATED,SIMULATED,SIMULATED,SIMULATED
70.4,65.4,33,100.56,400.0,0.0,0.0,4,SIMULATED,SIMULATED,SIMULATED,SIMULATED
70.4,65.4,11,1200.0,116.67,300.0,0.0,2,SIMULATED,SIMULATED,SIMULATED,SIMULATED
70.4,65.4,44,918.89,0.0,295.0,0.0,2,SIMULATED,SIMULATED,SIMULATED,SIMULATED
70.6,65.6,33,100.56,400.0,0.0,0.0,4,SIMULATED,SIMULATED,SIMULATED,SIMULATED
70.6,65.6,11,1200.0,133.33,300.0,0.0,2,SIMULATED,SIMULATED,SIMULATED,SIMULATED
70.6,65.6,44,935.28,0.0,295.0,0.0,2,SIMULATED,SIMULATED,SIMULATED,SIMULATED
70.8,65.8,33,100.56,400.0,0.0,0.0,4,SIMULATED,SIMULATED,SIMULATED,SIMULATED
70.8,65.8,11,1200.0,150.0,300.0,0.0,2,SIMULATED,SIMULATED,SIMULATED,SIMULATED
70.8,65.8,44,951.67,0.0,295.0,0.0,2,SIMULATED,SIMULATED,SIMULATED,SIMULATED
71.0,66.0,33,100.56,400.0,0.0,0.0,4,SIMULATED,SIMULATED,SIMULATED,SIMULATED
71.0,66.0,11,1200.0,166.67,300.0,0.0,2,SIMULATED,SIMULATED,SIMULATED,SIMULATED
71.0,66.0,44,968.06,0.0,295.0,0.0,2,SIMULATED,SIMULATED,SIMULATED,SIMULATED
71.2,66.2,33,100.56,400.0,0.0,0.0,4,SIMULATED,SIMULATED,SIMULATED,SIMULATED
71.2,66.2,11,1200.0,183.33,300.0,0.0,2,SIMULATED,SIMULATED,SIMULATED,SIMULATED
71.2,66.2,44,984.44,0.0,295.0,0.0,2,SIMULATED,SIMULATED,SIMULATED,SIMULATED
71.4,66.4,33,100.56,400.0,0.0,0.0,4,SIMULATED,SIMULATED,SIMULATED,SIMULATED
71.4,66.4,11,1200.0,200.0,300.0,0.0,2,SIMULATED,SIMULATED,SIMULATED,SIMULATED
71.4,66.4,44,1000.83,0.0,295.0,0.0,2,SIMULATED,SIMULATED,SIMULATED,SIMULATED
71.6,66.6,33,100.56,400.0,0.0,0.0,4,SIMULATED,SIMULATED,SIMULATED,SIMULATED
71.6,66.6,11,1200.0,216.67,300.0,0.0,2,SIMULATED,SIMULATED,SIMULATED,SIMULATED
71.6,66.6,44,1017.22,0.0,295.0,0.0,2,SIMULATED,SIMULATED,SIMULATED,SIMULATED
71.8,66.8,33,100.56,400.0,0.0,0.0,4,SIMULATED,SIMULATED,SIMULATED,SIMULATED
71.8,66.8,11,1200.0,233.33,300.0,0.0,2,SIMULATED,SIMULATED,SIMULATED,SIMULATED
71.8,66.8,44,1033.61,0.0,295.0,0.0,2,SIMULATED,SIMULATED,SIMULATED,SIMULATED
72.0,67.0,33,100.56,400.0,0.0,0.0,4,SIMULATED,SIMULATED,SIMULATED,SIMULATED
72.0,67.0,11,1200.0,250.0,300.0,0.0,2,SIMULATED,SIMULATED,SIMULATED,SIMULATED
72.0,67.0,44,1050.0,0.0,295.0,0.0,2,SIMULATED,SIMULATED,SIMULATED,SIMULATED
72.2,67.2,33,100.56,400.0,0.0,0.0,4,SIMULATED,SIMULATED,SIMULATED,SIMULATED
72.2,67.2,11,1200.0,266.67,300.0,0.0,2,SIMULATED,SIMULATED,SIMULATED,SIMULATED
72.2,67.2,44,1066.39,0.0,295.0,0.0,2,SIMULATED,SIMULATED,SIMULATED,SIMULATED
72.4,67.4,33,100.56,400.0,0.0,0.0,4,SIMULATED,SIMULATED,SIMULATED,SIMULATED
72.4,67.4,11,1200.0,283.33,300.0,0.0,2,SIMULATED,SIMULATED,SIMULATED,SIMULATED
72.4,67.4,44,1082.78,0.0,295.0,0.0,2,SIMULATED,SIMULATED,SIMULATED,SIMULATED
72.6,67.6,33,100.56,400.0,0.0,0.0,4,SIMULATED,SIMULATED,SIMULATED,SIMULATED
72.6,67.6,11,1200.0,300.0,300.0,0.0,2,SIMULATED,SIMULATED,SIMULATED,SIMULATED
72.6,67.6,44,1099.17,0.0,295.0,0.0,2,SIMULATED,SIMULATED,SIMULATED,SIMULATED
72.8,67.8,33,100.56,400.0,0.0,0.0,4,SIMULATED,SIMULATED,SIMULATED,SIMULATED
72.8,67.8,11,1200.0,316.67,300.0,0.0,2,SIMULATED,SIMULATED,SIMULATED,SIMULATED
72.8,67.8,44,1115.56,0.0,295.0,0.0,2,SIMULATED,SIMULATED,SIMULATED,SIMULATED
73.0,68.0,33,100.56,400.0,0.0,0.0,4,SIMULATED,SIMULATED,SIMULATED,SIMULATED
73.0,68.0,11,1200.0,333.33,300.0,0.0,2,SIMULATED,SIMULATED,SIMULATED,SIMULATED
73.0,68.0,44,1131.94,0.0,295.0,0.0,2,SIMULATED,SIMULATED,SIMULATED,SIMULATED
73.2,68.2,33,100.56,400.0,0.0,0.0,4,SIMULATED,SIMULATED,SIMULATED,SIMULATED
73.2,68.2,11,1200.0,350.0,300.0,0.0,2,SIMULATED,SIMULATED,SIMULATED,SIMULATED
73.2,68.2,44,1148.33,0.0,295.0,0.0,2,SIMULATED,SIMULATED,SIMULATED,SIMULATED
73.4,68.4,33,100.56,400.0,0.0,0.0,4,SIMULATED,SIMULATED,SIMULATED,SIMULATED
73.4,68.4,11,1200.0,366.67,300.0,0.0,2,SIMULATED,SIMULATED,SIMULATED,SIMULATED
73.4,68.4,44,1164.72,0.0,295.0,0.0,2,SIMULATED,SIMULATED,SIMULATED,SIMULATED
73.6,68.6,33,100.56,400.0,0.0,0.0,4,SIMULATED,SIMULATED,SIMULATED,SIMULATED
73.6,68.6,11,1200.0,383.33,300.0,0.0,2,SIMULATED,SIMULATED,SIMULATED,SIMULATED
73.6,68.6,44,1181.11,0.0,295.0,0.0,2,SIMULATED,SIMULATED,SIMULATED,SIMULATED
73.8,68.8,33,100.56,400.0,0.0,0.0,4,SIMULATED,SIMULATED,SIMULATED,SIMULATED
73.8,68.8,11,1200.0,400.0,300.0,0.0,3,SIMULATED,SIMULATED,SIMULATED,SIMULATED
73.8,68.8,44,1197.5,0.0,295.0,0.0,2,SIMULATED,SIMULATED,SIMULATED,SIMULATED
74.0,69.0,33,100.56,400.0,0.0,0.0,4,SIMULATED,SIMULATED,SIMULATED,SIMULATED
74.0,69.0,11,1183.33,400.0,300.0,0.0,3,SIMULATED,SIMULATED,SIMULATED,SIMULATED
74.0,69.0,44,1200.0,13.89,295.0,0.0,2,SIMULATED,SIMULATED,SIMULATED,SIMULATED
74.2,69.2,33,100.56,400.0,0.0,0.0,4,SIMULATED,SIMULATED,SIMULATED,SIMULATED
74.2,69.2,11,1166.67,400.0,300.0,0.0,3,SIMULATED,SIMULATED,SIMULATED,SIMULATED
74.2,69.2,44,1200.0,30.28,295.0,0.0,2,SIMULATED,SIMULATED,SIMULATED,SIMULATED
74.4,69.4,33,100.56,400.0,0.0,0.0,4,SIMULATED,SIMULATED,SIMULATED,SIMULATED
74.4,69.4,11,1150.0,400.0,300.0,0.0,3,SIMULATED,SIMULATED,SIMULATED,SIMULATED
74.4,69.4,44,1200.0,46.67,295.0,0.0,2,SIMULATED,SIMULATED,SIMULATED,SIMULATED
74.6,69.6,33,100.56,400.0,0.0,0.0,4,SIMULATED,SIMULATED,SIMULATED,SIMULATED
74.6,69.6,11,1133.33,400.0,300.0,0.0,3,SIMULATED,SIMULATED,SIMULATED,SIMULATED
74.6,69.6,44,1200.0,63.06,295.0,0.0,2,SIMULATED,SIMULATED,SIMULATED,SIMULATED
74.8,69.8,33,100.56,400.0,0.0,0.0,4,SIMULATED,SIMULATED,SIMULATED,SIMULATED
74.8,69.8,11,1116.67,400.0,300.0,0.0,3,SIMULATED,SIMULATED,SIMULATED,SIMULATED
74.8,69.8,44,1200.0,79.44,295.0,0.0,2,SIMULATED,SIMULATED,SIMULATED,SIMULATED
75.0,70.0,33,100.56,400.0,0.0,0.0,4,SIMULATED,SIMULATED,SIMULATED,SIMULATED
75.0,70.0,11,1100.0,400.0,300.0,0.0,3,SIMULATED,SIMULATED,SIMULATED,SIMULATED
75.0,70.0,44,1200.0,95.83,295.0,0.0,2,SIMULATED,SIMULATED,SIMULATED,SIMULATED
75.2,70.2,33,100.56,400.0,0.0,0.0,4,SIMULATED,SIMULATED,SIMULATED,SIMULATED
75.2,70.2,11,1083.33,400.0,300.0,0.0,3,SIMULATED,SIMULATED,SIMULATED,SIMULATED
75.2,70.2,44,1200.0,112.22,295.0,0.0,2,SIMULATED,SIMULATED,SIMULATED,SIMULATED
75.4,70.4,33,100.56,400.0,0.0,0.0,4,SIMULATED,SIMULATED,SIMULATED,SIMULATED
75.4,70.4,11,1066.67,400.0,300.0,0.0,3,SIMULATED,SIMULATED,SIMULATED,SIMULATED
75.4,70.4,44,1200.0,128.61,295.0,0.0,2,SIMULATED,SIMULATED,SIMULATED,SIMULATED
75.6,70.6,33,100.56,400.0,0.0,0.0,4,SIMULATED,SIMULATED,SIMULATED,SIMULATED
75.6,70.6,11,1050.0,400.0,300.0,0.0,3,SIMULATED,SIMULATED,SIMULATED,SIMULATED
75.6,70.6,44,1200.0,145.0,295.0,0.0,2,SIMULATED,SIMULATED,SIMULATED,SIMULATED
75.8,70.8,33,100.56,400.0,0.0,0.0,4,SIMULATED,SIMULATED,SIMULATED,SIMULATED
75.8,70.8,11,1033.33,400.0,300.0,0.0,3,SIMULATED,SIMULATED,SIMULATED,SIMULATED
75.8,70.8,44,1200.0,161.39,295.0,0.0,2,SIMULATED,SIMULATED,SIMULATED,SIMULATED
76.0,71.0,33,100.56,400.0,0.0,0.0,4,SIMULATED,SIMULATED,SIMULATED,SIMULATED
76.0,71.0,11,1016.67,400.0,300.0,0.0,3,SIMULATED,SIMULATED,SIMULATED,SIMULATED
76.0,71.0,44,1200.0,177.78,295.0,0.0,2,SIMULATED,SIMULATED,SIMULATED,SIMULATED
76.2,71.2,33,100.56,400.0,0.0,0.0,4,SIMULATED,SIMULATED,SIMULATED,SIMULATED
76.2,71.2,11,1000.0,400.0,300.0,0.0,3,SIMULATED,SIMULATED,SIMULATED,SIMULATED
76.2,71.2,44,1200.0,194.17,295.0,0.0,2,SIMULATED,SIMULATED,SIMULATED,SIMULATED
76.4,71.4,33,100.56,400.0,0.0,0.0,4,SIMULATED,SIMULATED,SIMULATED,SIMULATED
76.4,71.4,11,983.33,400.0,300.0,0.0,3,SIMULATED,SIMULATED,SIMULATED,SIMULATED
76.4,71.4,44,1200.0,210.56,295.0,0.0,2,SIMULATED,SIMULATED,SIMULATED,SIMULATED
76.6,71.6,33,100.56,400.0,0.0,0.0,4,SIMULATED,SIMULATED,SIMULATED,SIMULATED
76.6,71.6,11,966.67,400.0,300.0,0.0,3,SIMULATED,SIMULATED,SIMULATED,SIMULATED
76.6,71.6,44,1200.0,226.94,295.0,0.0,2,SIMULATED,SIMULATED,SIMULATED,SIMULATED
76.8,71.8,33,100.56,400.0,0.0,0.0,4,SIMULATED,SIMULATED,SIMULATED,SIMULATED
76.8,71.8,11,950.0,400.0,300.0,0.0,3,SIMULATED,SIMULATED,SIMULATED,SIMULATED
76.8,71.8,44,1200.0,243.33,295.0,0.0,2,SIMULATED,SIMULATED,SIMULATED,SIMULATED
77.0,72.0,33,100.56,400.0,0.0,0.0,4,SIMULATED,SIMULATED,SIMULATED,SIMULATED
77.0,72.0,11,933.33,400.0,300.0,0.0,3,SIMULATED,SIMULATED,SIMULATED,SIMULATED
77.0,72.0,44,1200.0,259.72,295.0,0.0,2,SIMULATED,SIMULATED,SIMULATED,SIMULATED
77.2,72.2,33,100.56,400.0,0.0,0.0,4,SIMULATED,SIMULATED,SIMULATED,SIMULATED
77.2,72.2,11,916.67,400.0,300.0,0.0,3,SIMULATED,SIMULATED,SIMULATED,SIMULATED
77.2,72.2,44,1200.0,276.11,295.0,0.0,2,SIMULATED,SIMULATED,SIMULATED,SIMULATED
77.4,72.4,33,100.56,400.0,0.0,0.0,4,SIMULATED,SIMULATED,SIMULATED,SIMULATED
77.4,72.4,11,900.0,400.0,300.0,0.0,3,SIMULATED,SIMULATED,SIMULATED,SIMULATED
77.4,72.4,44,1200.0,292.5,295.0,0.0,2,SIMULATED,SIMULATED,SIMULATED,SIMULATED
77.6,72.6,33,100.56,400.0,0.0,0.0,4,SIMULATED,SIMULATED,SIMULATED,SIMULATED
77.6,72.6,11,883.33,400.0,300.0,0.0,3,SIMULATED,SIMULATED,SIMULATED,SIMULATED
77.6,72.6,44,1200.0,308.89,295.0,0.0,2,SIMULATED,SIMULATED,SIMULATED,SIMULATED
77.8,72.8,33,100.56,400.0,0.0,0.0,4,SIMULATED,SIMULATED,SIMULATED,SIMULATED
77.8,72.8,11,866.67,400.0,300.0,0.0,3,SIMULATED,SIMULATED,SIMULATED,SIMULATED
77.8,72.8,44,1200.0,325.28,295.0,0.0,2,SIMULATED,SIMULATED,SIMULATED,SIMULATED
78.0,73.0,33,100.56,400.0,0.0,0.0,4,SIMULATED,SIMULATED,SIMULATED,SIMULATED
78.0,73.0,11,850.0,400.0,300.0,0.0,3,SIMULATED,SIMULATED,SIMULATED,SIMULATED
78.0,73.0,44,1200.0,341.67,295.0,0.0,2,SIMULATED,SIMULATED,SIMULATED,SIMULATED
78.2,73.2,33,100.56,400.0,0.0,0.0,4,SIMULATED,SIMULATED,SIMULATED,SIMULATED
78.2,73.2,11,833.33,400.0,300.0,0.0,3,SIMULATED,SIMULATED,SIMULATED,SIMULATED
78.2,73.2,44,1200.0,358.06,295.0,0.0,2,SIMULATED,SIMULATED,SIMULATED,SIMULATED
78.4,73.4,33,100.56,400.0,0.0,0.0,4,SIMULATED,SIMULATED,SIMULATED,SIMULATED
78.4,73.4,11,816.67,400.0,300.0,0.0,3,SIMULATED,SIMULATED,SIMULATED,SIMULATED
78.4,73.4,44,1200.0,374.44,295.0,0.0,2,SIMULATED,SIMULATED,SIMULATED,SIMULATED
78.6,73.6,33,100.56,400.0,0.0,0.0,4,SIMULATED,SIMULATED,SIMULATED,SIMULATED
78.6,73.6,11,800.0,400.0,300.0,0.0,3,SIMULATED,SIMULATED,SIMULATED,SIMULATED
78.6,73.6,44,1200.0,390.83,295.0,0.0,2,SIMULATED,SIMULATED,SIMULATED,SIMULATED
78.8,73.8,33,100.56,400.0,0.0,0.0,4,SIMULATED,SIMULATED,SIMULATED,SIMULATED
78.8,73.8,11,783.33,400.0,300.0,0.0,3,SIMULATED,SIMULATED,SIMULATED,SIMULATED
78.8,73.8,44,1192.78,400.0,295.0,0.0,3,SIMULATED,SIMULATED,SIMULATED,SIMULATED
79.0,74.0,33,100.56,400.0,0.0,0.0,4,SIMULATED,SIMULATED,SIMULATED,SIMULATED
79.0,74.0,11,766.67,400.0,300.0,0.0,3,SIMULATED,SIMULATED,SIMULATED,SIMULATED
79.0,74.0,44,1176.39,400.0,295.0,0.0,3,SIMULATED,SIMULATED,SIMULATED,SIMULATED
79.2,74.2,33,100.56,400.0,0.0,0.0,4,SIMULATED,SIMULATED,SIMULATED,SIMULATED
79.2,74.2,11,750.0,400.0,300.0,0.0,3,SIMULATED,SIMULATED,SIMULATED,SIMULATED
79.2,74.2,44,1160.0,400.0,295.0,0.0,3,SIMULATED,SIMULATED,SIMULATED,SIMULATED
79.4,74.4,33,100.56,400.0,0.0,0.0,4,SIMULATED,SIMULATED,SIMULATED,SIMULATED
79.4,74.4,11,733.33,400.0,300.0,0.0,3,SIMULATED,SIMULATED,SIMULATED,SIMULATED
79.4,74.4,44,1143.61,400.0,295.0,0.0,3,SIMULATED,SIMULATED,SIMULATED,SIMULATED
79.6,74.6,33,100.56,400.0,0.0,0.0,4,SIMULATED,SIMULATED,SIMULATED,SIMULATED
79.6,74.6,11,716.67,400.0,300.0,0.0,3,SIMULATED,SIMULATED,SIMULATED,SIMULATED
79.6,74.6,44,1127.22,400.0,295.0,0.0,3,SIMULATED,SIMULATED,SIMULATED,SIMULATED
79.8,74.8,33,100.56,400.0,0.0,0.0,4,SIMULATED,SIMULATED,SIMULATED,SIMULATED
79.8,74.8,11,700.0,400.0,300.0,0.0,3,SIMULATED,SIMULATED,SIMULATED,SIMULATED
79.8,74.8,44,1110.83,400.0,295.0,0.0,3,SIMULATED,SIMULATED,SIMULATED,SIMULATED
80.0,75.0,33,100.56,400.0,0.0,0.0,4,SIMULATED,SIMULATED,SIMULATED,SIMULATED
80.0,75.0,11,683.33,400.0,300.0,0.0,3,SIMULATED,SIMULATED,SIMULATED,SIMULATED
80.0,75.0,44,1094.44,400.0,295.0,0.0,3,SIMULATED,SIMULATED,SIMULATED,SIMULATED
80.2,75.2,33,100.56,400.0,0.0,0.0,4,SIMULATED,SIMULATED,SIMULATED,SIMULATED
80.2,75.2,11,666.67,400.0,300.0,0.0,3,SIMULATED,SIMULATED,SIMULATED,SIMULATED
80.2,75.2,44,1078.06,400.0,295.0,0.0,3,SIMULATED,SIMULATED,SIMULATED,SIMULATED
80.4,75.4,33,100.56,400.0,0.0,0.0,4,SIMULATED,SIMULATED,SIMULATED,SIMULATED
80.4,75.4,11,650.0,400.0,300.0,0.0,3,SIMULATED,SIMULATED,SIMULATED,SIMULATED
80.4,75.4,44,1061.67,400.0,295.0,0.0,3,SIMULATED,SIMULATED,SIMULATED,SIMULATED
80.6,75.6,33,100.56,400.0,0.0,0.0,4,SIMULATED,SIMULATED,SIMULATED,SIMULATED
80.6,75.6,11,633.33,400.0,300.0,0.0,3,SIMULATED,SIMULATED,SIMULATED,SIMULATED
80.6,75.6,44,1045.28,400.0,295.0,0.0,3,SIMULATED,SIMULATED,SIMULATED,SIMULATED
80.8,75.8,33,100.56,400.0,0.0,0.0,4,SIMULATED,SIMULATED,SIMULATED,SIMULATED
80.8,75.8,11,616.67,400.0,300.0,0.0,3,SIMULATED,SIMULATED,SIMULATED,SIMULATED
80.8,75.8,44,1028.89,400.0,295.0,0.0,3,SIMULATED,SIMULATED,SIMULATED,SIMULATED
81.0,76.0,33,100.56,400.0,0.0,0.0,4,SIMULATED,SIMULATED,SIMULATED,SIMULATED
81.0,76.0,11,600.0,400.0,300.0,0.0,3,SIMULATED,SIMULATED,SIMULATED,SIMULATED
81.0,76.0,44,1012.5,400.0,295.0,0.0,3,SIMULATED,SIMULATED,SIMULATED,SIMULATED
81.2,76.2,33,100.56,400.0,0.0,0.0,4,SIMULATED,SIMULATED,SIMULATED,SIMULATED
81.2,76.2,11,583.33,400.0,300.0,0.0,3,SIMULATED,SIMULATED,SIMULATED,SIMULATED
81.2,76.2,44,996.11,400.0,295.0,0.0,3,SIMULATED,SIMULATED,SIMULATED,SIMULATED
81.4,76.4,33,100.56,400.0,0.0,0.0,4,SIMULATED,SIMULATED,SIMULATED,SIMULATED
81.4,76.4,11,566.67,400.0,300.0,0.0,3,SIMULATED,SIMULATED,SIMULATED,SIMULATED
81.4,76.4,44,979.72,400.0,295.0,0.0,3,SIMULATED,SIMULATED,SIMULATED,SIMULATED
81.6,76.6,33,100.56,400.0,0.0,0.0,4,SIMULATED,SIMULATED,SIMULATED,SIMULATED
81.6,76.6,11,550.0,400.0,300.0,0.0,3,SIMULATED,SIMULATED,SIMULATED,SIMULATED
81.6,76.6,44,963.33,400.0,295.0,0.0,3,SIMULATED,SIMULATED,SIMULATED,SIMULATED
81.8,76.8,33,100.56,400.0,0.0,0.0,4,SIMULATED,SIMULATED,SIMULATED,SIMULATED
81.8,76.8,11,533.33,400.0,300.0,0.0,3,SIMULATED,SIMULATED,SIMULATED,SIMULATED
81.8,76.8,44,946.94,400.0,295.0,0.0,3,SIMULATED,SIMULATED,SIMULATED,SIMULATED
82.0,77.0,33,100.56,400.0,0.0,0.0,4,SIMULATED,SIMULATED,SIMULATED,SIMULATED
82.0,77.0,11,516.67,400.0,300.0,0.0,3,SIMULATED,SIMULATED,SIMULATED,SIMULATED
82.0,77.0,44,930.56,400.0,295.0,0.0,3,SIMULATED,SIMULATED,SIMULATED,SIMULATED
82.2,77.2,33,100.56,400.0,0.0,0.0,4,SIMULATED,SIMULATED,SIMULATED,SIMULATED
82.2,77.2,11,500.0,400.0,300.0,0.0,3,SIMULATED,SIMULATED,SIMULATED,SIMULATED
82.2,77.2,44,914.17,400.0,295.0,0.0,3,SIMULATED,SIMULATED,SIMULATED,SIMULATED
82.4,77.4,33,100.56,400.0,0.0,0.0,4,SIMULATED,SIMULATED,SIMULATED,SIMULATED
82.4,77.4,11,483.33,400.0,300.0,0.0,3,SIMULATED,SIMULATED,SIMULATED,SIMULATED
82.4,77.4,44,897.78,400.0,295.0,0.0,3,SIMULATED,SIMULATED,SIMULATED,SIMULATED
82.6,77.6,33,100.56,400.0,0.0,0.0,4,SIMULATED,SIMULATED,SIMULATED,SIMULATED
82.6,77.6,11,466.67,400.0,300.0,0.0,3,SIMULATED,SIMULATED,SIMULATED,SIMULATED
82.6,77.6,44,881.39,400.0,295.0,0.0,3,SIMULATED,SIMULATED,SIMULATED,SIMULATED
82.8,77.8,33,100.56,400.0,0.0,0.0,4,SIMULATED,SIMULATED,SIMULATED,SIMULATED
82.8,77.8,11,450.0,400.0,300.0,0.0,3,SIMULATED,SIMULATED,SIMULATED,SIMULATED
82.8,77.8,44,865.0,400.0,295.0,0.0,3,SIMULATED,SIMULATED,SIMULATED,SIMULATED
83.0,78.0,33,100.56,400.0,0.0,0.0,4,SIMULATED,SIMULATED,SIMULATED,SIMULATED
83.0,78.0,11,433.33,400.0,300.0,0.0,3,SIMULATED,SIMULATED,SIMULATED,SIMULATED
83.0,78.0,44,848.61,400.0,295.0,0.0,3,SIMULATED,SIMULATED,SIMULATED,SIMULATED
83.2,78.2,33,100.56,400.0,0.0,0.0,4,SIMULATED,SIMULATED,SIMULATED,SIMULATED
83.2,78.2,11,416.67,400.0,300.0,0.0,3,SIMULATED,SIMULATED,SIMULATED,SIMULATED
83.2,78.2,44,832.22,400.0,295.0,0.0,3,SIMULATED,SIMULATED,SIMULATED,SIMULATED
83.4,78.4,33,100.56,400.0,0.0,0.0,4,SIMULATED,SIMULATED,SIMULATED,SIMULATED
83.4,78.4,11,400.0,400.0,300.0,0.0,4,SIMULATED,SIMULATED,SIMULATED,SIMULATED
83.4,78.4,44,815.83,400.0,295.0,0.0,3,SIMULATED,SIMULATED,SIMULATED,SIMULATED
83.6,78.6,33,100.56,400.0,0.0,0.0,4,SIMULATED,SIMULATED,SIMULATED,SIMULATED
83.6,78.6,11,383.33,400.0,300.0,0.0,4,SIMULATED,SIMULATED,SIMULATED,SIMULATED
83.6,78.6,44,799.44,400.0,295.0,0.0,3,SIMULATED,SIMULATED,SIMULATED,SIMULATED
83.8,78.8,33,100.56,400.0,0.0,0.0,4,SIMULATED,SIMULATED,SIMULATED,SIMULATED
83.8,78.8,11,366.67,400.0,300.0,0.0,4,SIMULATED,SIMULATED,SIMULATED,SIMULATED
83.8,78.8,44,783.06,400.0,295.0,0.0,3,SIMULATED,SIMULATED,SIMULATED,SIMULATED
84.0,79.0,33,100.56,400.0,0.0,0.0,4,SIMULATED,SIMULATED,SIMULATED,SIMULATED
84.0,79.0,11,350.0,400.0,300.0,0.0,4,SIMULATED,SIMULATED,SIMULATED,SIMULATED
84.0,79.0,44,766.67,400.0,295.0,0.0,3,SIMULATED,SIMULATED,SIMULATED,SIMULATED
84.2,79.2,33,100.56,400.0,0.0,0.0,4,SIMULATED,SIMULATED,SIMULATED,SIMULATED
84.2,79.2,11,333.33,400.0,300.0,0.0,4,SIMULATED,SIMULATED,SIMULATED,SIMULATED
84.2,79.2,44,750.28,400.0,295.0,0.0,3,SIMULATED,SIMULATED,SIMULATED,SIMULATED
84.4,79.4,33,100.56,400.0,0.0,0.0,4,SIMULATED,SIMULATED,SIMULATED,SIMULATED
84.4,79.4,11,316.67,400.0,300.0,0.0,4,SIMULATED,SIMULATED,SIMULATED,SIMULATED
84.4,79.4,44,733.89,400.0,295.0,0.0,3,SIMULATED,SIMULATED,SIMULATED,SIMULATED
84.6,79.6,33,100.56,400.0,0.0,0.0,4,SIMULATED,SIMULATED,SIMULATED,SIMULATED
84.6,79.6,11,300.0,400.0,300.0,0.0,4,SIMULATED,SIMULATED,SIMULATED,SIMULATED
84.6,79.6,44,717.5,400.0,295.0,0.0,3,SIMULATED,SIMULATED,SIMULATED,SIMULATED
84.8,79.8,33,100.56,400.0,0.0,0.0,4,SIMULATED,SIMULATED,SIMULATED,SIMULATED
84.8,79.8,11,283.33,400.0,300.0,0.0,4,SIMULATED,SIMULATED,SIMULATED,SIMULATED
84.8,79.8,44,701.11,400.0,295.0,0.0,3,SIMULATED,SIMULATED,SIMULATED,SIMULATED
85.0,80.0,33,100.56,400.0,0.0,0.0,4,SIMULATED,SIMULATED,SIMULATED,SIMULATED
85.0,80.0,11,266.67,400.0,300.0,0.0,4,SIMULATED,SIMULATED,SIMULATED,SIMULATED
85.0,80.0,44,684.72,400.0,295.0,0.0,3,SIMULATED,SIMULATED,SIMULATED,SIMULATED
85.2,80.2,33,100.56,400.0,0.0,0.0,4,SIMULATED,SIMULATED,SIMULATED,SIMULATED
85.2,80.2,11,250.0,400.0,300.0,0.0,4,SIMULATED,SIMULATED,SIMULATED,SIMULATED
85.2,80.2,44,668.33,400.0,295.0,0.0,3,SIMULATED,SIMULATED,SIMULATED,SIMULATED
85.4,80.4,33,100.56,400.0,0.0,0.0,4,SIMULATED,SIMULATED,SIMULATED,SIMULATED
85.4,80.4,11,233.33,400.0,300.0,0.0,4,SIMULATED,SIMULATED,SIMULATED,SIMULATED
85.4,80.4,44,651.94,400.0,295.0,0.0,3,SIMULATED,SIMULATED,SIMULATED,SIMULATED
85.6,80.6,33,100.56,400.0,0.0,0.0,4,SIMULATED,SIMULATED,SIMULATED,SIMULATED
85.6,80.6,11,216.67,400.0,300.0,0.0,4,SIMULATED,SIMULATED,SIMULATED,SIMULATED
85.6,80.6,44,635.56,400.0,295.0,0.0,3,SIMULATED,SIMULATED,SIMULATED,SIMULATED
85.8,80.8,33,100.56,400.0,0.0,0.0,4,SIMULATED,SIMULATED,SIMULATED,SIMULATED
85.8,80.8,11,200.0,400.0,300.0,0.0,4,SIMULATED,SIMULATED,SIMULATED,SIMULATED
85.8,80.8,44,619.17,400.0,295.0,0.0,3,SIMULATED,SIMULATED,SIMULATED,SIMULATED
86.0,81.0,33,100.56,400.0,0.0,0.0,4,SIMULATED,SIMULATED,SIMULATED,SIMULATED
86.0,81.0,11,183.33,400.0,300.0,0.0,4,SIMULATED,SIMULATED,SIMULATED,SIMULATED
86.0,81.0,44,602.78,400.0,295.0,0.0,3,SIMULATED,SIMULATED,SIMULATED,SIMULATED
86.2,81.2,33,100.56,400.0,0.0,0.0,4,SIMULATED,SIMULATED,SIMULATED,SIMULATED
86.2,81.2,11,166.67,400.0,300.0,0.0,4,SIMULATED,SIMULATED,SIMULATED,SIMULATED
86.2,81.2,44,586.39,400.0,295.0,0.0,3,SIMULATED,SIMULATED,SIMULATED,SIMULATED
86.4,81.4,33,100.56,400.0,0.0,0.0,4,SIMULATED,SIMULATED,SIMULATED,SIMULATED
86.4,81.4,11,150.0,400.0,300.0,0.0,4,SIMULATED,SIMULATED,SIMULATED,SIMULATED
86.4,81.4,44,570.0,400.0,295.0,0.0,3,SIMULATED,SIMULATED,SIMULATED,SIMULATED
86.6,81.6,33,100.56,400.0,0.0,0.0,4,SIMULATED,SIMULATED,SIMULATED,SIMULATED
86.6,81.6,11,133.33,400.0,300.0,0.0,4,SIMULATED,SIMULATED,SIMULATED,SIMULATED
86.6,81.6,44,553.61,400.0,295.0,0.0,3,SIMULATED,SIMULATED,SIMULATED,SIMULATED
86.8,81.8,33,100.56,400.0,0.0,0.0,4,SIMULATED,SIMULATED,SIMULATED,SIMULATED
86.8,81.8,11,116.67,400.0,300.0,0.0,4,SIMULATED,SIMULATED,SIMULATED,SIMULATED
86.8,81.8,44,537.22,400.0,295.0,0.0,3,SIMULATED,SIMULATED,SIMULATED,SIMULATED
87.0,82.0,33,100.56,400.0,0.0,0.0,4,SIMULATED,SIMULATED,SIMULATED,SIMULATED
87.0,82.0,11,100.0,400.0,300.0,0.0,4,SIMULATED,SIMULATED,SIMULATED,SIMULATED
87.0,82.0,44,520.83,400.0,295.0,0.0,3,SIMULATED,SIMULATED,SIMULATED,SIMULATED
87.2,82.2,33,100.56,400.0,0.0,0.0,4,SIMULATED,SIMULATED,SIMULATED,SIMULATED
87.2,82.2,11,83.33,400.0,300.0,0.0,4,SIMULATED,SIMULATED,SIMULATED,SIMULATED
87.2,82.2,44,504.44,400.0,295.0,0.0,3,SIMULATED,SIMULATED,SIMULATED,SIMULATED
87.4,82.4,33,100.56,400.0,0.0,0.0,4,SIMULATED,SIMULATED,SIMULATED,SIMULATED
87.4,82.4,11,66.67,400.0,300.0,0.0,4,SIMULATED,SIMULATED,SIMULATED,SIMULATED
87.4,82.4,44,488.06,400.0,295.0,0.0,3,SIMULATED,SIMULATED,SIMULATED,SIMULATED
87.6,82.6,33,100.56,400.0,0.0,0.0,4,SIMULATED,SIMULATED,SIMULATED,SIMULATED
87.6,82.6,11,50.0,400.0,300.0,0.0,4,SIMULATED,SIMULATED,SIMULATED,SIMULATED
87.6,82.6,44,471.67,400.0,295.0,0.0,3,SIMULATED,SIMULATED,SIMULATED,SIMULATED
87.8,82.8,33,100.56,400.0,0.0,0.0,4,SIMULATED,SIMULATED,SIMULATED,SIMULATED
87.8,82.8,11,33.33,400.0,300.0,0.0,4,SIMULATED,SIMULATED,SIMULATED,SIMULATED
87.8,82.8,44,455.28,400.0,295.0,0.0,3,SIMULATED,SIMULATED,SIMULATED,SIMULATED
88.0,83.0,33,100.56,400.0,0.0,0.0,4,SIMULATED,SIMULATED,SIMULATED,SIMULATED
88.0,83.0,11,16.67,400.0,300.0,0.0,4,SIMULATED,SIMULATED,SIMULATED,SIMULATED
88.0,83.0,44,438.89,400.0,295.0,0.0,3,SIMULATED,SIMULATED,SIMULATED,SIMULATED
88.2,83.2,33,100.56,400.0,0.0,0.0,4,SIMULATED,SIMULATED,SIMULATED,SIMULATED
88.2,83.2,11,0.0,400.0,300.0,0.0,4,SIMULATED,SIMULATED,SIMULATED,SIMULATED
88.2,83.2,44,422.5,400.0,295.0,0.0,3,SIMULATED,SIMULATED,SIMULATED,SIMULATED
88.4,83.4,33,100.56,400.0,0.0,0.0,4,SIMULATED,SIMULATED,SIMULATED,SIMULATED
88.4,83.4,11,0.0,383.33,300.0,0.0,4,SIMULATED,SIMULATED,SIMULATED,SIMULATED
88.4,83.4,44,406.11,400.0,295.0,0.0,3,SIMULATED,SIMULATED,SIMULATED,SIMULATED
88.6,83.6,33,100.56,400.0,0.0,0.0,4,SIMULATED,SIMULATED,SIMULATED,SIMULATED
88.6,83.6,11,0.0,366.67,300.0,0.0,4,SIMULATED,SIMULATED,SIMULATED,SIMULATED
88.6,83.6,44,389.72,400.0,295.0,0.0,4,SIMULATED,SIMULATED,SIMULATED,SIMULATED
88.8,83.8,33,100.56,400.0,0.0,0.0,4,SIMULATED,SIMULATED,SIMULATED,SIMULATED
88.8,83.8,11,0.0,350.0,300.0,0.0,4,SIMULATED,SIMULATED,SIMULATED,SIMULATED
88.8,83.8,44,373.33,400.0,295.0,0.0,4,SIMULATED,SIMULATED,SIMULATED,SIMULATED
89.0,84.0,33,100.56,400.0,0.0,0.0,4,SIMULATED,SIMULATED,SIMULATED,SIMULATED
89.0,84.0,11,0.0,333.33,300.0,0.0,4,SIMULATED,SIMULATED,SIMULATED,SIMULATED
89.0,84.0,44,356.94,400.0,295.0,0.0,4,SIMULATED,SIMULATED,SIMULATED,SIMULATED
89.2,84.2,33,100.56,400.0,0.0,0.0,4,SIMULATED,SIMULATED,SIMULATED,SIMULATED
89.2,84.2,11,0.0,316.67,300.0,0.0,4,SIMULATED,SIMULATED,SIMULATED,SIMULATED
89.2,84.2,44,340.56,400.0,295.0,0.0,4,SIMULATED,SIMULATED,SIMULATED,SIMULATED
89.4,84.4,33,100.56,400.0,0.0,0.0,4,SIMULATED,SIMULATED,SIMULATED,SIMULATED
89.4,84.4,11,0.0,300.0,300.0,0.0,4,SIMULATED,SIMULATED,SIMULATED,SIMULATED
89.4,84.4,44,324.17,400.0,295.0,0.0,4,SIMULATED,SIMULATED,SIMULATED,SIMULATED
89.6,84.6,33,100.56,400.0,0.0,0.0,4,SIMULATED,SIMULATED,SIMULATED,SIMULATED
89.6,84.6,11,0.0,283.33,300.0,0.0,4,SIMULATED,SIMULATED,SIMULATED,SIMULATED
89.6,84.6,44,307.78,400.0,295.0,0.0,4,SIMULATED,SIMULATED,SIMULATED,SIMULATED
89.8,84.8,33,100.56,400.0,0.0,0.0,4,SIMULATED,SIMULATED,SIMULATED,SIMULATED
89.8,84.8,11,0.0,266.67,300.0,0.0,4,SIMULATED,SIMULATED,SIMULATED,SIMULATED
89.8,84.8,44,291.39,400.0,295.0,0.0,4,SIMULATED,SIMULATED,SIMULATED,SIMULATED
90.0,85.0,33,100.56,400.0,0.0,0.0,4,SIMULATED,SIMULATED,SIMULATED,SIMULATED
90.0,85.0,11,0.0,250.0,300.0,0.0,4,SIMULATED,SIMULATED,SIMULATED,SIMULATED
90.0,85.0,44,275.0,400.0,295.0,0.0,4,SIMULATED,SIMULATED,SIMULATED,SIMULATED
90.2,85.2,33,100.56,400.0,0.0,0.0,4,SIMULATED,SIMULATED,SIMULATED,SIMULATED
90.2,85.2,11,0.0,233.33,300.0,0.0,4,SIMULATED,SIMULATED,SIMULATED,SIMULATED
90.2,85.2,44,258.61,400.0,295.0,0.0,4,SIMULATED,SIMULATED,SIMULATED,SIMULATED
90.4,85.4,33,100.56,400.0,0.0,0.0,4,SIMULATED,SIMULATED,SIMULATED,SIMULATED
90.4,85.4,11,0.0,216.67,300.0,0.0,4,SIMULATED,SIMULATED,SIMULATED,SIMULATED
90.4,85.4,44,242.22,400.0,295.0,0.0,4,SIMULATED,SIMULATED,SIMULATED,SIMULATED
90.6,85.6,33,100.56,400.0,0.0,0.0,4,SIMULATED,SIMULATED,SIMULATED,SIMULATED
90.6,85.6,11,0.0,200.0,300.0,0.0,4,SIMULATED,SIMULATED,SIMULATED,SIMULATED
90.6,85.6,44,225.83,400.0,295.0,0.0,4,SIMULATED,SIMULATED,SIMULATED,SIMULATED
90.8,85.8,33,100.56,400.0,0.0,0.0,4,SIMULATED,SIMULATED,SIMULATED,SIMULATED
90.8,85.8,11,0.0,183.33,300.0,0.0,4,SIMULATED,SIMULATED,SIMULATED,SIMULATED
90.8,85.8,44,209.44,400.0,295.0,0.0,4,SIMULATED,SIMULATED,SIMULATED,SIMULATED
91.0,86.0,33,100.56,400.0,0.0,0.0,4,SIMULATED,SIMULATED,SIMULATED,SIMULATED
91.0,86.0,11,0.0,166.67,300.0,0.0,4,SIMULATED,SIMULATED,SIMULATED,SIMULATED
91.0,86.0,44,193.06,400.0,295.0,0.0,4,SIMULATED,SIMULATED,SIMULATED,SIMULATED
91.2,86.2,33,100.56,400.0,0.0,0.0,4,SIMULATED,SIMULATED,SIMULATED,SIMULATED
91.2,86.2,11,0.0,150.0,300.0,0.0,4,SIMULATED,SIMULATED,SIMULATED,SIMULATED
91.2,86.2,44,176.67,400.0,295.0,0.0,4,SIMULATED,SIMULATED,SIMULATED,SIMULATED
91.4,86.4,33,100.56,400.0,0.0,0.0,4,SIMULATED,SIMULATED,SIMULATED,SIMULATED
91.4,86.4,11,0.0,133.33,300.0,0.0,4,SIMULATED,SIMULATED,SIMULATED,SIMULATED
91.4,86.4,44,160.28,400.0,295.0,0.0,4,SIMULATED,SIMULATED,SIMULATED,SIMULATED
91.6,86.6,33,100.56,400.0,0.0,0.0,4,SIMULATED,SIMULATED,SIMULATED,SIMULATED
91.6,86.6,11,0.0,116.67,300.0,0.0,4,SIMULATED,SIMULATED,SIMULATED,SIMULATED
91.6,86.6,44,143.89,400.0,295.0,0.0,4,SIMULATED,SIMULATED,SIMULATED,SIMULATED
91.8,86.8,33,100.56,400.0,0.0,0.0,4,SIMULATED,SIMULATED,SIMULATED,SIMULATED
91.8,86.8,11,0.0,100.0,300.0,0.0,4,SIMULATED,SIMULATED,SIMULATED,SIMULATED
91.8,86.8,44,127.5,400.0,295.0,0.0,4,SIMULATED,SIMULATED,SIMULATED,SIMULATED
92.0,87.0,33,100.56,400.0,0.0,0.0,4,SIMULATED,SIMULATED,SIMULATED,SIMULATED
92.0,87.0,11,0.0,83.33,300.0,0.0,4,SIMULATED,SIMULATED,SIMULATED,SIMULATED
92.0,87.0,44,111.11,400.0,295.0,0.0,4,SIMULATED,SIMULATED,SIMULATED,SIMULATED
92.2,87.2,33,100.56,400.0,0.0,0.0,4,SIMULATED,SIMULATED,SIMULATED,SIMULATED
92.2,87.2,11,0.0,66.67,300.0,0.0,4,SIMULATED,SIMULATED,SIMULATED,SIMULATED
92.2,87.2,44,94.72,400.0,295.0,0.0,4,SIMULATED,SIMULATED,SIMULATED,SIMULATED
92.4,87.4,33,100.56,400.0,0.0,0.0,4,SIMULATED,SIMULATED,SIMULATED,SIMULATED
92.4,87.4,11,0.0,50.0,300.0,0.0,4,SIMULATED,SIMULATED,SIMULATED,SIMULATED
92.4,87.4,44,78.33,400.0,295.0,0.0,4,SIMULATED,SIMULATED,SIMULATED,SIMULATED
92.6,87.6,33,100.56,400.0,0.0,0.0,4,SIMULATED,SIMULATED,SIMULATED,SIMULATED
92.6,87.6,11,0.0,33.33,300.0,0.0,4,SIMULATED,SIMULATED,SIMULATED,SIMULATED
92.6,87.6,44,61.94,400.0,295.0,0.0,4,SIMULATED,SIMULATED,SIMULATED,SIMULATED
92.8,87.8,33,100.56,400.0,0.0,0.0,4,SIMULATED,SIMULATED,SIMULATED,SIMULATED
92.8,87.8,11,0.0,16.67,300.0,0.0,4,SIMULATED,SIMULATED,SIMULATED,SIMULATED
92.8,87.8,44,45.56,400.0,295.0,0.0,4,SIMULATED,SIMULATED,SIMULATED,SIMULATED
93.0,88.0,33,100.56,400.0,0.0,0.0,4,SIMULATED,SIMULATED,SIMULATED,SIMULATED
93.0,88.0,11,0.0,0.0,300.0,0.0,1,SIMULATED,SIMULATED,SIMULATED,SIMULATED
93.0,88.0,44,29.17,400.0,295.0,0.0,4,SIMULATED,SIMULATED,SIMULATED,SIMULATED
93.2,88.2,33,100.56,400.0,0.0,0.0,4,SIMULATED,SIMULATED,SIMULATED,SIMULATED
93.2,88.2,11,16.67,0.0,300.0,0.0,1,SIMULATED,SIMULATED,SIMULATED,SIMULATED
93.2,88.2,44,12.78,400.0,295.0,0.0,4,SIMULATED,SIMULATED,SIMULATED,SIMULATED
93.4,88.4,33,100.56,400.0,0.0,0.0,4,SIMULATED,SIMULATED,SIMULATED,SIMULATED
93.4,88.4,11,33.33,0.0,300.0,0.0,1,SIMULATED,SIMULATED,SIMULATED,SIMULATED
93.4,88.4,44,0.0,396.39,295.0,0.0,4,SIMULATED,SIMULATED,SIMULATED,SIMULATED
93.6,88.6,33,100.56,400.0,0.0,0.0,4,SIMULATED,SIMULATED,SIMULATED,SIMULATED
93.6,88.6,11,50.0,0.0,300.0,0.0,1,SIMULATED,SIMULATED,SIMULATED,SIMULATED
93.6,88.6,44,0.0,380.0,295.0,0.0,4,SIMULATED,SIMULATED,SIMULATED,SIMULATED
93.8,88.8,33,100.56,400.0,0.0,0.0,4,SIMULATED,SIMULATED,SIMULATED,SIMULATED
93.8,88.8,11,66.67,0.0,300.0,0.0,1,SIMULATED,SIMULATED,SIMULATED,SIMULATED
93.8,88.8,44,0.0,363.61,295.0,0.0,4,SIMULATED,SIMULATED,SIMULATED,SIMULATED
94.0,89.0,33,100.56,400.0,0.0,0.0,4,SIMULATED,SIMULATED,SIMULATED,SIMULATED
94.0,89.0,11,83.33,0.0,300.0,0.0,1,SIMULATED,SIMULATED,SIMULATED,SIMULATED
94.0,89.0,44,0.0,347.22,295.0,0.0,4,SIMULATED,SIMULATED,SIMULATED,SIMULATED
94.2,89.2,33,100.56,400.0,0.0,0.0,4,SIMULATED,SIMULATED,SIMULATED,SIMULATED
94.2,89.2,11,100.0,0.0,300.0,0.0,1,SIMULATED,SIMULATED,SIMULATED,SIMULATED
94.2,89.2,44,0.0,330.83,295.0,0.0,4,SIMULATED,SIMULATED,SIMULATED,SIMULATED
94.4,89.4,33,100.56,400.0,0.0,0.0,4,SIMULATED,SIMULATED,SIMULATED,SIMULATED
94.4,89.4,11,116.67,0.0,300.0,0.0,1,SIMULATED,SIMULATED,SIMULATED,SIMULATED
94.4,89.4,44,0.0,314.44,295.0,0.0,4,SIMULATED,SIMULATED,SIMULATED,SIMULATED
94.6,89.6,33,100.56,400.0,0.0,0.0,4,SIMULATED,SIMULATED,SIMULATED,SIMULATED
94.6,89.6,11,133.33,0.0,300.0,0.0,1,SIMULATED,SIMULATED,SIMULATED,SIMULATED
94.6,89.6,44,0.0,298.06,295.0,0.0,4,SIMULATED,SIMULATED,SIMULATED,SIMULATED
94.8,89.8,33,100.56,400.0,0.0,0.0,4,SIMULATED,SIMULATED,SIMULATED,SIMULATED
94.8,89.8,11,150.0,0.0,300.0,0.0,1,SIMULATED,SIMULATED,SIMULATED,SIMULATED
94.8,89.8,44,0.0,281.67,295.0,0.0,4,SIMULATED,SIMULATED,SIMULATED,SIMULATED
95.0,90.0,33,100.56,400.0,0.0,0.0,4,SIMULATED,SIMULATED,SIMULATED,SIMULATED
95.0,90.0,11,166.67,0.0,300.0,0.0,1,SIMULATED,SIMULATED,SIMULATED,SIMULATED
95.0,90.0,44,0.0,265.28,295.0,0.0,4,SIMULATED,SIMULATED,SIMULATED,SIMULATED
95.2,90.2,33,100.56,400.0,0.0,0.0,4,SIMULATED,SIMULATED,SIMULATED,SIMULATED
95.2,90.2,11,183.33,0.0,300.0,0.0,1,SIMULATED,SIMULATED,SIMULATED,SIMULATED
95.2,90.2,44,0.0,248.89,295.0,0.0,4,SIMULATED,SIMULATED,SIMULATED,SIMULATED
95.4,90.4,33,100.56,400.0,0.0,0.0,4,SIMULATED,SIMULATED,SIMULATED,SIMULATED
95.4,90.4,11,200.0,0.0,300.0,0.0,1,SIMULATED,SIMULATED,SIMULATED,SIMULATED
95.4,90.4,44,0.0,232.5,295.0,0.0,4,SIMULATED,SIMULATED,SIMULATED,SIMULATED
95.6,90.6,33,100.56,400.0,0.0,0.0,4,SIMULATED,SIMULATED,SIMULATED,SIMULATED
95.6,90.6,11,216.67,0.0,300.0,0.0,1,SIMULATED,SIMULATED,SIMULATED,SIMULATED
95.6,90.6,44,0.0,216.11,295.0,0.0,4,SIMULATED,SIMULATED,SIMULATED,SIMULATED
95.8,90.8,33,100.56,400.0,0.0,0.0,4,SIMULATED,SIMULATED,SIMULATED,SIMULATED
95.8,90.8,11,233.33,0.0,300.0,0.0,1,SIMULATED,SIMULATED,SIMULATED,SIMULATED
95.8,90.8,44,0.0,199.72,295.0,0.0,4,SIMULATED,SIMULATED,SIMULATED,SIMULATED
96.0,91.0,33,100.56,400.0,0.0,0.0,4,SIMULATED,SIMULATED,SIMULATED,SIMULATED
96.0,91.0,11,250.0,0.0,300.0,0.0,1,SIMULATED,SIMULATED,SIMULATED,SIMULATED
96.0,91.0,44,0.0,183.33,295.0,0.0,4,SIMULATED,SIMULATED,SIMULATED,SIMULATED
96.2,91.2,33,100.56,400.0,0.0,0.0,4,SIMULATED,SIMULATED,SIMULATED,SIMULATED
96.2,91.2,11,266.67,0.0,300.0,0.0,1,SIMULATED,SIMULATED,SIMULATED,SIMULATED
96.2,91.2,44,0.0,166.94,295.0,0.0,4,SIMULATED,SIMULATED,SIMULATED,SIMULATED
96.4,91.4,33,100.56,400.0,0.0,0.0,4,SIMULATED,SIMULATED,SIMULATED,SIMULATED
96.4,91.4,11,283.33,0.0,300.0,0.0,1,SIMULATED,SIMULATED,SIMULATED,SIMULATED
96.4,91.4,44,0.0,150.56,295.0,0.0,4,SIMULATED,SIMULATED,SIMULATED,SIMULATED
96.6,91.6,33,100.56,400.0,0.0,0.0,4,SIMULATED,SIMULATED,SIMULATED,SIMULATED
96.6,91.6,11,300.0,0.0,300.0,0.0,1,SIMULATED,SIMULATED,SIMULATED,SIMULATED
96.6,91.6,44,0.0,134.17,295.0,0.0,4,SIMULATED,SIMULATED,SIMULATED,SIMULATED
96.8,91.8,33,100.56,400.0,0.0,0.0,4,SIMULATED,SIMULATED,SIMULATED,SIMULATED
96.8,91.8,11,316.67,0.0,300.0,0.0,1,SIMULATED,SIMULATED,SIMULATED,SIMULATED
96.8,91.8,44,0.0,117.78,295.0,0.0,4,SIMULATED,SIMULATED,SIMULATED,SIMULATED
97.0,92.0,33,100.56,400.0,0.0,0.0,4,SIMULATED,SIMULATED,SIMULATED,SIMULATED
97.0,92.0,11,333.33,0.0,300.0,0.0,1,SIMULATED,SIMULATED,SIMULATED,SIMULATED
97.0,92.0,44,0.0,101.39,295.0,0.0,4,SIMULATED,SIMULATED,SIMULATED,SIMULATED
97.2,92.2,33,100.56,400.0,0.0,0.0,4,SIMULATED,SIMULATED,SIMULATED,SIMULATED
97.2,92.2,11,350.0,0.0,300.0,0.0,1,SIMULATED,SIMULATED,SIMULATED,SIMULATED
97.2,92.2,44,0.0,85.0,295.0,0.0,4,SIMULATED,SIMULATED,SIMULATED,SIMULATED
97.4,92.4,33,100.56,400.0,0.0,0.0,4,SIMULATED,SIMULATED,SIMULATED,SIMULATED
97.4,92.4,11,366.67,0.0,300.0,0.0,1,SIMULATED,SIMULATED,SIMULATED,SIMULATED
97.4,92.4,44,0.0,68.61,295.0,0.0,4,SIMULATED,SIMULATED,SIMULATED,SIMULATED
97.6,92.6,33,100.56,400.0,0.0,0.0,4,SIMULATED,SIMULATED,SIMULATED,SIMULATED
97.6,92.6,11,383.33,0.0,300.0,0.0,1,SIMULATED,SIMULATED,SIMULATED,SIMULATED
97.6,92.6,44,0.0,52.22,295.0,0.0,4,SIMULATED,SIMULATED,SIMULATED,SIMULATED
97.8,92.8,33,100.56,400.0,0.0,0.0,4,SIMULATED,SIMULATED,SIMULATED,SIMULATED
97.8,92.8,11,400.0,0.0,300.0,0.0,1,SIMULATED,SIMULATED,SIMULATED,SIMULATED
97.8,92.8,44,0.0,35.83,295.0,0.0,4,SIMULATED,SIMULATED,SIMULATED,SIMULATED
98.0,93.0,33,100.56,400.0,0.0,0.0,4,SIMULATED,SIMULATED,SIMULATED,SIMULATED
98.0,93.0,11,416.67,0.0,300.0,0.0,1,SIMULATED,SIMULATED,SIMULATED,SIMULATED
98.0,93.0,44,0.0,19.44,295.0,0.0,4,SIMULATED,SIMULATED,SIMULATED,SIMULATED
98.2,93.2,33,100.56,400.0,0.0,0.0,4,SIMULATED,SIMULATED,SIMULATED,SIMULATED
98.2,93.2,11,433.33,0.0,300.0,0.0,1,SIMULATED,SIMULATED,SIMULATED,SIMULATED
98.2,93.2,44,0.0,3.06,295.0,0.0,4,SIMULATED,SIMULATED,SIMULATED,SIMULATED
98.4,93.4,33,100.56,400.0,0.0,0.0,4,SIMULATED,SIMULATED,SIMULATED,SIMULATED
98.4,93.4,11,450.0,0.0,300.0,0.0,1,SIMULATED,SIMULATED,SIMULATED,SIMULATED
98.4,93.4,44,13.33,0.0,295.0,0.0,1,SIMULATED,SIMULATED,SIMULATED,SIMULATED
98.6,93.6,33,100.56,400.0,0.0,0.0,4,SIMULATED,SIMULATED,SIMULATED,SIMULATED
98.6,93.6,11,466.67,0.0,300.0,0.0,1,SIMULATED,SIMULATED,SIMULATED,SIMULATED
98.6,93.6,44,29.72,0.0,295.0,0.0,1,SIMULATED,SIMULATED,SIMULATED,SIMULATED
98.8,93.8,33,100.56,400.0,0.0,0.0,4,SIMULATED,SIMULATED,SIMULATED,SIMULATED
98.8,93.8,11,483.33,0.0,300.0,0.0,1,SIMULATED,SIMULATED,SIMULATED,SIMULATED
98.8,93.8,44,46.11,0.0,295.0,0.0,1,SIMULATED,SIMULATED,SIMULATED,SIMULATED
99.0,94.0,33,100.56,400.0,0.0,0.0,4,SIMULATED,SIMULATED,SIMULATED,SIMULATED
99.0,94.0,11,500.0,0.0,300.0,0.0,1,SIMULATED,SIMULATED,SIMULATED,SIMULATED
99.0,94.0,44,62.5,0.0,295.0,0.0,1,SIMULATED,SIMULATED,SIMULATED,SIMULATED
99.2,94.2,33,100.56,400.0,0.0,0.0,4,SIMULATED,SIMULATED,SIMULATED,SIMULATED
99.2,94.2,11,516.67,0.0,300.0,0.0,1,SIMULATED,SIMULATED,SIMULATED,SIMULATED
99.2,94.2,44,78.89,0.0,295.0,0.0,1,SIMULATED,SIMULATED,SIMULATED,SIMULATED
99.4,94.4,33,100.56,400.0,0.0,0.0,4,SIMULATED,SIMULATED,SIMULATED,SIMULATED
99.4,94.4,11,533.33,0.0,300.0,0.0,1,SIMULATED,SIMULATED,SIMULATED,SIMULATED
99.4,94.4,44,95.28,0.0,295.0,0.0,1,SIMULATED,SIMULATED,SIMULATED,SIMULATED
99.6,94.6,33,100.56,400.0,0.0,0.0,4,SIMULATED,SIMULATED,SIMULATED,SIMULATED
99.6,94.6,11,550.0,0.0,300.0,0.0,1,SIMULATED,SIMULATED,SIMULATED,SIMULATED
99.6,94.6,44,111.67,0.0,295.0,0.0,1,SIMULATED,SIMULATED,SIMULATED,SIMULATED
99.8,94.8,33,100.56,400.0,0.0,0.0,4,SIMULATED,SIMULATED,SIMULATED,SIMULATED
99.8,94.8,11,566.67,0.0,300.0,0.0,1,SIMULATED,SIMULATED,SIMULATED,SIMULATED
99.8,94.8,44,128.06,0.0,295.0,0.0,1,SIMULATED,SIMULATED,SIMULATED,SIMULATED
100.0,95.0,33,100.56,400.0,0.0,0.0,4,SIMULATED,SIMULATED,SIMULATED,SIMULATED
100.0,95.0,11,583.33,0.0,300.0,0.0,1,SIMULATED,SIMULATED,SIMULATED,SIMULATED
100.0,95.0,44,144.44,0.0,295.0,0.0,1,SIMULATED,SIMULATED,SIMULATED,SIMULATED
100.2,95.2,33,100.56,400.0,0.0,0.0,4,SIMULATED,SIMULATED,SIMULATED,SIMULATED
100.2,95.2,11,600.0,0.0,300.0,0.0,1,SIMULATED,SIMULATED,SIMULATED,SIMULATED
100.2,95.2,44,160.83,0.0,295.0,0.0,1,SIMULATED,SIMULATED,SIMULATED,SIMULATED
100.4,95.4,33,100.56,400.0,0.0,0.0,4,SIMULATED,SIMULATED,SIMULATED,SIMULATED
100.4,95.4,11,616.67,0.0,300.0,0.0,1,SIMULATED,SIMULATED,SIMULATED,SIMULATED
100.4,95.4,44,177.22,0.0,295.0,0.0,1,SIMULATED,SIMULATED,SIMULATED,SIMULATED
100.6,95.6,33,100.56,400.0,0.0,0.0,4,SIMULATED,SIMULATED,SIMULATED,SIMULATED
100.6,95.6,11,633.33,0.0,300.0,0.0,1,SIMULATED,SIMULATED,SIMULATED,SIMULATED
100.6,95.6,44,193.61,0.0,295.0,0.0,1,SIMULATED,SIMULATED,SIMULATED,SIMULATED
100.8,95.8,33,100.56,400.0,0.0,0.0,4,SIMULATED,SIMULATED,SIMULATED,SIMULATED
100.8,95.8,11,650.0,0.0,300.0,0.0,1,SIMULATED,SIMULATED,SIMULATED,SIMULATED
100.8,95.8,44,210.0,0.0,295.0,0.0,1,SIMULATED,SIMULATED,SIMULATED,SIMULATED
101.0,96.0,33,100.56,400.0,0.0,0.0,4,SIMULATED,SIMULATED,SIMULATED,SIMULATED
101.0,96.0,11,666.67,0.0,300.0,0.0,1,SIMULATED,SIMULATED,SIMULATED,SIMULATED
101.0,96.0,44,226.39,0.0,295.0,0.0,1,SIMULATED,SIMULATED,SIMULATED,SIMULATED
101.2,96.2,33,100.56,400.0,0.0,0.0,4,SIMULATED,SIMULATED,SIMULATED,SIMULATED
101.2,96.2,11,683.33,0.0,300.0,0.0,1,SIMULATED,SIMULATED,SIMULATED,SIMULATED
101.2,96.2,44,242.78,0.0,295.0,0.0,1,SIMULATED,SIMULATED,SIMULATED,SIMULATED
101.4,96.4,33,100.56,400.0,0.0,0.0,4,SIMULATED,SIMULATED,SIMULATED,SIMULATED
101.4,96.4,11,700.0,0.0,300.0,0.0,1,SIMULATED,SIMULATED,SIMULATED,SIMULATED
101.4,96.4,44,259.17,0.0,295.0,0.0,1,SIMULATED,SIMULATED,SIMULATED,SIMULATED
101.6,96.6,33,100.56,400.0,0.0,0.0,4,SIMULATED,SIMULATED,SIMULATED,SIMULATED
101.6,96.6,11,716.67,0.0,300.0,0.0,1,SIMULATED,SIMULATED,SIMULATED,SIMULATED
101.6,96.6,44,275.56,0.0,295.0,0.0,1,SIMULATED,SIMULATED,SIMULATED,SIMULATED
101.8,96.8,33,100.56,400.0,0.0,0.0,4,SIMULATED,SIMULATED,SIMULATED,SIMULATED
101.8,96.8,11,733.33,0.0,300.0,0.0,1,SIMULATED,SIMULATED,SIMULATED,SIMULATED
101.8,96.8,44,291.94,0.0,295.0,0.0,1,SIMULATED,SIMULATED,SIMULATED,SIMULATED
102.0,97.0,33,100.56,400.0,0.0,0.0,4,SIMULATED,SIMULATED,SIMULATED,SIMULATED
102.0,97.0,11,750.0,0.0,300.0,0.0,1,SIMULATED,SIMULATED,SIMULATED,SIMULATED
102.0,97.0,44,308.33,0.0,295.0,0.0,1,SIMULATED,SIMULATED,SIMULATED,SIMULATED
102.2,97.2,33,100.56,400.0,0.0,0.0,4,SIMULATED,SIMULATED,SIMULATED,SIMULATED
102.2,97.2,11,766.67,0.0,300.0,0.0,1,SIMULATED,SIMULATED,SIMULATED,SIMULATED
102.2,97.2,44,324.72,0.0,295.0,0.0,1,SIMULATED,SIMULATED,SIMULATED,SIMULATED
102.4,97.4,33,100.56,400.0,0.0,0.0,4,SIMULATED,SIMULATED,SIMULATED,SIMULATED
102.4,97.4,11,783.33,0.0,300.0,0.0,1,SIMULATED,SIMULATED,SIMULATED,SIMULATED
102.4,97.4,44,341.11,0.0,295.0,0.0,1,SIMULATED,SIMULATED,SIMULATED,SIMULATED
102.6,97.6,33,100.56,400.0,0.0,0.0,4,SIMULATED,SIMULATED,SIMULATED,SIMULATED
102.6,97.6,11,800.0,0.0,300.0,0.0,1,SIMULATED,SIMULATED,SIMULATED,SIMULATED
102.6,97.6,44,357.5,0.0,295.0,0.0,1,SIMULATED,SIMULATED,SIMULATED,SIMULATED
102.8,97.8,33,100.56,400.0,0.0,0.0,4,SIMULATED,SIMULATED,SIMULATED,SIMULATED
102.8,97.8,11,816.67,0.0,300.0,0.0,2,SIMULATED,SIMULATED,SIMULATED,SIMULATED
102.8,97.8,44,373.89,0.0,295.0,0.0,1,SIMULATED,SIMULATED,SIMULATED,SIMULATED
103.0,98.0,33,100.56,400.0,0.0,0.0,4,SIMULATED,SIMULATED,SIMULATED,SIMULATED
103.0,98.0,11,833.33,0.0,300.0,0.0,2,SIMULATED,SIMULATED,SIMULATED,SIMULATED
103.0,98.0,44,390.28,0.0,295.0,0.0,1,SIMULATED,SIMULATED,SIMULATED,SIMULATED
103.2,98.2,33,100.56,400.0,0.0,0.0,4,SIMULATED,SIMULATED,SIMULATED,SIMULATED
103.2,98.2,11,850.0,0.0,300.0,0.0,2,SIMULATED,SIMULATED,SIMULATED,SIMULATED
103.2,98.2,44,406.67,0.0,295.0,0.0,1,SIMULATED,SIMULATED,SIMULATED,SIMULATED
103.4,98.4,33,100.56,400.0,0.0,0.0,4,SIMULATED,SIMULATED,SIMULATED,SIMULATED
103.4,98.4,11,866.67,0.0,300.0,0.0,2,SIMULATED,SIMULATED,SIMULATED,SIMULATED
103.4,98.4,44,423.06,0.0,295.0,0.0,1,SIMULATED,SIMULATED,SIMULATED,SIMULATED
103.6,98.6,33,100.56,400.0,0.0,0.0,4,SIMULATED,SIMULATED,SIMULATED,SIMULATED
103.6,98.6,11,883.33,0.0,300.0,0.0,2,SIMULATED,SIMULATED,SIMULATED,SIMULATED
103.6,98.6,44,439.44,0.0,295.0,0.0,1,SIMULATED,SIMULATED,SIMULATED,SIMULATED
103.8,98.8,33,100.56,400.0,0.0,0.0,4,SIMULATED,SIMULATED,SIMULATED,SIMULATED
103.8,98.8,11,900.0,0.0,300.0,0.0,2,SIMULATED,SIMULATED,SIMULATED,SIMULATED
103.8,98.8,44,455.83,0.0,295.0,0.0,1,SIMULATED,SIMULATED,SIMULATED,SIMULATED
104.0,99.0,33,100.56,400.0,0.0,0.0,4,SIMULATED,SIMULATED,SIMULATED,SIMULATED
104.0,99.0,11,916.67,0.0,300.0,0.0,2,SIMULATED,SIMULATED,SIMULATED,SIMULATED
104.0,99.0,44,472.22,0.0,295.0,0.0,1,SIMULATED,SIMULATED,SIMULATED,SIMULATED
104.2,99.2,33,100.56,400.0,0.0,0.0,4,SIMULATED,SIMULATED,SIMULATED,SIMULATED
104.2,99.2,11,933.33,0.0,300.0,0.0,2,SIMULATED,SIMULATED,SIMULATED,SIMULATED
104.2,99.2,44,488.61,0.0,295.0,0.0,1,SIMULATED,SIMULATED,SIMULATED,SIMULATED
104.4,99.4,33,100.56,400.0,0.0,0.0,4,SIMULATED,SIMULATED,SIMULATED,SIMULATED
104.4,99.4,11,950.0,0.0,300.0,0.0,2,SIMULATED,SIMULATED,SIMULATED,SIMULATED
104.4,99.4,44,505.0,0.0,295.0,0.0,1,SIMULATED,SIMULATED,SIMULATED,SIMULATED
104.6,99.6,33,100.56,400.0,0.0,0.0,4,SIMULATED,SIMULATED,SIMULATED,SIMULATED
104.6,99.6,11,966.67,0.0,300.0,0.0,2,SIMULATED,SIMULATED,SIMULATED,SIMULATED
104.6,99.6,44,521.39,0.0,295.0,0.0,1,SIMULATED,SIMULATED,SIMULATED,SIMULATED
104.8,99.8,33,100.56,400.0,0.0,0.0,4,SIMULATED,SIMULATED,SIMULATED,SIMULATED
104.8,99.8,11,983.33,0.0,300.0,0.0,2,SIMULATED,SIMULATED,SIMULATED,SIMULATED
104.8,99.8,44,537.78,0.0,295.0,0.0,1,SIMULATED,SIMULATED,SIMULATED,SIMULATED
105.0,100.0,33,100.56,400.0,0.0,0.0,4,SIMULATED,SIMULATED,SIMULATED,SIMULATED
105.0,100.0,11,1000.0,0.0,300.0,0.0,2,SIMULATED,SIMULATED,SIMULATED,SIMULATED
105.0,100.0,44,554.17,0.0,295.0,0.0,1,SIMULATED,SIMULATED,SIMULATED,SIMULATED
