timestamp_s,relative_time_s,car_id,x_m,y_m,speed_kmh,longitudinal_accel_g,sector,speed_origin,position_origin,accel_origin,timing_origin
0.0,-5.0,11,600.0,400.0,195.0,0.0,3,SIMULATED,SIMULATED,SIMULATED,SIMULATED
0.0,-5.0,55,590.0,400.0,190.0,0.0,3,SIMULATED,SIMULATED,SIMULATED,SIMULATED
0.0,-5.0,77,900.0,400.0,215.0,0.0,3,SIMULATED,SIMULATED,SIMULATED,SIMULATED
0.2,-4.8,11,589.17,400.0,195.0,0.0,3,SIMULATED,SIMULATED,SIMULATED,SIMULATED
0.2,-4.8,55,579.44,400.0,190.0,0.0,3,SIMULATED,SIMULATED,SIMULATED,SIMULATED
0.2,-4.8,77,888.06,400.0,215.0,0.0,3,SIMULATED,SIMULATED,SIMULATED,SIMULATED
0.4,-4.6,11,578.33,400.0,195.0,0.0,3,SIMULATED,SIMULATED,SIMULATED,SIMULATED
0.4,-4.6,55,568.89,400.0,190.0,0.0,3,SIMULATED,SIMULATED,SIMULATED,SIMULATED
0.4,-4.6,77,876.11,400.0,215.0,0.0,3,SIMULATED,SIMULATED,SIMULATED,SIMULATED
0.6,-4.4,11,567.5,400.0,195.0,0.0,3,SIMULATED,SIMULATED,SIMULATED,SIMULATED
0.6,-4.4,55,558.33,400.0,190.0,0.0,3,SIMULATED,SIMULATED,SIMULATED,SIMULATED
0.6,-4.4,77,864.17,400.0,215.0,0.0,3,SIMULATED,SIMULATED,SIMULATED,SIMULATED
0.8,-4.2,11,556.67,400.0,195.0,0.0,3,SIMULATED,SIMULATED,SIMULATED,SIMULATED
0.8,-4.2,55,547.78,400.0,190.0,0.0,3,SIMULATED,SIMULATED,SIMULATED,SIMULATED
0.8,-4.2,77,852.22,400.0,215.0,0.0,3,SIMULATED,SIMULATED,SIMULATED,SIMULATED
1.0,-4.0,11,545.83,400.0,195.0,0.0,3,SIMULATED,SIMULATED,SIMULATED,SIMULATED
1.0,-4.0,55,537.22,400.0,190.0,0.0,3,SIMULATED,SIMULATED,SIMULATED,SIMULATED
1.0,-4.0,77,840.28,400.0,215.0,0.0,3,SIMULATED,SIMULATED,SIMULATED,SIMULATED
1.2,-3.8,11,535.0,400.0,195.0,0.0,3,SIMULATED,SIMULATED,SIMULATED,SIMULATED
1.2,-3.8,55,526.67,400.0,190.0,0.0,3,SIMULATED,SIMULATED,SIMULATED,SIMULATED
1.2,-3.8,77,828.33,400.0,215.0,0.0,3,SIMULATED,SIMULATED,SIMULATED,SIMULATED
1.4,-3.6,11,524.17,400.0,195.0,0.0,3,SIMULATED,SIMULATED,SIMULATED,SIMULATED
1.4,-3.6,55,516.11,400.0,190.0,0.0,3,SIMULATED,SIMULATED,SIMULATED,SIMULATED
1.4,-3.6,77,816.39,400.0,215.0,0.0,3,SIMULATED,SIMULATED,SIMULATED,SIMULATED
1.6,-3.4,11,513.33,400.0,195.0,0.0,3,SIMULATED,SIMULATED,SIMULATED,SIMULATED
1.6,-3.4,55,505.56,400.0,190.0,0.0,3,SIMULATED,SIMULATED,SIMULATED,SIMULATED
1.6,-3.4,77,804.44,400.0,215.0,0.0,3,SIMULATED,SIMULATED,SIMULATED,SIMULATED
1.8,-3.2,11,502.5,400.0,195.0,0.0,3,SIMULATED,SIMULATED,SIMULATED,SIMULATED
1.8,-3.2,55,495.0,400.0,190.0,0.0,3,SIMULATED,SIMULATED,SIMULATED,SIMULATED
1.8,-3.2,77,792.5,400.0,215.0,0.0,3,SIMULATED,SIMULATED,SIMULATED,SIMULATED
2.0,-3.0,11,491.67,400.0,195.0,0.0,3,SIMULATED,SIMULATED,SIMULATED,SIMULATED
2.0,-3.0,55,484.44,400.0,190.0,0.0,3,SIMULATED,SIMULATED,SIMULATED,SIMULATED
2.0,-3.0,77,780.56,400.0,215.0,0.0,3,SIMULATED,SIMULATED,SIMULATED,SIMULATED
2.2,-2.8,11,480.83,400.0,195.0,0.0,3,SIMULATED,SIMULATED,SIMULATED,SIMULATED
2.2,-2.8,55,473.89,400.0,190.0,0.0,3,SIMULATED,SIMULATED,SIMULATED,SIMULATED
2.2,-2.8,77,768.61,400.0,215.0,0.0,3,SIMULATED,SIMULATED,SIMULATED,SIMULATED
2.4,-2.6,11,470.0,400.0,195.0,0.0,3,SIMULATED,SIMULATED,SIMULATED,SIMULATED
2.4,-2.6,55,463.33,400.0,190.0,0.0,3,SIMULATED,SIMULATED,SIMULATED,SIMULATED
2.4,-2.6,77,756.67,400.0,215.0,0.0,3,SIMULATED,SIMULATED,SIMULATED,SIMULATED
2.6,-2.4,11,459.17,400.0,195.0,0.0,3,SIMULATED,SIMULATED,SIMULATED,SIMULATED
2.6,-2.4,55,452.78,400.0,190.0,0.0,3,SIMULATED,SIMULATED,SIMULATED,SIMULATED
2.6,-2.4,77,744.72,400.0,215.0,0.0,3,SIMULATED,SIMULATED,SIMULATED,SIMULATED
2.8,-2.2,11,448.33,400.0,195.0,0.0,3,SIMULATED,SIMULATED,SIMULATED,SIMULATED
2.8,-2.2,55,442.22,400.0,190.0,0.0,3,SIMULATED,SIMULATED,SIMULATED,SIMULATED
2.8,-2.2,77,732.78,400.0,215.0,0.0,3,SIMULATED,SIMULATED,SIMULATED,SIMULATED
3.0,-2.0,11,437.5,400.0,195.0,0.0,3,SIMULATED,SIMULATED,SIMULATED,SIMULATED
3.0,-2.0,55,431.67,400.0,190.0,0.0,3,SIMULATED,SIMULATED,SIMULATED,SIMULATED
3.0,-2.0,77,720.83,400.0,215.0,0.0,3,SIMULATED,SIMULATED,SIMULATED,SIMULATED
3.2,-1.8,11,426.67,400.0,195.0,0.0,3,SIMULATED,SIMULATED,SIMULATED,SIMULATED
3.2,-1.8,55,421.11,400.0,190.0,0.0,3,SIMULATED,SIMULATED,SIMULATED,SIMULATED
3.2,-1.8,77,708.89,400.0,215.0,0.0,3,SIMULATED,SIMULATED,SIMULATED,SIMULATED
3.4,-1.6,11,415.83,400.0,195.0,0.0,3,SIMULATED,SIMULATED,SIMULATED,SIMULATED
3.4,-1.6,55,410.56,400.0,190.0,0.0,3,SIMULATED,SIMULATED,SIMULATED,SIMULATED
3.4,-1.6,77,696.94,400.0,215.0,0.0,3,SIMULATED,SIMULATED,SIMULATED,SIMULATED
3.6,-1.4,11,405.0,400.0,195.0,0.0,3,SIMULATED,SIMULATED,SIMULATED,SIMULATED
3.6,-1.4,55,400.0,400.0,190.0,0.0,4,SIMULATED,SIMULATED,SIMULATED,SIMULATED
3.6,-1.4,77,685.0,400.0,215.0,0.0,3,SIMULATED,SIMULATED,SIMULATED,SIMULATED
3.8,-1.2,11,394.17,400.0,195.0,0.0,4,SIMULATED,SIMULATED,SIMULATED,SIMULATED
3.8,-1.2,55,389.44,400.0,190.0,0.0,4,SIMULATED,SIMULATED,SIMULATED,SIMULATED
3.8,-1.2,77,673.06,400.0,215.0,0.0,3,SIMULATED,SIMULATED,SIMULATED,SIMULATED
4.0,-1.0,11,383.33,400.0,195.0,0.0,4,SIMULATED,SIMULATED,SIMULATED,SIMULATED
4.0,-1.0,55,378.89,400.0,190.0,0.0,4,SIMULATED,SIMULATED,SIMULATED,SIMULATED
4.0,-1.0,77,661.11,400.0,215.0,0.0,3,SIMULATED,SIMULATED,SIMULATED,SIMULATED
4.2,-0.8,11,372.5,400.0,195.0,0.0,4,SIMULATED,SIMULATED,SIMULATED,SIMULATED
4.2,-0.8,55,368.33,400.0,190.0,0.0,4,SIMULATED,SIMULATED,SIMULATED,SIMULATED
4.2,-0.8,77,649.17,400.0,215.0,0.0,3,SIMULATED,SIMULATED,SIMULATED,SIMULATED
4.4,-0.6,11,361.67,400.0,195.0,0.0,4,SIMULATED,SIMULATED,SIMULATED,SIMULATED
4.4,-0.6,55,357.78,400.0,190.0,0.0,4,SIMULATED,SIMULATED,SIMULATED,SIMULATED
4.4,-0.6,77,637.22,400.0,215.0,0.0,3,SIMULATED,SIMULATED,SIMULATED,SIMULATED
4.6,-0.4,11,350.83,400.0,195.0,0.0,4,SIMULATED,SIMULATED,SIMULATED,SIMULATED
4.6,-0.4,55,347.22,400.0,190.0,0.0,4,SIMULATED,SIMULATED,SIMULATED,SIMULATED
4.6,-0.4,77,625.28,400.0,215.0,0.0,3,SIMULATED,SIMULATED,SIMULATED,SIMULATED
4.8,-0.2,11,340.0,400.0,195.0,0.0,4,SIMULATED,SIMULATED,SIMULATED,SIMULATED
4.8,-0.2,55,336.67,400.0,190.0,0.0,4,SIMULATED,SIMULATED,SIMULATED,SIMULATED
4.8,-0.2,77,613.33,400.0,215.0,0.0,3,SIMULATED,SIMULATED,SIMULATED,SIMULATED
5.0,0.0,11,329.17,400.0,195.0,0.0,4,SIMULATED,SIMULATED,SIMULATED,SIMULATED
5.0,0.0,55,326.11,400.0,190.0,0.0,4,SIMULATED,SIMULATED,SIMULATED,SIMULATED
5.0,0.0,77,601.39,400.0,215.0,0.0,3,SIMULATED,SIMULATED,SIMULATED,SIMULATED
5.2,0.2,11,319.54,400.0,173.33,-3.069,4,SIMULATED,SIMULATED,SIMULATED,SIMULATED
5.2,0.2,55,316.51,400.0,172.73,-2.446,4,SIMULATED,SIMULATED,SIMULATED,SIMULATED
5.2,0.2,77,589.44,400.0,215.0,0.0,3,SIMULATED,SIMULATED,SIMULATED,SIMULATED
5.4,0.4,11,311.11,400.0,151.67,-3.068,4,SIMULATED,SIMULATED,SIMULATED,SIMULATED
5.4,0.4,55,307.88,400.0,155.45,-2.447,4,SIMULATED,SIMULATED,SIMULATED,SIMULATED
5.4,0.4,77,577.5,400.0,215.0,0.0,3,SIMULATED,SIMULATED,SIMULATED,SIMULATED
5.6,0.6,11,303.89,400.0,130.0,-3.069,4,SIMULATED,SIMULATED,SIMULATED,SIMULATED
5.6,0.6,55,300.2,400.0,138.18,-2.446,4,SIMULATED,SIMULATED,SIMULATED,SIMULATED
5.6,0.6,77,565.56,400.0,215.0,0.0,3,SIMULATED,SIMULATED,SIMULATED,SIMULATED
5.8,0.8,11,297.87,400.0,108.33,-3.069,4,SIMULATED,SIMULATED,SIMULATED,SIMULATED
5.8,0.8,55,293.48,400.0,120.91,-2.446,4,SIMULATED,SIMULATED,SIMULATED,SIMULATED
5.8,0.8,77,553.61,400.0,215.0,0.0,3,SIMULATED,SIMULATED,SIMULATED,SIMULATED
6.0,1.0,11,293.06,400.0,86.67,-3.068,4,SIMULATED,SIMULATED,SIMULATED,SIMULATED
6.0,1.0,55,287.73,400.0,103.64,-2.446,4,SIMULATED,SIMULATED,SIMULATED,SIMULATED
6.0,1.0,77,541.67,400.0,215.0,0.0,3,SIMULATED,SIMULATED,SIMULATED,SIMULATED
6.2,1.2,11,289.44,400.0,65.0,-3.069,4,SIMULATED,SIMULATED,SIMULATED,SIMULATED
6.2,1.2,55,282.93,400.0,86.36,-2.447,4,SIMULATED,SIMULATED,SIMULATED,SIMULATED
6.2,1.2,77,529.72,400.0,215.0,0.0,3,SIMULATED,SIMULATED,SIMULATED,SIMULATED
6.4,1.4,11,287.04,400.0,43.33,-3.069,4,SIMULATED,SIMULATED,SIMULATED,SIMULATED
6.4,1.4,55,279.09,400.0,69.09,-2.446,4,SIMULATED,SIMULATED,SIMULATED,SIMULATED
6.4,1.4,77,517.78,400.0,215.0,0.0,3,SIMULATED,SIMULATED,SIMULATED,SIMULATED
6.6,1.6,11,285.83,400.0,21.67,-3.068,4,SIMULATED,SIMULATED,SIMULATED,SIMULATED
6.6,1.6,55,276.21,400.0,51.82,-2.446,4,SIMULATED,SIMULATED,SIMULATED,SIMULATED
6.6,1.6,77,505.83,400.0,215.0,0.0,3,SIMULATED,SIMULATED,SIMULATED,SIMULATED
6.8,1.8,11,285.83,400.0,0.0,-3.069,4,SIMULATED,SIMULATED,SIMULATED,SIMULATED
6.8,1.8,55,274.29,400.0,34.55,-2.446,4,SIMULATED,SIMULATED,SIMULATED,SIMULATED
6.8,1.8,77,493.89,400.0,215.0,0.0,3,SIMULATED,SIMULATED,SIMULATED,SIMULATED
7.0,2.0,11,285.83,400.0,0.0,0.0,4,SIMULATED,SIMULATED,SIMULATED,SIMULATED
7.0,2.0,55,273.33,400.0,17.27,-2.447,4,SIMULATED,SIMULATED,SIMULATED,SIMULATED
7.0,2.0,77,481.94,400.0,215.0,0.0,3,SIMULATED,SIMULATED,SIMULATED,SIMULATED
7.2,2.2,11,285.83,400.0,0.0,0.0,4,SIMULATED,SIMULATED,SIMULATED,SIMULATED
7.2,2.2,55,273.33,400.0,0.0,-2.446,4,SIMULATED,SIMULATED,SIMULATED,SIMULATED
7.2,2.2,77,470.0,400.0,215.0,0.0,3,SIMULATED,SIMULATED,SIMULATED,SIMULATED
7.4,2.4,11,285.83,400.0,0.0,0.0,4,SIMULATED,SIMULATED,SIMULATED,SIMULATED
7.4,2.4,55,273.33,400.0,0.0,0.0,4,SIMULATED,SIMULATED,SIMULATED,SIMULATED
7.4,2.4,77,458.06,400.0,215.0,0.0,3,SIMULATED,SIMULATED,SIMULATED,SIMULATED
7.6,2.6,11,285.83,400.0,0.0,0.0,4,SIMULATED,SIMULATED,SIMULATED,SIMULATED
7.6,2.6,55,273.33,400.0,0.0,0.0,4,SIMULATED,SIMULATED,SIMULATED,SIMULATED
7.6,2.6,77,446.11,400.0,215.0,0.0,3,SIMULATED,SIMULATED,SIMULATED,SIMULATED
7.8,2.8,11,285.83,400.0,0.0,0.0,4,SIMULATED,SIMULATED,SIMULATED,SIMULATED
7.8,2.8,55,273.33,400.0,0.0,0.0,4,SIMULATED,SIMULATED,SIMULATED,SIMULATED
7.8,2.8,77,434.17,400.0,215.0,0.0,3,SIMULATED,SIMULATED,SIMULATED,SIMULATED
8.0,3.0,11,285.83,400.0,0.0,0.0,4,SIMULATED,SIMULATED,SIMULATED,SIMULATED
8.0,3.0,55,273.33,400.0,0.0,0.0,4,SIMULATED,SIMULATED,SIMULATED,SIMULATED
8.0,3.0,77,422.22,400.0,215.0,0.0,3,SIMULATED,SIMULATED,SIMULATED,SIMULATED
8.2,3.2,11,285.83,400.0,0.0,0.0,4,SIMULATED,SIMULATED,SIMULATED,SIMULATED
8.2,3.2,55,273.33,400.0,0.0,0.0,4,SIMULATED,SIMULATED,SIMULATED,SIMULATED
8.2,3.2,77,410.28,400.0,215.0,0.0,3,SIMULATED,SIMULATED,SIMULATED,SIMULATED
8.4,3.4,11,285.83,400.0,0.0,0.0,4,SIMULATED,SIMULATED,SIMULATED,SIMULATED
8.4,3.4,55,273.33,400.0,0.0,0.0,4,SIMULATED,SIMULATED,SIMULATED,SIMULATED
8.4,3.4,77,398.33,400.0,215.0,0.0,4,SIMULATED,SIMULATED,SIMULATED,SIMULATED
8.6,3.6,11,285.83,400.0,0.0,0.0,4,SIMULATED,SIMULATED,SIMULATED,SIMULATED
8.6,3.6,55,273.33,400.0,0.0,0.0,4,SIMULATED,SIMULATED,SIMULATED,SIMULATED
8.6,3.6,77,386.39,400.0,215.0,0.0,4,SIMULATED,SIMULATED,SIMULATED,SIMULATED
8.8,3.8,11,285.83,400.0,0.0,0.0,4,SIMULATED,SIMULATED,SIMULATED,SIMULATED
8.8,3.8,55,273.33,400.0,0.0,0.0,4,SIMULATED,SIMULATED,SIMULATED,SIMULATED
8.8,3.8,77,374.44,400.0,215.0,0.0,4,SIMULATED,SIMULATED,SIMULATED,SIMULATED
9.0,4.0,11,285.83,400.0,0.0,0.0,4,SIMULATED,SIMULATED,SIMULATED,SIMULATED
9.0,4.0,55,273.33,400.0,0.0,0.0,4,SIMULATED,SIMULATED,SIMULATED,SIMULATED
9.0,4.0,77,362.5,400.0,215.0,0.0,4,SIMULATED,SIMULATED,SIMULATED,SIMULATED
9.2,4.2,11,285.83,400.0,0.0,0.0,4,SIMULATED,SIMULATED,SIMULATED,SIMULATED
9.2,4.2,55,273.33,400.0,0.0,0.0,4,SIMULATED,SIMULATED,SIMULATED,SIMULATED
9.2,4.2,77,350.56,400.0,215.0,0.0,4,SIMULATED,SIMULATED,SIMULATED,SIMULATED
9.4,4.4,11,285.83,400.0,0.0,0.0,4,SIMULATED,SIMULATED,SIMULATED,SIMULATED
9.4,4.4,55,273.33,400.0,0.0,0.0,4,SIMULATED,SIMULATED,SIMULATED,SIMULATED
9.4,4.4,77,338.61,400.0,215.0,0.0,4,SIMULATED,SIMULATED,SIMULATED,SIMULATED
9.6,4.6,11,285.83,400.0,0.0,0.0,4,SIMULATED,SIMULATED,SIMULATED,SIMULATED
9.6,4.6,55,273.33,400.0,0.0,0.0,4,SIMULATED,SIMULATED,SIMULATED,SIMULATED
9.6,4.6,77,326.67,400.0,215.0,0.0,4,SIMULATED,SIMULATED,SIMULATED,SIMULATED
9.8,4.8,11,285.83,400.0,0.0,0.0,4,SIMULATED,SIMULATED,SIMULATED,SIMULATED
9.8,4.8,55,273.33,400.0,0.0,0.0,4,SIMULATED,SIMULATED,SIMULATED,SIMULATED
9.8,4.8,77,314.72,400.0,215.0,0.0,4,SIMULATED,SIMULATED,SIMULATED,SIMULATED
10.0,5.0,11,285.83,400.0,0.0,0.0,4,SIMULATED,SIMULATED,SIMULATED,SIMULATED
10.0,5.0,55,273.33,400.0,0.0,0.0,4,SIMULATED,SIMULATED,SIMULATED,SIMULATED
10.0,5.0,77,302.78,400.0,215.0,0.0,4,SIMULATED,SIMULATED,SIMULATED,SIMULATED
10.2,5.2,11,285.83,400.0,0.0,0.0,4,SIMULATED,SIMULATED,SIMULATED,SIMULATED
10.2,5.2,55,273.33,400.0,0.0,0.0,4,SIMULATED,SIMULATED,SIMULATED,SIMULATED
10.2,5.2,77,290.83,400.0,215.0,0.0,4,SIMULATED,SIMULATED,SIMULATED,SIMULATED
10.4,5.4,11,285.83,400.0,0.0,0.0,4,SIMULATED,SIMULATED,SIMULATED,SIMULATED
10.4,5.4,55,273.33,400.0,0.0,0.0,4,SIMULATED,SIMULATED,SIMULATED,SIMULATED
10.4,5.4,77,278.89,400.0,215.0,0.0,4,SIMULATED,SIMULATED,SIMULATED,SIMULATED
10.6,5.6,11,285.83,400.0,0.0,0.0,4,SIMULATED,SIMULATED,SIMULATED,SIMULATED
10.6,5.6,55,273.33,400.0,0.0,0.0,4,SIMULATED,SIMULATED,SIMULATED,SIMULATED
10.6,5.6,77,266.94,400.0,215.0,0.0,4,SIMULATED,SIMULATED,SIMULATED,SIMULATED
10.8,5.8,11,285.83,400.0,0.0,0.0,4,SIMULATED,SIMULATED,SIMULATED,SIMULATED
10.8,5.8,55,273.33,400.0,0.0,0.0,4,SIMULATED,SIMULATED,SIMULATED,SIMULATED
10.8,5.8,77,255.0,400.0,215.0,0.0,4,SIMULATED,SIMULATED,SIMULATED,SIMULATED
11.0,6.0,11,285.83,400.0,0.0,0.0,4,SIMULATED,SIMULATED,SIMULATED,SIMULATED
11.0,6.0,55,273.33,400.0,0.0,0.0,4,SIMULATED,SIMULATED,SIMULATED,SIMULATED
11.0,6.0,77,243.06,400.0,215.0,0.0,4,SIMULATED,SIMULATED,SIMULATED,SIMULATED
11.2,6.2,11,285.83,400.0,0.0,0.0,4,SIMULATED,SIMULATED,SIMULATED,SIMULATED
11.2,6.2,55,273.33,400.0,0.0,0.0,4,SIMULATED,SIMULATED,SIMULATED,SIMULATED
11.2,6.2,77,231.11,400.0,215.0,0.0,4,SIMULATED,SIMULATED,SIMULATED,SIMULATED
11.4,6.4,11,285.83,400.0,0.0,0.0,4,SIMULATED,SIMULATED,SIMULATED,SIMULATED
11.4,6.4,55,273.33,400.0,0.0,0.0,4,SIMULATED,SIMULATED,SIMULATED,SIMULATED
11.4,6.4,77,219.17,400.0,215.0,0.0,4,SIMULATED,SIMULATED,SIMULATED,SIMULATED
11.6,6.6,11,285.83,400.0,0.0,0.0,4,SIMULATED,SIMULATED,SIMULATED,SIMULATED
11.6,6.6,55,273.33,400.0,0.0,0.0,4,SIMULATED,SIMULATED,SIMULATED,SIMULATED
11.6,6.6,77,207.22,400.0,215.0,0.0,4,SIMULATED,SIMULATED,SIMULATED,SIMULATED
11.8,6.8,11,285.83,400.0,0.0,0.0,4,SIMULATED,SIMULATED,SIMULATED,SIMULATED
11.8,6.8,55,273.33,400.0,0.0,0.0,4,SIMULATED,SIMULATED,SIMULATED,SIMULATED
11.8,6.8,77,195.28,400.0,215.0,0.0,4,SIMULATED,SIMULATED,SIMULATED,SIMULATED
12.0,7.0,11,285.83,400.0,0.0,0.0,4,SIMULATED,SIMULATED,SIMULATED,SIMULATED
12.0,7.0,55,273.33,400.0,0.0,0.0,4,SIMULATED,SIMULATED,SIMULATED,SIMULATED
12.0,7.0,77,183.33,400.0,215.0,0.0,4,SIMULATED,SIMULATED,SIMULATED,SIMULATED
12.2,7.2,11,285.83,400.0,0.0,0.0,4,SIMULATED,SIMULATED,SIMULATED,SIMULATED
12.2,7.2,55,273.33,400.0,0.0,0.0,4,SIMULATED,SIMULATED,SIMULATED,SIMULATED
12.2,7.2,77,171.39,400.0,215.0,0.0,4,SIMULATED,SIMULATED,SIMULATED,SIMULATED
12.4,7.4,11,285.83,400.0,0.0,0.0,4,SIMULATED,SIMULATED,SIMULATED,SIMULATED
12.4,7.4,55,273.33,400.0,0.0,0.0,4,SIMULATED,SIMULATED,SIMULATED,SIMULATED
12.4,7.4,77,159.44,400.0,215.0,0.0,4,SIMULATED,SIMULATED,SIMULATED,SIMULATED
12.6,7.6,11,285.83,400.0,0.0,0.0,4,SIMULATED,SIMULATED,SIMULATED,SIMULATED
12.6,7.6,55,273.33,400.0,0.0,0.0,4,SIMULATED,SIMULATED,SIMULATED,SIMULATED
12.6,7.6,77,147.5,400.0,215.0,0.0,4,SIMULATED,SIMULATED,SIMULATED,SIMULATED
12.8,7.8,11,285.83,400.0,0.0,0.0,4,SIMULATED,SIMULATED,SIMULATED,SIMULATED
12.8,7.8,55,273.33,400.0,0.0,0.0,4,SIMULATED,SIMULATED,SIMULATED,SIMULATED
12.8,7.8,77,135.56,400.0,215.0,0.0,4,SIMULATED,SIMULATED,SIMULATED,SIMULATED
13.0,8.0,11,285.83,400.0,0.0,0.0,4,SIMULATED,SIMULATED,SIMULATED,SIMULATED
13.0,8.0,55,273.33,400.0,0.0,0.0,4,SIMULATED,SIMULATED,SIMULATED,SIMULATED
13.0,8.0,77,123.61,400.0,215.0,0.0,4,SIMULATED,SIMULATED,SIMULATED,SIMULATED
13.2,8.2,11,285.83,400.0,0.0,0.0,4,SIMULATED,SIMULATED,SIMULATED,SIMULATED
13.2,8.2,55,273.33,400.0,0.0,0.0,4,SIMULATED,SIMULATED,SIMULATED,SIMULATED
13.2,8.2,77,111.67,400.0,215.0,0.0,4,SIMULATED,SIMULATED,SIMULATED,SIMULATED
13.4,8.4,11,285.83,400.0,0.0,0.0,4,SIMULATED,SIMULATED,SIMULATED,SIMULATED
13.4,8.4,55,273.33,400.0,0.0,0.0,4,SIMULATED,SIMULATED,SIMULATED,SIMULATED
13.4,8.4,77,99.72,400.0,215.0,0.0,4,SIMULATED,SIMULATED,SIMULATED,SIMULATED
13.6,8.6,11,285.83,400.0,0.0,0.0,4,SIMULATED,SIMULATED,SIMULATED,SIMULATED
13.6,8.6,55,273.33,400.0,0.0,0.0,4,SIMULATED,SIMULATED,SIMULATED,SIMULATED
13.6,8.6,77,87.78,400.0,215.0,0.0,4,SIMULATED,SIMULATED,SIMULATED,SIMULATED
13.8,8.8,11,285.83,400.0,0.0,0.0,4,SIMULATED,SIMULATED,SIMULATED,SIMULATED
13.8,8.8,55,273.33,400.0,0.0,0.0,4,SIMULATED,SIMULATED,SIMULATED,SIMULATED
13.8,8.8,77,75.83,400.0,215.0,0.0,4,SIMULATED,SIMULATED,SIMULATED,SIMULATED
14.0,9.0,11,285.83,400.0,0.0,0.0,4,SIMULATED,SIMULATED,SIMULATED,SIMULATED
14.0,9.0,55,273.33,400.0,0.0,0.0,4,SIMULATED,SIMULATED,SIMULATED,SIMULATED
14.0,9.0,77,63.89,400.0,215.0,0.0,4,SIMULATED,SIMULATED,SIMULATED,SIMULATED
14.2,9.2,11,285.83,400.0,0.0,0.0,4,SIMULATED,SIMULATED,SIMULATED,SIMULATED
14.2,9.2,55,273.33,400.0,0.0,0.0,4,SIMULATED,SIMULATED,SIMULATED,SIMULATED
14.2,9.2,77,51.94,400.0,215.0,0.0,4,SIMULATED,SIMULATED,SIMULATED,SIMULATED
14.4,9.4,11,285.83,400.0,0.0,0.0,4,SIMULATED,SIMULATED,SIMULATED,SIMULATED
14.4,9.4,55,273.33,400.0,0.0,0.0,4,SIMULATED,SIMULATED,SIMULATED,SIMULATED
14.4,9.4,77,40.0,400.0,215.0,0.0,4,SIMULATED,SIMULATED,SIMULATED,SIMULATED
14.6,9.6,11,285.83,400.0,0.0,0.0,4,SIMULATED,SIMULATED,SIMULATED,SIMULATED
14.6,9.6,55,273.33,400.0,0.0,0.0,4,SIMULATED,SIMULATED,SIMULATED,SIMULATED
14.6,9.6,77,28.06,400.0,215.0,0.0,4,SIMULATED,SIMULATED,SIMULATED,SIMULATED
14.8,9.8,11,285.83,400.0,0.0,0.0,4,SIMULATED,SIMULATED,SIMULATED,SIMULATED
14.8,9.8,55,273.33,400.0,0.0,0.0,4,SIMULATED,SIMULATED,SIMULATED,SIMULATED
14.8,9.8,77,16.11,400.0,215.0,0.0,4,SIMULATED,SIMULATED,SIMULATED,SIMULATED
15.0,10.0,11,285.83,400.0,0.0,0.0,4,SIMULATED,SIMULATED,SIMULATED,SIMULATED
15.0,10.0,55,273.33,400.0,0.0,0.0,4,SIMULATED,SIMULATED,SIMULATED,SIMULATED
15.0,10.0,77,4.17,400.0,215.0,0.0,4,SIMULATED,SIMULATED,SIMULATED,SIMULATED
15.2,10.2,11,285.83,400.0,0.0,0.0,4,SIMULATED,SIMULATED,SIMULATED,SIMULATED
15.2,10.2,55,273.33,400.0,0.0,0.0,4,SIMULATED,SIMULATED,SIMULATED,SIMULATED
15.2,10.2,77,0.0,392.22,215.0,0.0,4,SIMULATED,SIMULATED,SIMULATED,SIMULATED
15.4,10.4,11,285.83,400.0,0.0,0.0,4,SIMULATED,SIMULATED,SIMULATED,SIMULATED
15.4,10.4,55,273.33,400.0,0.0,0.0,4,SIMULATED,SIMULATED,SIMULATED,SIMULATED
15.4,10.4,77,0.0,380.28,215.0,0.0,4,SIMULATED,SIMULATED,SIMULATED,SIMULATED
15.6,10.6,11,285.83,400.0,0.0,0.0,4,SIMULATED,SIMULATED,SIMULATED,SIMULATED
15.6,10.6,55,273.33,400.0,0.0,0.0,4,SIMULATED,SIMULATED,SIMULATED,SIMULATED
15.6,10.6,77,0.0,368.33,215.0,0.0,4,SIMULATED,SIMULATED,SIMULATED,SIMULATED
15.8,10.8,11,285.83,400.0,0.0,0.0,4,SIMULATED,SIMULATED,SIMULATED,SIMULATED
15.8,10.8,55,273.33,400.0,0.0,0.0,4,SIMULATED,SIMULATED,SIMULATED,SIMULATED
15.8,10.8,77,0.0,356.39,215.0,0.0,4,SIMULATED,SIMULATED,SIMULATED,SIMULATED
16.0,11.0,11,285.83,400.0,0.0,0.0,4,SIMULATED,SIMULATED,SIMULATED,SIMULATED
16.0,11.0,55,273.33,400.0,0.0,0.0,4,SIMULATED,SIMULATED,SIMULATED,SIMULATED
16.0,11.0,77,0.0,344.44,215.0,0.0,4,SIMULATED,SIMULATED,SIMULATED,SIMULATED
16.2,11.2,11,285.83,400.0,0.0,0.0,4,SIMULATED,SIMULATED,SIMULATED,SIMULATED
16.2,11.2,55,273.33,400.0,0.0,0.0,4,SIMULATED,SIMULATED,SIMULATED,SIMULATED
16.2,11.2,77,0.0,332.5,215.0,0.0,4,SIMULATED,SIMULATED,SIMULATED,SIMULATED
16.4,11.4,11,285.83,400.0,0.0,0.0,4,SIMULATED,SIMULATED,SIMULATED,SIMULATED
16.4,11.4,55,273.33,400.0,0.0,0.0,4,SIMULATED,SIMULATED,SIMULATED,SIMULATED
16.4,11.4,77,0.0,320.56,215.0,0.0,4,SIMULATED,SIMULATED,SIMULATED,SIMULATED
16.6,11.6,11,285.83,400.0,0.0,0.0,4,SIMULATED,SIMULATED,SIMULATED,SIMULATED
16.6,11.6,55,273.33,400.0,0.0,0.0,4,SIMULATED,SIMULATED,SIMULATED,SIMULATED
16.6,11.6,77,0.0,308.61,215.0,0.0,4,SIMULATED,SIMULATED,SIMULATED,SIMULATED
16.8,11.8,11,285.83,400.0,0.0,0.0,4,SIMULATED,SIMULATED,SIMULATED,SIMULATED
16.8,11.8,55,273.33,400.0,0.0,0.0,4,SIMULATED,SIMULATED,SIMULATED,SIMULATED
16.8,11.8,77,0.0,296.67,215.0,0.0,4,SIMULATED,SIMULATED,SIMULATED,SIMULATED
17.0,12.0,11,285.83,400.0,0.0,0.0,4,SIMULATED,SIMULATED,SIMULATED,SIMULATED
17.0,12.0,55,273.33,400.0,0.0,0.0,4,SIMULATED,SIMULATED,SIMULATED,SIMULATED
17.0,12.0,77,0.0,284.72,215.0,0.0,4,SIMULATED,SIMULATED,SIMULATED,SIMULATED
17.2,12.2,11,285.83,400.0,0.0,0.0,4,SIMULATED,SIMULATED,SIMULATED,SIMULATED
17.2,12.2,55,273.33,400.0,0.0,0.0,4,SIMULATED,SIMULATED,SIMULATED,SIMULATED
17.2,12.2,77,0.0,272.78,215.0,0.0,4,SIMULATED,SIMULATED,SIMULATED,SIMULATED
17.4,12.4,11,285.83,400.0,0.0,0.0,4,SIMULATED,SIMULATED,SIMULATED,SIMULATED
17.4,12.4,55,273.33,400.0,0.0,0.0,4,SIMULATED,SIMULATED,SIMULATED,SIMULATED
17.4,12.4,77,0.0,260.83,215.0,0.0,4,SIMULATED,SIMULATED,SIMULATED,SIMULATED
17.6,12.6,11,285.83,400.0,0.0,0.0,4,SIMULATED,SIMULATED,SIMULATED,SIMULATED
17.6,12.6,55,273.33,400.0,0.0,0.0,4,SIMULATED,SIMULATED,SIMULATED,SIMULATED
17.6,12.6,77,0.0,248.89,215.0,0.0,4,SIMULATED,SIMULATED,SIMULATED,SIMULATED
17.8,12.8,11,285.83,400.0,0.0,0.0,4,SIMULATED,SIMULATED,SIMULATED,SIMULATED
17.8,12.8,55,273.33,400.0,0.0,0.0,4,SIMULATED,SIMULATED,SIMULATED,SIMULATED
17.8,12.8,77,0.0,236.94,215.0,0.0,4,SIMULATED,SIMULATED,SIMULATED,SIMULATED
18.0,13.0,11,285.83,400.0,0.0,0.0,4,SIMULATED,SIMULATED,SIMULATED,SIMULATED
18.0,13.0,55,273.33,400.0,0.0,0.0,4,SIMULATED,SIMULATED,SIMULATED,SIMULATED
18.0,13.0,77,0.0,225.0,215.0,0.0,4,SIMULATED,SIMULATED,SIMULATED,SIMULATED
18.2,13.2,11,285.83,400.0,0.0,0.0,4,SIMULATED,SIMULATED,SIMULATED,SIMULATED
18.2,13.2,55,273.33,400.0,0.0,0.0,4,SIMULATED,SIMULATED,SIMULATED,SIMULATED
18.2,13.2,77,0.0,213.06,215.0,0.0,4,SIMULATED,SIMULATED,SIMULATED,SIMULATED
18.4,13.4,11,285.83,400.0,0.0,0.0,4,SIMULATED,SIMULATED,SIMULATED,SIMULATED
18.4,13.4,55,273.33,400.0,0.0,0.0,4,SIMULATED,SIMULATED,SIMULATED,SIMULATED
18.4,13.4,77,0.0,201.11,215.0,0.0,4,SIMULATED,SIMULATED,SIMULATED,SIMULATED
18.6,13.6,11,285.83,400.0,0.0,0.0,4,SIMULATED,SIMULATED,SIMULATED,SIMULATED
18.6,13.6,55,273.33,400.0,0.0,0.0,4,SIMULATED,SIMULATED,SIMULATED,SIMULATED
18.6,13.6,77,0.0,189.17,215.0,0.0,4,SIMULATED,SIMULATED,SIMULATED,SIMULATED
18.8,13.8,11,285.83,400.0,0.0,0.0,4,SIMULATED,SIMULATED,SIMULATED,SIMULATED
18.8,13.8,55,273.33,400.0,0.0,0.0,4,SIMULATED,SIMULATED,SIMULATED,SIMULATED
18.8,13.8,77,0.0,177.22,215.0,0.0,4,SIMULATED,SIMULATED,SIMULATED,SIMULATED
19.0,14.0,11,285.83,400.0,0.0,0.0,4,SIMULATED,SIMULATED,SIMULATED,SIMULATED
19.0,14.0,55,273.33,400.0,0.0,0.0,4,SIMULATED,SIMULATED,SIMULATED,SIMULATED
19.0,14.0,77,0.0,165.28,215.0,0.0,4,SIMULATED,SIMULATED,SIMULATED,SIMULATED
19.2,14.2,11,285.83,400.0,0.0,0.0,4,SIMULATED,SIMULATED,SIMULATED,SIMULATED
19.2,14.2,55,273.33,400.0,0.0,0.0,4,SIMULATED,SIMULATED,SIMULATED,SIMULATED
19.2,14.2,77,0.0,153.33,215.0,0.0,4,SIMULATED,SIMULATED,SIMULATED,SIMULATED
19.4,14.4,11,285.83,400.0,0.0,0.0,4,SIMULATED,SIMULATED,SIMULATED,SIMULATED
19.4,14.4,55,273.33,400.0,0.0,0.0,4,SIMULATED,SIMULATED,SIMULATED,SIMULATED
19.4,14.4,77,0.0,141.39,215.0,0.0,4,SIMULATED,SIMULATED,SIMULATED,SIMULATED
19.6,14.6,11,285.83,400.0,0.0,0.0,4,SIMULATED,SIMULATED,SIMULATED,SIMULATED
19.6,14.6,55,273.33,400.0,0.0,0.0,4,SIMULATED,SIMULATED,SIMULATED,SIMULATED
19.6,14.6,77,0.0,129.44,215.0,0.0,4,SIMULATED,SIMULATED,SIMULATED,SIMULATED
19.8,14.8,11,285.83,400.0,0.0,0.0,4,SIMULATED,SIMULATED,SIMULATED,SIMULATED
19.8,14.8,55,273.33,400.0,0.0,0.0,4,SIMULATED,SIMULATED,SIMULATED,SIMULATED
19.8,14.8,77,0.0,117.5,215.0,0.0,4,SIMULATED,SIMULATED,SIMULATED,SIMULATED
20.0,15.0,11,285.83,400.0,0.0,0.0,4,SIMULATED,SIMULATED,SIMULATED,SIMULATED
20.0,15.0,55,273.33,400.0,0.0,0.0,4,SIMULATED,SIMULATED,SIMULATED,SIMULATED
20.0,15.0,77,0.0,105.56,215.0,0.0,4,SIMULATED,SIMULATED,SIMULATED,SIMULATED
20.2,15.2,11,285.83,400.0,0.0,0.0,4,SIMULATED,SIMULATED,SIMULATED,SIMULATED
20.2,15.2,55,273.33,400.0,0.0,0.0,4,SIMULATED,SIMULATED,SIMULATED,SIMULATED
20.2,15.2,77,0.0,93.61,215.0,0.0,4,SIMULATED,SIMULATED,SIMULATED,SIMULATED
20.4,15.4,11,285.83,400.0,0.0,0.0,4,SIMULATED,SIMULATED,SIMULATED,SIMULATED
20.4,15.4,55,273.33,400.0,0.0,0.0,4,SIMULATED,SIMULATED,SIMULATED,SIMULATED
20.4,15.4,77,0.0,81.67,215.0,0.0,4,SIMULATED,SIMULATED,SIMULATED,SIMULATED
20.6,15.6,11,285.83,400.0,0.0,0.0,4,SIMULATED,SIMULATED,SIMULATED,SIMULATED
20.6,15.6,55,273.33,400.0,0.0,0.0,4,SIMULATED,SIMULATED,SIMULATED,SIMULATED
20.6,15.6,77,0.0,69.72,215.0,0.0,4,SIMULATED,SIMULATED,SIMULATED,SIMULATED
20.8,15.8,11,285.83,400.0,0.0,0.0,4,SIMULATED,SIMULATED,SIMULATED,SIMULATED
20.8,15.8,55,273.33,400.0,0.0,0.0,4,SIMULATED,SIMULATED,SIMULATED,SIMULATED
20.8,15.8,77,0.0,57.78,215.0,0.0,4,SIMULATED,SIMULATED,SIMULATED,SIMULATED
21.0,16.0,11,285.83,400.0,0.0,0.0,4,SIMULATED,SIMULATED,SIMULATED,SIMULATED
21.0,16.0,55,273.33,400.0,0.0,0.0,4,SIMULATED,SIMULATED,SIMULATED,SIMULATED
21.0,16.0,77,0.0,45.83,215.0,0.0,4,SIMULATED,SIMULATED,SIMULATED,SIMULATED
21.2,16.2,11,285.83,400.0,0.0,0.0,4,SIMULATED,SIMULATED,SIMULATED,SIMULATED
21.2,16.2,55,273.33,400.0,0.0,0.0,4,SIMULATED,SIMULATED,SIMULATED,SIMULATED
21.2,16.2,77,0.0,33.89,215.0,0.0,4,SIMULATED,SIMULATED,SIMULATED,SIMULATED
21.4,16.4,11,285.83,400.0,0.0,0.0,4,SIMULATED,SIMULATED,SIMULATED,SIMULATED
21.4,16.4,55,273.33,400.0,0.0,0.0,4,SIMULATED,SIMULATED,SIMULATED,SIMULATED
21.4,16.4,77,0.0,21.94,215.0,0.0,4,SIMULATED,SIMULATED,SIMULATED,SIMULATED
21.6,16.6,11,285.83,400.0,0.0,0.0,4,SIMULATED,SIMULATED,SIMULATED,SIMULATED
21.6,16.6,55,273.33,400.0,0.0,0.0,4,SIMULATED,SIMULATED,SIMULATED,SIMULATED
21.6,16.6,77,0.0,10.0,215.0,0.0,4,SIMULATED,SIMULATED,SIMULATED,SIMULATED
21.8,16.8,11,285.83,400.0,0.0,0.0,4,SIMULATED,SIMULATED,SIMULATED,SIMULATED
21.8,16.8,55,273.33,400.0,0.0,0.0,4,SIMULATED,SIMULATED,SIMULATED,SIMULATED
21.8,16.8,77,1.94,0.0,215.0,0.0,1,SIMULATED,SIMULATED,SIMULATED,SIMULATED
22.0,17.0,11,285.83,400.0,0.0,0.0,4,SIMULATED,SIMULATED,SIMULATED,SIMULATED
22.0,17.0,55,273.33,400.0,0.0,0.0,4,SIMULATED,SIMULATED,SIMULATED,SIMULATED
22.0,17.0,77,13.89,0.0,215.0,0.0,1,SIMULATED,SIMULATED,SIMULATED,SIMULATED
22.2,17.2,11,285.83,400.0,0.0,0.0,4,SIMULATED,SIMULATED,SIMULATED,SIMULATED
22.2,17.2,55,273.33,400.0,0.0,0.0,4,SIMULATED,SIMULATED,SIMULATED,SIMULATED
22.2,17.2,77,25.83,0.0,215.0,0.0,1,SIMULATED,SIMULATED,SIMULATED,SIMULATED
22.4,17.4,11,285.83,400.0,0.0,0.0,4,SIMULATED,SIMULATED,SIMULATED,SIMULATED
22.4,17.4,55,273.33,400.0,0.0,0.0,4,SIMULATED,SIMULATED,SIMULATED,SIMULATED
22.4,17.4,77,37.78,0.0,215.0,0.0,1,SIMULATED,SIMULATED,SIMULATED,SIMULATED
22.6,17.6,11,285.83,400.0,0.0,0.0,4,SIMULATED,SIMULATED,SIMULATED,SIMULATED
22.6,17.6,55,273.33,400.0,0.0,0.0,4,SIMULATED,SIMULATED,SIMULATED,SIMULATED
22.6,17.6,77,49.72,0.0,215.0,0.0,1,SIMULATED,SIMULATED,SIMULATED,SIMULATED
22.8,17.8,11,285.83,400.0,0.0,0.0,4,SIMULATED,SIMULATED,SIMULATED,SIMULATED
22.8,17.8,55,273.33,400.0,0.0,0.0,4,SIMULATED,SIMULATED,SIMULATED,SIMULATED
22.8,17.8,77,61.67,0.0,215.0,0.0,1,SIMULATED,SIMULATED,SIMULATED,SIMULATED
23.0,18.0,11,285.83,400.0,0.0,0.0,4,SIMULATED,SIMULATED,SIMULATED,SIMULATED
23.0,18.0,55,273.33,400.0,0.0,0.0,4,SIMULATED,SIMULATED,SIMULATED,SIMULATED
23.0,18.0,77,73.61,0.0,215.0,0.0,1,SIMULATED,SIMULATED,SIMULATED,SIMULATED
23.2,18.2,11,285.83,400.0,0.0,0.0,4,SIMULATED,SIMULATED,SIMULATED,SIMULATED
23.2,18.2,55,273.33,400.0,0.0,0.0,4,SIMULATED,SIMULATED,SIMULATED,SIMULATED
23.2,18.2,77,85.56,0.0,215.0,0.0,1,SIMULATED,SIMULATED,SIMULATED,SIMULATED
23.4,18.4,11,285.83,400.0,0.0,0.0,4,SIMULATED,SIMULATED,SIMULATED,SIMULATED
23.4,18.4,55,273.33,400.0,0.0,0.0,4,SIMULATED,SIMULATED,SIMULATED,SIMULATED
23.4,18.4,77,97.5,0.0,215.0,0.0,1,SIMULATED,SIMULATED,SIMULATED,SIMULATED
23.6,18.6,11,285.83,400.0,0.0,0.0,4,SIMULATED,SIMULATED,SIMULATED,SIMULATED
23.6,18.6,55,273.33,400.0,0.0,0.0,4,SIMULATED,SIMULATED,SIMULATED,SIMULATED
23.6,18.6,77,109.44,0.0,215.0,0.0,1,SIMULATED,SIMULATED,SIMULATED,SIMULATED
23.8,18.8,11,285.83,400.0,0.0,0.0,4,SIMULATED,SIMULATED,SIMULATED,SIMULATED
23.8,18.8,55,273.33,400.0,0.0,0.0,4,SIMULATED,SIMULATED,SIMULATED,SIMULATED
23.8,18.8,77,121.39,0.0,215.0,0.0,1,SIMULATED,SIMULATED,SIMULATED,SIMULATED
24.0,19.0,11,285.83,400.0,0.0,0.0,4,SIMULATED,SIMULATED,SIMULATED,SIMULATED
24.0,19.0,55,273.33,400.0,0.0,0.0,4,SIMULATED,SIMULATED,SIMULATED,SIMULATED
24.0,19.0,77,133.33,0.0,215.0,0.0,1,SIMULATED,SIMULATED,SIMULATED,SIMULATED
24.2,19.2,11,285.83,400.0,0.0,0.0,4,SIMULATED,SIMULATED,SIMULATED,SIMULATED
24.2,19.2,55,273.33,400.0,0.0,0.0,4,SIMULATED,SIMULATED,SIMULATED,SIMULATED
24.2,19.2,77,145.28,0.0,215.0,0.0,1,SIMULATED,SIMULATED,SIMULATED,SIMULATED
24.4,19.4,11,285.83,400.0,0.0,0.0,4,SIMULATED,SIMULATED,SIMULATED,SIMULATED
24.4,19.4,55,273.33,400.0,0.0,0.0,4,SIMULATED,SIMULATED,SIMULATED,SIMULATED
24.4,19.4,77,157.22,0.0,215.0,0.0,1,SIMULATED,SIMULATED,SIMULATED,SIMULATED
24.6,19.6,11,285.83,400.0,0.0,0.0,4,SIMULATED,SIMULATED,SIMULATED,SIMULATED
24.6,19.6,55,273.33,400.0,0.0,0.0,4,SIMULATED,SIMULATED,SIMULATED,SIMULATED
24.6,19.6,77,169.17,0.0,215.0,0.0,1,SIMULATED,SIMULATED,SIMULATED,SIMULATED
24.8,19.8,11,285.83,400.0,0.0,0.0,4,SIMULATED,SIMULATED,SIMULATED,SIMULATED
24.8,19.8,55,273.33,400.0,0.0,0.0,4,SIMULATED,SIMULATED,SIMULATED,SIMULATED
24.8,19.8,77,181.11,0.0,215.0,0.0,1,SIMULATED,SIMULATED,SIMULATED,SIMULATED
25.0,20.0,11,285.83,400.0,0.0,0.0,4,SIMULATED,SIMULATED,SIMULATED,SIMULATED
25.0,20.0,55,273.33,400.0,0.0,0.0,4,SIMULATED,SIMULATED,SIMULATED,SIMULATED
25.0,20.0,77,193.06,0.0,215.0,0.0,1,SIMULATED,SIMULATED,SIMULATED,SIMULATED
25.2,20.2,11,285.83,400.0,0.0,0.0,4,SIMULATED,SIMULATED,SIMULATED,SIMULATED
25.2,20.2,55,273.33,400.0,0.0,0.0,4,SIMULATED,SIMULATED,SIMULATED,SIMULATED
25.2,20.2,77,205.0,0.0,215.0,0.0,1,SIMULATED,SIMULATED,SIMULATED,SIMULATED
25.4,20.4,11,285.83,400.0,0.0,0.0,4,SIMULATED,SIMULATED,SIMULATED,SIMULATED
25.4,20.4,55,273.33,400.0,0.0,0.0,4,SIMULATED,SIMULATED,SIMULATED,SIMULATED
25.4,20.4,77,216.94,0.0,215.0,0.0,1,SIMULATED,SIMULATED,SIMULATED,SIMULATED
25.6,20.6,11,285.83,400.0,0.0,0.0,4,SIMULATED,SIMULATED,SIMULATED,SIMULATED
25.6,20.6,55,273.33,400.0,0.0,0.0,4,SIMULATED,SIMULATED,SIMULATED,SIMULATED
25.6,20.6,77,228.89,0.0,215.0,0.0,1,SIMULATED,SIMULATED,SIMULATED,SIMULATED
25.8,20.8,11,285.83,400.0,0.0,0.0,4,SIMULATED,SIMULATED,SIMULATED,SIMULATED
25.8,20.8,55,273.33,400.0,0.0,0.0,4,SIMULATED,SIMULATED,SIMULATED,SIMULATED
25.8,20.8,77,240.83,0.0,215.0,0.0,1,SIMULATED,SIMULATED,SIMULATED,SIMULATED
26.0,21.0,11,285.83,400.0,0.0,0.0,4,SIMULATED,SIMULATED,SIMULATED,SIMULATED
26.0,21.0,55,273.33,400.0,0.0,0.0,4,SIMULATED,SIMULATED,SIMULATED,SIMULATED
26.0,21.0,77,252.78,0.0,215.0,0.0,1,SIMULATED,SIMULATED,SIMULATED,SIMULATED
26.2,21.2,11,285.83,400.0,0.0,0.0,4,SIMULATED,SIMULATED,SIMULATED,SIMULATED
26.2,21.2,55,273.33,400.0,0.0,0.0,4,SIMULATED,SIMULATED,SIMULATED,SIMULATED
26.2,21.2,77,264.72,0.0,215.0,0.0,1,SIMULATED,SIMULATED,SIMULATED,SIMULATED
26.4,21.4,11,285.83,400.0,0.0,0.0,4,SIMULATED,SIMULATED,SIMULATED,SIMULATED
26.4,21.4,55,273.33,400.0,0.0,0.0,4,SIMULATED,SIMULATED,SIMULATED,SIMULATED
26.4,21.4,77,276.67,0.0,215.0,0.0,1,SIMULATED,SIMULATED,SIMULATED,SIMULATED
26.6,21.6,11,285.83,400.0,0.0,0.0,4,SIMULATED,SIMULATED,SIMULATED,SIMULATED
26.6,21.6,55,273.33,400.0,0.0,0.0,4,SIMULATED,SIMULATED,SIMULATED,SIMULATED
26.6,21.6,77,288.61,0.0,215.0,0.0,1,SIMULATED,SIMULATED,SIMULATED,SIMULATED
26.8,21.8,11,285.83,400.0,0.0,0.0,4,SIMULATED,SIMULATED,SIMULATED,SIMULATED
26.8,21.8,55,273.33,400.0,0.0,0.0,4,SIMULATED,SIMULATED,SIMULATED,SIMULATED
26.8,21.8,77,300.56,0.0,215.0,0.0,1,SIMULATED,SIMULATED,SIMULATED,SIMULATED
27.0,22.0,11,285.83,400.0,0.0,0.0,4,SIMULATED,SIMULATED,SIMULATED,SIMULATED
27.0,22.0,55,273.33,400.0,0.0,0.0,4,SIMULATED,SIMULATED,SIMULATED,SIMULATED
27.0,22.0,77,312.5,0.0,215.0,0.0,1,SIMULATED,SIMULATED,SIMULATED,SIMULATED
27.2,22.2,11,285.83,400.0,0.0,0.0,4,SIMULATED,SIMULATED,SIMULATED,SIMULATED
27.2,22.2,55,273.33,400.0,0.0,0.0,4,SIMULATED,SIMULATED,SIMULATED,SIMULATED
27.2,22.2,77,324.44,0.0,215.0,0.0,1,SIMULATED,SIMULATED,SIMULATED,SIMULATED
27.4,22.4,11,285.83,400.0,0.0,0.0,4,SIMULATED,SIMULATED,SIMULATED,SIMULATED
27.4,22.4,55,273.33,400.0,0.0,0.0,4,SIMULATED,SIMULATED,SIMULATED,SIMULATED
27.4,22.4,77,336.39,0.0,215.0,0.0,1,SIMULATED,SIMULATED,SIMULATED,SIMULATED
27.6,22.6,11,285.83,400.0,0.0,0.0,4,SIMULATED,SIMULATED,SIMULATED,SIMULATED
27.6,22.6,55,273.33,400.0,0.0,0.0,4,SIMULATED,SIMULATED,SIMULATED,SIMULATED
27.6,22.6,77,348.33,0.0,215.0,0.0,1,SIMULATED,SIMULATED,SIMULATED,SIMULATED
27.8,22.8,11,285.83,400.0,0.0,0.0,4,SIMULATED,SIMULATED,SIMULATED,SIMULATED
27.8,22.8,55,273.33,400.0,0.0,0.0,4,SIMULATED,SIMULATED,SIMULATED,SIMULATED
27.8,22.8,77,360.28,0.0,215.0,0.0,1,SIMULATED,SIMULATED,SIMULATED,SIMULATED
28.0,23.0,11,285.83,400.0,0.0,0.0,4,SIMULATED,SIMULATED,SIMULATED,SIMULATED
28.0,23.0,55,273.33,400.0,0.0,0.0,4,SIMULATED,SIMULATED,SIMULATED,SIMULATED
28.0,23.0,77,372.22,0.0,215.0,0.0,1,SIMULATED,SIMULATED,SIMULATED,SIMULATED
28.2,23.2,11,285.83,400.0,0.0,0.0,4,SIMULATED,SIMULATED,SIMULATED,SIMULATED
28.2,23.2,55,273.33,400.0,0.0,0.0,4,SIMULATED,SIMULATED,SIMULATED,SIMULATED
28.2,23.2,77,384.17,0.0,215.0,0.0,1,SIMULATED,SIMULATED,SIMULATED,SIMULATED
28.4,23.4,11,285.83,400.0,0.0,0.0,4,SIMULATED,SIMULATED,SIMULATED,SIMULATED
28.4,23.4,55,273.33,400.0,0.0,0.0,4,SIMULATED,SIMULATED,SIMULATED,SIMULATED
28.4,23.4,77,396.11,0.0,215.0,0.0,1,SIMULATED,SIMULATED,SIMULATED,SIMULATED
28.6,23.6,11,285.83,400.0,0.0,0.0,4,SIMULATED,SIMULATED,SIMULATED,SIMULATED
28.6,23.6,55,273.33,400.0,0.0,0.0,4,SIMULATED,SIMULATED,SIMULATED,SIMULATED
28.6,23.6,77,408.06,0.0,215.0,0.0,1,SIMULATED,SIMULATED,SIMULATED,SIMULATED
28.8,23.8,11,285.83,400.0,0.0,0.0,4,SIMULATED,SIMULATED,SIMULATED,SIMULATED
28.8,23.8,55,273.33,400.0,0.0,0.0,4,SIMULATED,SIMULATED,SIMULATED,SIMULATED
28.8,23.8,77,420.0,0.0,215.0,0.0,1,SIMULATED,SIMULATED,SIMULATED,SIMULATED
29.0,24.0,11,285.83,400.0,0.0,0.0,4,SIMULATED,SIMULATED,SIMULATED,SIMULATED
29.0,24.0,55,273.33,400.0,0.0,0.0,4,SIMULATED,SIMULATED,SIMULATED,SIMULATED
29.0,24.0,77,431.94,0.0,215.0,0.0,1,SIMULATED,SIMULATED,SIMULATED,SIMULATED
29.2,24.2,11,285.83,400.0,0.0,0.0,4,SIMULATED,SIMULATED,SIMULATED,SIMULATED
29.2,24.2,55,273.33,400.0,0.0,0.0,4,SIMULATED,SIMULATED,SIMULATED,SIMULATED
29.2,24.2,77,443.89,0.0,215.0,0.0,1,SIMULATED,SIMULATED,SIMULATED,SIMULATED
29.4,24.4,11,285.83,400.0,0.0,0.0,4,SIMULATED,SIMULATED,SIMULATED,SIMULATED
29.4,24.4,55,273.33,400.0,0.0,0.0,4,SIMULATED,SIMULATED,SIMULATED,SIMULATED
29.4,24.4,77,455.83,0.0,215.0,0.0,1,SIMULATED,SIMULATED,SIMULATED,SIMULATED
29.6,24.6,11,285.83,400.0,0.0,0.0,4,SIMULATED,SIMULATED,SIMULATED,SIMULATED
29.6,24.6,55,273.33,400.0,0.0,0.0,4,SIMULATED,SIMULATED,SIMULATED,SIMULATED
29.6,24.6,77,467.78,0.0,215.0,0.0,1,SIMULATED,SIMULATED,SIMULATED,SIMULATED
29.8,24.8,11,285.83,400.0,0.0,0.0,4,SIMULATED,SIMULATED,SIMULATED,SIMULATED
29.8,24.8,55,273.33,400.0,0.0,0.0,4,SIMULATED,SIMULATED,SIMULATED,SIMULATED
29.8,24.8,77,479.72,0.0,215.0,0.0,1,SIMULATED,SIMULATED,SIMULATED,SIMULATED
30.0,25.0,11,285.83,400.0,0.0,0.0,4,SIMULATED,SIMULATED,SIMULATED,SIMULATED
30.0,25.0,55,273.33,400.0,0.0,0.0,4,SIMULATED,SIMULATED,SIMULATED,SIMULATED
30.0,25.0,77,491.67,0.0,215.0,0.0,1,SIMULATED,SIMULATED,SIMULATED,SIMULATED
30.2,25.2,11,285.83,400.0,0.0,0.0,4,SIMULATED,SIMULATED,SIMULATED,SIMULATED
30.2,25.2,55,273.33,400.0,0.0,0.0,4,SIMULATED,SIMULATED,SIMULATED,SIMULATED
30.2,25.2,77,503.61,0.0,215.0,0.0,1,SIMULATED,SIMULATED,SIMULATED,SIMULATED
30.4,25.4,11,285.83,400.0,0.0,0.0,4,SIMULATED,SIMULATED,SIMULATED,SIMULATED
30.4,25.4,55,273.33,400.0,0.0,0.0,4,SIMULATED,SIMULATED,SIMULATED,SIMULATED
30.4,25.4,77,515.56,0.0,215.0,0.0,1,SIMULATED,SIMULATED,SIMULATED,SIMULATED
30.6,25.6,11,285.83,400.0,0.0,0.0,4,SIMULATED,SIMULATED,SIMULATED,SIMULATED
30.6,25.6,55,273.33,400.0,0.0,0.0,4,SIMULATED,SIMULATED,SIMULATED,SIMULATED
30.6,25.6,77,527.5,0.0,215.0,0.0,1,SIMULATED,SIMULATED,SIMULATED,SIMULATED
30.8,25.8,11,285.83,400.0,0.0,0.0,4,SIMULATED,SIMULATED,SIMULATED,SIMULATED
30.8,25.8,55,273.33,400.0,0.0,0.0,4,SIMULATED,SIMULATED,SIMULATED,SIMULATED
30.8,25.8,77,539.44,0.0,215.0,0.0,1,SIMULATED,SIMULATED,SIMULATED,SIMULATED
31.0,26.0,11,285.83,400.0,0.0,0.0,4,SIMULATED,SIMULATED,SIMULATED,SIMULATED
31.0,26.0,55,273.33,400.0,0.0,0.0,4,SIMULATED,SIMULATED,SIMULATED,SIMULATED
31.0,26.0,77,551.39,0.0,215.0,0.0,1,SIMULATED,SIMULATED,SIMULATED,SIMULATED
31.2,26.2,11,285.83,400.0,0.0,0.0,4,SIMULATED,SIMULATED,SIMULATED,SIMULATED
31.2,26.2,55,273.33,400.0,0.0,0.0,4,SIMULATED,SIMULATED,SIMULATED,SIMULATED
31.2,26.2,77,563.33,0.0,215.0,0.0,1,SIMULATED,SIMULATED,SIMULATED,SIMULATED
31.4,26.4,11,285.83,400.0,0.0,0.0,4,SIMULATED,SIMULATED,SIMULATED,SIMULATED
31.4,26.4,55,273.33,400.0,0.0,0.0,4,SIMULATED,SIMULATED,SIMULATED,SIMULATED
31.4,26.4,77,575.28,0.0,215.0,0.0,1,SIMULATED,SIMULATED,SIMULATED,SIMULATED
31.6,26.6,11,285.83,400.0,0.0,0.0,4,SIMULATED,SIMULATED,SIMULATED,SIMULATED
31.6,26.6,55,273.33,400.0,0.0,0.0,4,SIMULATED,SIMULATED,SIMULATED,SIMULATED
31.6,26.6,77,587.22,0.0,215.0,0.0,1,SIMULATED,SIMULATED,SIMULATED,SIMULATED
31.8,26.8,11,285.83,400.0,0.0,0.0,4,SIMULATED,SIMULATED,SIMULATED,SIMULATED
31.8,26.8,55,273.33,400.0,0.0,0.0,4,SIMULATED,SIMULATED,SIMULATED,SIMULATED
31.8,26.8,77,599.17,0.0,215.0,0.0,1,SIMULATED,SIMULATED,SIMULATED,SIMULATED
32.0,27.0,11,285.83,400.0,0.0,0.0,4,SIMULATED,SIMULATED,SIMULATED,SIMULATED
32.0,27.0,55,273.33,400.0,0.0,0.0,4,SIMULATED,SIMULATED,SIMULATED,SIMULATED
32.0,27.0,77,611.11,0.0,215.0,0.0,1,SIMULATED,SIMULATED,SIMULATED,SIMULATED
32.2,27.2,11,285.83,400.0,0.0,0.0,4,SIMULATED,SIMULATED,SIMULATED,SIMULATED
32.2,27.2,55,273.33,400.0,0.0,0.0,4,SIMULATED,SIMULATED,SIMULATED,SIMULATED
32.2,27.2,77,623.06,0.0,215.0,0.0,1,SIMULATED,SIMULATED,SIMULATED,SIMULATED
32.4,27.4,11,285.83,400.0,0.0,0.0,4,SIMULATED,SIMULATED,SIMULATED,SIMULATED
32.4,27.4,55,273.33,400.0,0.0,0.0,4,SIMULATED,SIMULATED,SIMULATED,SIMULATED
32.4,27.4,77,635.0,0.0,215.0,0.0,1,SIMULATED,SIMULATED,SIMULATED,SIMULATED
32.6,27.6,11,285.83,400.0,0.0,0.0,4,SIMULATED,SIMULATED,SIMULATED,SIMULATED
32.6,27.6,55,273.33,400.0,0.0,0.0,4,SIMULATED,SIMULATED,SIMULATED,SIMULATED
32.6,27.6,77,646.94,0.0,215.0,0.0,1,SIMULATED,SIMULATED,SIMULATED,SIMULATED
32.8,27.8,11,285.83,400.0,0.0,0.0,4,SIMULATED,SIMULATED,SIMULATED,SIMULATED
32.8,27.8,55,273.33,400.0,0.0,0.0,4,SIMULATED,SIMULATED,SIMULATED,SIMULATED
32.8,27.8,77,658.89,0.0,215.0,0.0,1,SIMULATED,SIMULATED,SIMULATED,SIMULATED
33.0,28.0,11,285.83,400.0,0.0,0.0,4,SIMULATED,SIMULATED,SIMULATED,SIMULATED
33.0,28.0,55,273.33,400.0,0.0,0.0,4,SIMULATED,SIMULATED,SIMULATED,SIMULATED
33.0,28.0,77,670.83,0.0,215.0,0.0,1,SIMULATED,SIMULATED,SIMULATED,SIMULATED
33.2,28.2,11,285.83,400.0,0.0,0.0,4,SIMULATED,SIMULATED,SIMULATED,SIMULATED
33.2,28.2,55,273.33,400.0,0.0,0.0,4,SIMULATED,SIMULATED,SIMULATED,SIMULATED
33.2,28.2,77,682.78,0.0,215.0,0.0,1,SIMULATED,SIMULATED,SIMULATED,SIMULATED
33.4,28.4,11,285.83,400.0,0.0,0.0,4,SIMULATED,SIMULATED,SIMULATED,SIMULATED
33.4,28.4,55,273.33,400.0,0.0,0.0,4,SIMULATED,SIMULATED,SIMULATED,SIMULATED
33.4,28.4,77,694.72,0.0,215.0,0.0,1,SIMULATED,SIMULATED,SIMULATED,SIMULATED
33.6,28.6,11,285.83,400.0,0.0,0.0,4,SIMULATED,SIMULATED,SIMULATED,SIMULATED
33.6,28.6,55,273.33,400.0,0.0,0.0,4,SIMULATED,SIMULATED,SIMULATED,SIMULATED
33.6,28.6,77,706.67,0.0,215.0,0.0,1,SIMULATED,SIMULATED,SIMULATED,SIMULATED
33.8,28.8,11,285.83,400.0,0.0,0.0,4,SIMULATED,SIMULATED,SIMULATED,SIMULATED
33.8,28.8,55,273.33,400.0,0.0,0.0,4,SIMULATED,SIMULATED,SIMULATED,SIMULATED
33.8,28.8,77,718.61,0.0,215.0,0.0,1,SIMULATED,SIMULATED,SIMULATED,SIMULATED
34.0,29.0,11,285.83,400.0,0.0,0.0,4,SIMULATED,SIMULATED,SIMULATED,SIMULATED
34.0,29.0,55,273.33,400.0,0.0,0.0,4,SIMULATED,SIMULATED,SIMULATED,SIMULATED
34.0,29.0,77,730.56,0.0,215.0,0.0,1,SIMULATED,SIMULATED,SIMULATED,SIMULATED
34.2,29.2,11,285.83,400.0,0.0,0.0,4,SIMULATED,SIMULATED,SIMULATED,SIMULATED
34.2,29.2,55,273.33,400.0,0.0,0.0,4,SIMULATED,SIMULATED,SIMULATED,SIMULATED
34.2,29.2,77,742.5,0.0,215.0,0.0,1,SIMULATED,SIMULATED,SIMULATED,SIMULATED
34.4,29.4,11,285.83,400.0,0.0,0.0,4,SIMULATED,SIMULATED,SIMULATED,SIMULATED
34.4,29.4,55,273.33,400.0,0.0,0.0,4,SIMULATED,SIMULATED,SIMULATED,SIMULATED
34.4,29.4,77,754.44,0.0,215.0,0.0,1,SIMULATED,SIMULATED,SIMULATED,SIMULATED
34.6,29.6,11,285.83,400.0,0.0,0.0,4,SIMULATED,SIMULATED,SIMULATED,SIMULATED
34.6,29.6,55,273.33,400.0,0.0,0.0,4,SIMULATED,SIMULATED,SIMULATED,SIMULATED
34.6,29.6,77,766.39,0.0,215.0,0.0,1,SIMULATED,SIMULATED,SIMULATED,SIMULATED
34.8,29.8,11,285.83,400.0,0.0,0.0,4,SIMULATED,SIMULATED,SIMULATED,SIMULATED
34.8,29.8,55,273.33,400.0,0.0,0.0,4,SIMULATED,SIMULATED,SIMULATED,SIMULATED
34.8,29.8,77,778.33,0.0,215.0,0.0,1,SIMULATED,SIMULATED,SIMULATED,SIMULATED
35.0,30.0,11,285.83,400.0,0.0,0.0,4,SIMULATED,SIMULATED,SIMULATED,SIMULATED
35.0,30.0,55,273.33,400.0,0.0,0.0,4,SIMULATED,SIMULATED,SIMULATED,SIMULATED
35.0,30.0,77,790.28,0.0,215.0,0.0,1,SIMULATED,SIMULATED,SIMULATED,SIMULATED
35.2,30.2,11,285.83,400.0,0.0,0.0,4,SIMULATED,SIMULATED,SIMULATED,SIMULATED
35.2,30.2,55,273.33,400.0,0.0,0.0,4,SIMULATED,SIMULATED,SIMULATED,SIMULATED
35.2,30.2,77,802.22,0.0,215.0,0.0,2,SIMULATED,SIMULATED,SIMULATED,SIMULATED
35.4,30.4,11,285.83,400.0,0.0,0.0,4,SIMULATED,SIMULATED,SIMULATED,SIMULATED
35.4,30.4,55,273.33,400.0,0.0,0.0,4,SIMULATED,SIMULATED,SIMULATED,SIMULATED
35.4,30.4,77,814.17,0.0,215.0,0.0,2,SIMULATED,SIMULATED,SIMULATED,SIMULATED
35.6,30.6,11,285.83,400.0,0.0,0.0,4,SIMULATED,SIMULATED,SIMULATED,SIMULATED
35.6,30.6,55,273.33,400.0,0.0,0.0,4,SIMULATED,SIMULATED,SIMULATED,SIMULATED
35.6,30.6,77,826.11,0.0,215.0,0.0,2,SIMULATED,SIMULATED,SIMULATED,SIMULATED
35.8,30.8,11,285.83,400.0,0.0,0.0,4,SIMULATED,SIMULATED,SIMULATED,SIMULATED
35.8,30.8,55,273.33,400.0,0.0,0.0,4,SIMULATED,SIMULATED,SIMULATED,SIMULATED
35.8,30.8,77,838.06,0.0,215.0,0.0,2,SIMULATED,SIMULATED,SIMULATED,SIMULATED
36.0,31.0,11,285.83,400.0,0.0,0.0,4,SIMULATED,SIMULATED,SIMULATED,SIMULATED
36.0,31.0,55,273.33,400.0,0.0,0.0,4,SIMULATED,SIMULATED,SIMULATED,SIMULATED
36.0,31.0,77,850.0,0.0,215.0,0.0,2,SIMULATED,SIMULATED,SIMULATED,SIMULATED
36.2,31.2,11,285.83,400.0,0.0,0.0,4,SIMULATED,SIMULATED,SIMULATED,SIMULATED
36.2,31.2,55,273.33,400.0,0.0,0.0,4,SIMULATED,SIMULATED,SIMULATED,SIMULATED
36.2,31.2,77,861.94,0.0,215.0,0.0,2,SIMULATED,SIMULATED,SIMULATED,SIMULATED
36.4,31.4,11,285.83,400.0,0.0,0.0,4,SIMULATED,SIMULATED,SIMULATED,SIMULATED
36.4,31.4,55,273.33,400.0,0.0,0.0,4,SIMULATED,SIMULATED,SIMULATED,SIMULATED
36.4,31.4,77,873.89,0.0,215.0,0.0,2,SIMULATED,SIMULATED,SIMULATED,SIMULATED
36.6,31.6,11,285.83,400.0,0.0,0.0,4,SIMULATED,SIMULATED,SIMULATED,SIMULATED
36.6,31.6,55,273.33,400.0,0.0,0.0,4,SIMULATED,SIMULATED,SIMULATED,SIMULATED
36.6,31.6,77,885.83,0.0,215.0,0.0,2,SIMULATED,SIMULATED,SIMULATED,SIMULATED
36.8,31.8,11,285.83,400.0,0.0,0.0,4,SIMULATED,SIMULATED,SIMULATED,SIMULATED
36.8,31.8,55,273.33,400.0,0.0,0.0,4,SIMULATED,SIMULATED,SIMULATED,SIMULATED
36.8,31.8,77,897.78,0.0,215.0,0.0,2,SIMULATED,SIMULATED,SIMULATED,SIMULATED
37.0,32.0,11,285.83,400.0,0.0,0.0,4,SIMULATED,SIMULATED,SIMULATED,SIMULATED
37.0,32.0,55,273.33,400.0,0.0,0.0,4,SIMULATED,SIMULATED,SIMULATED,SIMULATED
37.0,32.0,77,909.72,0.0,215.0,0.0,2,SIMULATED,SIMULATED,SIMULATED,SIMULATED
37.2,32.2,11,285.83,400.0,0.0,0.0,4,SIMULATED,SIMULATED,SIMULATED,SIMULATED
37.2,32.2,55,273.33,400.0,0.0,0.0,4,SIMULATED,SIMULATED,SIMULATED,SIMULATED
37.2,32.2,77,921.67,0.0,215.0,0.0,2,SIMULATED,SIMULATED,SIMULATED,SIMULATED
37.4,32.4,11,285.83,400.0,0.0,0.0,4,SIMULATED,SIMULATED,SIMULATED,SIMULATED
37.4,32.4,55,273.33,400.0,0.0,0.0,4,SIMULATED,SIMULATED,SIMULATED,SIMULATED
37.4,32.4,77,933.61,0.0,215.0,0.0,2,SIMULATED,SIMULATED,SIMULATED,SIMULATED
37.6,32.6,11,285.83,400.0,0.0,0.0,4,SIMULATED,SIMULATED,SIMULATED,SIMULATED
37.6,32.6,55,273.33,400.0,0.0,0.0,4,SIMULATED,SIMULATED,SIMULATED,SIMULATED
37.6,32.6,77,945.56,0.0,215.0,0.0,2,SIMULATED,SIMULATED,SIMULATED,SIMULATED
37.8,32.8,11,285.83,400.0,0.0,0.0,4,SIMULATED,SIMULATED,SIMULATED,SIMULATED
37.8,32.8,55,273.33,400.0,0.0,0.0,4,SIMULATED,SIMULATED,SIMULATED,SIMULATED
37.8,32.8,77,957.5,0.0,215.0,0.0,2,SIMULATED,SIMULATED,SIMULATED,SIMULATED
38.0,33.0,11,285.83,400.0,0.0,0.0,4,SIMULATED,SIMULATED,SIMULATED,SIMULATED
38.0,33.0,55,273.33,400.0,0.0,0.0,4,SIMULATED,SIMULATED,SIMULATED,SIMULATED
38.0,33.0,77,969.44,0.0,215.0,0.0,2,SIMULATED,SIMULATED,SIMULATED,SIMULATED
38.2,33.2,11,285.83,400.0,0.0,0.0,4,SIMULATED,SIMULATED,SIMULATED,SIMULATED
38.2,33.2,55,273.33,400.0,0.0,0.0,4,SIMULATED,SIMULATED,SIMULATED,SIMULATED
38.2,33.2,77,981.39,0.0,215.0,0.0,2,SIMULATED,SIMULATED,SIMULATED,SIMULATED
38.4,33.4,11,285.83,400.0,0.0,0.0,4,SIMULATED,SIMULATED,SIMULATED,SIMULATED
38.4,33.4,55,273.33,400.0,0.0,0.0,4,SIMULATED,SIMULATED,SIMULATED,SIMULATED
38.4,33.4,77,993.33,0.0,215.0,0.0,2,SIMULATED,SIMULATED,SIMULATED,SIMULATED
38.6,33.6,11,285.83,400.0,0.0,0.0,4,SIMULATED,SIMULATED,SIMULATED,SIMULATED
38.6,33.6,55,273.33,400.0,0.0,0.0,4,SIMULATED,SIMULATED,SIMULATED,SIMULATED
38.6,33.6,77,1005.28,0.0,215.0,0.0,2,SIMULATED,SIMULATED,SIMULATED,SIMULATED
38.8,33.8,11,285.83,400.0,0.0,0.0,4,SIMULATED,SIMULATED,SIMULATED,SIMULATED
38.8,33.8,55,273.33,400.0,0.0,0.0,4,SIMULATED,SIMULATED,SIMULATED,SIMULATED
38.8,33.8,77,1017.22,0.0,215.0,0.0,2,SIMULATED,SIMULATED,SIMULATED,SIMULATED
39.0,34.0,11,285.83,400.0,0.0,0.0,4,SIMULATED,SIMULATED,SIMULATED,SIMULATED
39.0,34.0,55,273.33,400.0,0.0,0.0,4,SIMULATED,SIMULATED,SIMULATED,SIMULATED
39.0,34.0,77,1029.17,0.0,215.0,0.0,2,SIMULATED,SIMULATED,SIMULATED,SIMULATED
39.2,34.2,11,285.83,400.0,0.0,0.0,4,SIMULATED,SIMULATED,SIMULATED,SIMULATED
39.2,34.2,55,273.33,400.0,0.0,0.0,4,SIMULATED,SIMULATED,SIMULATED,SIMULATED
39.2,34.2,77,1041.11,0.0,215.0,0.0,2,SIMULATED,SIMULATED,SIMULATED,SIMULATED
39.4,34.4,11,285.83,400.0,0.0,0.0,4,SIMULATED,SIMULATED,SIMULATED,SIMULATED
39.4,34.4,55,273.33,400.0,0.0,0.0,4,SIMULATED,SIMULATED,SIMULATED,SIMULATED
39.4,34.4,77,1053.06,0.0,215.0,0.0,2,SIMULATED,SIMULATED,SIMULATED,SIMULATED
39.6,34.6,11,285.83,400.0,0.0,0.0,4,SIMULATED,SIMULATED,SIMULATED,SIMULATED
39.6,34.6,55,273.33,400.0,0.0,0.0,4,SIMULATED,SIMULATED,SIMULATED,SIMULATED
39.6,34.6,77,1065.0,0.0,215.0,0.0,2,SIMULATED,SIMULATED,SIMULATED,SIMULATED
39.8,34.8,11,285.83,400.0,0.0,0.0,4,SIMULATED,SIMULATED,SIMULATED,SIMULATED
39.8,34.8,55,273.33,400.0,0.0,0.0,4,SIMULATED,SIMULATED,SIMULATED,SIMULATED
39.8,34.8,77,1076.94,0.0,215.0,0.0,2,SIMULATED,SIMULATED,SIMULATED,SIMULATED
40.0,35.0,11,285.83,400.0,0.0,0.0,4,SIMULATED,SIMULATED,SIMULATED,SIMULATED
40.0,35.0,55,273.33,400.0,0.0,0.0,4,SIMULATED,SIMULATED,SIMULATED,SIMULATED
40.0,35.0,77,1088.89,0.0,215.0,0.0,2,SIMULATED,SIMULATED,SIMULATED,SIMULATED
40.2,35.2,11,285.83,400.0,0.0,0.0,4,SIMULATED,SIMULATED,SIMULATED,SIMULATED
40.2,35.2,55,273.33,400.0,0.0,0.0,4,SIMULATED,SIMULATED,SIMULATED,SIMULATED
40.2,35.2,77,1100.83,0.0,215.0,0.0,2,SIMULATED,SIMULATED,SIMULATED,SIMULATED
40.4,35.4,11,285.83,400.0,0.0,0.0,4,SIMULATED,SIMULATED,SIMULATED,SIMULATED
40.4,35.4,55,273.33,400.0,0.0,0.0,4,SIMULATED,SIMULATED,SIMULATED,SIMULATED
40.4,35.4,77,1112.78,0.0,215.0,0.0,2,SIMULATED,SIMULATED,SIMULATED,SIMULATED
40.6,35.6,11,285.83,400.0,0.0,0.0,4,SIMULATED,SIMULATED,SIMULATED,SIMULATED
40.6,35.6,55,273.33,400.0,0.0,0.0,4,SIMULATED,SIMULATED,SIMULATED,SIMULATED
40.6,35.6,77,1124.72,0.0,215.0,0.0,2,SIMULATED,SIMULATED,SIMULATED,SIMULATED
40.8,35.8,11,285.83,400.0,0.0,0.0,4,SIMULATED,SIMULATED,SIMULATED,SIMULATED
40.8,35.8,55,273.33,400.0,0.0,0.0,4,SIMULATED,SIMULATED,SIMULATED,SIMULATED
40.8,35.8,77,1136.67,0.0,215.0,0.0,2,SIMULATED,SIMULATED,SIMULATED,SIMULATED
41.0,36.0,11,285.83,400.0,0.0,0.0,4,SIMULATED,SIMULATED,SIMULATED,SIMULATED
41.0,36.0,55,273.33,400.0,0.0,0.0,4,SIMULATED,SIMULATED,SIMULATED,SIMULATED
41.0,36.0,77,1148.61,0.0,215.0,0.0,2,SIMULATED,SIMULATED,SIMULATED,SIMULATED
41.2,36.2,11,285.83,400.0,0.0,0.0,4,SIMULATED,SIMULATED,SIMULATED,SIMULATED
41.2,36.2,55,273.33,400.0,0.0,0.0,4,SIMULATED,SIMULATED,SIMULATED,SIMULATED
41.2,36.2,77,1160.56,0.0,215.0,0.0,2,SIMULATED,SIMULATED,SIMULATED,SIMULATED
41.4,36.4,11,285.83,400.0,0.0,0.0,4,SIMULATED,SIMULATED,SIMULATED,SIMULATED
41.4,36.4,55,273.33,400.0,0.0,0.0,4,SIMULATED,SIMULATED,SIMULATED,SIMULATED
41.4,36.4,77,1172.5,0.0,215.0,0.0,2,SIMULATED,SIMULATED,SIMULATED,SIMULATED
41.6,36.6,11,285.83,400.0,0.0,0.0,4,SIMULATED,SIMULATED,SIMULATED,SIMULATED
41.6,36.6,55,273.33,400.0,0.0,0.0,4,SIMULATED,SIMULATED,SIMULATED,SIMULATED
41.6,36.6,77,1184.44,0.0,215.0,0.0,2,SIMULATED,SIMULATED,SIMULATED,SIMULATED
41.8,36.8,11,285.83,400.0,0.0,0.0,4,SIMULATED,SIMULATED,SIMULATED,SIMULATED
41.8,36.8,55,273.33,400.0,0.0,0.0,4,SIMULATED,SIMULATED,SIMULATED,SIMULATED
41.8,36.8,77,1196.39,0.0,215.0,0.0,2,SIMULATED,SIMULATED,SIMULATED,SIMULATED
42.0,37.0,11,285.83,400.0,0.0,0.0,4,SIMULATED,SIMULATED,SIMULATED,SIMULATED
42.0,37.0,55,273.33,400.0,0.0,0.0,4,SIMULATED,SIMULATED,SIMULATED,SIMULATED
42.0,37.0,77,1200.0,8.33,215.0,0.0,2,SIMULATED,SIMULATED,SIMULATED,SIMULATED
42.2,37.2,11,285.83,400.0,0.0,0.0,4,SIMULATED,SIMULATED,SIMULATED,SIMULATED
42.2,37.2,55,273.33,400.0,0.0,0.0,4,SIMULATED,SIMULATED,SIMULATED,SIMULATED
42.2,37.2,77,1200.0,20.28,215.0,0.0,2,SIMULATED,SIMULATED,SIMULATED,SIMULATED
42.4,37.4,11,285.83,400.0,0.0,0.0,4,SIMULATED,SIMULATED,SIMULATED,SIMULATED
42.4,37.4,55,273.33,400.0,0.0,0.0,4,SIMULATED,SIMULATED,SIMULATED,SIMULATED
42.4,37.4,77,1200.0,32.22,215.0,0.0,2,SIMULATED,SIMULATED,SIMULATED,SIMULATED
42.6,37.6,11,285.83,400.0,0.0,0.0,4,SIMULATED,SIMULATED,SIMULATED,SIMULATED
42.6,37.6,55,273.33,400.0,0.0,0.0,4,SIMULATED,SIMULATED,SIMULATED,SIMULATED
42.6,37.6,77,1200.0,44.17,215.0,0.0,2,SIMULATED,SIMULATED,SIMULATED,SIMULATED
42.8,37.8,11,285.83,400.0,0.0,0.0,4,SIMULATED,SIMULATED,SIMULATED,SIMULATED
42.8,37.8,55,273.33,400.0,0.0,0.0,4,SIMULATED,SIMULATED,SIMULATED,SIMULATED
42.8,37.8,77,1200.0,56.11,215.0,0.0,2,SIMULATED,SIMULATED,SIMULATED,SIMULATED
43.0,38.0,11,285.83,400.0,0.0,0.0,4,SIMULATED,SIMULATED,SIMULATED,SIMULATED
43.0,38.0,55,273.33,400.0,0.0,0.0,4,SIMULATED,SIMULATED,SIMULATED,SIMULATED
43.0,38.0,77,1200.0,68.06,215.0,0.0,2,SIMULATED,SIMULATED,SIMULATED,SIMULATED
43.2,38.2,11,285.83,400.0,0.0,0.0,4,SIMULATED,SIMULATED,SIMULATED,SIMULATED
43.2,38.2,55,273.33,400.0,0.0,0.0,4,SIMULATED,SIMULATED,SIMULATED,SIMULATED
43.2,38.2,77,1200.0,80.0,215.0,0.0,2,SIMULATED,SIMULATED,SIMULATED,SIMULATED
43.4,38.4,11,285.83,400.0,0.0,0.0,4,SIMULATED,SIMULATED,SIMULATED,SIMULATED
43.4,38.4,55,273.33,400.0,0.0,0.0,4,SIMULATED,SIMULATED,SIMULATED,SIMULATED
43.4,38.4,77,1200.0,91.94,215.0,0.0,2,SIMULATED,SIMULATED,SIMULATED,SIMULATED
43.6,38.6,11,285.83,400.0,0.0,0.0,4,SIMULATED,SIMULATED,SIMULATED,SIMULATED
43.6,38.6,55,273.33,400.0,0.0,0.0,4,SIMULATED,SIMULATED,SIMULATED,SIMULATED
43.6,38.6,77,1200.0,103.89,215.0,0.0,2,SIMULATED,SIMULATED,SIMULATED,SIMULATED
43.8,38.8,11,285.83,400.0,0.0,0.0,4,SIMULATED,SIMULATED,SIMULATED,SIMULATED
43.8,38.8,55,273.33,400.0,0.0,0.0,4,SIMULATED,SIMULATED,SIMULATED,SIMULATED
43.8,38.8,77,1200.0,115.83,215.0,0.0,2,SIMULATED,SIMULATED,SIMULATED,SIMULATED
44.0,39.0,11,285.83,400.0,0.0,0.0,4,SIMULATED,SIMULATED,SIMULATED,SIMULATED
44.0,39.0,55,273.33,400.0,0.0,0.0,4,SIMULATED,SIMULATED,SIMULATED,SIMULATED
44.0,39.0,77,1200.0,127.78,215.0,0.0,2,SIMULATED,SIMULATED,SIMULATED,SIMULATED
44.2,39.2,11,285.83,400.0,0.0,0.0,4,SIMULATED,SIMULATED,SIMULATED,SIMULATED
44.2,39.2,55,273.33,400.0,0.0,0.0,4,SIMULATED,SIMULATED,SIMULATED,SIMULATED
44.2,39.2,77,1200.0,139.72,215.0,0.0,2,SIMULATED,SIMULATED,SIMULATED,SIMULATED
44.4,39.4,11,285.83,400.0,0.0,0.0,4,SIMULATED,SIMULATED,SIMULATED,SIMULATED
44.4,39.4,55,273.33,400.0,0.0,0.0,4,SIMULATED,SIMULATED,SIMULATED,SIMULATED
44.4,39.4,77,1200.0,151.67,215.0,0.0,2,SIMULATED,SIMULATED,SIMULATED,SIMULATED
44.6,39.6,11,285.83,400.0,0.0,0.0,4,SIMULATED,SIMULATED,SIMULATED,SIMULATED
44.6,39.6,55,273.33,400.0,0.0,0.0,4,SIMULATED,SIMULATED,SIMULATED,SIMULATED
44.6,39.6,77,1200.0,163.61,215.0,0.0,2,SIMULATED,SIMULATED,SIMULATED,SIMULATED
44.8,39.8,11,285.83,400.0,0.0,0.0,4,SIMULATED,SIMULATED,SIMULATED,SIMULATED
44.8,39.8,55,273.33,400.0,0.0,0.0,4,SIMULATED,SIMULATED,SIMULATED,SIMULATED
44.8,39.8,77,1200.0,175.56,215.0,0.0,2,SIMULATED,SIMULATED,SIMULATED,SIMULATED
45.0,40.0,11,285.83,400.0,0.0,0.0,4,SIMULATED,SIMULATED,SIMULATED,SIMULATED
45.0,40.0,55,273.33,400.0,0.0,0.0,4,SIMULATED,SIMULATED,SIMULATED,SIMULATED
45.0,40.0,77,1200.0,187.5,215.0,0.0,2,SIMULATED,SIMULATED,SIMULATED,SIMULATED
45.2,40.2,11,285.83,400.0,0.0,0.0,4,SIMULATED,SIMULATED,SIMULATED,SIMULATED
45.2,40.2,55,273.33,400.0,0.0,0.0,4,SIMULATED,SIMULATED,SIMULATED,SIMULATED
45.2,40.2,77,1200.0,199.44,215.0,0.0,2,SIMULATED,SIMULATED,SIMULATED,SIMULATED
45.4,40.4,11,285.83,400.0,0.0,0.0,4,SIMULATED,SIMULATED,SIMULATED,SIMULATED
45.4,40.4,55,273.33,400.0,0.0,0.0,4,SIMULATED,SIMULATED,SIMULATED,SIMULATED
45.4,40.4,77,1200.0,211.39,215.0,0.0,2,SIMULATED,SIMULATED,SIMULATED,SIMULATED
45.6,40.6,11,285.83,400.0,0.0,0.0,4,SIMULATED,SIMULATED,SIMULATED,SIMULATED
45.6,40.6,55,273.33,400.0,0.0,0.0,4,SIMULATED,SIMULATED,SIMULATED,SIMULATED
45.6,40.6,77,1200.0,223.33,215.0,0.0,2,SIMULATED,SIMULATED,SIMULATED,SIMULATED
45.8,40.8,11,285.83,400.0,0.0,0.0,4,SIMULATED,SIMULATED,SIMULATED,SIMULATED
45.8,40.8,55,273.33,400.0,0.0,0.0,4,SIMULATED,SIMULATED,SIMULATED,SIMULATED
45.8,40.8,77,1200.0,235.28,215.0,0.0,2,SIMULATED,SIMULATED,SIMULATED,SIMULATED
46.0,41.0,11,285.83,400.0,0.0,0.0,4,SIMULATED,SIMULATED,SIMULATED,SIMULATED
46.0,41.0,55,273.33,400.0,0.0,0.0,4,SIMULATED,SIMULATED,SIMULATED,SIMULATED
46.0,41.0,77,1200.0,247.22,215.0,0.0,2,SIMULATED,SIMULATED,SIMULATED,SIMULATED
46.2,41.2,11,285.83,400.0,0.0,0.0,4,SIMULATED,SIMULATED,SIMULATED,SIMULATED
46.2,41.2,55,273.33,400.0,0.0,0.0,4,SIMULATED,SIMULATED,SIMULATED,SIMULATED
46.2,41.2,77,1200.0,259.17,215.0,0.0,2,SIMULATED,SIMULATED,SIMULATED,SIMULATED
46.4,41.4,11,285.83,400.0,0.0,0.0,4,SIMULATED,SIMULATED,SIMULATED,SIMULATED
46.4,41.4,55,273.33,400.0,0.0,0.0,4,SIMULATED,SIMULATED,SIMULATED,SIMULATED
46.4,41.4,77,1200.0,271.11,215.0,0.0,2,SIMULATED,SIMULATED,SIMULATED,SIMULATED
46.6,41.6,11,285.83,400.0,0.0,0.0,4,SIMULATED,SIMULATED,SIMULATED,SIMULATED
46.6,41.6,55,273.33,400.0,0.0,0.0,4,SIMULATED,SIMULATED,SIMULATED,SIMULATED
46.6,41.6,77,1200.0,283.06,215.0,0.0,2,SIMULATED,SIMULATED,SIMULATED,SIMULATED
46.8,41.8,11,285.83,400.0,0.0,0.0,4,SIMULATED,SIMULATED,SIMULATED,SIMULATED
46.8,41.8,55,273.33,400.0,0.0,0.0,4,SIMULATED,SIMULATED,SIMULATED,SIMULATED
46.8,41.8,77,1200.0,295.0,215.0,0.0,2,SIMULATED,SIMULATED,SIMULATED,SIMULATED
47.0,42.0,11,285.83,400.0,0.0,0.0,4,SIMULATED,SIMULATED,SIMULATED,SIMULATED
47.0,42.0,55,273.33,400.0,0.0,0.0,4,SIMULATED,SIMULATED,SIMULATED,SIMULATED
47.0,42.0,77,1200.0,306.94,215.0,0.0,2,SIMULATED,SIMULATED,SIMULATED,SIMULATED
47.2,42.2,11,285.83,400.0,0.0,0.0,4,SIMULATED,SIMULATED,SIMULATED,SIMULATED
47.2,42.2,55,273.33,400.0,0.0,0.0,4,SIMULATED,SIMULATED,SIMULATED,SIMULATED
47.2,42.2,77,1200.0,318.89,215.0,0.0,2,SIMULATED,SIMULATED,SIMULATED,SIMULATED
47.4,42.4,11,285.83,400.0,0.0,0.0,4,SIMULATED,SIMULATED,SIMULATED,SIMULATED
47.4,42.4,55,273.33,400.0,0.0,0.0,4,SIMULATED,SIMULATED,SIMULATED,SIMULATED
47.4,42.4,77,1200.0,330.83,215.0,0.0,2,SIMULATED,SIMULATED,SIMULATED,SIMULATED
47.6,42.6,11,285.83,400.0,0.0,0.0,4,SIMULATED,SIMULATED,SIMULATED,SIMULATED
47.6,42.6,55,273.33,400.0,0.0,0.0,4,SIMULATED,SIMULATED,SIMULATED,SIMULATED
47.6,42.6,77,1200.0,342.78,215.0,0.0,2,SIMULATED,SIMULATED,SIMULATED,SIMULATED
47.8,42.8,11,285.83,400.0,0.0,0.0,4,SIMULATED,SIMULATED,SIMULATED,SIMULATED
47.8,42.8,55,273.33,400.0,0.0,0.0,4,SIMULATED,SIMULATED,SIMULATED,SIMULATED
47.8,42.8,77,1200.0,354.72,215.0,0.0,2,SIMULATED,SIMULATED,SIMULATED,SIMULATED
48.0,43.0,11,285.83,400.0,0.0,0.0,4,SIMULATED,SIMULATED,SIMULATED,SIMULATED
48.0,43.0,55,273.33,400.0,0.0,0.0,4,SIMULATED,SIMULATED,SIMULATED,SIMULATED
48.0,43.0,77,1200.0,366.67,215.0,0.0,2,SIMULATED,SIMULATED,SIMULATED,SIMULATED
48.2,43.2,11,285.83,400.0,0.0,0.0,4,SIMULATED,SIMULATED,SIMULATED,SIMULATED
48.2,43.2,55,273.33,400.0,0.0,0.0,4,SIMULATED,SIMULATED,SIMULATED,SIMULATED
48.2,43.2,77,1200.0,378.61,215.0,0.0,2,SIMULATED,SIMULATED,SIMULATED,SIMULATED
48.4,43.4,11,285.83,400.0,0.0,0.0,4,SIMULATED,SIMULATED,SIMULATED,SIMULATED
48.4,43.4,55,273.33,400.0,0.0,0.0,4,SIMULATED,SIMULATED,SIMULATED,SIMULATED
48.4,43.4,77,1200.0,390.56,215.0,0.0,2,SIMULATED,SIMULATED,SIMULATED,SIMULATED
48.6,43.6,11,285.83,400.0,0.0,0.0,4,SIMULATED,SIMULATED,SIMULATED,SIMULATED
48.6,43.6,55,273.33,400.0,0.0,0.0,4,SIMULATED,SIMULATED,SIMULATED,SIMULATED
48.6,43.6,77,1197.5,400.0,215.0,0.0,3,SIMULATED,SIMULATED,SIMULATED,SIMULATED
48.8,43.8,11,285.83,400.0,0.0,0.0,4,SIMULATED,SIMULATED,SIMULATED,SIMULATED
48.8,43.8,55,273.33,400.0,0.0,0.0,4,SIMULATED,SIMULATED,SIMULATED,SIMULATED
48.8,43.8,77,1185.56,400.0,215.0,0.0,3,SIMULATED,SIMULATED,SIMULATED,SIMULATED
49.0,44.0,11,285.83,400.0,0.0,0.0,4,SIMULATED,SIMULATED,SIMULATED,SIMULATED
49.0,44.0,55,273.33,400.0,0.0,0.0,4,SIMULATED,SIMULATED,SIMULATED,SIMULATED
49.0,44.0,77,1173.61,400.0,215.0,0.0,3,SIMULATED,SIMULATED,SIMULATED,SIMULATED
49.2,44.2,11,285.83,400.0,0.0,0.0,4,SIMULATED,SIMULATED,SIMULATED,SIMULATED
49.2,44.2,55,273.33,400.0,0.0,0.0,4,SIMULATED,SIMULATED,SIMULATED,SIMULATED
49.2,44.2,77,1161.67,400.0,215.0,0.0,3,SIMULATED,SIMULATED,SIMULATED,SIMULATED
49.4,44.4,11,285.83,400.0,0.0,0.0,4,SIMULATED,SIMULATED,SIMULATED,SIMULATED
49.4,44.4,55,273.33,400.0,0.0,0.0,4,SIMULATED,SIMULATED,SIMULATED,SIMULATED
49.4,44.4,77,1149.72,400.0,215.0,0.0,3,SIMULATED,SIMULATED,SIMULATED,SIMULATED
49.6,44.6,11,285.83,400.0,0.0,0.0,4,SIMULATED,SIMULATED,SIMULATED,SIMULATED
49.6,44.6,55,273.33,400.0,0.0,0.0,4,SIMULATED,SIMULATED,SIMULATED,SIMULATED
49.6,44.6,77,1137.78,400.0,215.0,0.0,3,SIMULATED,SIMULATED,SIMULATED,SIMULATED
49.8,44.8,11,285.83,400.0,0.0,0.0,4,SIMULATED,SIMULATED,SIMULATED,SIMULATED
49.8,44.8,55,273.33,400.0,0.0,0.0,4,SIMULATED,SIMULATED,SIMULATED,SIMULATED
49.8,44.8,77,1125.83,400.0,215.0,0.0,3,SIMULATED,SIMULATED,SIMULATED,SIMULATED
50.0,45.0,11,285.83,400.0,0.0,0.0,4,SIMULATED,SIMULATED,SIMULATED,SIMULATED
50.0,45.0,55,273.33,400.0,0.0,0.0,4,SIMULATED,SIMULATED,SIMULATED,SIMULATED
50.0,45.0,77,1113.89,400.0,215.0,0.0,3,SIMULATED,SIMULATED,SIMULATED,SIMULATED
50.2,45.2,11,285.83,400.0,0.0,0.0,4,SIMULATED,SIMULATED,SIMULATED,SIMULATED
50.2,45.2,55,273.33,400.0,0.0,0.0,4,SIMULATED,SIMULATED,SIMULATED,SIMULATED
50.2,45.2,77,1101.94,400.0,215.0,0.0,3,SIMULATED,SIMULATED,SIMULATED,SIMULATED
50.4,45.4,11,285.83,400.0,0.0,0.0,4,SIMULATED,SIMULATED,SIMULATED,SIMULATED
50.4,45.4,55,273.33,400.0,0.0,0.0,4,SIMULATED,SIMULATED,SIMULATED,SIMULATED
50.4,45.4,77,1090.0,400.0,215.0,0.0,3,SIMULATED,SIMULATED,SIMULATED,SIMULATED
50.6,45.6,11,285.83,400.0,0.0,0.0,4,SIMULATED,SIMULATED,SIMULATED,SIMULATED
50.6,45.6,55,273.33,400.0,0.0,0.0,4,SIMULATED,SIMULATED,SIMULATED,SIMULATED
50.6,45.6,77,1078.06,400.0,215.0,0.0,3,SIMULATED,SIMULATED,SIMULATED,SIMULATED
50.8,45.8,11,285.83,400.0,0.0,0.0,4,SIMULATED,SIMULATED,SIMULATED,SIMULATED
50.8,45.8,55,273.33,400.0,0.0,0.0,4,SIMULATED,SIMULATED,SIMULATED,SIMULATED
50.8,45.8,77,1066.11,400.0,215.0,0.0,3,SIMULATED,SIMULATED,SIMULATED,SIMULATED
51.0,46.0,11,285.83,400.0,0.0,0.0,4,SIMULATED,SIMULATED,SIMULATED,SIMULATED
51.0,46.0,55,273.33,400.0,0.0,0.0,4,SIMULATED,SIMULATED,SIMULATED,SIMULATED
51.0,46.0,77,1054.17,400.0,215.0,0.0,3,SIMULATED,SIMULATED,SIMULATED,SIMULATED
51.2,46.2,11,285.83,400.0,0.0,0.0,4,SIMULATED,SIMULATED,SIMULATED,SIMULATED
51.2,46.2,55,273.33,400.0,0.0,0.0,4,SIMULATED,SIMULATED,SIMULATED,SIMULATED
51.2,46.2,77,1042.22,400.0,215.0,0.0,3,SIMULATED,SIMULATED,SIMULATED,SIMULATED
51.4,46.4,11,285.83,400.0,0.0,0.0,4,SIMULATED,SIMULATED,SIMULATED,SIMULATED
51.4,46.4,55,273.33,400.0,0.0,0.0,4,SIMULATED,SIMULATED,SIMULATED,SIMULATED
51.4,46.4,77,1030.28,400.0,215.0,0.0,3,SIMULATED,SIMULATED,SIMULATED,SIMULATED
51.6,46.6,11,285.83,400.0,0.0,0.0,4,SIMULATED,SIMULATED,SIMULATED,SIMULATED
51.6,46.6,55,273.33,400.0,0.0,0.0,4,SIMULATED,SIMULATED,SIMULATED,SIMULATED
51.6,46.6,77,1018.33,400.0,215.0,0.0,3,SIMULATED,SIMULATED,SIMULATED,SIMULATED
51.8,46.8,11,285.83,400.0,0.0,0.0,4,SIMULATED,SIMULATED,SIMULATED,SIMULATED
51.8,46.8,55,273.33,400.0,0.0,0.0,4,SIMULATED,SIMULATED,SIMULATED,SIMULATED
51.8,46.8,77,1006.39,400.0,215.0,0.0,3,SIMULATED,SIMULATED,SIMULATED,SIMULATED
52.0,47.0,11,285.83,400.0,0.0,0.0,4,SIMULATED,SIMULATED,SIMULATED,SIMULATED
52.0,47.0,55,273.33,400.0,0.0,0.0,4,SIMULATED,SIMULATED,SIMULATED,SIMULATED
52.0,47.0,77,994.44,400.0,215.0,0.0,3,SIMULATED,SIMULATED,SIMULATED,SIMULATED
52.2,47.2,11,285.83,400.0,0.0,0.0,4,SIMULATED,SIMULATED,SIMULATED,SIMULATED
52.2,47.2,55,273.33,400.0,0.0,0.0,4,SIMULATED,SIMULATED,SIMULATED,SIMULATED
52.2,47.2,77,982.5,400.0,215.0,0.0,3,SIMULATED,SIMULATED,SIMULATED,SIMULATED
52.4,47.4,11,285.83,400.0,0.0,0.0,4,SIMULATED,SIMULATED,SIMULATED,SIMULATED
52.4,47.4,55,273.33,400.0,0.0,0.0,4,SIMULATED,SIMULATED,SIMULATED,SIMULATED
52.4,47.4,77,970.56,400.0,215.0,0.0,3,SIMULATED,SIMULATED,SIMULATED,SIMULATED
52.6,47.6,11,285.83,400.0,0.0,0.0,4,SIMULATED,SIMULATED,SIMULATED,SIMULATED
52.6,47.6,55,273.33,400.0,0.0,0.0,4,SIMULATED,SIMULATED,SIMULATED,SIMULATED
52.6,47.6,77,958.61,400.0,215.0,0.0,3,SIMULATED,SIMULATED,SIMULATED,SIMULATED
52.8,47.8,11,285.83,400.0,0.0,0.0,4,SIMULATED,SIMULATED,SIMULATED,SIMULATED
52.8,47.8,55,273.33,400.0,0.0,0.0,4,SIMULATED,SIMULATED,SIMULATED,SIMULATED
52.8,47.8,77,946.67,400.0,215.0,0.0,3,SIMULATED,SIMULATED,SIMULATED,SIMULATED
53.0,48.0,11,285.83,400.0,0.0,0.0,4,SIMULATED,SIMULATED,SIMULATED,SIMULATED
53.0,48.0,55,273.33,400.0,0.0,0.0,4,SIMULATED,SIMULATED,SIMULATED,SIMULATED
53.0,48.0,77,934.72,400.0,215.0,0.0,3,SIMULATED,SIMULATED,SIMULATED,SIMULATED
53.2,48.2,11,285.83,400.0,0.0,0.0,4,SIMULATED,SIMULATED,SIMULATED,SIMULATED
53.2,48.2,55,273.33,400.0,0.0,0.0,4,SIMULATED,SIMULATED,SIMULATED,SIMULATED
53.2,48.2,77,922.78,400.0,215.0,0.0,3,SIMULATED,SIMULATED,SIMULATED,SIMULATED
53.4,48.4,11,285.83,400.0,0.0,0.0,4,SIMULATED,SIMULATED,SIMULATED,SIMULATED
53.4,48.4,55,273.33,400.0,0.0,0.0,4,SIMULATED,SIMULATED,SIMULATED,SIMULATED
53.4,48.4,77,910.83,400.0,215.0,0.0,3,SIMULATED,SIMULATED,SIMULATED,SIMULATED
53.6,48.6,11,285.83,400.0,0.0,0.0,4,SIMULATED,SIMULATED,SIMULATED,SIMULATED
53.6,48.6,55,273.33,400.0,0.0,0.0,4,SIMULATED,SIMULATED,SIMULATED,SIMULATED
53.6,48.6,77,898.89,400.0,215.0,0.0,3,SIMULATED,SIMULATED,SIMULATED,SIMULATED
53.8,48.8,11,285.83,400.0,0.0,0.0,4,SIMULATED,SIMULATED,SIMULATED,SIMULATED
53.8,48.8,55,273.33,400.0,0.0,0.0,4,SIMULATED,SIMULATED,SIMULATED,SIMULATED
53.8,48.8,77,886.94,400.0,215.0,0.0,3,SIMULATED,SIMULATED,SIMULATED,SIMULATED
54.0,49.0,11,285.83,400.0,0.0,0.0,4,SIMULATED,SIMULATED,SIMULATED,SIMULATED
54.0,49.0,55,273.33,400.0,0.0,0.0,4,SIMULATED,SIMULATED,SIMULATED,SIMULATED
54.0,49.0,77,875.0,400.0,215.0,0.0,3,SIMULATED,SIMULATED,SIMULATED,SIMULATED
54.2,49.2,11,285.83,400.0,0.0,0.0,4,SIMULATED,SIMULATED,SIMULATED,SIMULATED
54.2,49.2,55,273.33,400.0,0.0,0.0,4,SIMULATED,SIMULATED,SIMULATED,SIMULATED
54.2,49.2,77,863.06,400.0,215.0,0.0,3,SIMULATED,SIMULATED,SIMULATED,SIMULATED
54.4,49.4,11,285.83,400.0,0.0,0.0,4,SIMULATED,SIMULATED,SIMULATED,SIMULATED
54.4,49.4,55,273.33,400.0,0.0,0.0,4,SIMULATED,SIMULATED,SIMULATED,SIMULATED
54.4,49.4,77,851.11,400.0,215.0,0.0,3,SIMULATED,SIMULATED,SIMULATED,SIMULATED
54.6,49.6,11,285.83,400.0,0.0,0.0,4,SIMULATED,SIMULATED,SIMULATED,SIMULATED
54.6,49.6,55,273.33,400.0,0.0,0.0,4,SIMULATED,SIMULATED,SIMULATED,SIMULATED
54.6,49.6,77,839.17,400.0,215.0,0.0,3,SIMULATED,SIMULATED,SIMULATED,SIMULATED
54.8,49.8,11,285.83,400.0,0.0,0.0,4,SIMULATED,SIMULATED,SIMULATED,SIMULATED
54.8,49.8,55,273.33,400.0,0.0,0.0,4,SIMULATED,SIMULATED,SIMULATED,SIMULATED
54.8,49.8,77,827.22,400.0,215.0,0.0,3,SIMULATED,SIMULATED,SIMULATED,SIMULATED
55.0,50.0,11,285.83,400.0,0.0,0.0,4,SIMULATED,SIMULATED,SIMULATED,SIMULATED
55.0,50.0,55,273.33,400.0,0.0,0.0,4,SIMULATED,SIMULATED,SIMULATED,SIMULATED
55.0,50.0,77,815.28,400.0,215.0,0.0,3,SIMULATED,SIMULATED,SIMULATED,SIMULATED
55.2,50.2,11,285.83,400.0,0.0,0.0,4,SIMULATED,SIMULATED,SIMULATED,SIMULATED
55.2,50.2,55,273.33,400.0,0.0,0.0,4,SIMULATED,SIMULATED,SIMULATED,SIMULATED
55.2,50.2,77,803.33,400.0,215.0,0.0,3,SIMULATED,SIMULATED,SIMULATED,SIMULATED
55.4,50.4,11,285.83,400.0,0.0,0.0,4,SIMULATED,SIMULATED,SIMULATED,SIMULATED
55.4,50.4,55,273.33,400.0,0.0,0.0,4,SIMULATED,SIMULATED,SIMULATED,SIMULATED
55.4,50.4,77,791.39,400.0,215.0,0.0,3,SIMULATED,SIMULATED,SIMULATED,SIMULATED
55.6,50.6,11,285.83,400.0,0.0,0.0,4,SIMULATED,SIMULATED,SIMULATED,SIMULATED
55.6,50.6,55,273.33,400.0,0.0,0.0,4,SIMULATED,SIMULATED,SIMULATED,SIMULATED
55.6,50.6,77,779.44,400.0,215.0,0.0,3,SIMULATED,SIMULATED,SIMULATED,SIMULATED
55.8,50.8,11,285.83,400.0,0.0,0.0,4,SIMULATED,SIMULATED,SIMULATED,SIMULATED
55.8,50.8,55,273.33,400.0,0.0,0.0,4,SIMULATED,SIMULATED,SIMULATED,SIMULATED
55.8,50.8,77,767.5,400.0,215.0,0.0,3,SIMULATED,SIMULATED,SIMULATED,SIMULATED
56.0,51.0,11,285.83,400.0,0.0,0.0,4,SIMULATED,SIMULATED,SIMULATED,SIMULATED
56.0,51.0,55,273.33,400.0,0.0,0.0,4,SIMULATED,SIMULATED,SIMULATED,SIMULATED
56.0,51.0,77,755.56,400.0,215.0,0.0,3,SIMULATED,SIMULATED,SIMULATED,SIMULATED
56.2,51.2,11,285.83,400.0,0.0,0.0,4,SIMULATED,SIMULATED,SIMULATED,SIMULATED
56.2,51.2,55,273.33,400.0,0.0,0.0,4,SIMULATED,SIMULATED,SIMULATED,SIMULATED
56.2,51.2,77,743.61,400.0,215.0,0.0,3,SIMULATED,SIMULATED,SIMULATED,SIMULATED
56.4,51.4,11,285.83,400.0,0.0,0.0,4,SIMULATED,SIMULATED,SIMULATED,SIMULATED
56.4,51.4,55,273.33,400.0,0.0,0.0,4,SIMULATED,SIMULATED,SIMULATED,SIMULATED
56.4,51.4,77,731.67,400.0,215.0,0.0,3,SIMULATED,SIMULATED,SIMULATED,SIMULATED
56.6,51.6,11,285.83,400.0,0.0,0.0,4,SIMULATED,SIMULATED,SIMULATED,SIMULATED
56.6,51.6,55,273.33,400.0,0.0,0.0,4,SIMULATED,SIMULATED,SIMULATED,SIMULATED
56.6,51.6,77,719.72,400.0,215.0,0.0,3,SIMULATED,SIMULATED,SIMULATED,SIMULATED
56.8,51.8,11,285.83,400.0,0.0,0.0,4,SIMULATED,SIMULATED,SIMULATED,SIMULATED
56.8,51.8,55,273.33,400.0,0.0,0.0,4,SIMULATED,SIMULATED,SIMULATED,SIMULATED
56.8,51.8,77,707.78,400.0,215.0,0.0,3,SIMULATED,SIMULATED,SIMULATED,SIMULATED
57.0,52.0,11,285.83,400.0,0.0,0.0,4,SIMULATED,SIMULATED,SIMULATED,SIMULATED
57.0,52.0,55,273.33,400.0,0.0,0.0,4,SIMULATED,SIMULATED,SIMULATED,SIMULATED
57.0,52.0,77,695.83,400.0,215.0,0.0,3,SIMULATED,SIMULATED,SIMULATED,SIMULATED
57.2,52.2,11,285.83,400.0,0.0,0.0,4,SIMULATED,SIMULATED,SIMULATED,SIMULATED
57.2,52.2,55,273.33,400.0,0.0,0.0,4,SIMULATED,SIMULATED,SIMULATED,SIMULATED
57.2,52.2,77,683.89,400.0,215.0,0.0,3,SIMULATED,SIMULATED,SIMULATED,SIMULATED
57.4,52.4,11,285.83,400.0,0.0,0.0,4,SIMULATED,SIMULATED,SIMULATED,SIMULATED
57.4,52.4,55,273.33,400.0,0.0,0.0,4,SIMULATED,SIMULATED,SIMULATED,SIMULATED
57.4,52.4,77,671.94,400.0,215.0,0.0,3,SIMULATED,SIMULATED,SIMULATED,SIMULATED
57.6,52.6,11,285.83,400.0,0.0,0.0,4,SIMULATED,SIMULATED,SIMULATED,SIMULATED
57.6,52.6,55,273.33,400.0,0.0,0.0,4,SIMULATED,SIMULATED,SIMULATED,SIMULATED
57.6,52.6,77,660.0,400.0,215.0,0.0,3,SIMULATED,SIMULATED,SIMULATED,SIMULATED
57.8,52.8,11,285.83,400.0,0.0,0.0,4,SIMULATED,SIMULATED,SIMULATED,SIMULATED
57.8,52.8,55,273.33,400.0,0.0,0.0,4,SIMULATED,SIMULATED,SIMULATED,SIMULATED
57.8,52.8,77,648.06,400.0,215.0,0.0,3,SIMULATED,SIMULATED,SIMULATED,SIMULATED
58.0,53.0,11,285.83,400.0,0.0,0.0,4,SIMULATED,SIMULATED,SIMULATED,SIMULATED
58.0,53.0,55,273.33,400.0,0.0,0.0,4,SIMULATED,SIMULATED,SIMULATED,SIMULATED
58.0,53.0,77,636.11,400.0,215.0,0.0,3,SIMULATED,SIMULATED,SIMULATED,SIMULATED
58.2,53.2,11,285.83,400.0,0.0,0.0,4,SIMULATED,SIMULATED,SIMULATED,SIMULATED
58.2,53.2,55,273.33,400.0,0.0,0.0,4,SIMULATED,SIMULATED,SIMULATED,SIMULATED
58.2,53.2,77,624.17,400.0,215.0,0.0,3,SIMULATED,SIMULATED,SIMULATED,SIMULATED
58.4,53.4,11,285.83,400.0,0.0,0.0,4,SIMULATED,SIMULATED,SIMULATED,SIMULATED
58.4,53.4,55,273.33,400.0,0.0,0.0,4,SIMULATED,SIMULATED,SIMULATED,SIMULATED
58.4,53.4,77,612.22,400.0,215.0,0.0,3,SIMULATED,SIMULATED,SIMULATED,SIMULATED
58.6,53.6,11,285.83,400.0,0.0,0.0,4,SIMULATED,SIMULATED,SIMULATED,SIMULATED
58.6,53.6,55,273.33,400.0,0.0,0.0,4,SIMULATED,SIMULATED,SIMULATED,SIMULATED
58.6,53.6,77,600.28,400.0,215.0,0.0,3,SIMULATED,SIMULATED,SIMULATED,SIMULATED
58.8,53.8,11,285.83,400.0,0.0,0.0,4,SIMULATED,SIMULATED,SIMULATED,SIMULATED
58.8,53.8,55,273.33,400.0,0.0,0.0,4,SIMULATED,SIMULATED,SIMULATED,SIMULATED
58.8,53.8,77,588.33,400.0,215.0,0.0,3,SIMULATED,SIMULATED,SIMULATED,SIMULATED
59.0,54.0,11,285.83,400.0,0.0,0.0,4,SIMULATED,SIMULATED,SIMULATED,SIMULATED
59.0,54.0,55,273.33,400.0,0.0,0.0,4,SIMULATED,SIMULATED,SIMULATED,SIMULATED
59.0,54.0,77,576.39,400.0,215.0,0.0,3,SIMULATED,SIMULATED,SIMULATED,SIMULATED
59.2,54.2,11,285.83,400.0,0.0,0.0,4,SIMULATED,SIMULATED,SIMULATED,SIMULATED
59.2,54.2,55,273.33,400.0,0.0,0.0,4,SIMULATED,SIMULATED,SIMULATED,SIMULATED
59.2,54.2,77,564.44,400.0,215.0,0.0,3,SIMULATED,SIMULATED,SIMULATED,SIMULATED
59.4,54.4,11,285.83,400.0,0.0,0.0,4,SIMULATED,SIMULATED,SIMULATED,SIMULATED
59.4,54.4,55,273.33,400.0,0.0,0.0,4,SIMULATED,SIMULATED,SIMULATED,SIMULATED
59.4,54.4,77,552.5,400.0,215.0,0.0,3,SIMULATED,SIMULATED,SIMULATED,SIMULATED
59.6,54.6,11,285.83,400.0,0.0,0.0,4,SIMULATED,SIMULATED,SIMULATED,SIMULATED
59.6,54.6,55,273.33,400.0,0.0,0.0,4,SIMULATED,SIMULATED,SIMULATED,SIMULATED
59.6,54.6,77,540.56,400.0,215.0,0.0,3,SIMULATED,SIMULATED,SIMULATED,SIMULATED
59.8,54.8,11,285.83,400.0,0.0,0.0,4,SIMULATED,SIMULATED,SIMULATED,SIMULATED
59.8,54.8,55,273.33,400.0,0.0,0.0,4,SIMULATED,SIMULATED,SIMULATED,SIMULATED
59.8,54.8,77,528.61,400.0,215.0,0.0,3,SIMULATED,SIMULATED,SIMULATED,SIMULATED
60.0,55.0,11,285.83,400.0,0.0,0.0,4,SIMULATED,SIMULATED,SIMULATED,SIMULATED
60.0,55.0,55,273.33,400.0,0.0,0.0,4,SIMULATED,SIMULATED,SIMULATED,SIMULATED
60.0,55.0,77,516.67,400.0,215.0,0.0,3,SIMULATED,SIMULATED,SIMULATED,SIMULATED
60.2,55.2,11,285.83,400.0,0.0,0.0,4,SIMULATED,SIMULATED,SIMULATED,SIMULATED
60.2,55.2,55,273.33,400.0,0.0,0.0,4,SIMULATED,SIMULATED,SIMULATED,SIMULATED
60.2,55.2,77,504.72,400.0,215.0,0.0,3,SIMULATED,SIMULATED,SIMULATED,SIMULATED
60.4,55.4,11,285.83,400.0,0.0,0.0,4,SIMULATED,SIMULATED,SIMULATED,SIMULATED
60.4,55.4,55,273.33,400.0,0.0,0.0,4,SIMULATED,SIMULATED,SIMULATED,SIMULATED
60.4,55.4,77,492.78,400.0,215.0,0.0,3,SIMULATED,SIMULATED,SIMULATED,SIMULATED
60.6,55.6,11,285.83,400.0,0.0,0.0,4,SIMULATED,SIMULATED,SIMULATED,SIMULATED
60.6,55.6,55,273.33,400.0,0.0,0.0,4,SIMULATED,SIMULATED,SIMULATED,SIMULATED
60.6,55.6,77,480.83,400.0,215.0,0.0,3,SIMULATED,SIMULATED,SIMULATED,SIMULATED
60.8,55.8,11,285.83,400.0,0.0,0.0,4,SIMULATED,SIMULATED,SIMULATED,SIMULATED
60.8,55.8,55,273.33,400.0,0.0,0.0,4,SIMULATED,SIMULATED,SIMULATED,SIMULATED
60.8,55.8,77,468.89,400.0,215.0,0.0,3,SIMULATED,SIMULATED,SIMULATED,SIMULATED
61.0,56.0,11,285.83,400.0,0.0,0.0,4,SIMULATED,SIMULATED,SIMULATED,SIMULATED
61.0,56.0,55,273.33,400.0,0.0,0.0,4,SIMULATED,SIMULATED,SIMULATED,SIMULATED
61.0,56.0,77,456.94,400.0,215.0,0.0,3,SIMULATED,SIMULATED,SIMULATED,SIMULATED
61.2,56.2,11,285.83,400.0,0.0,0.0,4,SIMULATED,SIMULATED,SIMULATED,SIMULATED
61.2,56.2,55,273.33,400.0,0.0,0.0,4,SIMULATED,SIMULATED,SIMULATED,SIMULATED
61.2,56.2,77,445.0,400.0,215.0,0.0,3,SIMULATED,SIMULATED,SIMULATED,SIMULATED
61.4,56.4,11,285.83,400.0,0.0,0.0,4,SIMULATED,SIMULATED,SIMULATED,SIMULATED
61.4,56.4,55,273.33,400.0,0.0,0.0,4,SIMULATED,SIMULATED,SIMULATED,SIMULATED
61.4,56.4,77,433.06,400.0,215.0,0.0,3,SIMULATED,SIMULATED,SIMULATED,SIMULATED
61.6,56.6,11,285.83,400.0,0.0,0.0,4,SIMULATED,SIMULATED,SIMULATED,SIMULATED
61.6,56.6,55,273.33,400.0,0.0,0.0,4,SIMULATED,SIMULATED,SIMULATED,SIMULATED
61.6,56.6,77,421.11,400.0,215.0,0.0,3,SIMULATED,SIMULATED,SIMULATED,SIMULATED
61.8,56.8,11,285.83,400.0,0.0,0.0,4,SIMULATED,SIMULATED,SIMULATED,SIMULATED
61.8,56.8,55,273.33,400.0,0.0,0.0,4,SIMULATED,SIMULATED,SIMULATED,SIMULATED
61.8,56.8,77,409.17,400.0,215.0,0.0,3,SIMULATED,SIMULATED,SIMULATED,SIMULATED
62.0,57.0,11,285.83,400.0,0.0,0.0,4,SIMULATED,SIMULATED,SIMULATED,SIMULATED
62.0,57.0,55,273.33,400.0,0.0,0.0,4,SIMULATED,SIMULATED,SIMULATED,SIMULATED
62.0,57.0,77,397.22,400.0,215.0,0.0,4,SIMULATED,SIMULATED,SIMULATED,SIMULATED
62.2,57.2,11,285.83,400.0,0.0,0.0,4,SIMULATED,SIMULATED,SIMULATED,SIMULATED
62.2,57.2,55,273.33,400.0,0.0,0.0,4,SIMULATED,SIMULATED,SIMULATED,SIMULATED
62.2,57.2,77,385.28,400.0,215.0,0.0,4,SIMULATED,SIMULATED,SIMULATED,SIMULATED
62.4,57.4,11,285.83,400.0,0.0,0.0,4,SIMULATED,SIMULATED,SIMULATED,SIMULATED
62.4,57.4,55,273.33,400.0,0.0,0.0,4,SIMULATED,SIMULATED,SIMULATED,SIMULATED
62.4,57.4,77,373.33,400.0,215.0,0.0,4,SIMULATED,SIMULATED,SIMULATED,SIMULATED
62.6,57.6,11,285.83,400.0,0.0,0.0,4,SIMULATED,SIMULATED,SIMULATED,SIMULATED
62.6,57.6,55,273.33,400.0,0.0,0.0,4,SIMULATED,SIMULATED,SIMULATED,SIMULATED
62.6,57.6,77,361.39,400.0,215.0,0.0,4,SIMULATED,SIMULATED,SIMULATED,SIMULATED
62.8,57.8,11,285.83,400.0,0.0,0.0,4,SIMULATED,SIMULATED,SIMULATED,SIMULATED
62.8,57.8,55,273.33,400.0,0.0,0.0,4,SIMULATED,SIMULATED,SIMULATED,SIMULATED
62.8,57.8,77,349.44,400.0,215.0,0.0,4,SIMULATED,SIMULATED,SIMULATED,SIMULATED
63.0,58.0,11,285.83,400.0,0.0,0.0,4,SIMULATED,SIMULATED,SIMULATED,SIMULATED
63.0,58.0,55,273.33,400.0,0.0,0.0,4,SIMULATED,SIMULATED,SIMULATED,SIMULATED
63.0,58.0,77,337.5,400.0,215.0,0.0,4,SIMULATED,SIMULATED,SIMULATED,SIMULATED
63.2,58.2,11,285.83,400.0,0.0,0.0,4,SIMULATED,SIMULATED,SIMULATED,SIMULATED
63.2,58.2,55,273.33,400.0,0.0,0.0,4,SIMULATED,SIMULATED,SIMULATED,SIMULATED
63.2,58.2,77,325.56,400.0,215.0,0.0,4,SIMULATED,SIMULATED,SIMULATED,SIMULATED
63.4,58.4,11,285.83,400.0,0.0,0.0,4,SIMULATED,SIMULATED,SIMULATED,SIMULATED
63.4,58.4,55,273.33,400.0,0.0,0.0,4,SIMULATED,SIMULATED,SIMULATED,SIMULATED
63.4,58.4,77,313.61,400.0,215.0,0.0,4,SIMULATED,SIMULATED,SIMULATED,SIMULATED
63.6,58.6,11,285.83,400.0,0.0,0.0,4,SIMULATED,SIMULATED,SIMULATED,SIMULATED
63.6,58.6,55,273.33,400.0,0.0,0.0,4,SIMULATED,SIMULATED,SIMULATED,SIMULATED
63.6,58.6,77,301.67,400.0,215.0,0.0,4,SIMULATED,SIMULATED,SIMULATED,SIMULATED
63.8,58.8,11,285.83,400.0,0.0,0.0,4,SIMULATED,SIMULATED,SIMULATED,SIMULATED
63.8,58.8,55,273.33,400.0,0.0,0.0,4,SIMULATED,SIMULATED,SIMULATED,SIMULATED
63.8,58.8,77,289.72,400.0,215.0,0.0,4,SIMULATED,SIMULATED,SIMULATED,SIMULATED
64.0,59.0,11,285.83,400.0,0.0,0.0,4,SIMULATED,SIMULATED,SIMULATED,SIMULATED
64.0,59.0,55,273.33,400.0,0.0,0.0,4,SIMULATED,SIMULATED,SIMULATED,SIMULATED
64.0,59.0,77,277.78,400.0,215.0,0.0,4,SIMULATED,SIMULATED,SIMULATED,SIMULATED
64.2,59.2,11,285.83,400.0,0.0,0.0,4,SIMULATED,SIMULATED,SIMULATED,SIMULATED
64.2,59.2,55,273.33,400.0,0.0,0.0,4,SIMULATED,SIMULATED,SIMULATED,SIMULATED
64.2,59.2,77,265.83,400.0,215.0,0.0,4,SIMULATED,SIMULATED,SIMULATED,SIMULATED
64.4,59.4,11,285.83,400.0,0.0,0.0,4,SIMULATED,SIMULATED,SIMULATED,SIMULATED
64.4,59.4,55,273.33,400.0,0.0,0.0,4,SIMULATED,SIMULATED,SIMULATED,SIMULATED
64.4,59.4,77,253.89,400.0,215.0,0.0,4,SIMULATED,SIMULATED,SIMULATED,SIMULATED
64.6,59.6,11,285.83,400.0,0.0,0.0,4,SIMULATED,SIMULATED,SIMULATED,SIMULATED
64.6,59.6,55,273.33,400.0,0.0,0.0,4,SIMULATED,SIMULATED,SIMULATED,SIMULATED
64.6,59.6,77,241.94,400.0,215.0,0.0,4,SIMULATED,SIMULATED,SIMULATED,SIMULATED
64.8,59.8,11,285.83,400.0,0.0,0.0,4,SIMULATED,SIMULATED,SIMULATED,SIMULATED
64.8,59.8,55,273.33,400.0,0.0,0.0,4,SIMULATED,SIMULATED,SIMULATED,SIMULATED
64.8,59.8,77,230.0,400.0,215.0,0.0,4,SIMULATED,SIMULATED,SIMULATED,SIMULATED
65.0,60.0,11,285.83,400.0,0.0,0.0,4,SIMULATED,SIMULATED,SIMULATED,SIMULATED
65.0,60.0,55,273.33,400.0,0.0,0.0,4,SIMULATED,SIMULATED,SIMULATED,SIMULATED
65.0,60.0,77,218.06,400.0,215.0,0.0,4,SIMULATED,SIMULATED,SIMULATED,SIMULATED
65.2,60.2,11,285.83,400.0,0.0,0.0,4,SIMULATED,SIMULATED,SIMULATED,SIMULATED
65.2,60.2,55,273.33,400.0,0.0,0.0,4,SIMULATED,SIMULATED,SIMULATED,SIMULATED
65.2,60.2,77,206.11,400.0,215.0,0.0,4,SIMULATED,SIMULATED,SIMULATED,SIMULATED
65.4,60.4,11,285.83,400.0,0.0,0.0,4,SIMULATED,SIMULATED,SIMULATED,SIMULATED
65.4,60.4,55,273.33,400.0,0.0,0.0,4,SIMULATED,SIMULATED,SIMULATED,SIMULATED
65.4,60.4,77,194.17,400.0,215.0,0.0,4,SIMULATED,SIMULATED,SIMULATED,SIMULATED
65.6,60.6,11,285.83,400.0,0.0,0.0,4,SIMULATED,SIMULATED,SIMULATED,SIMULATED
65.6,60.6,55,273.33,400.0,0.0,0.0,4,SIMULATED,SIMULATED,SIMULATED,SIMULATED
65.6,60.6,77,182.22,400.0,215.0,0.0,4,SIMULATED,SIMULATED,SIMULATED,SIMULATED
65.8,60.8,11,285.83,400.0,0.0,0.0,4,SIMULATED,SIMULATED,SIMULATED,SIMULATED
65.8,60.8,55,273.33,400.0,0.0,0.0,4,SIMULATED,SIMULATED,SIMULATED,SIMULATED
65.8,60.8,77,170.28,400.0,215.0,0.0,4,SIMULATED,SIMULATED,SIMULATED,SIMULATED
66.0,61.0,11,285.83,400.0,0.0,0.0,4,SIMULATED,SIMULATED,SIMULATED,SIMULATED
66.0,61.0,55,273.33,400.0,0.0,0.0,4,SIMULATED,SIMULATED,SIMULATED,SIMULATED
66.0,61.0,77,158.33,400.0,215.0,0.0,4,SIMULATED,SIMULATED,SIMULATED,SIMULATED
66.2,61.2,11,285.83,400.0,0.0,0.0,4,SIMULATED,SIMULATED,SIMULATED,SIMULATED
66.2,61.2,55,273.33,400.0,0.0,0.0,4,SIMULATED,SIMULATED,SIMULATED,SIMULATED
66.2,61.2,77,146.39,400.0,215.0,0.0,4,SIMULATED,SIMULATED,SIMULATED,SIMULATED
66.4,61.4,11,285.83,400.0,0.0,0.0,4,SIMULATED,SIMULATED,SIMULATED,SIMULATED
66.4,61.4,55,273.33,400.0,0.0,0.0,4,SIMULATED,SIMULATED,SIMULATED,SIMULATED
66.4,61.4,77,134.44,400.0,215.0,0.0,4,SIMULATED,SIMULATED,SIMULATED,SIMULATED
66.6,61.6,11,285.83,400.0,0.0,0.0,4,SIMULATED,SIMULATED,SIMULATED,SIMULATED
66.6,61.6,55,273.33,400.0,0.0,0.0,4,SIMULATED,SIMULATED,SIMULATED,SIMULATED
66.6,61.6,77,122.5,400.0,215.0,0.0,4,SIMULATED,SIMULATED,SIMULATED,SIMULATED
66.8,61.8,11,285.83,400.0,0.0,0.0,4,SIMULATED,SIMULATED,SIMULATED,SIMULATED
66.8,61.8,55,273.33,400.0,0.0,0.0,4,SIMULATED,SIMULATED,SIMULATED,SIMULATED
66.8,61.8,77,110.56,400.0,215.0,0.0,4,SIMULATED,SIMULATED,SIMULATED,SIMULATED
67.0,62.0,11,285.83,400.0,0.0,0.0,4,SIMULATED,SIMULATED,SIMULATED,SIMULATED
67.0,62.0,55,273.33,400.0,0.0,0.0,4,SIMULATED,SIMULATED,SIMULATED,SIMULATED
67.0,62.0,77,98.61,400.0,215.0,0.0,4,SIMULATED,SIMULATED,SIMULATED,SIMULATED
67.2,62.2,11,285.83,400.0,0.0,0.0,4,SIMULATED,SIMULATED,SIMULATED,SIMULATED
67.2,62.2,55,273.33,400.0,0.0,0.0,4,SIMULATED,SIMULATED,SIMULATED,SIMULATED
67.2,62.2,77,86.67,400.0,215.0,0.0,4,SIMULATED,SIMULATED,SIMULATED,SIMULATED
67.4,62.4,11,285.83,400.0,0.0,0.0,4,SIMULATED,SIMULATED,SIMULATED,SIMULATED
67.4,62.4,55,273.33,400.0,0.0,0.0,4,SIMULATED,SIMULATED,SIMULATED,SIMULATED
67.4,62.4,77,74.72,400.0,215.0,0.0,4,SIMULATED,SIMULATED,SIMULATED,SIMULATED
67.6,62.6,11,285.83,400.0,0.0,0.0,4,SIMULATED,SIMULATED,SIMULATED,SIMULATED
67.6,62.6,55,273.33,400.0,0.0,0.0,4,SIMULATED,SIMULATED,SIMULATED,SIMULATED
67.6,62.6,77,62.78,400.0,215.0,0.0,4,SIMULATED,SIMULATED,SIMULATED,SIMULATED
67.8,62.8,11,285.83,400.0,0.0,0.0,4,SIMULATED,SIMULATED,SIMULATED,SIMULATED
67.8,62.8,55,273.33,400.0,0.0,0.0,4,SIMULATED,SIMULATED,SIMULATED,SIMULATED
67.8,62.8,77,50.83,400.0,215.0,0.0,4,SIMULATED,SIMULATED,SIMULATED,SIMULATED
68.0,63.0,11,285.83,400.0,0.0,0.0,4,SIMULATED,SIMULATED,SIMULATED,SIMULATED
68.0,63.0,55,273.33,400.0,0.0,0.0,4,SIMULATED,SIMULATED,SIMULATED,SIMULATED
68.0,63.0,77,38.89,400.0,215.0,0.0,4,SIMULATED,SIMULATED,SIMULATED,SIMULATED
68.2,63.2,11,285.83,400.0,0.0,0.0,4,SIMULATED,SIMULATED,SIMULATED,SIMULATED
68.2,63.2,55,273.33,400.0,0.0,0.0,4,SIMULATED,SIMULATED,SIMULATED,SIMULATED
68.2,63.2,77,26.94,400.0,215.0,0.0,4,SIMULATED,SIMULATED,SIMULATED,SIMULATED
68.4,63.4,11,285.83,400.0,0.0,0.0,4,SIMULATED,SIMULATED,SIMULATED,SIMULATED
68.4,63.4,55,273.33,400.0,0.0,0.0,4,SIMULATED,SIMULATED,SIMULATED,SIMULATED
68.4,63.4,77,15.0,400.0,215.0,0.0,4,SIMULATED,SIMULATED,SIMULATED,SIMULATED
68.6,63.6,11,285.83,400.0,0.0,0.0,4,SIMULATED,SIMULATED,SIMULATED,SIMULATED
68.6,63.6,55,273.33,400.0,0.0,0.0,4,SIMULATED,SIMULATED,SIMULATED,SIMULATED
68.6,63.6,77,3.06,400.0,215.0,0.0,4,SIMULATED,SIMULATED,SIMULATED,SIMULATED
68.8,63.8,11,285.83,400.0,0.0,0.0,4,SIMULATED,SIMULATED,SIMULATED,SIMULATED
68.8,63.8,55,273.33,400.0,0.0,0.0,4,SIMULATED,SIMULATED,SIMULATED,SIMULATED
68.8,63.8,77,0.0,391.11,215.0,0.0,4,SIMULATED,SIMULATED,SIMULATED,SIMULATED
69.0,64.0,11,285.83,400.0,0.0,0.0,4,SIMULATED,SIMULATED,SIMULATED,SIMULATED
69.0,64.0,55,273.33,400.0,0.0,0.0,4,SIMULATED,SIMULATED,SIMULATED,SIMULATED
69.0,64.0,77,0.0,379.17,215.0,0.0,4,SIMULATED,SIMULATED,SIMULATED,SIMULATED
69.2,64.2,11,285.83,400.0,0.0,0.0,4,SIMULATED,SIMULATED,SIMULATED,SIMULATED
69.2,64.2,55,273.33,400.0,0.0,0.0,4,SIMULATED,SIMULATED,SIMULATED,SIMULATED
69.2,64.2,77,0.0,367.22,215.0,0.0,4,SIMULATED,SIMULATED,SIMULATED,SIMULATED
69.4,64.4,11,285.83,400.0,0.0,0.0,4,SIMULATED,SIMULATED,SIMULATED,SIMULATED
69.4,64.4,55,273.33,400.0,0.0,0.0,4,SIMULATED,SIMULATED,SIMULATED,SIMULATED
69.4,64.4,77,0.0,355.28,215.0,0.0,4,SIMULATED,SIMULATED,SIMULATED,SIMULATED
69.6,64.6,11,285.83,400.0,0.0,0.0,4,SIMULATED,SIMULATED,SIMULATED,SIMULATED
69.6,64.6,55,273.33,400.0,0.0,0.0,4,SIMULATED,SIMULATED,SIMULATED,SIMULATED
69.6,64.6,77,0.0,343.33,215.0,0.0,4,SIMULATED,SIMULATED,SIMULATED,SIMULATED
69.8,64.8,11,285.83,400.0,0.0,0.0,4,SIMULATED,SIMULATED,SIMULATED,SIMULATED
69.8,64.8,55,273.33,400.0,0.0,0.0,4,SIMULATED,SIMULATED,SIMULATED,SIMULATED
69.8,64.8,77,0.0,331.39,215.0,0.0,4,SIMULATED,SIMULATED,SIMULATED,SIMULATED
70.0,65.0,11,285.83,400.0,0.0,0.0,4,SIMULATED,SIMULATED,SIMULATED,SIMULATED
70.0,65.0,55,273.33,400.0,0.0,0.0,4,SIMULATED,SIMULATED,SIMULATED,SIMULATED
70.0,65.0,77,0.0,319.44,215.0,0.0,4,SIMULATED,SIMULATED,SIMULATED,SIMULATED
70.2,65.2,11,285.83,400.0,0.0,0.0,4,SIMULATED,SIMULATED,SIMULATED,SIMULATED
70.2,65.2,55,273.33,400.0,0.0,0.0,4,SIMULATED,SIMULATED,SIMULATED,SIMULATED
70.2,65.2,77,0.0,307.5,215.0,0.0,4,SIMULATED,SIMULATED,SIMULATED,SIMULATED
70.4,65.4,11,285.83,400.0,0.0,0.0,4,SIMULATED,SIMULATED,SIMULATED,SIMULATED
70.4,65.4,55,273.33,400.0,0.0,0.0,4,SIMULATED,SIMULATED,SIMULATED,SIMULATED
70.4,65.4,77,0.0,295.56,215.0,0.0,4,SIMULATED,SIMULATED,SIMULATED,SIMULATED
70.6,65.6,11,285.83,400.0,0.0,0.0,4,SIMULATED,SIMULATED,SIMULATED,SIMULATED
70.6,65.6,55,273.33,400.0,0.0,0.0,4,SIMULATED,SIMULATED,SIMULATED,SIMULATED
70.6,65.6,77,0.0,283.61,215.0,0.0,4,SIMULATED,SIMULATED,SIMULATED,SIMULATED
70.8,65.8,11,285.83,400.0,0.0,0.0,4,SIMULATED,SIMULATED,SIMULATED,SIMULATED
70.8,65.8,55,273.33,400.0,0.0,0.0,4,SIMULATED,SIMULATED,SIMULATED,SIMULATED
70.8,65.8,77,0.0,271.67,215.0,0.0,4,SIMULATED,SIMULATED,SIMULATED,SIMULATED
71.0,66.0,11,285.83,400.0,0.0,0.0,4,SIMULATED,SIMULATED,SIMULATED,SIMULATED
71.0,66.0,55,273.33,400.0,0.0,0.0,4,SIMULATED,SIMULATED,SIMULATED,SIMULATED
71.0,66.0,77,0.0,259.72,215.0,0.0,4,SIMULATED,SIMULATED,SIMULATED,SIMULATED
71.2,66.2,11,285.83,400.0,0.0,0.0,4,SIMULATED,SIMULATED,SIMULATED,SIMULATED
71.2,66.2,55,273.33,400.0,0.0,0.0,4,SIMULATED,SIMULATED,SIMULATED,SIMULATED
71.2,66.2,77,0.0,247.78,215.0,0.0,4,SIMULATED,SIMULATED,SIMULATED,SIMULATED
71.4,66.4,11,285.83,400.0,0.0,0.0,4,SIMULATED,SIMULATED,SIMULATED,SIMULATED
71.4,66.4,55,273.33,400.0,0.0,0.0,4,SIMULATED,SIMULATED,SIMULATED,SIMULATED
71.4,66.4,77,0.0,235.83,215.0,0.0,4,SIMULATED,SIMULATED,SIMULATED,SIMULATED
71.6,66.6,11,285.83,400.0,0.0,0.0,4,SIMULATED,SIMULATED,SIMULATED,SIMULATED
71.6,66.6,55,273.33,400.0,0.0,0.0,4,SIMULATED,SIMULATED,SIMULATED,SIMULATED
71.6,66.6,77,0.0,223.89,215.0,0.0,4,SIMULATED,SIMULATED,SIMULATED,SIMULATED
71.8,66.8,11,285.83,400.0,0.0,0.0,4,SIMULATED,SIMULATED,SIMULATED,SIMULATED
71.8,66.8,55,273.33,400.0,0.0,0.0,4,SIMULATED,SIMULATED,SIMULATED,SIMULATED
71.8,66.8,77,0.0,211.94,215.0,0.0,4,SIMULATED,SIMULATED,SIMULATED,SIMULATED
72.0,67.0,11,285.83,400.0,0.0,0.0,4,SIMULATED,SIMULATED,SIMULATED,SIMULATED
72.0,67.0,55,273.33,400.0,0.0,0.0,4,SIMULATED,SIMULATED,SIMULATED,SIMULATED
72.0,67.0,77,0.0,200.0,215.0,0.0,4,SIMULATED,SIMULATED,SIMULATED,SIMULATED
72.2,67.2,11,285.83,400.0,0.0,0.0,4,SIMULATED,SIMULATED,SIMULATED,SIMULATED
72.2,67.2,55,273.33,400.0,0.0,0.0,4,SIMULATED,SIMULATED,SIMULATED,SIMULATED
72.2,67.2,77,0.0,188.06,215.0,0.0,4,SIMULATED,SIMULATED,SIMULATED,SIMULATED
72.4,67.4,11,285.83,400.0,0.0,0.0,4,SIMULATED,SIMULATED,SIMULATED,SIMULATED
72.4,67.4,55,273.33,400.0,0.0,0.0,4,SIMULATED,SIMULATED,SIMULATED,SIMULATED
72.4,67.4,77,0.0,176.11,215.0,0.0,4,SIMULATED,SIMULATED,SIMULATED,SIMULATED
72.6,67.6,11,285.83,400.0,0.0,0.0,4,SIMULATED,SIMULATED,SIMULATED,SIMULATED
72.6,67.6,55,273.33,400.0,0.0,0.0,4,SIMULATED,SIMULATED,SIMULATED,SIMULATED
72.6,67.6,77,0.0,164.17,215.0,0.0,4,SIMULATED,SIMULATED,SIMULATED,SIMULATED
72.8,67.8,11,285.83,400.0,0.0,0.0,4,SIMULATED,SIMULATED,SIMULATED,SIMULATED
72.8,67.8,55,273.33,400.0,0.0,0.0,4,SIMULATED,SIMULATED,SIMULATED,SIMULATED
72.8,67.8,77,0.0,152.22,215.0,0.0,4,SIMULATED,SIMULATED,SIMULATED,SIMULATED
73.0,68.0,11,285.83,400.0,0.0,0.0,4,SIMULATED,SIMULATED,SIMULATED,SIMULATED
73.0,68.0,55,273.33,400.0,0.0,0.0,4,SIMULATED,SIMULATED,SIMULATED,SIMULATED
73.0,68.0,77,0.0,140.28,215.0,0.0,4,SIMULATED,SIMULATED,SIMULATED,SIMULATED
73.2,68.2,11,285.83,400.0,0.0,0.0,4,SIMULATED,SIMULATED,SIMULATED,SIMULATED
73.2,68.2,55,273.33,400.0,0.0,0.0,4,SIMULATED,SIMULATED,SIMULATED,SIMULATED
73.2,68.2,77,0.0,128.33,215.0,0.0,4,SIMULATED,SIMULATED,SIMULATED,SIMULATED
73.4,68.4,11,285.83,400.0,0.0,0.0,4,SIMULATED,SIMULATED,SIMULATED,SIMULATED
73.4,68.4,55,273.33,400.0,0.0,0.0,4,SIMULATED,SIMULATED,SIMULATED,SIMULATED
73.4,68.4,77,0.0,116.39,215.0,0.0,4,SIMULATED,SIMULATED,SIMULATED,SIMULATED
73.6,68.6,11,285.83,400.0,0.0,0.0,4,SIMULATED,SIMULATED,SIMULATED,SIMULATED
73.6,68.6,55,273.33,400.0,0.0,0.0,4,SIMULATED,SIMULATED,SIMULATED,SIMULATED
73.6,68.6,77,0.0,104.44,215.0,0.0,4,SIMULATED,SIMULATED,SIMULATED,SIMULATED
73.8,68.8,11,285.83,400.0,0.0,0.0,4,SIMULATED,SIMULATED,SIMULATED,SIMULATED
73.8,68.8,55,273.33,400.0,0.0,0.0,4,SIMULATED,SIMULATED,SIMULATED,SIMULATED
73.8,68.8,77,0.0,92.5,215.0,0.0,4,SIMULATED,SIMULATED,SIMULATED,SIMULATED
74.0,69.0,11,285.83,400.0,0.0,0.0,4,SIMULATED,SIMULATED,SIMULATED,SIMULATED
74.0,69.0,55,273.33,400.0,0.0,0.0,4,SIMULATED,SIMULATED,SIMULATED,SIMULATED
74.0,69.0,77,0.0,80.56,215.0,0.0,4,SIMULATED,SIMULATED,SIMULATED,SIMULATED
74.2,69.2,11,285.83,400.0,0.0,0.0,4,SIMULATED,SIMULATED,SIMULATED,SIMULATED
74.2,69.2,55,273.33,400.0,0.0,0.0,4,SIMULATED,SIMULATED,SIMULATED,SIMULATED
74.2,69.2,77,0.0,68.61,215.0,0.0,4,SIMULATED,SIMULATED,SIMULATED,SIMULATED
74.4,69.4,11,285.83,400.0,0.0,0.0,4,SIMULATED,SIMULATED,SIMULATED,SIMULATED
74.4,69.4,55,273.33,400.0,0.0,0.0,4,SIMULATED,SIMULATED,SIMULATED,SIMULATED
74.4,69.4,77,0.0,56.67,215.0,0.0,4,SIMULATED,SIMULATED,SIMULATED,SIMULATED
74.6,69.6,11,285.83,400.0,0.0,0.0,4,SIMULATED,SIMULATED,SIMULATED,SIMULATED
74.6,69.6,55,273.33,400.0,0.0,0.0,4,SIMULATED,SIMULATED,SIMULATED,SIMULATED
74.6,69.6,77,0.0,44.72,215.0,0.0,4,SIMULATED,SIMULATED,SIMULATED,SIMULATED
74.8,69.8,11,285.83,400.0,0.0,0.0,4,SIMULATED,SIMULATED,SIMULATED,SIMULATED
74.8,69.8,55,273.33,400.0,0.0,0.0,4,SIMULATED,SIMULATED,SIMULATED,SIMULATED
74.8,69.8,77,0.0,32.78,215.0,0.0,4,SIMULATED,SIMULATED,SIMULATED,SIMULATED
75.0,70.0,11,285.83,400.0,0.0,0.0,4,SIMULATED,SIMULATED,SIMULATED,SIMULATED
75.0,70.0,55,273.33,400.0,0.0,0.0,4,SIMULATED,SIMULATED,SIMULATED,SIMULATED
75.0,70.0,77,0.0,20.83,215.0,0.0,4,SIMULATED,SIMULATED,SIMULATED,SIMULATED
75.2,70.2,11,285.83,400.0,0.0,0.0,4,SIMULATED,SIMULATED,SIMULATED,SIMULATED
75.2,70.2,55,273.33,400.0,0.0,0.0,4,SIMULATED,SIMULATED,SIMULATED,SIMULATED
75.2,70.2,77,0.0,8.89,215.0,0.0,4,SIMULATED,SIMULATED,SIMULATED,SIMULATED
75.4,70.4,11,285.83,400.0,0.0,0.0,4,SIMULATED,SIMULATED,SIMULATED,SIMULATED
75.4,70.4,55,273.33,400.0,0.0,0.0,4,SIMULATED,SIMULATED,SIMULATED,SIMULATED
75.4,70.4,77,3.06,0.0,215.0,0.0,1,SIMULATED,SIMULATED,SIMULATED,SIMULATED
75.6,70.6,11,285.83,400.0,0.0,0.0,4,SIMULATED,SIMULATED,SIMULATED,SIMULATED
75.6,70.6,55,273.33,400.0,0.0,0.0,4,SIMULATED,SIMULATED,SIMULATED,SIMULATED
75.6,70.6,77,15.0,0.0,215.0,0.0,1,SIMULATED,SIMULATED,SIMULATED,SIMULATED
75.8,70.8,11,285.83,400.0,0.0,0.0,4,SIMULATED,SIMULATED,SIMULATED,SIMULATED
75.8,70.8,55,273.33,400.0,0.0,0.0,4,SIMULATED,SIMULATED,SIMULATED,SIMULATED
75.8,70.8,77,26.94,0.0,215.0,0.0,1,SIMULATED,SIMULATED,SIMULATED,SIMULATED
76.0,71.0,11,285.83,400.0,0.0,0.0,4,SIMULATED,SIMULATED,SIMULATED,SIMULATED
76.0,71.0,55,273.33,400.0,0.0,0.0,4,SIMULATED,SIMULATED,SIMULATED,SIMULATED
76.0,71.0,77,38.89,0.0,215.0,0.0,1,SIMULATED,SIMULATED,SIMULATED,SIMULATED
76.2,71.2,11,285.83,400.0,0.0,0.0,4,SIMULATED,SIMULATED,SIMULATED,SIMULATED
76.2,71.2,55,273.33,400.0,0.0,0.0,4,SIMULATED,SIMULATED,SIMULATED,SIMULATED
76.2,71.2,77,50.83,0.0,215.0,0.0,1,SIMULATED,SIMULATED,SIMULATED,SIMULATED
76.4,71.4,11,285.83,400.0,0.0,0.0,4,SIMULATED,SIMULATED,SIMULATED,SIMULATED
76.4,71.4,55,273.33,400.0,0.0,0.0,4,SIMULATED,SIMULATED,SIMULATED,SIMULATED
76.4,71.4,77,62.78,0.0,215.0,0.0,1,SIMULATED,SIMULATED,SIMULATED,SIMULATED
76.6,71.6,11,285.83,400.0,0.0,0.0,4,SIMULATED,SIMULATED,SIMULATED,SIMULATED
76.6,71.6,55,273.33,400.0,0.0,0.0,4,SIMULATED,SIMULATED,SIMULATED,SIMULATED
76.6,71.6,77,74.72,0.0,215.0,0.0,1,SIMULATED,SIMULATED,SIMULATED,SIMULATED
76.8,71.8,11,285.83,400.0,0.0,0.0,4,SIMULATED,SIMULATED,SIMULATED,SIMULATED
76.8,71.8,55,273.33,400.0,0.0,0.0,4,SIMULATED,SIMULATED,SIMULATED,SIMULATED
76.8,71.8,77,86.67,0.0,215.0,0.0,1,SIMULATED,SIMULATED,SIMULATED,SIMULATED
77.0,72.0,11,285.83,400.0,0.0,0.0,4,SIMULATED,SIMULATED,SIMULATED,SIMULATED
77.0,72.0,55,273.33,400.0,0.0,0.0,4,SIMULATED,SIMULATED,SIMULATED,SIMULATED
77.0,72.0,77,98.61,0.0,215.0,0.0,1,SIMULATED,SIMULATED,SIMULATED,SIMULATED
77.2,72.2,11,285.83,400.0,0.0,0.0,4,SIMULATED,SIMULATED,SIMULATED,SIMULATED
77.2,72.2,55,273.33,400.0,0.0,0.0,4,SIMULATED,SIMULATED,SIMULATED,SIMULATED
77.2,72.2,77,110.56,0.0,215.0,0.0,1,SIMULATED,SIMULATED,SIMULATED,SIMULATED
77.4,72.4,11,285.83,400.0,0.0,0.0,4,SIMULATED,SIMULATED,SIMULATED,SIMULATED
77.4,72.4,55,273.33,400.0,0.0,0.0,4,SIMULATED,SIMULATED,SIMULATED,SIMULATED
77.4,72.4,77,122.5,0.0,215.0,0.0,1,SIMULATED,SIMULATED,SIMULATED,SIMULATED
77.6,72.6,11,285.83,400.0,0.0,0.0,4,SIMULATED,SIMULATED,SIMULATED,SIMULATED
77.6,72.6,55,273.33,400.0,0.0,0.0,4,SIMULATED,SIMULATED,SIMULATED,SIMULATED
77.6,72.6,77,134.44,0.0,215.0,0.0,1,SIMULATED,SIMULATED,SIMULATED,SIMULATED
77.8,72.8,11,285.83,400.0,0.0,0.0,4,SIMULATED,SIMULATED,SIMULATED,SIMULATED
77.8,72.8,55,273.33,400.0,0.0,0.0,4,SIMULATED,SIMULATED,SIMULATED,SIMULATED
77.8,72.8,77,146.39,0.0,215.0,0.0,1,SIMULATED,SIMULATED,SIMULATED,SIMULATED
78.0,73.0,11,285.83,400.0,0.0,0.0,4,SIMULATED,SIMULATED,SIMULATED,SIMULATED
78.0,73.0,55,273.33,400.0,0.0,0.0,4,SIMULATED,SIMULATED,SIMULATED,SIMULATED
78.0,73.0,77,158.33,0.0,215.0,0.0,1,SIMULATED,SIMULATED,SIMULATED,SIMULATED
78.2,73.2,11,285.83,400.0,0.0,0.0,4,SIMULATED,SIMULATED,SIMULATED,SIMULATED
78.2,73.2,55,273.33,400.0,0.0,0.0,4,SIMULATED,SIMULATED,SIMULATED,SIMULATED
78.2,73.2,77,170.28,0.0,215.0,0.0,1,SIMULATED,SIMULATED,SIMULATED,SIMULATED
78.4,73.4,11,285.83,400.0,0.0,0.0,4,SIMULATED,SIMULATED,SIMULATED,SIMULATED
78.4,73.4,55,273.33,400.0,0.0,0.0,4,SIMULATED,SIMULATED,SIMULATED,SIMULATED
78.4,73.4,77,182.22,0.0,215.0,0.0,1,SIMULATED,SIMULATED,SIMULATED,SIMULATED
78.6,73.6,11,285.83,400.0,0.0,0.0,4,SIMULATED,SIMULATED,SIMULATED,SIMULATED
78.6,73.6,55,273.33,400.0,0.0,0.0,4,SIMULATED,SIMULATED,SIMULATED,SIMULATED
78.6,73.6,77,194.17,0.0,215.0,0.0,1,SIMULATED,SIMULATED,SIMULATED,SIMULATED
78.8,73.8,11,285.83,400.0,0.0,0.0,4,SIMULATED,SIMULATED,SIMULATED,SIMULATED
78.8,73.8,55,273.33,400.0,0.0,0.0,4,SIMULATED,SIMULATED,SIMULATED,SIMULATED
78.8,73.8,77,206.11,0.0,215.0,0.0,1,SIMULATED,SIMULATED,SIMULATED,SIMULATED
79.0,74.0,11,285.83,400.0,0.0,0.0,4,SIMULATED,SIMULATED,SIMULATED,SIMULATED
79.0,74.0,55,273.33,400.0,0.0,0.0,4,SIMULATED,SIMULATED,SIMULATED,SIMULATED
79.0,74.0,77,218.06,0.0,215.0,0.0,1,SIMULATED,SIMULATED,SIMULATED,SIMULATED
79.2,74.2,11,285.83,400.0,0.0,0.0,4,SIMULATED,SIMULATED,SIMULATED,SIMULATED
79.2,74.2,55,273.33,400.0,0.0,0.0,4,SIMULATED,SIMULATED,SIMULATED,SIMULATED
79.2,74.2,77,230.0,0.0,215.0,0.0,1,SIMULATED,SIMULATED,SIMULATED,SIMULATED
79.4,74.4,11,285.83,400.0,0.0,0.0,4,SIMULATED,SIMULATED,SIMULATED,SIMULATED
79.4,74.4,55,273.33,400.0,0.0,0.0,4,SIMULATED,SIMULATED,SIMULATED,SIMULATED
79.4,74.4,77,241.94,0.0,215.0,0.0,1,SIMULATED,SIMULATED,SIMULATED,SIMULATED
79.6,74.6,11,285.83,400.0,0.0,0.0,4,SIMULATED,SIMULATED,SIMULATED,SIMULATED
79.6,74.6,55,273.33,400.0,0.0,0.0,4,SIMULATED,SIMULATED,SIMULATED,SIMULATED
79.6,74.6,77,253.89,0.0,215.0,0.0,1,SIMULATED,SIMULATED,SIMULATED,SIMULATED
79.8,74.8,11,285.83,400.0,0.0,0.0,4,SIMULATED,SIMULATED,SIMULATED,SIMULATED
79.8,74.8,55,273.33,400.0,0.0,0.0,4,SIMULATED,SIMULATED,SIMULATED,SIMULATED
79.8,74.8,77,265.83,0.0,215.0,0.0,1,SIMULATED,SIMULATED,SIMULATED,SIMULATED
80.0,75.0,11,285.83,400.0,0.0,0.0,4,SIMULATED,SIMULATED,SIMULATED,SIMULATED
80.0,75.0,55,273.33,400.0,0.0,0.0,4,SIMULATED,SIMULATED,SIMULATED,SIMULATED
80.0,75.0,77,277.78,0.0,215.0,0.0,1,SIMULATED,SIMULATED,SIMULATED,SIMULATED
80.2,75.2,11,285.83,400.0,0.0,0.0,4,SIMULATED,SIMULATED,SIMULATED,SIMULATED
80.2,75.2,55,273.33,400.0,0.0,0.0,4,SIMULATED,SIMULATED,SIMULATED,SIMULATED
80.2,75.2,77,289.72,0.0,215.0,0.0,1,SIMULATED,SIMULATED,SIMULATED,SIMULATED
80.4,75.4,11,285.83,400.0,0.0,0.0,4,SIMULATED,SIMULATED,SIMULATED,SIMULATED
80.4,75.4,55,273.33,400.0,0.0,0.0,4,SIMULATED,SIMULATED,SIMULATED,SIMULATED
80.4,75.4,77,301.67,0.0,215.0,0.0,1,SIMULATED,SIMULATED,SIMULATED,SIMULATED
80.6,75.6,11,285.83,400.0,0.0,0.0,4,SIMULATED,SIMULATED,SIMULATED,SIMULATED
80.6,75.6,55,273.33,400.0,0.0,0.0,4,SIMULATED,SIMULATED,SIMULATED,SIMULATED
80.6,75.6,77,313.61,0.0,215.0,0.0,1,SIMULATED,SIMULATED,SIMULATED,SIMULATED
80.8,75.8,11,285.83,400.0,0.0,0.0,4,SIMULATED,SIMULATED,SIMULATED,SIMULATED
80.8,75.8,55,273.33,400.0,0.0,0.0,4,SIMULATED,SIMULATED,SIMULATED,SIMULATED
80.8,75.8,77,325.56,0.0,215.0,0.0,1,SIMULATED,SIMULATED,SIMULATED,SIMULATED
81.0,76.0,11,285.83,400.0,0.0,0.0,4,SIMULATED,SIMULATED,SIMULATED,SIMULATED
81.0,76.0,55,273.33,400.0,0.0,0.0,4,SIMULATED,SIMULATED,SIMULATED,SIMULATED
81.0,76.0,77,337.5,0.0,215.0,0.0,1,SIMULATED,SIMULATED,SIMULATED,SIMULATED
81.2,76.2,11,285.83,400.0,0.0,0.0,4,SIMULATED,SIMULATED,SIMULATED,SIMULATED
81.2,76.2,55,273.33,400.0,0.0,0.0,4,SIMULATED,SIMULATED,SIMULATED,SIMULATED
81.2,76.2,77,349.44,0.0,215.0,0.0,1,SIMULATED,SIMULATED,SIMULATED,SIMULATED
81.4,76.4,11,285.83,400.0,0.0,0.0,4,SIMULATED,SIMULATED,SIMULATED,SIMULATED
81.4,76.4,55,273.33,400.0,0.0,0.0,4,SIMULATED,SIMULATED,SIMULATED,SIMULATED
81.4,76.4,77,361.39,0.0,215.0,0.0,1,SIMULATED,SIMULATED,SIMULATED,SIMULATED
81.6,76.6,11,285.83,400.0,0.0,0.0,4,SIMULATED,SIMULATED,SIMULATED,SIMULATED
81.6,76.6,55,273.33,400.0,0.0,0.0,4,SIMULATED,SIMULATED,SIMULATED,SIMULATED
81.6,76.6,77,373.33,0.0,215.0,0.0,1,SIMULATED,SIMULATED,SIMULATED,SIMULATED
81.8,76.8,11,285.83,400.0,0.0,0.0,4,SIMULATED,SIMULATED,SIMULATED,SIMULATED
81.8,76.8,55,273.33,400.0,0.0,0.0,4,SIMULATED,SIMULATED,SIMULATED,SIMULATED
81.8,76.8,77,385.28,0.0,215.0,0.0,1,SIMULATED,SIMULATED,SIMULATED,SIMULATED
82.0,77.0,11,285.83,400.0,0.0,0.0,4,SIMULATED,SIMULATED,SIMULATED,SIMULATED
82.0,77.0,55,273.33,400.0,0.0,0.0,4,SIMULATED,SIMULATED,SIMULATED,SIMULATED
82.0,77.0,77,397.22,0.0,215.0,0.0,1,SIMULATED,SIMULATED,SIMULATED,SIMULATED
82.2,77.2,11,285.83,400.0,0.0,0.0,4,SIMULATED,SIMULATED,SIMULATED,SIMULATED
82.2,77.2,55,273.33,400.0,0.0,0.0,4,SIMULATED,SIMULATED,SIMULATED,SIMULATED
82.2,77.2,77,409.17,0.0,215.0,0.0,1,SIMULATED,SIMULATED,SIMULATED,SIMULATED
82.4,77.4,11,285.83,400.0,0.0,0.0,4,SIMULATED,SIMULATED,SIMULATED,SIMULATED
82.4,77.4,55,273.33,400.0,0.0,0.0,4,SIMULATED,SIMULATED,SIMULATED,SIMULATED
82.4,77.4,77,421.11,0.0,215.0,0.0,1,SIMULATED,SIMULATED,SIMULATED,SIMULATED
82.6,77.6,11,285.83,400.0,0.0,0.0,4,SIMULATED,SIMULATED,SIMULATED,SIMULATED
82.6,77.6,55,273.33,400.0,0.0,0.0,4,SIMULATED,SIMULATED,SIMULATED,SIMULATED
82.6,77.6,77,433.06,0.0,215.0,0.0,1,SIMULATED,SIMULATED,SIMULATED,SIMULATED
82.8,77.8,11,285.83,400.0,0.0,0.0,4,SIMULATED,SIMULATED,SIMULATED,SIMULATED
82.8,77.8,55,273.33,400.0,0.0,0.0,4,SIMULATED,SIMULATED,SIMULATED,SIMULATED
82.8,77.8,77,445.0,0.0,215.0,0.0,1,SIMULATED,SIMULATED,SIMULATED,SIMULATED
83.0,78.0,11,285.83,400.0,0.0,0.0,4,SIMULATED,SIMULATED,SIMULATED,SIMULATED
83.0,78.0,55,273.33,400.0,0.0,0.0,4,SIMULATED,SIMULATED,SIMULATED,SIMULATED
83.0,78.0,77,456.94,0.0,215.0,0.0,1,SIMULATED,SIMULATED,SIMULATED,SIMULATED
83.2,78.2,11,285.83,400.0,0.0,0.0,4,SIMULATED,SIMULATED,SIMULATED,SIMULATED
83.2,78.2,55,273.33,400.0,0.0,0.0,4,SIMULATED,SIMULATED,SIMULATED,SIMULATED
83.2,78.2,77,468.89,0.0,215.0,0.0,1,SIMULATED,SIMULATED,SIMULATED,SIMULATED
83.4,78.4,11,285.83,400.0,0.0,0.0,4,SIMULATED,SIMULATED,SIMULATED,SIMULATED
83.4,78.4,55,273.33,400.0,0.0,0.0,4,SIMULATED,SIMULATED,SIMULATED,SIMULATED
83.4,78.4,77,480.83,0.0,215.0,0.0,1,SIMULATED,SIMULATED,SIMULATED,SIMULATED
83.6,78.6,11,285.83,400.0,0.0,0.0,4,SIMULATED,SIMULATED,SIMULATED,SIMULATED
83.6,78.6,55,273.33,400.0,0.0,0.0,4,SIMULATED,SIMULATED,SIMULATED,SIMULATED
83.6,78.6,77,492.78,0.0,215.0,0.0,1,SIMULATED,SIMULATED,SIMULATED,SIMULATED
83.8,78.8,11,285.83,400.0,0.0,0.0,4,SIMULATED,SIMULATED,SIMULATED,SIMULATED
83.8,78.8,55,273.33,400.0,0.0,0.0,4,SIMULATED,SIMULATED,SIMULATED,SIMULATED
83.8,78.8,77,504.72,0.0,215.0,0.0,1,SIMULATED,SIMULATED,SIMULATED,SIMULATED
84.0,79.0,11,285.83,400.0,0.0,0.0,4,SIMULATED,SIMULATED,SIMULATED,SIMULATED
84.0,79.0,55,273.33,400.0,0.0,0.0,4,SIMULATED,SIMULATED,SIMULATED,SIMULATED
84.0,79.0,77,516.67,0.0,215.0,0.0,1,SIMULATED,SIMULATED,SIMULATED,SIMULATED
84.2,79.2,11,285.83,400.0,0.0,0.0,4,SIMULATED,SIMULATED,SIMULATED,SIMULATED
84.2,79.2,55,273.33,400.0,0.0,0.0,4,SIMULATED,SIMULATED,SIMULATED,SIMULATED
84.2,79.2,77,528.61,0.0,215.0,0.0,1,SIMULATED,SIMULATED,SIMULATED,SIMULATED
84.4,79.4,11,285.83,400.0,0.0,0.0,4,SIMULATED,SIMULATED,SIMULATED,SIMULATED
84.4,79.4,55,273.33,400.0,0.0,0.0,4,SIMULATED,SIMULATED,SIMULATED,SIMULATED
84.4,79.4,77,540.56,0.0,215.0,0.0,1,SIMULATED,SIMULATED,SIMULATED,SIMULATED
84.6,79.6,11,285.83,400.0,0.0,0.0,4,SIMULATED,SIMULATED,SIMULATED,SIMULATED
84.6,79.6,55,273.33,400.0,0.0,0.0,4,SIMULATED,SIMULATED,SIMULATED,SIMULATED
84.6,79.6,77,552.5,0.0,215.0,0.0,1,SIMULATED,SIMULATED,SIMULATED,SIMULATED
84.8,79.8,11,285.83,400.0,0.0,0.0,4,SIMULATED,SIMULATED,SIMULATED,SIMULATED
84.8,79.8,55,273.33,400.0,0.0,0.0,4,SIMULATED,SIMULATED,SIMULATED,SIMULATED
84.8,79.8,77,564.44,0.0,215.0,0.0,1,SIMULATED,SIMULATED,SIMULATED,SIMULATED
85.0,80.0,11,285.83,400.0,0.0,0.0,4,SIMULATED,SIMULATED,SIMULATED,SIMULATED
85.0,80.0,55,273.33,400.0,0.0,0.0,4,SIMULATED,SIMULATED,SIMULATED,SIMULATED
85.0,80.0,77,576.39,0.0,215.0,0.0,1,SIMULATED,SIMULATED,SIMULATED,SIMULATED
85.2,80.2,11,285.83,400.0,0.0,0.0,4,SIMULATED,SIMULATED,SIMULATED,SIMULATED
85.2,80.2,55,273.33,400.0,0.0,0.0,4,SIMULATED,SIMULATED,SIMULATED,SIMULATED
85.2,80.2,77,588.33,0.0,215.0,0.0,1,SIMULATED,SIMULATED,SIMULATED,SIMULATED
85.4,80.4,11,285.83,400.0,0.0,0.0,4,SIMULATED,SIMULATED,SIMULATED,SIMULATED
85.4,80.4,55,273.33,400.0,0.0,0.0,4,SIMULATED,SIMULATED,SIMULATED,SIMULATED
85.4,80.4,77,600.28,0.0,215.0,0.0,1,SIMULATED,SIMULATED,SIMULATED,SIMULATED
85.6,80.6,11,285.83,400.0,0.0,0.0,4,SIMULATED,SIMULATED,SIMULATED,SIMULATED
85.6,80.6,55,273.33,400.0,0.0,0.0,4,SIMULATED,SIMULATED,SIMULATED,SIMULATED
85.6,80.6,77,612.22,0.0,215.0,0.0,1,SIMULATED,SIMULATED,SIMULATED,SIMULATED
85.8,80.8,11,285.83,400.0,0.0,0.0,4,SIMULATED,SIMULATED,SIMULATED,SIMULATED
85.8,80.8,55,273.33,400.0,0.0,0.0,4,SIMULATED,SIMULATED,SIMULATED,SIMULATED
85.8,80.8,77,624.17,0.0,215.0,0.0,1,SIMULATED,SIMULATED,SIMULATED,SIMULATED
86.0,81.0,11,285.83,400.0,0.0,0.0,4,SIMULATED,SIMULATED,SIMULATED,SIMULATED
86.0,81.0,55,273.33,400.0,0.0,0.0,4,SIMULATED,SIMULATED,SIMULATED,SIMULATED
86.0,81.0,77,636.11,0.0,215.0,0.0,1,SIMULATED,SIMULATED,SIMULATED,SIMULATED
86.2,81.2,11,285.83,400.0,0.0,0.0,4,SIMULATED,SIMULATED,SIMULATED,SIMULATED
86.2,81.2,55,273.33,400.0,0.0,0.0,4,SIMULATED,SIMULATED,SIMULATED,SIMULATED
86.2,81.2,77,648.06,0.0,215.0,0.0,1,SIMULATED,SIMULATED,SIMULATED,SIMULATED
86.4,81.4,11,285.83,400.0,0.0,0.0,4,SIMULATED,SIMULATED,SIMULATED,SIMULATED
86.4,81.4,55,273.33,400.0,0.0,0.0,4,SIMULATED,SIMULATED,SIMULATED,SIMULATED
86.4,81.4,77,660.0,0.0,215.0,0.0,1,SIMULATED,SIMULATED,SIMULATED,SIMULATED
86.6,81.6,11,285.83,400.0,0.0,0.0,4,SIMULATED,SIMULATED,SIMULATED,SIMULATED
86.6,81.6,55,273.33,400.0,0.0,0.0,4,SIMULATED,SIMULATED,SIMULATED,SIMULATED
86.6,81.6,77,671.94,0.0,215.0,0.0,1,SIMULATED,SIMULATED,SIMULATED,SIMULATED
86.8,81.8,11,285.83,400.0,0.0,0.0,4,SIMULATED,SIMULATED,SIMULATED,SIMULATED
86.8,81.8,55,273.33,400.0,0.0,0.0,4,SIMULATED,SIMULATED,SIMULATED,SIMULATED
86.8,81.8,77,683.89,0.0,215.0,0.0,1,SIMULATED,SIMULATED,SIMULATED,SIMULATED
87.0,82.0,11,285.83,400.0,0.0,0.0,4,SIMULATED,SIMULATED,SIMULATED,SIMULATED
87.0,82.0,55,273.33,400.0,0.0,0.0,4,SIMULATED,SIMULATED,SIMULATED,SIMULATED
87.0,82.0,77,695.83,0.0,215.0,0.0,1,SIMULATED,SIMULATED,SIMULATED,SIMULATED
87.2,82.2,11,285.83,400.0,0.0,0.0,4,SIMULATED,SIMULATED,SIMULATED,SIMULATED
87.2,82.2,55,273.33,400.0,0.0,0.0,4,SIMULATED,SIMULATED,SIMULATED,SIMULATED
87.2,82.2,77,707.78,0.0,215.0,0.0,1,SIMULATED,SIMULATED,SIMULATED,SIMULATED
87.4,82.4,11,285.83,400.0,0.0,0.0,4,SIMULATED,SIMULATED,SIMULATED,SIMULATED
87.4,82.4,55,273.33,400.0,0.0,0.0,4,SIMULATED,SIMULATED,SIMULATED,SIMULATED
87.4,82.4,77,719.72,0.0,215.0,0.0,1,SIMULATED,SIMULATED,SIMULATED,SIMULATED
87.6,82.6,11,285.83,400.0,0.0,0.0,4,SIMULATED,SIMULATED,SIMULATED,SIMULATED
87.6,82.6,55,273.33,400.0,0.0,0.0,4,SIMULATED,SIMULATED,SIMULATED,SIMULATED
87.6,82.6,77,731.67,0.0,215.0,0.0,1,SIMULATED,SIMULATED,SIMULATED,SIMULATED
87.8,82.8,11,285.83,400.0,0.0,0.0,4,SIMULATED,SIMULATED,SIMULATED,SIMULATED
87.8,82.8,55,273.33,400.0,0.0,0.0,4,SIMULATED,SIMULATED,SIMULATED,SIMULATED
87.8,82.8,77,743.61,0.0,215.0,0.0,1,SIMULATED,SIMULATED,SIMULATED,SIMULATED
88.0,83.0,11,285.83,400.0,0.0,0.0,4,SIMULATED,SIMULATED,SIMULATED,SIMULATED
88.0,83.0,55,273.33,400.0,0.0,0.0,4,SIMULATED,SIMULATED,SIMULATED,SIMULATED
88.0,83.0,77,755.56,0.0,215.0,0.0,1,SIMULATED,SIMULATED,SIMULATED,SIMULATED
88.2,83.2,11,285.83,400.0,0.0,0.0,4,SIMULATED,SIMULATED,SIMULATED,SIMULATED
88.2,83.2,55,273.33,400.0,0.0,0.0,4,SIMULATED,SIMULATED,SIMULATED,SIMULATED
88.2,83.2,77,767.5,0.0,215.0,0.0,1,SIMULATED,SIMULATED,SIMULATED,SIMULATED
88.4,83.4,11,285.83,400.0,0.0,0.0,4,SIMULATED,SIMULATED,SIMULATED,SIMULATED
88.4,83.4,55,273.33,400.0,0.0,0.0,4,SIMULATED,SIMULATED,SIMULATED,SIMULATED
88.4,83.4,77,779.44,0.0,215.0,0.0,1,SIMULATED,SIMULATED,SIMULATED,SIMULATED
88.6,83.6,11,285.83,400.0,0.0,0.0,4,SIMULATED,SIMULATED,SIMULATED,SIMULATED
88.6,83.6,55,273.33,400.0,0.0,0.0,4,SIMULATED,SIMULATED,SIMULATED,SIMULATED
88.6,83.6,77,791.39,0.0,215.0,0.0,1,SIMULATED,SIMULATED,SIMULATED,SIMULATED
88.8,83.8,11,285.83,400.0,0.0,0.0,4,SIMULATED,SIMULATED,SIMULATED,SIMULATED
88.8,83.8,55,273.33,400.0,0.0,0.0,4,SIMULATED,SIMULATED,SIMULATED,SIMULATED
88.8,83.8,77,803.33,0.0,215.0,0.0,2,SIMULATED,SIMULATED,SIMULATED,SIMULATED
89.0,84.0,11,285.83,400.0,0.0,0.0,4,SIMULATED,SIMULATED,SIMULATED,SIMULATED
89.0,84.0,55,273.33,400.0,0.0,0.0,4,SIMULATED,SIMULATED,SIMULATED,SIMULATED
89.0,84.0,77,815.28,0.0,215.0,0.0,2,SIMULATED,SIMULATED,SIMULATED,SIMULATED
89.2,84.2,11,285.83,400.0,0.0,0.0,4,SIMULATED,SIMULATED,SIMULATED,SIMULATED
89.2,84.2,55,273.33,400.0,0.0,0.0,4,SIMULATED,SIMULATED,SIMULATED,SIMULATED
89.2,84.2,77,827.22,0.0,215.0,0.0,2,SIMULATED,SIMULATED,SIMULATED,SIMULATED
89.4,84.4,11,285.83,400.0,0.0,0.0,4,SIMULATED,SIMULATED,SIMULATED,SIMULATED
89.4,84.4,55,273.33,400.0,0.0,0.0,4,SIMULATED,SIMULATED,SIMULATED,SIMULATED
89.4,84.4,77,839.17,0.0,215.0,0.0,2,SIMULATED,SIMULATED,SIMULATED,SIMULATED
89.6,84.6,11,285.83,400.0,0.0,0.0,4,SIMULATED,SIMULATED,SIMULATED,SIMULATED
89.6,84.6,55,273.33,400.0,0.0,0.0,4,SIMULATED,SIMULATED,SIMULATED,SIMULATED
89.6,84.6,77,851.11,0.0,215.0,0.0,2,SIMULATED,SIMULATED,SIMULATED,SIMULATED
89.8,84.8,11,285.83,400.0,0.0,0.0,4,SIMULATED,SIMULATED,SIMULATED,SIMULATED
89.8,84.8,55,273.33,400.0,0.0,0.0,4,SIMULATED,SIMULATED,SIMULATED,SIMULATED
89.8,84.8,77,863.06,0.0,215.0,0.0,2,SIMULATED,SIMULATED,SIMULATED,SIMULATED
90.0,85.0,11,285.83,400.0,0.0,0.0,4,SIMULATED,SIMULATED,SIMULATED,SIMULATED
90.0,85.0,55,273.33,400.0,0.0,0.0,4,SIMULATED,SIMULATED,SIMULATED,SIMULATED
90.0,85.0,77,875.0,0.0,215.0,0.0,2,SIMULATED,SIMULATED,SIMULATED,SIMULATED
90.2,85.2,11,285.83,400.0,0.0,0.0,4,SIMULATED,SIMULATED,SIMULATED,SIMULATED
90.2,85.2,55,273.33,400.0,0.0,0.0,4,SIMULATED,SIMULATED,SIMULATED,SIMULATED
90.2,85.2,77,886.94,0.0,215.0,0.0,2,SIMULATED,SIMULATED,SIMULATED,SIMULATED
90.4,85.4,11,285.83,400.0,0.0,0.0,4,SIMULATED,SIMULATED,SIMULATED,SIMULATED
90.4,85.4,55,273.33,400.0,0.0,0.0,4,SIMULATED,SIMULATED,SIMULATED,SIMULATED
90.4,85.4,77,898.89,0.0,215.0,0.0,2,SIMULATED,SIMULATED,SIMULATED,SIMULATED
90.6,85.6,11,285.83,400.0,0.0,0.0,4,SIMULATED,SIMULATED,SIMULATED,SIMULATED
90.6,85.6,55,273.33,400.0,0.0,0.0,4,SIMULATED,SIMULATED,SIMULATED,SIMULATED
90.6,85.6,77,910.83,0.0,215.0,0.0,2,SIMULATED,SIMULATED,SIMULATED,SIMULATED
90.8,85.8,11,285.83,400.0,0.0,0.0,4,SIMULATED,SIMULATED,SIMULATED,SIMULATED
90.8,85.8,55,273.33,400.0,0.0,0.0,4,SIMULATED,SIMULATED,SIMULATED,SIMULATED
90.8,85.8,77,922.78,0.0,215.0,0.0,2,SIMULATED,SIMULATED,SIMULATED,SIMULATED
91.0,86.0,11,285.83,400.0,0.0,0.0,4,SIMULATED,SIMULATED,SIMULATED,SIMULATED
91.0,86.0,55,273.33,400.0,0.0,0.0,4,SIMULATED,SIMULATED,SIMULATED,SIMULATED
91.0,86.0,77,934.72,0.0,215.0,0.0,2,SIMULATED,SIMULATED,SIMULATED,SIMULATED
91.2,86.2,11,285.83,400.0,0.0,0.0,4,SIMULATED,SIMULATED,SIMULATED,SIMULATED
91.2,86.2,55,273.33,400.0,0.0,0.0,4,SIMULATED,SIMULATED,SIMULATED,SIMULATED
91.2,86.2,77,946.67,0.0,215.0,0.0,2,SIMULATED,SIMULATED,SIMULATED,SIMULATED
91.4,86.4,11,285.83,400.0,0.0,0.0,4,SIMULATED,SIMULATED,SIMULATED,SIMULATED
91.4,86.4,55,273.33,400.0,0.0,0.0,4,SIMULATED,SIMULATED,SIMULATED,SIMULATED
91.4,86.4,77,958.61,0.0,215.0,0.0,2,SIMULATED,SIMULATED,SIMULATED,SIMULATED
91.6,86.6,11,285.83,400.0,0.0,0.0,4,SIMULATED,SIMULATED,SIMULATED,SIMULATED
91.6,86.6,55,273.33,400.0,0.0,0.0,4,SIMULATED,SIMULATED,SIMULATED,SIMULATED
91.6,86.6,77,970.56,0.0,215.0,0.0,2,SIMULATED,SIMULATED,SIMULATED,SIMULATED
91.8,86.8,11,285.83,400.0,0.0,0.0,4,SIMULATED,SIMULATED,SIMULATED,SIMULATED
91.8,86.8,55,273.33,400.0,0.0,0.0,4,SIMULATED,SIMULATED,SIMULATED,SIMULATED
91.8,86.8,77,982.5,0.0,215.0,0.0,2,SIMULATED,SIMULATED,SIMULATED,SIMULATED
92.0,87.0,11,285.83,400.0,0.0,0.0,4,SIMULATED,SIMULATED,SIMULATED,SIMULATED
92.0,87.0,55,273.33,400.0,0.0,0.0,4,SIMULATED,SIMULATED,SIMULATED,SIMULATED
92.0,87.0,77,994.44,0.0,215.0,0.0,2,SIMULATED,SIMULATED,SIMULATED,SIMULATED
92.2,87.2,11,285.83,400.0,0.0,0.0,4,SIMULATED,SIMULATED,SIMULATED,SIMULATED
92.2,87.2,55,273.33,400.0,0.0,0.0,4,SIMULATED,SIMULATED,SIMULATED,SIMULATED
92.2,87.2,77,1006.39,0.0,215.0,0.0,2,SIMULATED,SIMULATED,SIMULATED,SIMULATED
92.4,87.4,11,285.83,400.0,0.0,0.0,4,SIMULATED,SIMULATED,SIMULATED,SIMULATED
92.4,87.4,55,273.33,400.0,0.0,0.0,4,SIMULATED,SIMULATED,SIMULATED,SIMULATED
92.4,87.4,77,1018.33,0.0,215.0,0.0,2,SIMULATED,SIMULATED,SIMULATED,SIMULATED
92.6,87.6,11,285.83,400.0,0.0,0.0,4,SIMULATED,SIMULATED,SIMULATED,SIMULATED
92.6,87.6,55,273.33,400.0,0.0,0.0,4,SIMULATED,SIMULATED,SIMULATED,SIMULATED
92.6,87.6,77,1030.28,0.0,215.0,0.0,2,SIMULATED,SIMULATED,SIMULATED,SIMULATED
92.8,87.8,11,285.83,400.0,0.0,0.0,4,SIMULATED,SIMULATED,SIMULATED,SIMULATED
92.8,87.8,55,273.33,400.0,0.0,0.0,4,SIMULATED,SIMULATED,SIMULATED,SIMULATED
92.8,87.8,77,1042.22,0.0,215.0,0.0,2,SIMULATED,SIMULATED,SIMULATED,SIMULATED
93.0,88.0,11,285.83,400.0,0.0,0.0,4,SIMULATED,SIMULATED,SIMULATED,SIMULATED
93.0,88.0,55,273.33,400.0,0.0,0.0,4,SIMULATED,SIMULATED,SIMULATED,SIMULATED
93.0,88.0,77,1054.17,0.0,215.0,0.0,2,SIMULATED,SIMULATED,SIMULATED,SIMULATED
93.2,88.2,11,285.83,400.0,0.0,0.0,4,SIMULATED,SIMULATED,SIMULATED,SIMULATED
93.2,88.2,55,273.33,400.0,0.0,0.0,4,SIMULATED,SIMULATED,SIMULATED,SIMULATED
93.2,88.2,77,1066.11,0.0,215.0,0.0,2,SIMULATED,SIMULATED,SIMULATED,SIMULATED
93.4,88.4,11,285.83,400.0,0.0,0.0,4,SIMULATED,SIMULATED,SIMULATED,SIMULATED
93.4,88.4,55,273.33,400.0,0.0,0.0,4,SIMULATED,SIMULATED,SIMULATED,SIMULATED
93.4,88.4,77,1078.06,0.0,215.0,0.0,2,SIMULATED,SIMULATED,SIMULATED,SIMULATED
93.6,88.6,11,285.83,400.0,0.0,0.0,4,SIMULATED,SIMULATED,SIMULATED,SIMULATED
93.6,88.6,55,273.33,400.0,0.0,0.0,4,SIMULATED,SIMULATED,SIMULATED,SIMULATED
93.6,88.6,77,1090.0,0.0,215.0,0.0,2,SIMULATED,SIMULATED,SIMULATED,SIMULATED
93.8,88.8,11,285.83,400.0,0.0,0.0,4,SIMULATED,SIMULATED,SIMULATED,SIMULATED
93.8,88.8,55,273.33,400.0,0.0,0.0,4,SIMULATED,SIMULATED,SIMULATED,SIMULATED
93.8,88.8,77,1101.94,0.0,215.0,0.0,2,SIMULATED,SIMULATED,SIMULATED,SIMULATED
94.0,89.0,11,285.83,400.0,0.0,0.0,4,SIMULATED,SIMULATED,SIMULATED,SIMULATED
94.0,89.0,55,273.33,400.0,0.0,0.0,4,SIMULATED,SIMULATED,SIMULATED,SIMULATED
94.0,89.0,77,1113.89,0.0,215.0,0.0,2,SIMULATED,SIMULATED,SIMULATED,SIMULATED
94.2,89.2,11,285.83,400.0,0.0,0.0,4,SIMULATED,SIMULATED,SIMULATED,SIMULATED
94.2,89.2,55,273.33,400.0,0.0,0.0,4,SIMULATED,SIMULATED,SIMULATED,SIMULATED
94.2,89.2,77,1125.83,0.0,215.0,0.0,2,SIMULATED,SIMULATED,SIMULATED,SIMULATED
94.4,89.4,11,285.83,400.0,0.0,0.0,4,SIMULATED,SIMULATED,SIMULATED,SIMULATED
94.4,89.4,55,273.33,400.0,0.0,0.0,4,SIMULATED,SIMULATED,SIMULATED,SIMULATED
94.4,89.4,77,1137.78,0.0,215.0,0.0,2,SIMULATED,SIMULATED,SIMULATED,SIMULATED
94.6,89.6,11,285.83,400.0,0.0,0.0,4,SIMULATED,SIMULATED,SIMULATED,SIMULATED
94.6,89.6,55,273.33,400.0,0.0,0.0,4,SIMULATED,SIMULATED,SIMULATED,SIMULATED
94.6,89.6,77,1149.72,0.0,215.0,0.0,2,SIMULATED,SIMULATED,SIMULATED,SIMULATED
94.8,89.8,11,285.83,400.0,0.0,0.0,4,SIMULATED,SIMULATED,SIMULATED,SIMULATED
94.8,89.8,55,273.33,400.0,0.0,0.0,4,SIMULATED,SIMULATED,SIMULATED,SIMULATED
94.8,89.8,77,1161.67,0.0,215.0,0.0,2,SIMULATED,SIMULATED,SIMULATED,SIMULATED
95.0,90.0,11,285.83,400.0,0.0,0.0,4,SIMULATED,SIMULATED,SIMULATED,SIMULATED
95.0,90.0,55,273.33,400.0,0.0,0.0,4,SIMULATED,SIMULATED,SIMULATED,SIMULATED
95.0,90.0,77,1173.61,0.0,215.0,0.0,2,SIMULATED,SIMULATED,SIMULATED,SIMULATED
95.2,90.2,11,285.83,400.0,0.0,0.0,4,SIMULATED,SIMULATED,SIMULATED,SIMULATED
95.2,90.2,55,273.33,400.0,0.0,0.0,4,SIMULATED,SIMULATED,SIMULATED,SIMULATED
95.2,90.2,77,1185.56,0.0,215.0,0.0,2,SIMULATED,SIMULATED,SIMULATED,SIMULATED
95.4,90.4,11,285.83,400.0,0.0,0.0,4,SIMULATED,SIMULATED,SIMULATED,SIMULATED
95.4,90.4,55,273.33,400.0,0.0,0.0,4,SIMULATED,SIMULATED,SIMULATED,SIMULATED
95.4,90.4,77,1197.5,0.0,215.0,0.0,2,SIMULATED,SIMULATED,SIMULATED,SIMULATED
95.6,90.6,11,285.83,400.0,0.0,0.0,4,SIMULATED,SIMULATED,SIMULATED,SIMULATED
95.6,90.6,55,273.33,400.0,0.0,0.0,4,SIMULATED,SIMULATED,SIMULATED,SIMULATED
95.6,90.6,77,1200.0,9.44,215.0,0.0,2,SIMULATED,SIMULATED,SIMULATED,SIMULATED
95.8,90.8,11,285.83,400.0,0.0,0.0,4,SIMULATED,SIMULATED,SIMULATED,SIMULATED
95.8,90.8,55,273.33,400.0,0.0,0.0,4,SIMULATED,SIMULATED,SIMULATED,SIMULATED
95.8,90.8,77,1200.0,21.39,215.0,0.0,2,SIMULATED,SIMULATED,SIMULATED,SIMULATED
96.0,91.0,11,285.83,400.0,0.0,0.0,4,SIMULATED,SIMULATED,SIMULATED,SIMULATED
96.0,91.0,55,273.33,400.0,0.0,0.0,4,SIMULATED,SIMULATED,SIMULATED,SIMULATED
96.0,91.0,77,1200.0,33.33,215.0,0.0,2,SIMULATED,SIMULATED,SIMULATED,SIMULATED
96.2,91.2,11,285.83,400.0,0.0,0.0,4,SIMULATED,SIMULATED,SIMULATED,SIMULATED
96.2,91.2,55,273.33,400.0,0.0,0.0,4,SIMULATED,SIMULATED,SIMULATED,SIMULATED
96.2,91.2,77,1200.0,45.28,215.0,0.0,2,SIMULATED,SIMULATED,SIMULATED,SIMULATED
96.4,91.4,11,285.83,400.0,0.0,0.0,4,SIMULATED,SIMULATED,SIMULATED,SIMULATED
96.4,91.4,55,273.33,400.0,0.0,0.0,4,SIMULATED,SIMULATED,SIMULATED,SIMULATED
96.4,91.4,77,1200.0,57.22,215.0,0.0,2,SIMULATED,SIMULATED,SIMULATED,SIMULATED
96.6,91.6,11,285.83,400.0,0.0,0.0,4,SIMULATED,SIMULATED,SIMULATED,SIMULATED
96.6,91.6,55,273.33,400.0,0.0,0.0,4,SIMULATED,SIMULATED,SIMULATED,SIMULATED
96.6,91.6,77,1200.0,69.17,215.0,0.0,2,SIMULATED,SIMULATED,SIMULATED,SIMULATED
96.8,91.8,11,285.83,400.0,0.0,0.0,4,SIMULATED,SIMULATED,SIMULATED,SIMULATED
96.8,91.8,55,273.33,400.0,0.0,0.0,4,SIMULATED,SIMULATED,SIMULATED,SIMULATED
96.8,91.8,77,1200.0,81.11,215.0,0.0,2,SIMULATED,SIMULATED,SIMULATED,SIMULATED
97.0,92.0,11,285.83,400.0,0.0,0.0,4,SIMULATED,SIMULATED,SIMULATED,SIMULATED
97.0,92.0,55,273.33,400.0,0.0,0.0,4,SIMULATED,SIMULATED,SIMULATED,SIMULATED
97.0,92.0,77,1200.0,93.06,215.0,0.0,2,SIMULATED,SIMULATED,SIMULATED,SIMULATED
