stationary_time_s,peak_decel_g,on_racing_line,closing_speed_kmh,closest_car_distance_m,nearby_cars,multiple_cars_affected,label,scenario_family
0.17555137590082093,-1.7313360478316266,1,0.0,500.0,2,0,0,normal_racing
0.3902489406547024,-1.5461654337816706,1,0.0,500.0,0,0,0,normal_racing
0.18015437515822685,-0.8045162460419043,0,0.0,500.0,0,0,0,normal_racing
0.329104645308332,-0.9424869777719291,1,0.0,500.0,1,0,0,normal_racing
0.02552690244167013,-1.6724992267859058,1,0.0,500.0,1,0,0,normal_racing
0.14181038725194736,-1.9443262463503161,0,0.0,500.0,2,0,0,normal_racing
0.07785548314078704,-0.9867699070813649,1,0.0,500.0,2,0,0,normal_racing
0.2732195812969819,-1.5150480962248525,0,0.0,500.0,0,0,0,normal_racing
0.14818388241394756,-0.992156041424035,1,0.0,500.0,0,0,0,normal_racing
0.19028197049037351,-0.5311277631966798,1,0.0,500.0,0,0,0,normal_racing
0.333071278423135,-1.4305036938042732,1,0.0,500.0,1,0,0,normal_racing
0.32190574299872077,-0.8362089201573314,1,0.0,500.0,2,0,0,normal_racing
0.05590099344372393,-0.4798255847027058,1,0.0,500.0,2,0,0,normal_racing
0.2659403426368129,-1.4398142193900367,1,0.0,500.0,2,0,0,normal_racing
0.2274964783811575,-0.3656142964425491,1,0.0,500.0,1,0,0,normal_racing
0.18843848245725303,-1.1739486023142587,1,0.0,500.0,2,0,0,normal_racing
0.22143176026319833,-1.1624936054162858,1,0.0,500.0,1,0,0,normal_racing
0.17468695569294496,-0.5077108783571055,1,0.0,500.0,0,0,0,normal_racing
0.0935757943461363,-0.21077520920922543,1,0.0,500.0,2,0,0,normal_racing
0.264766605890758,-1.1583610894484289,1,0.0,500.0,0,0,0,normal_racing
0.16255474457602823,-1.6466387308654657,1,0.0,500.0,1,0,0,normal_racing
0.036019144310256705,-1.4724827661332556,1,0.0,500.0,0,0,0,normal_racing
0.20041791004134543,-0.38939299515501996,1,0.0,500.0,0,0,0,normal_racing
0.152408490438593,-0.6728729693809654,1,0.0,500.0,1,0,0,normal_racing
0.0350599677264404,-0.3242112140289791,0,0.0,500.0,1,0,0,normal_racing
0.2798828535242998,-0.6051529267730872,0,0.0,500.0,2,0,0,normal_racing
0.28675607566359823,-0.9537868540731984,1,0.0,500.0,2,0,0,normal_racing
0.3610409586175367,-0.965974950683861,1,0.0,500.0,0,0,0,normal_racing
0.2316878275767584,-0.4358682875845402,0,0.0,500.0,0,0,0,normal_racing
0.2877851823803747,-0.9209767755726971,1,0.0,500.0,2,0,0,normal_racing
0.259938640621928,-0.2604442101657893,1,0.0,500.0,1,0,0,normal_racing
0.19759632769780758,-0.7267363034322921,1,0.0,500.0,0,0,0,normal_racing
0.23505782887108484,-0.42412664022008356,0,0.0,500.0,0,0,0,normal_racing
0.13874792181393483,-1.2227394338146917,1,0.0,500.0,1,0,0,normal_racing
0.1929213747771601,-1.5871969317755437,1,0.0,500.0,2,0,0,normal_racing
0.19628279774180837,-1.8818702644524674,1,0.0,500.0,1,0,0,normal_racing
0.10679026523675744,-0.7299810949508492,1,0.0,500.0,1,0,0,normal_racing
0.00864483195213217,-1.6699546559692797,0,0.0,500.0,1,0,0,normal_racing
0.22161445741561978,-0.30629390815734275,1,0.0,500.0,0,0,0,normal_racing
0.2637690538767607,-1.4812897671450769,1,0.0,500.0,0,0,0,normal_racing
0.3664047380550432,-0.5374065827002735,1,0.0,500.0,0,0,0,normal_racing
0.1483689135449755,-1.676600511951585,0,0.0,500.0,1,0,0,normal_racing
0.38115975802789803,-0.6527438924662253,1,0.0,500.0,0,0,0,normal_racing
0.37441742801958533,-0.41275485340583445,1,0.0,500.0,0,0,0,normal_racing
0.39695022562233484,-1.7941868058843364,1,0.0,500.0,1,0,0,normal_racing
0.3573786558791453,-1.0858308847342533,1,0.0,500.0,2,0,0,normal_racing
0.26466450526710444,-0.8099496848600491,1,0.0,500.0,2,0,0,normal_racing
0.10498420636914588,-1.8799449860141804,1,0.0,500.0,2,0,0,normal_racing
0.3324450688499625,-0.39124020158653866,1,0.0,500.0,0,0,0,normal_racing
0.3498248163349858,-0.47322586485768914,1,0.0,500.0,1,0,0,normal_racing
0.38873057042438697,-1.0514082537844505,1,0.0,500.0,2,0,0,normal_racing
0.0918624119995421,-0.35046221379438997,1,0.0,500.0,0,0,0,normal_racing
0.2025319726482532,-1.4190986277214843,1,0.0,500.0,0,0,0,normal_racing
0.3216498104729051,-1.459273546270023,1,0.0,500.0,0,0,0,normal_racing
0.049501521460137844,-1.8623688469123645,1,0.0,500.0,0,0,0,normal_racing
0.19543361814061333,-1.3594420042508066,0,0.0,500.0,0,0,0,normal_racing
0.3699233717248109,-0.147233033633887,1,0.0,500.0,0,0,0,normal_racing
0.04235896150030132,-0.366645234421434,1,0.0,500.0,1,0,0,normal_racing
0.23841702129374914,-1.8727441210404012,0,0.0,500.0,2,0,0,normal_racing
0.313905379700875,-0.1338898895562767,1,0.0,500.0,1,0,0,normal_racing
0.31872683533006474,-0.542017409736224,1,0.0,500.0,2,0,0,normal_racing
0.3470955815104045,-1.2459035989435787,1,0.0,500.0,1,0,0,normal_racing
0.17035283454940398,-1.338668948601951,0,0.0,500.0,1,0,0,normal_racing
0.09913582518054326,-0.5496584896954042,1,0.0,500.0,1,0,0,normal_racing
0.042111231941649986,-0.2264618282148385,1,0.0,500.0,2,0,0,normal_racing
0.32986567618253654,-0.6896358804557414,1,0.0,500.0,0,0,0,normal_racing
0.06621268909411127,-0.6409681564420775,1,0.0,500.0,2,0,0,normal_racing
0.008459206534576014,-0.2052512774120942,1,0.0,500.0,0,0,0,normal_racing
0.2364575264443885,-1.393357600919062,1,0.0,500.0,0,0,0,normal_racing
0.20181049480889204,-1.7625093902457563,0,0.0,500.0,0,0,0,normal_racing
0.07259936383860964,-0.5498152550983524,1,0.0,500.0,0,0,0,normal_racing
0.16650497028127692,-0.19358282786242859,1,0.0,500.0,1,0,0,normal_racing
0.04066876116148639,-1.6835712521982633,1,0.0,500.0,1,0,0,normal_racing
0.039645256631950204,-1.7027924080357302,0,0.0,500.0,2,0,0,normal_racing
0.3208103521094374,-1.581007327465525,1,0.0,500.0,2,0,0,normal_racing
0.05382088336525884,-1.1185292683005108,1,0.0,500.0,2,0,0,normal_racing
0.18511974623740635,-0.8316700425906716,1,0.0,500.0,2,0,0,normal_racing
0.05590736438158275,-1.007966820645117,1,0.0,500.0,0,0,0,normal_racing
0.14700472404605122,-0.7961456546698701,1,0.0,500.0,0,0,0,normal_racing
0.27429733818237817,-0.6640653016854421,0,0.0,500.0,1,0,0,normal_racing
0.19236417132003145,-0.7238862895089087,1,0.0,500.0,2,0,0,normal_racing
0.26103493622404084,-1.628344473099447,1,0.0,500.0,2,0,0,normal_racing
0.1152622456729847,-1.4962970083895524,1,0.0,500.0,1,0,0,normal_racing
0.34428762733035767,-0.35099539087293347,1,0.0,500.0,2,0,0,normal_racing
0.2902862513085708,-0.26053711576468847,0,0.0,500.0,0,0,0,normal_racing
0.3835520983636322,-1.6216799345616837,1,0.0,500.0,0,0,0,normal_racing
0.31804593559323435,-1.8974514193529275,1,0.0,500.0,2,0,0,normal_racing
0.03801967902576049,-1.2707148300458304,1,0.0,500.0,1,0,0,normal_racing
0.2289722056135399,-0.9853717906643319,1,0.0,500.0,1,0,0,normal_racing
0.3196978866048267,-1.0350911095933153,1,0.0,500.0,2,0,0,normal_racing
0.04789343540044913,-0.32249677521021,1,0.0,500.0,2,0,0,normal_racing
0.1674433203161518,-1.571210690669502,1,0.0,500.0,1,0,0,normal_racing
0.35934661894461434,-1.5488110794342393,1,0.0,500.0,1,0,0,normal_racing
0.12577599208170517,-0.39946213238749934,1,0.0,500.0,1,0,0,normal_racing
0.17516161487950133,-0.8283076632770786,1,0.0,500.0,2,0,0,normal_racing
0.37445599473538493,-1.582572838427845,1,0.0,500.0,1,0,0,normal_racing
0.39465261796972884,-1.4637444484069226,0,0.0,500.0,1,0,0,normal_racing
0.34021347167631305,-1.3104403795832944,1,0.0,500.0,0,0,0,normal_racing
0.27443854604217954,-0.1233751031883454,1,0.0,500.0,1,0,0,normal_racing
0.11814361013763595,-0.9712413554172471,1,0.0,500.0,2,0,0,normal_racing
0.36737675820622173,-1.5844586673198802,1,0.0,500.0,0,0,0,normal_racing
0.3516800097230981,-0.639426031941674,0,0.0,500.0,2,0,0,normal_racing
0.3996418921896955,-1.36480099860242,1,0.0,500.0,0,0,0,normal_racing
0.3588133595586501,-0.15509905608849192,1,0.0,500.0,0,0,0,normal_racing
0.31070717627688743,-0.476588031704506,0,0.0,500.0,0,0,0,normal_racing
0.014465084197878487,-0.11031668484453089,1,0.0,500.0,1,0,0,normal_racing
0.3205927243437661,-0.5532503591920381,0,0.0,500.0,1,0,0,normal_racing
0.32038554145667053,-1.8628113173273326,1,0.0,500.0,0,0,0,normal_racing
0.33519208746215323,-0.1762874691394262,1,0.0,500.0,2,0,0,normal_racing
0.20181239607719462,-1.5158574438248045,1,0.0,500.0,0,0,0,normal_racing
0.06208519697643636,-1.4957800746768068,1,0.0,500.0,2,0,0,normal_racing
0.28396187891252156,-1.9623890913074953,1,0.0,500.0,0,0,0,normal_racing
0.24652358797101315,-0.18046604800231747,0,0.0,500.0,0,0,0,normal_racing
0.0692511385690013,-0.2742699110659763,1,0.0,500.0,2,0,0,normal_racing
0.18342425698339593,-1.589753801848675,1,0.0,500.0,2,0,0,normal_racing
0.05805210186601988,-1.8974464617603806,1,0.0,500.0,1,0,0,normal_racing
0.27991037783562644,-1.3335429949660869,0,0.0,500.0,1,0,0,normal_racing
0.20334109537877684,-0.8676653424074553,1,0.0,500.0,0,0,0,normal_racing
0.05363784394910614,-0.6283435369843889,1,0.0,500.0,0,0,0,normal_racing
0.2443950188146513,-1.3057953230946997,1,0.0,500.0,1,0,0,normal_racing
0.0870514106787848,-1.2177818719771156,1,0.0,500.0,1,0,0,normal_racing
0.16736001766274416,-1.0008520826713236,1,0.0,500.0,0,0,0,normal_racing
0.22630876017276838,-1.4338041441097056,1,0.0,500.0,1,0,0,normal_racing
0.12648566072961726,-1.5961212217733123,1,0.0,500.0,1,0,0,normal_racing
0.25040499237642283,-0.7852489354554831,1,0.0,500.0,1,0,0,normal_racing
0.3545611546894831,-1.850008674860864,1,0.0,500.0,2,0,0,normal_racing
0.31994816430553463,-0.6974563143139824,0,0.0,500.0,1,0,0,normal_racing
0.04634268973410736,-0.23691237943859303,0,0.0,500.0,1,0,0,normal_racing
0.11224457445346236,-0.734847076952937,1,0.0,500.0,0,0,0,normal_racing
0.2970770266900343,-0.12789740276413447,0,0.0,500.0,0,0,0,normal_racing
0.14890462927661927,-0.39186450821520613,1,0.0,500.0,2,0,0,normal_racing
0.145967744431301,-1.9210154437118474,0,0.0,500.0,0,0,0,normal_racing
0.12438460396830649,-1.4065635934155758,1,0.0,500.0,2,0,0,normal_racing
0.2563554538344638,-0.12038252545378486,1,0.0,500.0,1,0,0,normal_racing
0.06550052170331835,-0.4152230489654139,0,0.0,500.0,1,0,0,normal_racing
0.22238777121137937,-1.6942324886752556,0,0.0,500.0,2,0,0,normal_racing
0.17929824530174043,-0.8458881600996477,1,0.0,500.0,0,0,0,normal_racing
0.17351161092903722,-0.9917211749617624,1,0.0,500.0,2,0,0,normal_racing
0.36284144886248604,-0.18483326905112987,1,0.0,500.0,0,0,0,normal_racing
0.19607901696063457,-1.2142458287281122,1,0.0,500.0,0,0,0,normal_racing
0.09746698162228543,-1.702817931048828,1,0.0,500.0,0,0,0,normal_racing
0.268081302140542,-1.549515736175105,1,0.0,500.0,1,0,0,normal_racing
0.21581097410467148,-0.7430673182649195,0,0.0,500.0,1,0,0,normal_racing
0.30745103578375166,-1.7188294820742211,1,0.0,500.0,1,0,0,normal_racing
0.23484957621479224,-1.7155211677840712,1,0.0,500.0,2,0,0,normal_racing
0.2125644164018311,-0.2994614602025341,1,0.0,500.0,1,0,0,normal_racing
0.252332896145897,-0.4372625066302382,1,0.0,500.0,2,0,0,normal_racing
0.009929252719429016,-1.8621748711576507,1,0.0,500.0,0,0,0,normal_racing
0.23939087662309466,-0.11389746695672971,1,0.0,500.0,0,0,0,normal_racing
0.2535079092277052,-1.9654313003308173,1,0.0,500.0,2,0,0,normal_racing
0.3045730252736031,-1.8163229567317007,1,0.0,500.0,1,0,0,normal_racing
0.3128020682952709,-1.7469227326976602,1,0.0,500.0,2,0,0,normal_racing
0.17603547981094747,-1.1508972245814229,1,0.0,500.0,2,0,0,normal_racing
0.39383123257264985,-0.64763366642702,1,0.0,500.0,2,0,0,normal_racing
0.1385971445252195,-0.3353525722420199,1,0.0,500.0,2,0,0,normal_racing
0.19587989672676237,-1.9725263220403597,1,0.0,500.0,2,0,0,normal_racing
0.16463040087762396,-1.607996086063948,1,0.0,500.0,2,0,0,normal_racing
0.32082391479428973,-1.8569331677177885,0,0.0,500.0,1,0,0,normal_racing
0.1490809365226937,-0.1925270973963174,1,0.0,500.0,0,0,0,normal_racing
0.2853032785246793,-1.5700692972280899,0,0.0,500.0,2,0,0,normal_racing
0.32034863684265286,-0.19303104866423057,1,0.0,500.0,2,0,0,normal_racing
0.3432501218499293,-0.10855023738535234,1,0.0,500.0,1,0,0,normal_racing
0.011842915651445286,-0.862575559351437,0,0.0,500.0,2,0,0,normal_racing
0.09506334534423894,-1.720284146300634,1,0.0,500.0,2,0,0,normal_racing
0.11957746044756222,-1.2216084766779831,1,0.0,500.0,2,0,0,normal_racing
0.3546230248687477,-0.4564279956850335,1,0.0,500.0,0,0,0,normal_racing
0.28705565905662705,-1.6341200513549352,0,0.0,500.0,1,0,0,normal_racing
0.16317678045251288,-0.35996042825628993,1,0.0,500.0,0,0,0,normal_racing
0.2803524040482634,-1.2309043967854063,1,0.0,500.0,2,0,0,normal_racing
0.1987666384521398,-0.3552971352948168,1,0.0,500.0,2,0,0,normal_racing
0.08079161507551263,-0.1335706838998332,1,0.0,500.0,0,0,0,normal_racing
0.1373169849515631,-0.8987253658600265,0,0.0,500.0,1,0,0,normal_racing
0.2163426547779805,-0.640627662712468,0,0.0,500.0,2,0,0,normal_racing
0.13013709220667083,-1.827223147403602,1,0.0,500.0,0,0,0,normal_racing
0.23629791766550645,-1.3415344971180407,1,0.0,500.0,2,0,0,normal_racing
0.1289969388674661,-0.3953389717585027,0,0.0,500.0,0,0,0,normal_racing
0.22459575776575386,-1.6047514077686107,1,0.0,500.0,0,0,0,normal_racing
0.19050292343469027,-1.989933322976547,1,0.0,500.0,1,0,0,normal_racing
0.36102158768769277,-1.5964206888357444,1,0.0,500.0,2,0,0,normal_racing
0.04075766292581795,-1.340552040471597,0,0.0,500.0,1,0,0,normal_racing
0.1731889971471069,-0.16810122769451002,0,0.0,500.0,1,0,0,normal_racing
0.016431637321938777,-0.5675265618593831,1,0.0,500.0,0,0,0,normal_racing
0.20643512050284496,-0.6938829031543094,1,0.0,500.0,1,0,0,normal_racing
0.15380175119597125,-0.21500405657041866,1,0.0,500.0,0,0,0,normal_racing
0.12082862751345541,-0.8488389766383853,1,0.0,500.0,0,0,0,normal_racing
0.04482814839947902,-1.7392526711076683,1,0.0,500.0,0,0,0,normal_racing
0.19580080260288324,-0.7328789059202119,1,0.0,500.0,1,0,0,normal_racing
0.3364814824859826,-0.5946622324889751,1,0.0,500.0,2,0,0,normal_racing
0.19194536022042608,-1.3981908795517446,1,0.0,500.0,0,0,0,normal_racing
0.37215384703566023,-0.19228165070922035,1,0.0,500.0,0,0,0,normal_racing
0.06018160462298963,-0.1900106380104155,1,0.0,500.0,2,0,0,normal_racing
0.0037039127284493657,-0.45781175214156844,1,0.0,500.0,2,0,0,normal_racing
0.2480597146513185,-0.559113926604263,1,0.0,500.0,0,0,0,normal_racing
0.33977413323591166,-0.10900864653256045,0,0.0,500.0,1,0,0,normal_racing
0.06509739444198304,-1.5685810374570395,0,0.0,500.0,1,0,0,normal_racing
0.36751747236107235,-0.9634691175674498,1,0.0,500.0,0,0,0,normal_racing
0.14461443145567973,-1.6450027570582144,1,0.0,500.0,2,0,0,normal_racing
0.240293567545057,-0.5110758209282628,1,0.0,500.0,2,0,0,normal_racing
0.031243357232145552,-0.1566860631894252,1,0.0,500.0,0,0,0,normal_racing
0.06619510303271002,-1.4778483096166506,1,0.0,500.0,0,0,0,normal_racing
0.1268612684519915,-1.7910369685236214,1,0.0,500.0,2,0,0,normal_racing
0.057487464582213654,-1.4168813111664327,1,0.0,500.0,0,0,0,normal_racing
0.3967097903714843,-0.10761444899334505,1,0.0,500.0,1,0,0,normal_racing
0.2338555336536662,-0.3411289534851749,0,0.0,500.0,2,0,0,normal_racing
0.2144801652445501,-1.2814048567354375,1,0.0,500.0,2,0,0,normal_racing
0.23782704355634576,-0.6600348670852497,1,0.0,500.0,0,0,0,normal_racing
0.007264217565745624,-1.231856171902882,1,0.0,500.0,2,0,0,normal_racing
0.1014658026247314,-1.2604632531472948,1,0.0,500.0,2,0,0,normal_racing
0.27104830543991765,-1.4789623059593242,1,0.0,500.0,1,0,0,normal_racing
0.39336683039717507,-0.8966175370115297,1,0.0,500.0,2,0,0,normal_racing
0.3184114225241514,-1.0884371273873883,1,0.0,500.0,0,0,0,normal_racing
0.3558625686701589,-0.8505137560770571,1,0.0,500.0,0,0,0,normal_racing
0.384619851816413,-0.4390393474614787,1,0.0,500.0,0,0,0,normal_racing
0.3650330976567725,-0.5030800742942727,1,0.0,500.0,2,0,0,normal_racing
0.3513462935243207,-0.8202001205708799,1,0.0,500.0,2,0,0,normal_racing
0.29245439066111817,-1.5876242470495612,1,0.0,500.0,2,0,0,normal_racing
0.36158931635121605,-1.7445878247099535,1,0.0,500.0,0,0,0,normal_racing
0.08175894683257168,-1.5128406937045387,1,0.0,500.0,0,0,0,normal_racing
0.1508578721422723,-1.4666938140125647,0,0.0,500.0,2,0,0,normal_racing
0.1276529954398664,-1.2566081449066686,1,0.0,500.0,1,0,0,normal_racing
0.2407099023470834,-1.87722460217634,1,0.0,500.0,1,0,0,normal_racing
0.15088239315320157,-0.8488032669269253,1,0.0,500.0,0,0,0,normal_racing
0.27382482935747093,-0.7450077329969151,0,0.0,500.0,0,0,0,normal_racing
0.03956980204192893,-1.53165866970049,0,0.0,500.0,0,0,0,normal_racing
0.0808352406581912,-0.4529556562550656,1,0.0,500.0,0,0,0,normal_racing
0.1037759359418137,-0.18582892227991013,1,0.0,500.0,1,0,0,normal_racing
0.2610076803010653,-1.041462457594375,1,0.0,500.0,2,0,0,normal_racing
0.11790957982981709,-1.5531267499537451,0,0.0,500.0,0,0,0,normal_racing
0.39382744330030167,-1.9664966978986116,0,0.0,500.0,2,0,0,normal_racing
0.05511741437112208,-0.6784864003044625,1,0.0,500.0,0,0,0,normal_racing
0.338318783120857,-1.271836740246887,1,0.0,500.0,0,0,0,normal_racing
0.10130218976007895,-0.40459284746629026,0,0.0,500.0,0,0,0,normal_racing
0.29405177100785335,-0.6624624395290488,1,0.0,500.0,1,0,0,normal_racing
0.30400598869761397,-1.5674706765816793,1,0.0,500.0,1,0,0,normal_racing
0.04826213497747456,-1.8026319566048976,1,0.0,500.0,2,0,0,normal_racing
0.3385914144271828,-0.4410349374575661,1,0.0,500.0,0,0,0,normal_racing
0.09810358920928386,-1.4494658825383744,0,0.0,500.0,1,0,0,normal_racing
0.1357288582946244,-1.1086157491468474,1,0.0,500.0,2,0,0,normal_racing
0.06450162514076965,-1.886036120534278,0,0.0,500.0,0,0,0,normal_racing
0.20706460851509162,-1.0321550394725565,1,0.0,500.0,2,0,0,normal_racing
0.17382523387907614,-0.35033418249492815,1,0.0,500.0,1,0,0,normal_racing
0.19281230383454023,-1.911090497319859,1,0.0,500.0,2,0,0,normal_racing
0.0830869013406157,-0.5810507516405429,1,0.0,500.0,1,0,0,normal_racing
0.3667393630516783,-0.7109126838164302,1,0.0,500.0,0,0,0,normal_racing
0.16018049809811133,-1.1105835735575293,1,0.0,500.0,1,0,0,normal_racing
0.32732314748154523,-1.509067802189879,1,0.0,500.0,2,0,0,normal_racing
0.36826634330942715,-0.7486354280252825,1,0.0,500.0,0,0,0,normal_racing
0.31778281219835375,-1.2831466154775955,1,0.0,500.0,1,0,0,normal_racing
0.08478184443221704,-1.8551883005770424,1,0.0,500.0,2,0,0,normal_racing
0.0009235090346968012,-1.9874001469812381,1,0.0,500.0,1,0,0,normal_racing
0.1833048166146056,-0.3451571086458793,1,0.0,500.0,0,0,0,normal_racing
0.15717095662809333,-1.8515196552944906,1,0.0,500.0,1,0,0,normal_racing
0.18443977206196305,-1.3539074721456297,1,0.0,500.0,2,0,0,normal_racing
0.38002443784977485,-0.7511559212344161,1,0.0,500.0,1,0,0,normal_racing
0.3384030245231635,-0.17648210588585514,1,0.0,500.0,2,0,0,normal_racing
0.299847447569147,-1.9844346613454935,1,0.0,500.0,2,0,0,normal_racing
0.12099211245517126,-1.9003176393653853,1,0.0,500.0,1,0,0,normal_racing
0.16125608164763278,-1.1674559671196987,1,0.0,500.0,2,0,0,normal_racing
0.36283453076380345,-0.8966718770628395,1,0.0,500.0,1,0,0,normal_racing
0.16326266729240524,-0.9360952056437495,1,0.0,500.0,1,0,0,normal_racing
0.26699596925870317,-1.3454837028517992,1,0.0,500.0,0,0,0,normal_racing
0.13061873706871197,-0.47583870979247417,1,0.0,500.0,0,0,0,normal_racing
0.09867215089045894,-1.368913401811174,1,0.0,500.0,2,0,0,normal_racing
0.05546179849336781,-0.6386894565385355,1,0.0,500.0,0,0,0,normal_racing
0.08100896316967439,-1.1299501664063665,1,0.0,500.0,2,0,0,normal_racing
0.24402419315486956,-0.5847031689520233,1,0.0,500.0,2,0,0,normal_racing
0.39045135627668315,-0.85938465681091,1,0.0,500.0,0,0,0,normal_racing
0.16002457845390217,-1.7627044653127721,1,0.0,500.0,0,0,0,normal_racing
0.3743749997742904,-1.7225703146797353,1,0.0,500.0,1,0,0,normal_racing
0.1959297024369851,-1.3011847502182383,1,0.0,500.0,1,0,0,normal_racing
0.36506873410221446,-1.855361549047162,0,0.0,500.0,0,0,0,normal_racing
0.2979966103118754,-1.5528677342677992,1,0.0,500.0,2,0,0,normal_racing
0.18258087780570867,-0.556429924683106,1,0.0,500.0,1,0,0,normal_racing
0.10312336388094177,-1.213326610782504,1,0.0,500.0,0,0,0,normal_racing
0.3264224067011325,-1.7350828466593142,1,0.0,500.0,0,0,0,normal_racing
0.1344519874117495,-1.6152705877934297,0,0.0,500.0,0,0,0,normal_racing
0.3097343604732205,-0.31983791788791593,1,0.0,500.0,0,0,0,normal_racing
0.07703632929236393,-0.3925308068974902,1,0.0,500.0,2,0,0,normal_racing
0.37316031296530133,-1.963560176512765,1,0.0,500.0,1,0,0,normal_racing
0.3162951895583976,-0.6142010893146349,0,0.0,500.0,0,0,0,normal_racing
0.044737920952270874,-1.6818056413556135,1,0.0,500.0,1,0,0,normal_racing
0.220873971423732,-1.0514556832525286,1,0.0,500.0,1,0,0,normal_racing
0.39681680221122195,-1.9989016275259568,1,0.0,500.0,1,0,0,normal_racing
0.29113731958748734,-1.9556617486115193,1,0.0,500.0,0,0,0,normal_racing
0.16991076992618237,-0.19769639365816577,1,0.0,500.0,1,0,0,normal_racing
0.3149855498526009,-1.6810281430357734,0,0.0,500.0,1,0,0,normal_racing
0.12861827289635983,-1.5227594813674041,0,0.0,500.0,1,0,0,normal_racing
0.35721240781452124,-0.37342652254926073,0,0.0,500.0,1,0,0,normal_racing
0.06141020882184556,-1.1142960252205247,1,0.0,500.0,0,0,0,normal_racing
0.00020749766628220813,-0.9290016534190999,1,0.0,500.0,0,0,0,normal_racing
0.26090304258634217,-1.6639419030907543,1,0.0,500.0,0,0,0,normal_racing
0.34432038944821447,-1.66393675890518,1,0.0,500.0,0,0,0,normal_racing
0.03710243096979791,-0.8495148840836334,1,0.0,500.0,2,0,0,normal_racing
0.3009315657734211,-1.0579393483425463,1,0.0,500.0,0,0,0,normal_racing
0.14716173608872704,-0.5164595113094014,1,0.0,500.0,1,0,0,normal_racing
0.047564139213584204,-0.26336646521079576,1,0.0,500.0,2,0,0,normal_racing
0.3292430491227599,-0.8571625846010035,0,0.0,500.0,0,0,0,normal_racing
0.26141593027745735,-0.9525860636823761,1,0.0,500.0,0,0,0,normal_racing
0.3902382583313599,-1.7584320216709395,1,0.0,500.0,2,0,0,normal_racing
0.26242955163802534,-0.6492588051125642,1,0.0,500.0,0,0,0,normal_racing
0.22036350739616117,-1.674239157193693,1,0.0,500.0,1,0,0,normal_racing
0.019783654858406274,-1.2429610596664298,1,0.0,500.0,0,0,0,normal_racing
0.16746243492592067,-1.540029605592435,0,0.0,500.0,0,0,0,normal_racing
0.1541477923428412,-0.6143238468407033,1,0.0,500.0,1,0,0,normal_racing
0.22563805481888918,-1.3856395267683115,1,0.0,500.0,0,0,0,normal_racing
0.08491085553629718,-1.799571845665684,1,0.0,500.0,0,0,0,normal_racing
0.35610558472944753,-0.992916286545946,1,0.0,500.0,0,0,0,normal_racing
0.02379467687333601,-0.5088387217945651,1,0.0,500.0,2,0,0,normal_racing
0.2718108036835831,-0.5067753497397683,1,0.0,500.0,0,0,0,normal_racing
0.16909361370882492,-0.43466276842885176,1,0.0,500.0,0,0,0,normal_racing
0.12815888143892315,-0.7854415043846819,1,0.0,500.0,2,0,0,normal_racing
0.10592287092863187,-1.259921627949398,1,0.0,500.0,1,0,0,normal_racing
0.3718666483678221,-0.28967900863590135,1,0.0,500.0,2,0,0,normal_racing
0.2478277025241248,-0.3317410319982835,0,0.0,500.0,0,0,0,normal_racing
0.3279235432952097,-1.0995150010834396,0,0.0,500.0,2,0,0,normal_racing
0.16050598567444535,-0.7154796709815087,0,0.0,500.0,0,0,0,normal_racing
0.3224763861778901,-0.4236482679511858,0,0.0,500.0,1,0,0,normal_racing
0.19746883050825834,-1.9446809842369017,1,0.0,500.0,1,0,0,normal_racing
0.23390108112197466,-0.34329996004079516,1,0.0,500.0,1,0,0,normal_racing
0.041313391642819844,-1.7456747520289382,1,0.0,500.0,0,0,0,normal_racing
0.16346775094668514,-0.9198861070059737,1,0.0,500.0,1,0,0,normal_racing
0.37311184786279306,-0.8438347611082604,1,0.0,500.0,2,0,0,normal_racing
0.22717369217139705,-0.9774540317545216,1,0.0,500.0,1,0,0,normal_racing
0.12828621867763043,-0.7568885309490019,1,0.0,500.0,1,0,0,normal_racing
0.06642505296558925,-1.4739162240762336,1,0.0,500.0,0,0,0,normal_racing
0.22506896422994294,-1.5355251306995117,1,0.0,500.0,0,0,0,normal_racing
0.37100194385001983,-1.2350496052402973,1,0.0,500.0,2,0,0,normal_racing
0.3782079564087626,-0.8457209951033932,0,0.0,500.0,0,0,0,normal_racing
0.001847519537331044,-0.17322979871452787,1,0.0,500.0,1,0,0,normal_racing
0.010612974882429738,-1.5125739263225322,0,0.0,500.0,1,0,0,normal_racing
0.186302976142902,-0.11039890678579223,1,0.0,500.0,1,0,0,normal_racing
0.35150544791301586,-0.8088151163603008,1,0.0,500.0,0,0,0,normal_racing
0.06423532503396748,-1.572325016424523,1,0.0,500.0,0,0,0,normal_racing
0.3861663813926942,-1.930801833222092,0,0.0,500.0,1,0,0,normal_racing
0.237709077720632,-1.768480106845521,1,0.0,500.0,0,0,0,normal_racing
0.32438516089596875,-1.015350747588126,1,0.0,500.0,0,0,0,normal_racing
0.24288457219762885,-0.9074608327655926,1,0.0,500.0,2,0,0,normal_racing
0.047359633271467506,-1.6100260609933863,0,0.0,500.0,1,0,0,normal_racing
0.12151864736397765,-1.761235087036145,1,0.0,500.0,0,0,0,normal_racing
0.18547028587260042,-1.4112408621990735,1,0.0,500.0,1,0,0,normal_racing
0.1506936031499506,-1.2755580785223197,1,0.0,500.0,2,0,0,normal_racing
0.20890035759294887,-0.5072201654244746,1,0.0,500.0,1,0,0,normal_racing
0.13765643122533922,-0.28393928367944576,0,0.0,500.0,0,0,0,normal_racing
0.3235878410026996,-1.9513925339068086,1,0.0,500.0,1,0,0,normal_racing
0.3485636346964856,-1.3050454245367837,1,0.0,500.0,1,0,0,normal_racing
0.014359554402943564,-1.1157414274496231,0,0.0,500.0,1,0,0,normal_racing
0.016159691536865275,-1.4410143068960275,1,0.0,500.0,2,0,0,normal_racing
0.018045898283711417,-1.878160793821053,0,0.0,500.0,2,0,0,normal_racing
0.023929734926919678,-1.6859445622211782,1,0.0,500.0,0,0,0,normal_racing
0.36629794315148384,-1.1781514157437143,1,0.0,500.0,1,0,0,normal_racing
0.02524686828154841,-1.9406294105870376,1,0.0,500.0,1,0,0,normal_racing
0.11441892073615811,-1.9323090702938097,1,0.0,500.0,0,0,0,normal_racing
0.28313755776057914,-1.6770364404021534,0,0.0,500.0,2,0,0,normal_racing
0.37735294051114115,-0.34117698790274753,1,0.0,500.0,2,0,0,normal_racing
0.21739823803194427,-1.8079509950089758,0,0.0,500.0,1,0,0,normal_racing
0.1931753557887136,-0.9671673300135061,1,0.0,500.0,2,0,0,normal_racing
0.15660273667377256,-0.27053114697727104,1,0.0,500.0,1,0,0,normal_racing
0.17842915716809046,-1.8683005282347789,1,0.0,500.0,2,0,0,normal_racing
0.0630093365269918,-0.4910576067247144,0,0.0,500.0,0,0,0,normal_racing
0.20630227051522054,-1.8787361701163725,0,0.0,500.0,0,0,0,normal_racing
0.019647057500016052,-0.3918434818217411,1,0.0,500.0,0,0,0,normal_racing
0.22742788588149418,-1.8336527129617193,1,0.0,500.0,0,0,0,normal_racing
0.08074690064381645,-1.6211088792803152,1,0.0,500.0,1,0,0,normal_racing
0.37953724280231366,-0.7610114739375253,1,0.0,500.0,2,0,0,normal_racing
0.17513662627033488,-1.8968179384664992,1,0.0,500.0,0,0,0,normal_racing
0.216190676868302,-0.4473366638188554,1,0.0,500.0,2,0,0,normal_racing
0.2691413578739574,-0.9260435189371877,1,0.0,500.0,1,0,0,normal_racing
0.06754921664508591,-1.8796724145437405,1,0.0,500.0,2,0,0,normal_racing
0.19905908094615155,-1.0871442364084187,1,0.0,500.0,0,0,0,normal_racing
0.39792595713184337,-1.0239331640741056,1,0.0,500.0,1,0,0,normal_racing
0.026730301880585162,-1.2266175991842705,1,0.0,500.0,1,0,0,normal_racing
0.020333384779390864,-1.964635492380703,1,0.0,500.0,1,0,0,normal_racing
0.19022446929317394,-0.2146285552910213,0,0.0,500.0,2,0,0,normal_racing
0.3127028190295781,-0.9135227406668592,1,0.0,500.0,1,0,0,normal_racing
0.252426177148755,-0.7605799061882162,1,0.0,500.0,2,0,0,normal_racing
0.38423478500265,-0.8047334109291715,1,0.0,500.0,2,0,0,normal_racing
0.2023049258970965,-1.4994888769198926,1,0.0,500.0,2,0,0,normal_racing
0.2980815371124043,-0.3491948214509489,1,0.0,500.0,0,0,0,normal_racing
0.2989079200768279,-1.7999069850488483,1,0.0,500.0,1,0,0,normal_racing
0.38241866380905165,-0.3934038672420706,1,0.0,500.0,0,0,0,normal_racing
0.211756541610515,-1.7773685754647481,1,0.0,500.0,0,0,0,normal_racing
0.07007222714240147,-0.779596999899351,1,0.0,500.0,2,0,0,normal_racing
0.10937188085066901,-0.6858330875104041,1,0.0,500.0,0,0,0,normal_racing
0.2820112786096772,-0.2328700998060363,1,0.0,500.0,1,0,0,normal_racing
0.2991960515809788,-1.6486388828156329,1,0.0,500.0,2,0,0,normal_racing
0.0963012284857078,-0.7855400666932791,1,0.0,500.0,2,0,0,normal_racing
0.15682400896617732,-0.5577615211871931,1,0.0,500.0,1,0,0,normal_racing
0.1091217320583343,-0.3486916286159406,1,0.0,500.0,0,0,0,normal_racing
0.14770913653638745,-0.54839479897905,1,0.0,500.0,0,0,0,normal_racing
0.19917274111555505,-1.3216970043475817,0,0.0,500.0,2,0,0,normal_racing
0.24540659389193287,-1.7905809864257505,0,0.0,500.0,2,0,0,normal_racing
0.1843725564292441,-0.2541926008054087,1,0.0,500.0,2,0,0,normal_racing
0.1977258134138471,-0.8739885369396473,1,0.0,500.0,1,0,0,normal_racing
0.3346452164130772,-0.30644849619829856,1,0.0,500.0,1,0,0,normal_racing
0.3391347468894619,-1.9901660058796489,0,0.0,500.0,2,0,0,normal_racing
0.12573917705196194,-0.8631571046178151,1,0.0,500.0,2,0,0,normal_racing
0.3755221416828154,-0.7548176843720736,1,0.0,500.0,1,0,0,normal_racing
0.067919989509083,-0.47085250665544576,1,0.0,500.0,0,0,0,normal_racing
0.16115184340305186,-1.6848296948040054,1,0.0,500.0,2,0,0,normal_racing
0.07018489863163513,-1.642777582870035,1,0.0,500.0,0,0,0,normal_racing
0.056022161875796256,-1.387646367463492,0,0.0,500.0,2,0,0,normal_racing
0.11048294538262643,-1.9325858836644831,1,0.0,500.0,0,0,0,normal_racing
0.17300623729694645,-0.5807660248663987,1,0.0,500.0,1,0,0,normal_racing
0.15132720568951427,-1.686739003053394,1,0.0,500.0,2,0,0,normal_racing
0.22846694482229643,-1.988747767659519,1,0.0,500.0,0,0,0,normal_racing
0.20756585699483368,-1.6388873992452542,1,0.0,500.0,0,0,0,normal_racing
0.29883032025195455,-0.8059320959720869,1,0.0,500.0,1,0,0,normal_racing
0.16401951476599771,-1.0108924421311931,0,0.0,500.0,0,0,0,normal_racing
0.2761607818062006,-1.967675625918223,1,0.0,500.0,1,0,0,normal_racing
0.3693387870903249,-0.5671636153096113,1,0.0,500.0,1,0,0,normal_racing
0.03911519897817724,-0.9896396708178096,1,0.0,500.0,2,0,0,normal_racing
0.1855312441851505,-0.6499164442653234,1,0.0,500.0,0,0,0,normal_racing
0.32108824211534626,-0.6054586579811639,1,0.0,500.0,2,0,0,normal_racing
0.05401523842249443,-1.8932168993970513,1,0.0,500.0,0,0,0,normal_racing
0.33866842020329746,-0.8584710750498018,1,0.0,500.0,0,0,0,normal_racing
0.255700136142468,-1.5875200209262754,1,0.0,500.0,0,0,0,normal_racing
0.3403988480208658,-1.7119234327160537,1,0.0,500.0,2,0,0,normal_racing
0.3469694157930335,-0.681020434603278,1,0.0,500.0,0,0,0,normal_racing
0.05131730340444807,-1.583592873586191,0,0.0,500.0,2,0,0,normal_racing
0.17648909939222324,-1.7656884636282353,1,0.0,500.0,2,0,0,normal_racing
0.32820237754344167,-1.5237704372281113,1,0.0,500.0,2,0,0,normal_racing
0.09533541174482406,-1.055462380262671,1,0.0,500.0,0,0,0,normal_racing
0.15804073501915636,-1.5950936247550525,0,0.0,500.0,1,0,0,normal_racing
0.29460928708075523,-1.388146519835585,1,0.0,500.0,0,0,0,normal_racing
0.31809290343308383,-1.925189942694782,1,0.0,500.0,0,0,0,normal_racing
0.39367410597919994,-0.7688962810545525,1,0.0,500.0,2,0,0,normal_racing
0.39465149874529204,-0.27823486561467736,1,0.0,500.0,1,0,0,normal_racing
0.11362052421060619,-1.5968064162138582,1,0.0,500.0,2,0,0,normal_racing
0.35341193456948305,-0.6725086795589691,1,0.0,500.0,2,0,0,normal_racing
0.24254513608621406,-1.3511134599472547,0,0.0,500.0,1,0,0,normal_racing
0.08806315646091988,-1.4526438401182995,1,0.0,500.0,0,0,0,normal_racing
0.022083982683192185,-0.7617241785767668,0,0.0,500.0,1,0,0,normal_racing
0.15857449414592484,-1.895781746574468,1,0.0,500.0,0,0,0,normal_racing
0.1030450464728146,-1.7465567810919775,1,0.0,500.0,2,0,0,normal_racing
0.0863699161725064,-1.1094562341553493,1,0.0,500.0,2,0,0,normal_racing
0.09229852210688679,-0.15164605364541156,0,0.0,500.0,0,0,0,normal_racing
0.25422414160407397,-1.5135899731204827,1,0.0,500.0,2,0,0,normal_racing
0.17981289644940834,-1.3168345029969184,1,0.0,500.0,1,0,0,normal_racing
0.3247009484877061,-0.7641708617588643,1,0.0,500.0,2,0,0,normal_racing
0.38893849917343926,-1.8154961064975386,0,0.0,500.0,0,0,0,normal_racing
0.0676538829531423,-0.5023671105859896,1,0.0,500.0,0,0,0,normal_racing
0.02852181367393816,-1.9806638314892595,1,0.0,500.0,0,0,0,normal_racing
0.3309018382362946,-1.202456411811592,1,0.0,500.0,0,0,0,normal_racing
0.35287002813157925,-1.3130883027530071,1,0.0,500.0,1,0,0,normal_racing
0.1789571007168438,-0.7575212635189958,1,0.0,500.0,2,0,0,normal_racing
0.31862869192107657,-0.5953371845382948,1,0.0,500.0,0,0,0,normal_racing
0.3368280607088959,-0.7273824616356895,1,0.0,500.0,0,0,0,normal_racing
0.031097866770016847,-1.5535463698382814,1,0.0,500.0,2,0,0,normal_racing
0.2755605809811889,-1.8286135831931443,1,0.0,500.0,0,0,0,normal_racing
0.11593364553979663,-1.1531426128802131,1,0.0,500.0,1,0,0,normal_racing
0.24941854785709838,-0.35665160521329575,1,0.0,500.0,1,0,0,normal_racing
0.2730352488867533,-0.24073405020354202,1,0.0,500.0,2,0,0,normal_racing
0.03468459345727966,-0.5224990630039403,1,0.0,500.0,1,0,0,normal_racing
0.09482483079386528,-1.6765248292373318,1,0.0,500.0,2,0,0,normal_racing
0.18902239333474286,-1.0484690283022244,1,0.0,500.0,2,0,0,normal_racing
0.196725032565164,-1.1044493224057528,1,0.0,500.0,2,0,0,normal_racing
0.028740134194493727,-1.079806133191747,1,0.0,500.0,2,0,0,normal_racing
0.19740263217453646,-0.9898090159192289,0,0.0,500.0,2,0,0,normal_racing
0.07235377212883613,-0.5121406333309978,1,0.0,500.0,1,0,0,normal_racing
0.17277826440019278,-1.5615609044666205,1,0.0,500.0,0,0,0,normal_racing
0.22799316143761317,-0.3931379382856044,0,0.0,500.0,0,0,0,normal_racing
0.2506556870789926,-0.7198528881117079,1,0.0,500.0,0,0,0,normal_racing
0.3038572209225579,-0.5382903381229299,0,0.0,500.0,1,0,0,normal_racing
0.3024372590851412,-1.7144873636623315,0,0.0,500.0,1,0,0,normal_racing
0.11475696542538194,-0.5758228647905876,1,0.0,500.0,0,0,0,normal_racing
0.3974090092583372,-1.9815283654762335,1,0.0,500.0,1,0,0,normal_racing
0.3439882174806424,-1.8725735710616598,1,0.0,500.0,1,0,0,normal_racing
0.3331348218646049,-0.6760839456057242,1,0.0,500.0,1,0,0,normal_racing
0.3940186786883484,-1.821602940453845,1,0.0,500.0,2,0,0,normal_racing
0.128340029626875,-1.1398373982892618,1,0.0,500.0,0,0,0,normal_racing
0.25466811196652245,-0.8758137430026787,1,0.0,500.0,1,0,0,normal_racing
0.13227079877854103,-0.34172932759447316,1,0.0,500.0,1,0,0,normal_racing
0.1785129354321766,-0.5329487944503842,1,0.0,500.0,2,0,0,normal_racing
0.008462404569317395,-0.7010867689397587,1,0.0,500.0,1,0,0,normal_racing
0.11001241625210115,-0.2233988804988929,1,0.0,500.0,1,0,0,normal_racing
0.008689382281635849,-1.7127050149585685,1,0.0,500.0,1,0,0,normal_racing
0.17787521120429828,-0.9414178903406147,1,0.0,500.0,1,0,0,normal_racing
0.3572209939013011,-0.12093166803003408,1,0.0,500.0,2,0,0,normal_racing
0.21979744512002328,-0.38507519867159923,1,0.0,500.0,2,0,0,normal_racing
0.2899267288987492,-1.2389109363018769,0,0.0,500.0,1,0,0,normal_racing
0.12010876485701068,-1.0067425289540133,1,0.0,500.0,1,0,0,normal_racing
0.018385299736056026,-0.769203737773736,1,0.0,500.0,0,0,0,normal_racing
0.1756714052823739,-1.32361786275475,1,0.0,500.0,0,0,0,normal_racing
0.32420788626391905,-1.452241059746837,1,0.0,500.0,2,0,0,normal_racing
0.24136238299504345,-0.566575473737958,1,0.0,500.0,1,0,0,normal_racing
0.18195776069305555,-0.8864676062037417,1,0.0,500.0,0,0,0,normal_racing
0.37027466749468985,-0.4825618062001589,0,0.0,500.0,2,0,0,normal_racing
0.3699849890827782,-1.908664701153725,1,0.0,500.0,0,0,0,normal_racing
0.3880806290279374,-1.8212142157537787,0,0.0,500.0,2,0,0,normal_racing
0.03126245595415531,-1.7145994758295686,1,0.0,500.0,1,0,0,normal_racing
0.1669014439434745,-1.1864997553901073,1,0.0,500.0,1,0,0,normal_racing
0.030006922940616933,-1.4865834573832049,0,0.0,500.0,2,0,0,normal_racing
0.20393214642281976,-0.6932071185519487,0,0.0,500.0,1,0,0,normal_racing
0.147595421320138,-0.4321340338427096,1,0.0,500.0,2,0,0,normal_racing
0.3770273601257352,-1.4948780569457443,1,0.0,500.0,1,0,0,normal_racing
0.15128020920387245,-1.7182721472297853,1,0.0,500.0,2,0,0,normal_racing
0.3706681952325128,-0.5899986173808088,1,0.0,500.0,1,0,0,normal_racing
0.060239314897201406,-0.26796435233128135,1,0.0,500.0,2,0,0,normal_racing
0.02849779094663645,-1.0030806739788478,1,0.0,500.0,1,0,0,normal_racing
0.1340187510020539,-1.706828861229247,1,0.0,500.0,0,0,0,normal_racing
0.1785557968574838,-1.9106528069641964,1,0.0,500.0,2,0,0,normal_racing
0.3540371952907203,-1.0296038625785158,1,0.0,500.0,0,0,0,normal_racing
0.2750135740439487,-0.1900077627860306,1,0.0,500.0,0,0,0,normal_racing
0.1764309718469137,-0.8872721667892864,1,0.0,500.0,0,0,0,normal_racing
0.012817435751270879,-1.267333602416853,1,0.0,500.0,0,0,0,normal_racing
0.04346678832170739,-0.12617697505869563,1,0.0,500.0,1,0,0,normal_racing
0.15762878966738691,-1.639574855019586,1,0.0,500.0,1,0,0,normal_racing
0.2374062369768769,-0.14147964412704206,1,0.0,500.0,1,0,0,normal_racing
0.16851205107330186,-0.2905460571409755,1,0.0,500.0,1,0,0,normal_racing
0.008907528251840003,-1.2426082493415609,1,0.0,500.0,2,0,0,normal_racing
0.3150222339452867,-1.3014745964559724,0,0.0,500.0,0,0,0,normal_racing
0.016938445599481922,-0.9453817459513117,1,0.0,500.0,2,0,0,normal_racing
0.1345143321709447,-1.9765301507372772,1,0.0,500.0,0,0,0,normal_racing
0.3370618486872785,-0.715412399166648,1,0.0,500.0,1,0,0,normal_racing
0.18995073459028156,-0.34875049307834816,1,0.0,500.0,2,0,0,normal_racing
0.10632376531002628,-1.0577214224726468,1,0.0,500.0,2,0,0,normal_racing
0.37204220770004964,-1.0545846878987828,0,0.0,500.0,1,0,0,normal_racing
0.20181809588157487,-1.733108504437718,1,0.0,500.0,0,0,0,normal_racing
0.3421901453671527,-0.840789990857957,1,0.0,500.0,0,0,0,normal_racing
0.07459331790234557,-0.6726612097683528,1,0.0,500.0,2,0,0,normal_racing
0.08007337223394383,-1.3920663772749935,1,0.0,500.0,1,0,0,normal_racing
0.10539017127572708,-0.7749138848302796,1,0.0,500.0,2,0,0,normal_racing
0.18660370525533723,-0.7864679078200978,0,0.0,500.0,2,0,0,normal_racing
0.08553232851119913,-1.810173428472997,1,0.0,500.0,1,0,0,normal_racing
0.19784008958978117,-0.33548230343766783,1,0.0,500.0,0,0,0,normal_racing
0.05230072535052743,-1.6331940262726676,0,0.0,500.0,2,0,0,normal_racing
0.2841436768091317,-1.455814558824093,0,0.0,500.0,1,0,0,normal_racing
0.065142620497081,-1.0864177463372109,1,0.0,500.0,1,0,0,normal_racing
0.24524376759765582,-0.12683699360596554,0,0.0,500.0,0,0,0,normal_racing
0.015824083356076723,-0.3056739388022284,1,0.0,500.0,0,0,0,normal_racing
0.013123999799091469,-0.6307741431680853,1,0.0,500.0,0,0,0,normal_racing
0.15406709494238768,-0.7441147071454702,1,0.0,500.0,1,0,0,normal_racing
0.010081978850464869,-0.4840171702972865,1,0.0,500.0,0,0,0,normal_racing
0.37141047002293165,-1.0580167755217604,1,0.0,500.0,2,0,0,normal_racing
0.30957577545506254,-1.5530377070720323,0,0.0,500.0,0,0,0,normal_racing
0.17373969929011832,-1.5570635794036753,0,0.0,500.0,2,0,0,normal_racing
0.37169689760246,-0.27924885501534535,0,0.0,500.0,0,0,0,normal_racing
0.0373083621297309,-1.346836331399501,1,0.0,500.0,2,0,0,normal_racing
0.3196891686636221,-1.2445794808737505,0,0.0,500.0,2,0,0,normal_racing
0.11036953681632529,-0.886937291026074,1,0.0,500.0,0,0,0,normal_racing
0.1060853824450264,-0.8461965229933307,1,0.0,500.0,1,0,0,normal_racing
0.10813638821105563,-1.7981119445609168,1,0.0,500.0,2,0,0,normal_racing
0.20100481973405843,-0.8937122440893953,1,0.0,500.0,0,0,0,normal_racing
0.06072069323153251,-0.7686668917436356,1,0.0,500.0,1,0,0,normal_racing
0.3295649444203186,-0.5877713469168159,0,0.0,500.0,1,0,0,normal_racing
0.3870372103989889,-1.6924594541775777,1,0.0,500.0,2,0,0,normal_racing
0.0679914084783143,-1.6546319699917889,1,0.0,500.0,1,0,0,normal_racing
0.37183958880286855,-0.3188535012970953,1,0.0,500.0,0,0,0,normal_racing
0.023539414932972715,-1.2359264630917868,0,0.0,500.0,2,0,0,normal_racing
0.20489718844265084,-0.5912586384826061,1,0.0,500.0,0,0,0,normal_racing
0.37482057226820276,-1.7999843052579902,1,0.0,500.0,0,0,0,normal_racing
0.23505398986121723,-1.464318439605076,1,0.0,500.0,0,0,0,normal_racing
0.04166059752114864,-1.9995541401372532,1,0.0,500.0,0,0,0,normal_racing
0.1929504018516458,-1.8524795132374061,1,0.0,500.0,2,0,0,normal_racing
0.3718528750896897,-1.9002367855850912,1,0.0,500.0,0,0,0,normal_racing
0.1809800939339032,-0.8907071921278525,1,0.0,500.0,1,0,0,normal_racing
0.1013230402822575,-1.440017578007538,1,0.0,500.0,2,0,0,normal_racing
0.26149218903076826,-0.7441301293891947,1,0.0,500.0,0,0,0,normal_racing
0.37994055196634535,-1.5221774870968812,0,0.0,500.0,0,0,0,normal_racing
0.12806438755714775,-0.7998539119920537,1,0.0,500.0,0,0,0,normal_racing
0.02425229687576205,-0.8008689234011943,1,0.0,500.0,0,0,0,normal_racing
0.0787838170480105,-0.5976031116729974,1,0.0,500.0,1,0,0,normal_racing
0.13815335726779684,-1.1144207021725085,1,0.0,500.0,1,0,0,normal_racing
0.23500779702233623,-1.9357849881995348,1,0.0,500.0,1,0,0,normal_racing
0.3174690497025708,-0.21156549513528444,1,0.0,500.0,2,0,0,normal_racing
0.39468476497927996,-0.9709149532068738,1,0.0,500.0,2,0,0,normal_racing
0.05062551684958412,-1.5278871645308474,1,0.0,500.0,1,0,0,normal_racing
0.3477447307514095,-1.2950012326092766,1,0.0,500.0,2,0,0,normal_racing
0.336982000581067,-1.751202193926305,1,0.0,500.0,2,0,0,normal_racing
0.08650772391902058,-1.7346571924853884,1,0.0,500.0,1,0,0,normal_racing
0.07524169124854052,-0.7441448892476703,1,0.0,500.0,1,0,0,normal_racing
0.0374331781353491,-1.7872546406323468,1,0.0,500.0,0,0,0,normal_racing
0.11692461737199666,-1.9469333365486827,1,0.0,500.0,0,0,0,normal_racing
0.12305139416965215,-0.6683377739163923,1,0.0,500.0,1,0,0,normal_racing
0.017270090022753815,-0.10922894177683018,1,0.0,500.0,2,0,0,normal_racing
0.3026012190909242,-0.9961163621863195,1,0.0,500.0,2,0,0,normal_racing
0.12985746684413346,-1.0912570069530962,1,0.0,500.0,1,0,0,normal_racing
0.35924803220043783,-1.9905178929152396,1,0.0,500.0,1,0,0,normal_racing
0.07228247830672378,-0.769028900458514,1,0.0,500.0,1,0,0,normal_racing
0.3056304213685162,-1.0429486113755482,0,0.0,500.0,0,0,0,normal_racing
0.02679120525279597,-0.8662198075676537,1,0.0,500.0,0,0,0,normal_racing
0.39441189723064946,-0.4970232542207667,1,0.0,500.0,0,0,0,normal_racing
0.1991993163172627,-1.2028327646854051,1,0.0,500.0,1,0,0,normal_racing
0.05543222057698514,-0.9139460270987847,1,0.0,500.0,2,0,0,normal_racing
0.1478286425427031,-1.1787166382781302,1,0.0,500.0,2,0,0,normal_racing
0.027655264986445795,-1.4829736947971917,1,0.0,500.0,0,0,0,normal_racing
0.026559311617309823,-1.7388408207758184,0,0.0,500.0,2,0,0,normal_racing
0.009502602582874609,-0.20694874466578322,0,0.0,500.0,0,0,0,normal_racing
0.21930932714327547,-0.9098639860421077,1,0.0,500.0,0,0,0,normal_racing
0.2002643362645079,-1.9792746850498144,1,0.0,500.0,1,0,0,normal_racing
0.020699898241553917,-1.0075326621886445,0,0.0,500.0,2,0,0,normal_racing
0.27408584774645317,-0.6003028362873225,1,0.0,500.0,1,0,0,normal_racing
0.2085772840631977,-0.9782330672729694,1,0.0,500.0,1,0,0,normal_racing
0.10034115666204886,-0.793589769081041,1,0.0,500.0,0,0,0,normal_racing
0.24084775673337094,-0.35419420862832535,1,0.0,500.0,2,0,0,normal_racing
0.09501426882090357,-0.3861411292408014,1,0.0,500.0,2,0,0,normal_racing
0.30490053932140465,-1.975654030879218,1,0.0,500.0,0,0,0,normal_racing
0.028744866336384026,-1.2250523673169669,1,0.0,500.0,2,0,0,normal_racing
0.0043738884442654944,-1.2308597690383092,0,0.0,500.0,1,0,0,normal_racing
0.07579651087488633,-0.3354591962316784,1,0.0,500.0,0,0,0,normal_racing
0.31690833486816095,-1.5308392198789684,0,0.0,500.0,1,0,0,normal_racing
0.09890683323177779,-1.156167069263946,1,0.0,500.0,2,0,0,normal_racing
0.37277774769199856,-1.3956022196274396,0,0.0,500.0,0,0,0,normal_racing
0.21497502934159063,-1.025519297841201,1,0.0,500.0,1,0,0,normal_racing
0.21105454424179287,-0.22801117975271185,0,0.0,500.0,0,0,0,normal_racing
0.07919229856676285,-1.5541103254834094,1,0.0,500.0,0,0,0,normal_racing
0.29028038828901426,-0.2303796285068319,1,0.0,500.0,2,0,0,normal_racing
0.3029397730959675,-1.673575919729738,1,0.0,500.0,1,0,0,normal_racing
0.12898532743271107,-1.4248199574768652,0,0.0,500.0,1,0,0,normal_racing
0.26573794737370154,-0.9305432801796214,1,0.0,500.0,1,0,0,normal_racing
0.06415572962709444,-0.48457003105714835,1,0.0,500.0,2,0,0,normal_racing
0.22862791380268754,-0.19324069067611876,1,0.0,500.0,1,0,0,normal_racing
0.2340765405219851,-1.3489345273599096,1,0.0,500.0,1,0,0,normal_racing
0.31609726215577405,-1.287045205900724,1,0.0,500.0,1,0,0,normal_racing
0.04047734670133294,-0.618997427378488,1,0.0,500.0,1,0,0,normal_racing
0.27162062251519725,-0.2717753490966054,1,0.0,500.0,2,0,0,normal_racing
0.2936066239154892,-1.6721376197666196,1,0.0,500.0,0,0,0,normal_racing
0.13543657728432562,-0.9478750402064878,0,0.0,500.0,1,0,0,normal_racing
0.20790146387833724,-0.7996415338719048,1,0.0,500.0,2,0,0,normal_racing
0.07721007581574826,-0.8094287321914819,0,0.0,500.0,0,0,0,normal_racing
0.09393606530369243,-0.30092526117687673,1,0.0,500.0,1,0,0,normal_racing
0.1533371173642032,-1.5677610314425856,0,0.0,500.0,2,0,0,normal_racing
0.2434639010507135,-1.9222825204051104,1,0.0,500.0,0,0,0,normal_racing
0.36932107610315146,-1.7789659349877176,1,0.0,500.0,0,0,0,normal_racing
0.08469644111044997,-1.6569564355348108,1,0.0,500.0,1,0,0,normal_racing
0.2732059825795991,-1.9059429126251415,0,0.0,500.0,0,0,0,normal_racing
0.02133003397333626,-1.886667683822543,0,0.0,500.0,0,0,0,normal_racing
0.25692696466861403,-0.9789401153505357,1,0.0,500.0,1,0,0,normal_racing
0.03870115934443841,-0.5421910786847561,0,0.0,500.0,0,0,0,normal_racing
0.09067946076588429,-1.1423667127121944,1,0.0,500.0,0,0,0,normal_racing
0.22532649667918492,-0.7993772148935694,1,0.0,500.0,0,0,0,normal_racing
0.06039725257402706,-1.8355239536448213,0,0.0,500.0,2,0,0,normal_racing
0.25251436692243406,-1.2782786491845401,1,0.0,500.0,2,0,0,normal_racing
0.0065928802384628065,-1.9203759004052343,1,0.0,500.0,2,0,0,normal_racing
0.15091273562454527,-0.12355470644001232,1,0.0,500.0,2,0,0,normal_racing
0.1747957153245807,-0.7454624029079459,1,0.0,500.0,1,0,0,normal_racing
0.15011125587739765,-1.9428705777946365,1,0.0,500.0,1,0,0,normal_racing
0.11758418836982841,-1.1322874348483183,1,0.0,500.0,0,0,0,normal_racing
0.3800007082296832,-0.641920062438348,1,0.0,500.0,1,0,0,normal_racing
0.10495538909344981,-0.9810674831935262,1,0.0,500.0,0,0,0,normal_racing
0.2713242433606833,-1.5187902581922885,1,0.0,500.0,1,0,0,normal_racing
0.1584261005113949,-0.1783807617624688,1,0.0,500.0,1,0,0,normal_racing
0.39822211983431055,-0.13002615441026275,1,0.0,500.0,1,0,0,normal_racing
0.3307099312055515,-1.135889312323016,1,0.0,500.0,2,0,0,normal_racing
0.3435864998773723,-0.33235012068535547,0,0.0,500.0,2,0,0,normal_racing
0.33447990038311015,-0.24580681046342479,1,0.0,500.0,0,0,0,normal_racing
0.17810268221441627,-0.7352825307630453,1,0.0,500.0,0,0,0,normal_racing
0.16094835326887355,-1.5585559621276088,0,0.0,500.0,1,0,0,normal_racing
0.04976415549060956,-0.6612425099487161,0,0.0,500.0,1,0,0,normal_racing
0.1627423357563306,-1.8907587765436142,0,0.0,500.0,0,0,0,normal_racing
0.26695875523951895,-0.967816636872598,1,0.0,500.0,1,0,0,normal_racing
0.05766285956854338,-1.2669777267328386,1,0.0,500.0,0,0,0,normal_racing
0.14048917098451935,-1.7846265604428606,0,0.0,500.0,1,0,0,normal_racing
0.30915803483794313,-0.6151619838466718,1,0.0,500.0,1,0,0,normal_racing
0.3443544674083976,-1.6638284714799882,0,0.0,500.0,0,0,0,normal_racing
0.38383850482379794,-0.5338388401006593,0,0.0,500.0,2,0,0,normal_racing
0.16899803356726087,-1.1647104023389587,1,0.0,500.0,1,0,0,normal_racing
0.09652573519101151,-0.25661317996854094,1,0.0,500.0,0,0,0,normal_racing
0.2520607877097539,-1.0898537022359696,1,0.0,500.0,2,0,0,normal_racing
0.08371093902878038,-1.6635781666668847,1,0.0,500.0,1,0,0,normal_racing
0.30399400459846104,-1.1922511798526951,0,0.0,500.0,2,0,0,normal_racing
0.3526468884971453,-1.4858798732386778,1,0.0,500.0,0,0,0,normal_racing
0.33853720679598776,-1.986887839163508,1,0.0,500.0,1,0,0,normal_racing
0.2978319038072134,-0.9604533148528341,0,0.0,500.0,2,0,0,normal_racing
0.22618636651049503,-0.30129047828282696,1,0.0,500.0,1,0,0,normal_racing
0.15862108913153894,-0.8487597698889905,1,0.0,500.0,2,0,0,normal_racing
0.322326784540249,-1.8008118237701052,1,0.0,500.0,1,0,0,normal_racing
0.18690934715693383,-1.2671355158959987,1,0.0,500.0,1,0,0,normal_racing
0.18875228497179575,-1.2057983446371867,1,0.0,500.0,1,0,0,normal_racing
0.32713412398323233,-1.5167311833519297,1,0.0,500.0,1,0,0,normal_racing
0.3414602676018001,-0.39163519021096194,1,0.0,500.0,2,0,0,normal_racing
0.295668928770689,-0.5536921257814982,1,0.0,500.0,0,0,0,normal_racing
0.20445750537197727,-1.9024282890407649,1,0.0,500.0,0,0,0,normal_racing
0.39477783248155784,-1.7622166127298102,1,0.0,500.0,2,0,0,normal_racing
0.012859758040224501,-0.8472735790286849,0,0.0,500.0,2,0,0,normal_racing
0.21309617093515124,-0.836941647656979,0,0.0,500.0,2,0,0,normal_racing
0.18736212784626935,-1.7957202406983535,1,0.0,500.0,2,0,0,normal_racing
0.2571215057334326,-1.9467892511333635,1,0.0,500.0,0,0,0,normal_racing
0.05579953918487597,-1.735070755019901,1,0.0,500.0,0,0,0,normal_racing
0.39634899120088185,-0.12306771175188277,1,0.0,500.0,1,0,0,normal_racing
0.3229789505640619,-0.7750349251502762,1,0.0,500.0,1,0,0,normal_racing
0.2963260926543147,-1.5909469274574817,1,0.0,500.0,0,0,0,normal_racing
0.3571619981450732,-0.1051438199839956,1,0.0,500.0,1,0,0,normal_racing
0.13363754386398133,-0.6168858594375718,1,0.0,500.0,1,0,0,normal_racing
0.21185009638379354,-1.4427222504951291,1,0.0,500.0,0,0,0,normal_racing
0.3377634456662293,-0.4324578912262275,1,0.0,500.0,0,0,0,normal_racing
0.31310453922244097,-0.49191851647015694,1,0.0,500.0,1,0,0,normal_racing
0.013174405879344198,-0.5280649436864334,1,0.0,500.0,1,0,0,normal_racing
0.03231414557512418,-1.7759476479323983,1,0.0,500.0,2,0,0,normal_racing
0.27937142183153596,-1.380890827858533,1,0.0,500.0,2,0,0,normal_racing
0.3676438658266421,-0.290991802691746,1,0.0,500.0,1,0,0,normal_racing
0.3779220687776154,-0.9460043853988371,1,0.0,500.0,0,0,0,normal_racing
0.39640009923059544,-0.4073866698053049,1,0.0,500.0,2,0,0,normal_racing
0.01955015074035025,-1.5327720643525895,1,0.0,500.0,2,0,0,normal_racing
0.20561927841554592,-0.5935102789646102,1,0.0,500.0,1,0,0,normal_racing
0.041329143083396684,-1.3118010762556978,1,0.0,500.0,0,0,0,normal_racing
0.27675403708236124,-1.405014174956287,1,0.0,500.0,0,0,0,normal_racing
0.15416569257656854,-1.6881396454116566,1,0.0,500.0,2,0,0,normal_racing
0.395378965532772,-1.7085366109468518,1,0.0,500.0,2,0,0,normal_racing
0.14131581977477872,-1.3910219146903975,1,0.0,500.0,1,0,0,normal_racing
0.1969851668001732,-0.21647772496954032,1,0.0,500.0,2,0,0,normal_racing
0.09790601742244404,-0.7246818314809007,1,0.0,500.0,0,0,0,normal_racing
0.06630117873694101,-0.1854320607477722,0,0.0,500.0,0,0,0,normal_racing
0.015978586247050598,-0.1537553807124177,1,0.0,500.0,2,0,0,normal_racing
0.23869054017277153,-0.9257479337938341,0,0.0,500.0,0,0,0,normal_racing
0.27165814737555743,-0.20270319207533846,0,0.0,500.0,0,0,0,normal_racing
0.29562985160656496,-0.983903695970789,1,0.0,500.0,2,0,0,normal_racing
0.2945416388588089,-0.5217126751658032,1,0.0,500.0,2,0,0,normal_racing
0.3305642199890837,-1.3993049002347453,1,0.0,500.0,1,0,0,normal_racing
0.10818803175299158,-0.8062513936761146,1,0.0,500.0,1,0,0,normal_racing
0.17319928606792556,-0.9326528784663897,1,0.0,500.0,2,0,0,normal_racing
0.23512877182761172,-0.5418507288869839,1,0.0,500.0,0,0,0,normal_racing
0.1505877737625464,-0.8224476094086784,1,0.0,500.0,2,0,0,normal_racing
0.12833475837592687,-1.5402688013898884,0,0.0,500.0,2,0,0,normal_racing
0.17267243247080988,-1.520800473978663,1,0.0,500.0,1,0,0,normal_racing
0.2101132654290733,-0.7036724361376582,1,0.0,500.0,1,0,0,normal_racing
0.049542752451720774,-0.8798387997553487,1,0.0,500.0,1,0,0,normal_racing
0.014488932418121436,-1.280770972353694,1,0.0,500.0,2,0,0,normal_racing
0.09981927037548816,-0.32512197947412297,1,0.0,500.0,0,0,0,normal_racing
0.16052253415287854,-1.1051748476288914,1,0.0,500.0,0,0,0,normal_racing
0.03742655424352028,-1.144379458599213,1,0.0,500.0,0,0,0,normal_racing
0.08872932086987113,-0.14603577276641125,0,0.0,500.0,1,0,0,normal_racing
0.05074349918468673,-0.37843897036926694,0,0.0,500.0,0,0,0,normal_racing
0.24411598068154025,-1.974726582885206,1,0.0,500.0,1,0,0,normal_racing
0.08160525862161637,-1.2838358567678674,1,0.0,500.0,2,0,0,normal_racing
0.37249733139178504,-0.3835326840364872,0,0.0,500.0,1,0,0,normal_racing
0.2595099615554218,-1.9390227898183843,1,0.0,500.0,1,0,0,normal_racing
0.22712455414173732,-1.4383540700571593,1,0.0,500.0,2,0,0,normal_racing
0.2694054858900975,-0.9668698840365955,1,0.0,500.0,1,0,0,normal_racing
0.3417571163973994,-0.1654948863822493,1,0.0,500.0,0,0,0,normal_racing
0.0029931984427066464,-0.40598679735788584,1,0.0,500.0,2,0,0,normal_racing
0.23591599354234358,-1.3996001967660066,1,0.0,500.0,0,0,0,normal_racing
0.2789129183946556,-1.2291594132262589,1,0.0,500.0,1,0,0,normal_racing
0.352762886855571,-1.366983242811855,1,0.0,500.0,1,0,0,normal_racing
0.03435448377502914,-0.5647915522421545,1,0.0,500.0,0,0,0,normal_racing
0.08899290085149598,-1.648264291102208,1,0.0,500.0,2,0,0,normal_racing
0.1673109276913467,-0.7163707618690497,1,0.0,500.0,0,0,0,normal_racing
0.35011779346033944,-0.3917979472007374,1,0.0,500.0,2,0,0,normal_racing
0.36535244262484057,-1.083969293770299,1,0.0,500.0,0,0,0,normal_racing
0.0047236352716018455,-0.571099284155681,0,0.0,500.0,0,0,0,normal_racing
0.38791748310028784,-0.29144689013060876,1,0.0,500.0,2,0,0,normal_racing
0.21717668230896298,-0.7088642825705648,1,0.0,500.0,0,0,0,normal_racing
0.07332726474781613,-0.991353530247022,1,0.0,500.0,1,0,0,normal_racing
0.37223770835076164,-1.060876928962837,0,0.0,500.0,0,0,0,normal_racing
0.2840003764890182,-1.4606487878863923,0,0.0,500.0,1,0,0,normal_racing
0.11128686068855585,-0.2890683214443686,1,0.0,500.0,1,0,0,normal_racing
0.09651738067581209,-0.21534365074363226,1,0.0,500.0,0,0,0,normal_racing
0.24416292777338933,-1.6026437486402083,0,0.0,500.0,0,0,0,normal_racing
0.21958181307779842,-1.169720444164082,1,0.0,500.0,0,0,0,normal_racing
0.08403484952941342,-1.960562155214909,1,0.0,500.0,1,0,0,normal_racing
0.23763839478047513,-0.5652240196680602,1,0.0,500.0,2,0,0,normal_racing
0.30976713377951326,-1.2209719222617257,1,0.0,500.0,0,0,0,normal_racing
0.30033453337458504,-0.6565782223572906,0,0.0,500.0,0,0,0,normal_racing
0.27927609788708646,-0.6293515000035568,1,0.0,500.0,2,0,0,normal_racing
0.03662393374822757,-0.7197090198067755,1,0.0,500.0,2,0,0,normal_racing
0.2969330619415786,-1.0010609047082344,1,0.0,500.0,1,0,0,normal_racing
0.056515706834840224,-0.6071739329816842,0,0.0,500.0,0,0,0,normal_racing
0.1511954692788935,-1.6008213652976164,1,0.0,500.0,1,0,0,normal_racing
0.09204126162293572,-1.972192668119622,1,0.0,500.0,0,0,0,normal_racing
0.0019939861177891596,-0.450189003970729,1,0.0,500.0,1,0,0,normal_racing
0.36971215347162434,-1.55297601636934,1,0.0,500.0,1,0,0,normal_racing
0.39016172953048867,-0.9758635669327941,1,0.0,500.0,2,0,0,normal_racing
0.09946986481446932,-1.7844600359659288,1,0.0,500.0,2,0,0,normal_racing
0.3131352620223138,-1.2677518165796096,1,0.0,500.0,1,0,0,normal_racing
0.060665483511777835,-0.5095843496274148,1,0.0,500.0,1,0,0,normal_racing
0.1767604294980282,-0.5645041007230951,0,0.0,500.0,1,0,0,normal_racing
0.17841268769195648,-0.8784320454430896,1,0.0,500.0,1,0,0,normal_racing
0.1793833049075432,-0.13088850879616507,0,0.0,500.0,2,0,0,normal_racing
0.2894237416367213,-1.751274553985205,0,0.0,500.0,2,0,0,normal_racing
0.24438347136667946,-1.2567348374906289,1,0.0,500.0,1,0,0,normal_racing
0.04556290192760884,-1.3526969722412603,1,0.0,500.0,0,0,0,normal_racing
0.12651015087398973,-0.48999371588388424,1,0.0,500.0,2,0,0,normal_racing
0.36763485118742234,-1.7621639931207027,0,0.0,500.0,1,0,0,normal_racing
0.3858324817745245,-0.9844499946212091,1,0.0,500.0,2,0,0,normal_racing
0.15611045670893728,-0.5896054734186948,1,0.0,500.0,0,0,0,normal_racing
0.07816783536424898,-1.9228206173989388,1,0.0,500.0,2,0,0,normal_racing
0.2704075840357513,-0.7298012149523355,1,0.0,500.0,1,0,0,normal_racing
0.37508217301439184,-0.6734073459251277,1,0.0,500.0,0,0,0,normal_racing
0.2625794872264728,-0.9574679448522799,1,0.0,500.0,2,0,0,normal_racing
0.26933132296078205,-0.6141603208708684,1,0.0,500.0,0,0,0,normal_racing
0.13295085401446585,-0.7293770145915234,1,0.0,500.0,0,0,0,normal_racing
0.07720301446350653,-1.1293032861601338,1,0.0,500.0,0,0,0,normal_racing
0.37757885034503863,-0.9109116811623186,0,0.0,500.0,2,0,0,normal_racing
0.01718305095025783,-1.4706008672762958,1,0.0,500.0,0,0,0,normal_racing
0.02272707135999257,-1.5761234044179777,1,0.0,500.0,2,0,0,normal_racing
0.06920956853731877,-1.9924299346948013,1,0.0,500.0,0,0,0,normal_racing
0.255797774196211,-1.4966528440975475,1,0.0,500.0,2,0,0,normal_racing
0.07351682794244332,-0.10156677198590222,1,0.0,500.0,2,0,0,normal_racing
0.04951493244685508,-0.45366363279805383,1,0.0,500.0,1,0,0,normal_racing
0.022765280851380344,-1.840449884181644,1,0.0,500.0,0,0,0,normal_racing
0.38574680333216,-0.3708854364215162,1,0.0,500.0,2,0,0,normal_racing
0.27625882924206147,-0.2827629000275021,1,0.0,500.0,1,0,0,normal_racing
0.24165368208682847,-1.974523044113273,1,0.0,500.0,0,0,0,normal_racing
0.39383401661731243,-1.3882219529264126,1,0.0,500.0,2,0,0,normal_racing
0.14587131615151852,-0.1082908808779592,1,0.0,500.0,2,0,0,normal_racing
0.10293227487799328,-1.0338750288003957,1,0.0,500.0,2,0,0,normal_racing
0.03221797868524528,-1.4813207213265753,0,0.0,500.0,0,0,0,normal_racing
0.11532742712418749,-0.4705559885251719,1,0.0,500.0,0,0,0,normal_racing
0.27996886805505905,-1.3309672136816337,1,0.0,500.0,1,0,0,normal_racing
0.03763972265448987,-0.39317706557310045,0,0.0,500.0,1,0,0,normal_racing
0.369095638330067,-1.8416925405487976,1,0.0,500.0,2,0,0,normal_racing
0.1666816412329853,-0.10687086509138778,1,0.0,500.0,2,0,0,normal_racing
0.03814138127314411,-0.7682345426155005,1,0.0,500.0,0,0,0,normal_racing
0.23608530973784989,-0.37822873165826115,1,0.0,500.0,2,0,0,normal_racing
0.0051973394687184985,-0.6331183790122238,1,0.0,500.0,1,0,0,normal_racing
0.32474806127503425,-1.5438601554287714,1,0.0,500.0,0,0,0,normal_racing
0.3231335638825128,-1.386634327160315,1,0.0,500.0,0,0,0,normal_racing
0.19340465640147242,-0.9347651175268276,1,0.0,500.0,1,0,0,normal_racing
0.039972723588945464,-0.4120814357831066,1,0.0,500.0,1,0,0,normal_racing
0.11394587617755603,-0.7748882148324147,1,0.0,500.0,2,0,0,normal_racing
0.2251863645339554,-1.8464038079732923,1,0.0,500.0,2,0,0,normal_racing
0.22248738108966984,-0.7565202844010332,0,0.0,500.0,0,0,0,normal_racing
0.18902940436282872,-1.9455821457624658,1,0.0,500.0,2,0,0,normal_racing
0.19559020613770983,-0.17088955556556246,0,0.0,500.0,0,0,0,normal_racing
0.12349939540120199,-1.1741014393093925,1,0.0,500.0,0,0,0,normal_racing
0.27844654304520516,-0.2363764768154606,1,0.0,500.0,0,0,0,normal_racing
0.0912317631825666,-0.4586799059409643,1,0.0,500.0,1,0,0,normal_racing
0.0560718968813327,-1.9233943164308411,1,0.0,500.0,2,0,0,normal_racing
0.28397055125703274,-1.437825891673704,0,0.0,500.0,1,0,0,normal_racing
0.21334343500588046,-0.7152713046804902,1,0.0,500.0,1,0,0,normal_racing
0.01344398767450037,-0.6237065970583997,1,0.0,500.0,1,0,0,normal_racing
0.25549236515895235,-1.2941055973893445,1,0.0,500.0,0,0,0,normal_racing
0.17334956658376335,-0.7702152565307574,1,0.0,500.0,0,0,0,normal_racing
0.1966263069347996,-1.0252659563794908,0,0.0,500.0,1,0,0,normal_racing
0.19879182418405114,-1.0105229644890574,1,0.0,500.0,2,0,0,normal_racing
0.12766958870693187,-0.5862842555734131,0,0.0,500.0,2,0,0,normal_racing
0.018945509319715195,-0.21758240634859527,1,0.0,500.0,2,0,0,normal_racing
0.028625800024780726,-1.873437878005368,0,0.0,500.0,1,0,0,normal_racing
0.24665557255838033,-0.6545993628979746,1,0.0,500.0,1,0,0,normal_racing
0.04071439549960698,-0.262559517934947,1,0.0,500.0,2,0,0,normal_racing
0.17361424630252642,-1.4445937291521458,0,0.0,500.0,0,0,0,normal_racing
0.33874968124556504,-0.8723541871575096,0,0.0,500.0,1,0,0,normal_racing
0.08921445119931813,-1.8938767286548852,1,0.0,500.0,1,0,0,normal_racing
0.09706961718201078,-0.7967063663891126,1,0.0,500.0,0,0,0,normal_racing
0.3532507528143694,-0.6554426315084284,1,0.0,500.0,1,0,0,normal_racing
0.3287092237492802,-0.3994428752481089,1,0.0,500.0,1,0,0,normal_racing
0.2687550343061968,-1.6114978820724564,1,0.0,500.0,1,0,0,normal_racing
0.15708402342436953,-0.16244857350629105,1,0.0,500.0,2,0,0,normal_racing
0.13157746019059707,-1.0414335484104964,1,0.0,500.0,0,0,0,normal_racing
0.19224365939711507,-1.3880913235414865,1,0.0,500.0,1,0,0,normal_racing
0.1384857821444366,-1.2117808611184762,1,0.0,500.0,0,0,0,normal_racing
0.13212715431017008,-1.4186855250536794,1,0.0,500.0,0,0,0,normal_racing
0.17641675187015737,-1.7961415495501214,1,0.0,500.0,0,0,0,normal_racing
0.06527126282565746,-1.0637724016772603,1,0.0,500.0,2,0,0,normal_racing
0.3661587748358528,-0.9643579319351806,0,0.0,500.0,0,0,0,normal_racing
0.346510309366389,-1.8525401905916978,1,0.0,500.0,0,0,0,normal_racing
0.274098972842288,-1.1430583264059742,0,0.0,500.0,0,0,0,normal_racing
0.1074054590559288,-0.3627453028388035,1,0.0,500.0,1,0,0,normal_racing
0.01133750822855939,-1.506846174078441,0,0.0,500.0,2,0,0,normal_racing
0.044068018042453264,-1.4147184870544465,1,0.0,500.0,0,0,0,normal_racing
0.33376910086046263,-1.0945053109052956,0,0.0,500.0,0,0,0,normal_racing
0.32500310762006634,-1.0802079028644005,1,0.0,500.0,2,0,0,normal_racing
0.04032455112071203,-1.3518076820995097,1,0.0,500.0,1,0,0,normal_racing
0.021752789666727113,-0.6690737315218271,1,0.0,500.0,1,0,0,normal_racing
0.3147146848090035,-0.20887561362699966,0,0.0,500.0,1,0,0,normal_racing
0.13690762971520912,-1.352107725343612,1,0.0,500.0,2,0,0,normal_racing
0.21146496742524415,-0.2640833815530336,0,0.0,500.0,0,0,0,normal_racing
0.32864525480456147,-1.1688034294363592,1,0.0,500.0,2,0,0,normal_racing
0.09916067593247316,-0.2443018952198942,1,0.0,500.0,2,0,0,normal_racing
0.1289355091232177,-0.11346217292290128,1,0.0,500.0,0,0,0,normal_racing
0.07514341927707241,-0.17682066964670706,1,0.0,500.0,0,0,0,normal_racing
0.13466832303894893,-1.390240999227228,1,0.0,500.0,2,0,0,normal_racing
0.32865629400481655,-1.4145713533672033,1,0.0,500.0,0,0,0,normal_racing
0.014036306369123253,-1.9826451038015203,1,0.0,500.0,0,0,0,normal_racing
0.360921281967211,-0.1388416679712266,1,0.0,500.0,2,0,0,normal_racing
0.3158232816002623,-0.11275998991043178,1,0.0,500.0,1,0,0,normal_racing
0.31720831544063594,-1.2774577423077855,1,0.0,500.0,2,0,0,normal_racing
0.3867055854568131,-0.9345031405449885,1,0.0,500.0,0,0,0,normal_racing
0.16380093474575552,-1.1500759727350869,1,0.0,500.0,1,0,0,normal_racing
0.3636204079193136,-1.871009493649187,1,0.0,500.0,2,0,0,normal_racing
0.2820960235167352,-1.6928148234622225,1,0.0,500.0,1,0,0,normal_racing
0.29989174028849924,-1.3851481757628448,1,0.0,500.0,2,0,0,normal_racing
0.19934981880871902,-1.2177102537496656,1,0.0,500.0,0,0,0,normal_racing
0.24400980337796485,-0.3453590302265862,0,0.0,500.0,2,0,0,normal_racing
0.3033198173854548,-0.8448806775375267,0,0.0,500.0,2,0,0,normal_racing
0.22820366117823654,-0.10122037702976008,1,0.0,500.0,1,0,0,normal_racing
0.22684374619551695,-1.0434617523828704,0,0.0,500.0,2,0,0,normal_racing
0.1112296158880092,-1.922239342351973,1,0.0,500.0,2,0,0,normal_racing
0.38850452650754735,-1.8459284733391708,1,0.0,500.0,2,0,0,normal_racing
0.0688682654731697,-1.1323676931051396,1,0.0,500.0,1,0,0,normal_racing
0.34729565136226315,-0.3083462084642267,1,0.0,500.0,1,0,0,normal_racing
0.17293011834764324,-0.30631444086095083,1,0.0,500.0,1,0,0,normal_racing
0.19375370368058042,-0.1925726108301825,1,0.0,500.0,2,0,0,normal_racing
0.06575149036977748,-1.4397392973985215,1,0.0,500.0,1,0,0,normal_racing
0.2368707779527123,-0.3934448226222334,1,0.0,500.0,0,0,0,normal_racing
0.21763923659292433,-1.7831885207739802,1,0.0,500.0,2,0,0,normal_racing
0.18838085538272684,-1.0121521428696314,0,0.0,500.0,0,0,0,normal_racing
0.3407860142406363,-1.7409958749015533,1,0.0,500.0,0,0,0,normal_racing
0.20769044171531847,-0.6556886391324712,1,0.0,500.0,1,0,0,normal_racing
0.3703368715509803,-1.283113554276483,1,0.0,500.0,1,0,0,normal_racing
0.2015731857720937,-1.8185620657969495,1,0.0,500.0,2,0,0,normal_racing
0.32487622074047684,-1.7353933875432521,1,0.0,500.0,2,0,0,normal_racing
0.12270963343088206,-1.5477015392719329,1,0.0,500.0,2,0,0,normal_racing
0.17829306534389314,-0.7124074644725015,1,0.0,500.0,0,0,0,normal_racing
0.10267035685686704,-1.5160342270936873,1,0.0,500.0,2,0,0,normal_racing
0.3168092971319092,-0.8632276734547157,1,0.0,500.0,2,0,0,normal_racing
0.3202851894218108,-0.8418483697542237,1,0.0,500.0,2,0,0,normal_racing
0.11703783593964943,-1.6273772065868597,1,0.0,500.0,2,0,0,normal_racing
0.034720177340289336,-0.18435486413012125,0,0.0,500.0,2,0,0,normal_racing
0.3531390013864816,-1.907431900452573,1,0.0,500.0,2,0,0,normal_racing
0.0520099980071612,-1.0522973537230826,1,0.0,500.0,0,0,0,normal_racing
0.0016012649771116384,-0.372073801711931,1,0.0,500.0,2,0,0,normal_racing
0.09031137463188413,-1.3464904496162389,1,0.0,500.0,0,0,0,normal_racing
0.3561031734585165,-1.2448578544988338,1,0.0,500.0,1,0,0,normal_racing
0.06389538704908367,-0.7091097186548216,0,0.0,500.0,1,0,0,normal_racing
0.11100444777360607,-0.9567390076079972,0,0.0,500.0,1,0,0,normal_racing
0.2242611362916673,-1.781809465604298,1,0.0,500.0,2,0,0,normal_racing
0.07590725488430726,-0.30213849772357476,0,0.0,500.0,1,0,0,normal_racing
0.16627336365857165,-1.2191395597294132,1,0.0,500.0,1,0,0,normal_racing
0.08665821422573439,-1.6286374120040994,1,0.0,500.0,2,0,0,normal_racing
0.012083979296828185,-1.6500833751205508,1,0.0,500.0,0,0,0,normal_racing
0.30235109233035234,-0.7650821225086597,1,0.0,500.0,0,0,0,normal_racing
0.34367139147875886,-0.6649260996024109,1,0.0,500.0,0,0,0,normal_racing
0.08125983006695879,-0.7035449195298942,1,0.0,500.0,0,0,0,normal_racing
0.16682115335845915,-1.770987025620765,1,0.0,500.0,0,0,0,normal_racing
0.36333827021663856,-1.7910278809038511,1,0.0,500.0,0,0,0,normal_racing
0.1679242244223143,-0.5013198894321336,1,0.0,500.0,0,0,0,normal_racing
0.23032864202814007,-0.7838720833831299,1,0.0,500.0,1,0,0,normal_racing
0.13834021110431613,-1.6022798241247582,0,0.0,500.0,0,0,0,normal_racing
0.2286063205381105,-0.6285083393953093,1,0.0,500.0,0,0,0,normal_racing
0.06840139329446014,-0.9088537951191425,1,0.0,500.0,2,0,0,normal_racing
0.03782214026535851,-0.7612247278750341,0,0.0,500.0,0,0,0,normal_racing
0.152564091361161,-0.17393055947100836,1,0.0,500.0,1,0,0,normal_racing
0.21701762841901054,-1.5287059657163116,1,0.0,500.0,0,0,0,normal_racing
0.01895369352703944,-0.14707796280703392,1,0.0,500.0,0,0,0,normal_racing
0.09762511151727615,-1.1907054609854604,1,0.0,500.0,2,0,0,normal_racing
0.06124015032135084,-0.7294259074971774,1,0.0,500.0,0,0,0,normal_racing
0.29367802728729814,-1.7484359445890658,1,0.0,500.0,1,0,0,normal_racing
0.3017444274926599,-1.719140470514156,0,0.0,500.0,2,0,0,normal_racing
0.32072072666235624,-1.8758981329480793,1,0.0,500.0,2,0,0,normal_racing
0.2059758886291091,-1.7169702756649385,1,0.0,500.0,1,0,0,normal_racing
0.31974183002285556,-1.927583592600322,1,0.0,500.0,2,0,0,normal_racing
0.30276779905899454,-1.8789291363288647,0,0.0,500.0,2,0,0,normal_racing
0.23166127434559192,-0.4178533339680358,0,0.0,500.0,1,0,0,normal_racing
0.2898944873805169,-1.6120105091300938,1,0.0,500.0,0,0,0,normal_racing
0.0755841536878747,-1.7273424017130241,1,0.0,500.0,0,0,0,normal_racing
0.2868077891051555,-0.5753250003295562,0,0.0,500.0,0,0,0,normal_racing
0.08010833203605726,-0.2612310427543752,1,0.0,500.0,0,0,0,normal_racing
0.30052485784125715,-0.982744915666769,1,0.0,500.0,1,0,0,normal_racing
0.11125869818798845,-1.8629110134728464,1,0.0,500.0,0,0,0,normal_racing
0.1307677820768899,-0.2679414472932452,1,0.0,500.0,2,0,0,normal_racing
0.31601190766556636,-1.0738505338281004,1,0.0,500.0,0,0,0,normal_racing
0.2522586103801281,-1.8857569695324214,0,0.0,500.0,1,0,0,normal_racing
0.32712637089766744,-1.6056076906368393,1,0.0,500.0,2,0,0,normal_racing
0.031303603073428075,-1.540240057985583,0,0.0,500.0,2,0,0,normal_racing
0.33444631383674184,-1.8726620506336153,1,0.0,500.0,0,0,0,normal_racing
0.37114329018519543,-1.9244294085936389,1,0.0,500.0,1,0,0,normal_racing
0.2792578564603427,-0.5209611488332676,1,0.0,500.0,1,0,0,normal_racing
0.06140867237247956,-1.1684260393937131,1,0.0,500.0,0,0,0,normal_racing
0.3113441883112867,-0.8890346861037037,1,0.0,500.0,1,0,0,normal_racing
0.08265193042095476,-0.6935368431838708,1,0.0,500.0,0,0,0,normal_racing
0.06297904346607663,-1.3655891517783874,1,0.0,500.0,0,0,0,normal_racing
0.3192673165589237,-1.1787366219982633,1,0.0,500.0,2,0,0,normal_racing
0.024638024365672306,-0.9186813050806203,1,0.0,500.0,1,0,0,normal_racing
0.1119303673579149,-1.403077850485265,0,0.0,500.0,1,0,0,normal_racing
0.25110083831635216,-1.1228551187327251,1,0.0,500.0,2,0,0,normal_racing
0.217993175831399,-0.6144079962613851,1,0.0,500.0,2,0,0,normal_racing
0.24974489804689082,-1.0042336258493036,1,0.0,500.0,2,0,0,normal_racing
0.18807290928120649,-0.6515875877445737,1,0.0,500.0,1,0,0,normal_racing
0.015976770034587685,-1.6105520738626942,1,0.0,500.0,2,0,0,normal_racing
0.257090125872024,-1.3399932933684802,1,0.0,500.0,2,0,0,normal_racing
0.20333766507815634,-1.4914063194791678,1,0.0,500.0,2,0,0,normal_racing
0.11332233567473025,-0.9056324864982389,1,0.0,500.0,0,0,0,normal_racing
0.15638424557132238,-1.2473426657828535,1,0.0,500.0,1,0,0,normal_racing
0.17501454270860184,-1.441863812198169,1,0.0,500.0,2,0,0,normal_racing
0.011287812870931325,-1.384228984449573,1,0.0,500.0,1,0,0,normal_racing
0.12964968584056777,-1.171231206233681,1,0.0,500.0,2,0,0,normal_racing
0.18681694005329386,-0.8041936968607024,1,0.0,500.0,1,0,0,normal_racing
0.04795165358266931,-1.998176033260551,1,0.0,500.0,0,0,0,normal_racing
0.38117151625040574,-0.13796185603664404,1,0.0,500.0,0,0,0,normal_racing
0.3658396977487047,-1.454483953720992,1,0.0,500.0,2,0,0,normal_racing
0.01572775321330817,-1.9750951848222151,0,0.0,500.0,2,0,0,normal_racing
0.10190896963901466,-0.37067033734011257,1,0.0,500.0,2,0,0,normal_racing
0.2092671842977518,-1.8567764391181134,1,0.0,500.0,1,0,0,normal_racing
0.16002662256715042,-0.35364208667451735,1,0.0,500.0,0,0,0,normal_racing
0.3241165364845418,-1.4392595891470257,1,0.0,500.0,0,0,0,normal_racing
0.2673977161297402,-1.6445201606219457,0,0.0,500.0,1,0,0,normal_racing
0.32795404872788037,-1.0714813114841204,1,0.0,500.0,1,0,0,normal_racing
0.1545495745058656,-0.8522340901773343,1,0.0,500.0,2,0,0,normal_racing
0.2179400134757843,-1.3548761760898682,1,0.0,500.0,1,0,0,normal_racing
0.34673682496555036,-0.7574016477522273,0,0.0,500.0,0,0,0,normal_racing
0.2240229904944922,-1.1195686777059592,0,0.0,500.0,0,0,0,normal_racing
0.36397486916698457,-1.1097135271269334,1,0.0,500.0,0,0,0,normal_racing
0.014409962734506588,-1.0444722574325365,1,0.0,500.0,1,0,0,normal_racing
0.259640639674856,-1.0456245460008013,1,0.0,500.0,1,0,0,normal_racing
0.07426307824694814,-0.46268177848722497,1,0.0,500.0,0,0,0,normal_racing
0.35268776930990825,-0.498545255165485,1,0.0,500.0,0,0,0,normal_racing
0.1181310304306932,-0.908302996684098,0,0.0,500.0,2,0,0,normal_racing
0.28596675570596714,-0.23098400829185395,1,0.0,500.0,2,0,0,normal_racing
0.37876649136959223,-0.30140473578789145,1,0.0,500.0,2,0,0,normal_racing
0.05189124276196222,-1.4201167913726456,1,0.0,500.0,0,0,0,normal_racing
0.03614355068056718,-1.0461383616794646,1,0.0,500.0,1,0,0,normal_racing
0.0573368888413206,-1.912314790905277,1,0.0,500.0,1,0,0,normal_racing
0.078791930127595,-0.24508742659795754,1,0.0,500.0,1,0,0,normal_racing
0.055758953248395526,-1.0376198997501123,1,0.0,500.0,0,0,0,normal_racing
0.1764074495617074,-1.2043693434213687,1,0.0,500.0,0,0,0,normal_racing
0.028733947893443457,-0.5182490524428803,1,0.0,500.0,1,0,0,normal_racing
0.39850602517565337,-1.961281194136147,1,0.0,500.0,2,0,0,normal_racing
0.1294293748997334,-0.5516573132048568,1,0.0,500.0,0,0,0,normal_racing
0.18127677401962644,-0.7453586812281643,1,0.0,500.0,0,0,0,normal_racing
0.14284623835864743,-1.7185489259184341,1,0.0,500.0,2,0,0,normal_racing
0.07365568685967298,-1.0410711711330998,1,0.0,500.0,1,0,0,normal_racing
0.2448893508168063,-0.6011934801339568,1,0.0,500.0,0,0,0,normal_racing
0.01720130029602043,-1.1737814141221856,1,0.0,500.0,2,0,0,normal_racing
0.18110869804512714,-0.2667017878570074,1,0.0,500.0,0,0,0,normal_racing
0.07735414393062237,-0.6982691087272558,0,0.0,500.0,0,0,0,normal_racing
0.37875691645350307,-1.3387284574628624,1,0.0,500.0,2,0,0,normal_racing
0.3620745293467902,-1.070666583613625,1,0.0,500.0,1,0,0,normal_racing
0.2184557973603854,-0.3356376490888014,1,0.0,500.0,1,0,0,normal_racing
0.33873351000445273,-0.8198008582489066,0,0.0,500.0,0,0,0,normal_racing
0.301400225378244,-0.3570356641712608,0,0.0,500.0,1,0,0,normal_racing
0.10391929825052255,-0.5588302520931331,1,0.0,500.0,1,0,0,normal_racing
0.2870078130702467,-1.9042457815115077,1,0.0,500.0,1,0,0,normal_racing
0.17943912320685387,-1.6735694873714713,0,0.0,500.0,1,0,0,normal_racing
0.38136809946137207,-0.8507191900921259,0,0.0,500.0,0,0,0,normal_racing
0.2814632403422445,-0.4069463802572681,1,0.0,500.0,2,0,0,normal_racing
0.31565681594757056,-0.6344988303603776,1,0.0,500.0,0,0,0,normal_racing
0.07240394026806896,-0.8464298933422167,1,0.0,500.0,2,0,0,normal_racing
0.0699275766498861,-0.15523606692071432,1,0.0,500.0,1,0,0,normal_racing
0.22959368326099547,-0.3968583555452206,1,0.0,500.0,1,0,0,normal_racing
0.10968096091735996,-1.4856153633347395,1,0.0,500.0,1,0,0,normal_racing
0.36928941410784666,-1.1246243662818065,1,0.0,500.0,1,0,0,normal_racing
0.07125365749669453,-0.2918072786664156,1,0.0,500.0,0,0,0,normal_racing
0.07458211727783107,-0.5166163267538729,1,0.0,500.0,2,0,0,normal_racing
0.2487184775200078,-1.4048325212287693,0,0.0,500.0,1,0,0,normal_racing
0.26350359568271026,-1.1634734069776151,1,0.0,500.0,0,0,0,normal_racing
0.038193364783687005,-1.4528019509808978,1,0.0,500.0,2,0,0,normal_racing
0.20743223694054144,-0.7110824426165672,0,0.0,500.0,2,0,0,normal_racing
0.20012624576778815,-1.5589290137042409,1,0.0,500.0,2,0,0,normal_racing
0.34607338191515025,-0.7041705587713737,1,0.0,500.0,1,0,0,normal_racing
0.3192847367886947,-1.7853741386280502,1,0.0,500.0,2,0,0,normal_racing
0.06102624187352519,-1.085664108110987,1,0.0,500.0,2,0,0,normal_racing
0.3634471090060048,-1.4891648161253135,1,0.0,500.0,2,0,0,normal_racing
0.20413036683029367,-1.0676705951271614,1,0.0,500.0,1,0,0,normal_racing
0.34238832006965,-1.4476206211702716,1,0.0,500.0,1,0,0,normal_racing
0.21158929476518323,-0.1636187810944909,1,0.0,500.0,1,0,0,normal_racing
0.10208355983963267,-0.15935786008223465,1,0.0,500.0,1,0,0,normal_racing
0.16627127724489368,-0.5749748326541669,1,0.0,500.0,1,0,0,normal_racing
0.1895937892116364,-1.2036555620291258,1,0.0,500.0,1,0,0,normal_racing
0.028434958778032506,-0.9567570199003895,1,0.0,500.0,2,0,0,normal_racing
0.11209204351885514,-1.7340123463189472,1,0.0,500.0,1,0,0,normal_racing
0.09955189125915159,-0.13687168593863328,1,0.0,500.0,1,0,0,normal_racing
0.18381886050470012,-1.9278272912558339,1,0.0,500.0,1,0,0,normal_racing
0.11802403612558879,-1.5992012312535784,1,0.0,500.0,2,0,0,normal_racing
0.3943412801769311,-1.3425756795271222,0,0.0,500.0,1,0,0,normal_racing
0.050954448689900025,-1.4289050496123938,1,0.0,500.0,2,0,0,normal_racing
0.3227337788761821,-0.2978559064537279,1,0.0,500.0,2,0,0,normal_racing
0.197297949897847,-0.25346634249397076,1,0.0,500.0,0,0,0,normal_racing
0.33435400702125695,-0.6316119984755009,1,0.0,500.0,1,0,0,normal_racing
0.3538440010601122,-0.4325094283506928,1,0.0,500.0,0,0,0,normal_racing
0.3224925954891926,-0.3010476026008973,1,0.0,500.0,0,0,0,normal_racing
0.30043246419314845,-0.46111568455544916,1,0.0,500.0,2,0,0,normal_racing
0.08099413809781844,-1.4286145371264822,1,0.0,500.0,1,0,0,normal_racing
0.045393973240684726,-1.1783455444415643,1,0.0,500.0,1,0,0,normal_racing
0.02846752901915748,-1.9541997253345142,1,0.0,500.0,2,0,0,normal_racing
0.005637858184742318,-0.7354794951899156,1,0.0,500.0,0,0,0,normal_racing
0.3491001033751558,-1.246088854096614,1,0.0,500.0,0,0,0,normal_racing
0.1023122613699973,-1.9547816422803694,1,0.0,500.0,1,0,0,normal_racing
0.30919881047657094,-0.22760925151963052,1,0.0,500.0,2,0,0,normal_racing
0.34726193061162713,-1.1202998829951487,1,0.0,500.0,1,0,0,normal_racing
0.331249115335008,-1.004940631858994,1,0.0,500.0,2,0,0,normal_racing
0.10533694349425056,-1.7235304990944962,1,0.0,500.0,2,0,0,normal_racing
0.3200799772146013,-0.7464906025960772,1,0.0,500.0,0,0,0,normal_racing
0.21230256077442783,-1.7077449057554768,1,0.0,500.0,0,0,0,normal_racing
0.18606725433473725,-1.916756088601906,1,0.0,500.0,0,0,0,normal_racing
0.35507247063600056,-0.6379566451362711,0,0.0,500.0,2,0,0,normal_racing
0.20472895556190288,-0.9035406717814619,0,0.0,500.0,2,0,0,normal_racing
0.3027745343770237,-1.9966863073090622,1,0.0,500.0,2,0,0,normal_racing
0.3449913467933914,-0.5020449047619995,1,0.0,500.0,2,0,0,normal_racing
0.3426946737747104,-0.6492962342695694,1,0.0,500.0,1,0,0,normal_racing
0.1421457729280951,-1.269481720040487,1,0.0,500.0,0,0,0,normal_racing
0.0625095908468317,-1.8286077355075898,1,0.0,500.0,2,0,0,normal_racing
0.24189948531823635,-0.2602552994327914,1,0.0,500.0,2,0,0,normal_racing
0.23595709891638075,-1.638200484422032,1,0.0,500.0,0,0,0,normal_racing
0.2357150814658512,-1.1127771490940759,1,0.0,500.0,1,0,0,normal_racing
0.28554427402562704,-1.9948904108386047,1,0.0,500.0,1,0,0,normal_racing
0.05025001822066191,-1.1516769514752123,1,0.0,500.0,0,0,0,normal_racing
0.25097843604295317,-1.088674853334389,1,0.0,500.0,2,0,0,normal_racing
0.3278954161129439,-0.1058160992417766,1,0.0,500.0,0,0,0,normal_racing
0.31514398081354805,-1.7219049650799827,1,0.0,500.0,2,0,0,normal_racing
0.22033266601210666,-1.2752264493560779,1,0.0,500.0,2,0,0,normal_racing
0.22038576620542105,-0.21172200986464554,1,0.0,500.0,0,0,0,normal_racing
0.36814494451792196,-0.29336007244163126,0,0.0,500.0,2,0,0,normal_racing
0.18962248637112614,-1.6964769391928423,1,0.0,500.0,0,0,0,normal_racing
0.009979087482660277,-1.0714134549284637,0,0.0,500.0,0,0,0,normal_racing
0.049844101631816254,-1.180239024594604,1,0.0,500.0,0,0,0,normal_racing
0.3798541552707,-1.5554634725407848,0,0.0,500.0,2,0,0,normal_racing
0.33292772168701334,-0.4475160495746965,1,0.0,500.0,1,0,0,normal_racing
0.020781001503222374,-1.795714696365393,1,0.0,500.0,1,0,0,normal_racing
0.12555466252529426,-1.0237007874830795,1,0.0,500.0,2,0,0,normal_racing
0.21673952804466678,-1.3529878225104084,0,0.0,500.0,0,0,0,normal_racing
0.0472523401116296,-1.0031335576282896,1,0.0,500.0,2,0,0,normal_racing
0.17278642279243137,-0.6396110510380637,1,0.0,500.0,0,0,0,normal_racing
0.06625323240493818,-1.2220210763128743,1,0.0,500.0,1,0,0,normal_racing
0.07809664921186817,-1.802941691474684,1,0.0,500.0,2,0,0,normal_racing
0.12804190635461876,-0.5276453989717225,1,0.0,500.0,1,0,0,normal_racing
0.3661108822106595,-0.676172374480907,1,0.0,500.0,2,0,0,normal_racing
0.23279949018239532,-0.4819306824873638,1,0.0,500.0,2,0,0,normal_racing
0.26135807980296305,-0.7827441645304386,1,0.0,500.0,1,0,0,normal_racing
0.3026063470581364,-0.39832151588840453,1,0.0,500.0,0,0,0,normal_racing
0.2986403856220487,-0.1369032973116068,1,0.0,500.0,2,0,0,normal_racing
0.2382177514867183,-1.8465219888011952,1,0.0,500.0,1,0,0,normal_racing
0.06537171525473462,-0.8054329262663912,1,0.0,500.0,2,0,0,normal_racing
0.060261102973165184,-0.5883380297320697,1,0.0,500.0,2,0,0,normal_racing
0.005589087767385027,-0.10424688902005456,1,0.0,500.0,1,0,0,normal_racing
0.07212457839807085,-1.2658284816606107,1,0.0,500.0,0,0,0,normal_racing
0.15170638023450916,-0.4548178135726004,1,0.0,500.0,1,0,0,normal_racing
0.011932843205194034,-0.68544122786891,0,0.0,500.0,0,0,0,normal_racing
0.14880150268786357,-1.1940838753054273,1,0.0,500.0,2,0,0,normal_racing
0.09451604060678626,-0.6631362287067235,1,0.0,500.0,2,0,0,normal_racing
0.12587514531567687,-1.7680361755172131,0,0.0,500.0,0,0,0,normal_racing
0.18322341664737257,-0.8245629130165143,1,0.0,500.0,0,0,0,normal_racing
0.008103504007098429,-1.7002602710502053,0,0.0,500.0,1,0,0,normal_racing
0.2641808953973477,-1.103161729878346,1,0.0,500.0,1,0,0,normal_racing
0.23362533707842026,-0.1853886666674934,0,0.0,500.0,0,0,0,normal_racing
0.16590168966478994,-0.7216246311042209,0,0.0,500.0,1,0,0,normal_racing
0.06052312859008446,-0.4145098529355573,1,0.0,500.0,0,0,0,normal_racing
0.09419006816070188,-1.8206730544282268,1,0.0,500.0,2,0,0,normal_racing
0.01619958077334709,-1.041742551694759,1,0.0,500.0,1,0,0,normal_racing
0.09513415395271646,-1.6741442017090395,0,0.0,500.0,1,0,0,normal_racing
0.25436770607570147,-1.601785209856588,1,0.0,500.0,1,0,0,normal_racing
0.11208036212399902,-1.5740785266789536,1,0.0,500.0,2,0,0,normal_racing
0.2134479735759471,-1.0973519818381987,0,0.0,500.0,0,0,0,normal_racing
0.04288433834405625,-0.6156374523675704,1,0.0,500.0,2,0,0,normal_racing
0.19756389726175963,-1.7267706199819917,1,0.0,500.0,1,0,0,normal_racing
0.18200870423327517,-1.2743402926637686,1,0.0,500.0,0,0,0,normal_racing
0.15898963347625927,-0.8821458207464986,1,0.0,500.0,0,0,0,normal_racing
0.12856027205699072,-1.2190758520803708,1,0.0,500.0,2,0,0,normal_racing
0.048805972745135276,-0.31709971568157425,1,0.0,500.0,2,0,0,normal_racing
0.11941689950085582,-1.5500554565509632,1,0.0,500.0,1,0,0,normal_racing
0.16551992395365903,-1.5694206474631196,0,0.0,500.0,0,0,0,normal_racing
0.22315467139989764,-1.4759642333234357,1,0.0,500.0,2,0,0,normal_racing
0.2203035568812775,-1.5641577320130207,1,0.0,500.0,0,0,0,normal_racing
0.1925921710075194,-1.056001816795538,1,0.0,500.0,1,0,0,normal_racing
0.34627481414180805,-0.3687194472491393,1,0.0,500.0,1,0,0,normal_racing
0.011852754390556441,-1.980351143676313,1,0.0,500.0,0,0,0,normal_racing
0.10995083065000757,-1.9620240253954222,1,0.0,500.0,1,0,0,normal_racing
0.11350323832237352,-0.23393006017814633,1,0.0,500.0,2,0,0,normal_racing
0.2702994046242278,-0.5757155380806639,1,0.0,500.0,0,0,0,normal_racing
0.28964289552701517,-0.14651853878845975,1,0.0,500.0,2,0,0,normal_racing
0.09705014741024916,-0.6210532872281432,0,0.0,500.0,2,0,0,normal_racing
0.26423347020182064,-1.534550117251099,1,0.0,500.0,0,0,0,normal_racing
0.23035090341435316,-0.6765415050444089,0,0.0,500.0,1,0,0,normal_racing
0.14567788380234423,-1.7124705055799256,1,0.0,500.0,0,0,0,normal_racing
0.03162767094718229,-1.029535227660981,1,0.0,500.0,2,0,0,normal_racing
0.3162405956222401,-1.7147312416689253,0,0.0,500.0,2,0,0,normal_racing
0.30762476553600815,-1.0609407288105257,0,0.0,500.0,2,0,0,normal_racing
0.3534205625005374,-0.5473588323263736,1,0.0,500.0,1,0,0,normal_racing
0.08108870182507331,-0.5015456071977586,0,0.0,500.0,2,0,0,normal_racing
0.07272618116950867,-0.7297813757648614,1,0.0,500.0,1,0,0,normal_racing
0.369205863619101,-1.9745211442519728,1,0.0,500.0,1,0,0,normal_racing
0.12873166787863563,-1.7286013313526232,1,0.0,500.0,2,0,0,normal_racing
0.38930239603906036,-1.7418634859590112,1,0.0,500.0,0,0,0,normal_racing
0.18680734296527982,-0.7139435916763947,1,0.0,500.0,2,0,0,normal_racing
0.2197272329103357,-0.9485337112232648,1,0.0,500.0,0,0,0,normal_racing
0.3754442683092991,-1.3133232730280289,0,0.0,500.0,0,0,0,normal_racing
0.24914038634246993,-1.713977455423906,1,0.0,500.0,0,0,0,normal_racing
0.10600852232224788,-0.6185740808246181,1,0.0,500.0,0,0,0,normal_racing
0.10850962908319653,-1.332173366969762,1,0.0,500.0,0,0,0,normal_racing
0.2759007863761899,-0.4341145236339113,1,0.0,500.0,1,0,0,normal_racing
0.00037044269256196753,-1.0001587284799882,1,0.0,500.0,0,0,0,normal_racing
0.39792136983678866,-1.8449528016415695,1,0.0,500.0,0,0,0,normal_racing
0.1854818329074206,-1.7043857386525625,0,0.0,500.0,0,0,0,normal_racing
0.04977953933934085,-0.8917912823986849,0,0.0,500.0,0,0,0,normal_racing
0.04294633987461208,-1.191164847134548,1,0.0,500.0,2,0,0,normal_racing
0.3665732991715626,-0.9640616557036278,1,0.0,500.0,2,0,0,normal_racing
0.1634066680543419,-1.6407076294345244,1,0.0,500.0,1,0,0,normal_racing
0.10948016305391395,-0.3992835081885033,1,0.0,500.0,2,0,0,normal_racing
0.11249838674969653,-1.3542235043758584,1,0.0,500.0,0,0,0,normal_racing
0.05295411650174016,-0.24734818109678608,0,0.0,500.0,0,0,0,normal_racing
0.01862446069151451,-1.5441363849327265,1,0.0,500.0,2,0,0,normal_racing
0.13914826468842728,-0.6424670842117908,1,0.0,500.0,2,0,0,normal_racing
0.29143745701515955,-0.9960852465382551,1,0.0,500.0,2,0,0,normal_racing
0.3418107472168785,-0.8599073390282326,1,0.0,500.0,2,0,0,normal_racing
0.19139737525659395,-1.0973297219143359,1,0.0,500.0,1,0,0,normal_racing
0.17774646505529296,-0.7503985118704513,1,0.0,500.0,2,0,0,normal_racing
0.1187754951270891,-0.26425008521073184,1,0.0,500.0,0,0,0,normal_racing
0.13856269838976348,-1.607797723844052,1,0.0,500.0,0,0,0,normal_racing
0.36047256769944513,-1.177165455356139,1,0.0,500.0,1,0,0,normal_racing
0.23614768287362642,-1.0625611655437217,1,0.0,500.0,1,0,0,normal_racing
0.21722667796409936,-0.6079321574693877,1,0.0,500.0,1,0,0,normal_racing
0.13464281342620674,-1.6281259822773915,1,0.0,500.0,0,0,0,normal_racing
0.1640118854841248,-0.7012742705889689,0,0.0,500.0,1,0,0,normal_racing
0.09467036059480734,-1.827672499716514,1,0.0,500.0,1,0,0,normal_racing
0.019813976826750325,-0.34928942535997404,1,0.0,500.0,2,0,0,normal_racing
0.09025519425214364,-1.5803631791528603,1,0.0,500.0,0,0,0,normal_racing
0.014572778923944442,-0.9420381757660468,1,0.0,500.0,0,0,0,normal_racing
0.04432175801305571,-0.47367836994776297,1,0.0,500.0,2,0,0,normal_racing
0.19301498049819787,-1.8558368330700092,1,0.0,500.0,1,0,0,normal_racing
0.39577596267989795,-0.223909772809119,0,0.0,500.0,1,0,0,normal_racing
0.20150253510685526,-1.8517322349860974,1,0.0,500.0,1,0,0,normal_racing
0.10899543684687961,-1.3517518569530995,1,0.0,500.0,1,0,0,normal_racing
0.2837651660245299,-1.323765028939617,1,0.0,500.0,0,0,0,normal_racing
0.1786324600704751,-0.11151042254747828,1,0.0,500.0,0,0,0,normal_racing
0.03276795367413108,-0.6237643241956158,1,0.0,500.0,1,0,0,normal_racing
0.3990594376486042,-1.8409738644384641,1,0.0,500.0,0,0,0,normal_racing
0.3472069177730088,-0.7059071857969254,1,0.0,500.0,2,0,0,normal_racing
0.27382056975149643,-1.0330554703397028,1,0.0,500.0,0,0,0,normal_racing
0.38215288696169947,-0.7000798216681133,1,0.0,500.0,0,0,0,normal_racing
0.19168530585677962,-1.7010335572740163,1,0.0,500.0,0,0,0,normal_racing
2.834907533747842,-1.0967362902146014,0,63.131515974136555,237.03427439627342,1,0,1,off_line_stop
2.6894053438352006,-1.6543697814193266,1,78.9508054895089,216.22536710754844,2,0,1,brief_on_line_stop
0.0,-2.7107923809463736,0,0.0,500.0,2,0,1,slowdown
2.0636652121588437,-1.4963844243588675,0,65.0303429053328,217.84002963220632,1,0,1,off_line_stop
2.049296285235056,-1.9973555185622158,1,0.0,500.0,1,0,1,brief_on_line_stop
3.6451230104833052,-1.8445551082072764,0,48.94623928282249,208.97911633787615,2,0,1,off_line_stop
2.687226382635931,-1.4490555150314481,1,0.0,500.0,2,0,1,brief_on_line_stop
0.0,-3.0362046921744055,1,0.0,500.0,2,0,1,slowdown
1.521507435200051,-1.1844561589480789,1,57.80041739137548,241.52503230634048,2,0,1,brief_on_line_stop
3.099726767881527,-1.9010577435723206,0,59.74204463503161,201.1023167591612,1,0,1,off_line_stop
4.623661847895523,-1.2868692458372764,0,78.77122263363371,194.11816092963176,1,0,1,off_line_stop
5.222344422781868,-1.2631846205263466,0,44.337288414400206,246.4700939457562,2,0,1,off_line_stop
4.520941979891953,-1.0488469242557124,0,53.93550902781699,215.37783581915704,1,0,1,off_line_stop
0.0,-2.380015184590127,1,0.0,500.0,2,0,1,slowdown
2.086750345583993,-1.3567960546579296,1,72.12637937866427,224.4733970133309,1,0,1,brief_on_line_stop
2.978146303007224,-2.4613454132793784,0,69.2235547355745,216.35197351909844,1,0,1,off_line_stop
0.0,-2.310660904811353,1,0.0,500.0,1,0,1,slowdown
0.0,-2.5088549476220274,1,0.0,500.0,1,0,1,slowdown
2.1806012873330567,-2.289775085298301,1,0.0,500.0,1,0,1,brief_on_line_stop
0.0,-2.152676029075404,1,0.0,500.0,2,0,1,slowdown
1.9500472593693048,-1.420786308121734,1,0.0,500.0,1,0,1,brief_on_line_stop
3.0748605947226526,-2.45318606941168,0,64.04540560907402,195.46151843946782,1,0,1,off_line_stop
3.0847912937001056,-1.7482433866402316,1,0.0,500.0,1,0,1,brief_on_line_stop
2.719545858810111,-2.8446040420924805,0,75.50834702493482,220.0514312203221,1,0,1,off_line_stop
2.486761149496358,-2.4332275006043433,0,50.8356156206616,188.4404208711191,2,0,1,off_line_stop
0.0,-2.5423501016700953,0,0.0,500.0,1,0,1,slowdown
2.9976540009366897,-2.0018858050878046,1,0.0,500.0,0,0,1,brief_on_line_stop
3.6316983775253684,-1.8183094905640178,0,48.04737117907547,199.30334528465485,2,0,1,off_line_stop
3.897528531645472,-1.716841976600492,0,50.805602754108556,213.94721751705305,2,0,1,off_line_stop
0.0,-2.4013688356399054,1,0.0,500.0,2,0,1,slowdown
2.0018192577498244,-1.946542217099568,1,0.0,500.0,1,0,1,brief_on_line_stop
3.455187928658547,-2.5211561991698828,0,71.5834192789968,193.15025077362654,1,0,1,off_line_stop
2.2134039293807275,-2.249952945884964,0,89.19102501158031,217.2053312289924,2,0,1,off_line_stop
4.380723892756409,-2.6444854613382844,0,72.77970676776437,228.379241017627,2,0,1,off_line_stop
4.967283654291671,-1.4996107619950947,0,89.0320137571294,195.94510336728433,1,0,1,off_line_stop
1.9859717239256383,-1.5413541902369245,1,0.0,500.0,0,0,1,brief_on_line_stop
1.8181435096550045,-1.7295376348999283,1,62.18483771163634,196.49605688983235,2,0,1,brief_on_line_stop
3.481798364791792,-1.668326164698647,0,41.55779054133352,223.48632247495644,1,0,1,off_line_stop
2.2832018870946356,-1.6657872821098514,0,83.64027659976989,220.7516947771205,2,0,1,off_line_stop
3.8604077138563837,-1.4373879883151908,0,80.5940750353964,243.98032938156774,1,0,1,off_line_stop
0.0,-2.3135081483692197,1,0.0,500.0,2,0,1,slowdown
2.1656107442452006,-1.9496586055969531,1,59.48231907740623,244.35778470574206,0,0,1,brief_on_line_stop
0.0,-2.0096292154480664,0,0.0,500.0,0,0,1,slowdown
0.0,-2.497503818498398,1,0.0,500.0,2,0,1,slowdown
0.0,-2.2357455081035265,1,0.0,500.0,0,0,1,slowdown
1.936298369122063,-1.994391550840928,1,0.0,500.0,1,0,1,brief_on_line_stop
0.0,-2.2332906002398643,1,0.0,500.0,2,0,1,slowdown
5.096096343969748,-2.3666376547056998,0,75.09408602072956,208.19875379953578,1,0,1,off_line_stop
0.0,-2.744490380598453,1,0.0,500.0,0,0,1,slowdown
2.082526533428683,-1.759817167484508,1,74.33549670717474,222.05945634849206,2,0,1,brief_on_line_stop
3.1798681883943765,-2.318670176854958,1,0.0,500.0,1,0,1,brief_on_line_stop
4.540031663443226,-2.279317235803492,0,61.74420772107281,202.54742007470838,2,0,1,off_line_stop
1.514912862847606,-2.277462739445123,1,52.321202238881106,216.73566052333928,1,0,1,brief_on_line_stop
0.0,-2.27743972147141,0,0.0,500.0,1,0,1,slowdown
3.0259805386660705,-1.361114430286291,1,0.0,500.0,0,0,1,brief_on_line_stop
0.0,-2.442725794260729,1,0.0,500.0,0,0,1,slowdown
5.995566195017693,-1.4822699061031201,0,81.53174134914285,191.1382422963331,1,0,1,off_line_stop
2.9020938331323394,-1.8855459650455437,0,67.92820333839532,188.42000006092653,2,0,1,off_line_stop
3.0987421307233194,-2.153466793363494,0,67.48169053466235,222.18484566280495,2,0,1,off_line_stop
2.6744750473262715,-1.3385037101390649,0,55.10256297079259,190.1439909800838,1,0,1,off_line_stop
0.0,-2.718136230715821,1,0.0,500.0,2,0,1,slowdown
0.0,-2.386744597447476,1,0.0,500.0,1,0,1,slowdown
3.374583702919057,-1.9507768359688,0,65.28668435921777,248.90198082472872,1,0,1,off_line_stop
3.9519046595305887,-1.3139746529276117,0,57.499961635398634,230.2117503094483,1,0,1,off_line_stop
2.3334020471360146,-1.0773693166067095,1,0.0,500.0,0,0,1,brief_on_line_stop
3.0678530715023324,-1.6244702330977003,1,96.86801607893923,200.33292341002283,2,0,1,brief_on_line_stop
2.187334630561714,-1.546535607002769,1,0.0,500.0,1,0,1,brief_on_line_stop
0.0,-2.777860335966493,1,0.0,500.0,2,0,1,slowdown
3.223650198883486,-1.8448841987054645,1,0.0,500.0,1,0,1,brief_on_line_stop
2.7288065021286405,-2.2382032498984294,1,72.52699027558297,191.5294298343605,0,0,1,brief_on_line_stop
3.1733624379553333,-1.2576297191026309,1,0.0,500.0,0,0,1,brief_on_line_stop
5.013474455802182,-2.965699792703129,0,45.83518458394297,244.847414391519,2,0,1,off_line_stop
0.0,-3.0733822224052005,1,0.0,500.0,1,0,1,slowdown
4.490518696323175,-1.6443510637329644,0,61.582510405062635,218.80086946957186,2,0,1,off_line_stop
2.3789635331577847,-1.3207272321883463,1,95.83475390426749,248.3605993086334,1,0,1,brief_on_line_stop
0.0,-2.245259556151482,1,0.0,500.0,0,0,1,slowdown
0.0,-3.22430783875845,1,0.0,500.0,1,0,1,slowdown
2.159542410852576,-1.477520985807982,0,82.13856388047144,223.50363902746008,1,0,1,off_line_stop
0.0,-2.446557429615699,0,0.0,500.0,1,0,1,slowdown
0.0,-3.1689221777141254,0,0.0,500.0,0,0,1,slowdown
2.053606574782094,-1.9876501392749137,1,0.0,500.0,1,0,1,brief_on_line_stop
0.0,-2.6635078997293515,1,0.0,500.0,0,0,1,slowdown
0.0,-2.005215711308669,1,0.0,500.0,0,0,1,slowdown
3.8209213906046293,-1.6337155268909418,0,89.56000153881256,245.76675279857744,2,0,1,off_line_stop
3.660429706673979,-2.3625785613865826,0,76.67453987649684,205.6460508436643,1,0,1,off_line_stop
0.0,-2.1738100180749496,1,0.0,500.0,2,0,1,slowdown
4.502731161041501,-2.7581414512094753,0,42.342851133357755,192.20742024761338,2,0,1,off_line_stop
1.50856562126587,-1.7563154525182993,1,76.41571977841278,226.05242469841963,0,0,1,brief_on_line_stop
2.012830762740736,-2.4151714242560383,0,42.71455438739563,240.63193015724207,1,0,1,off_line_stop
0.0,-2.742665172559285,0,0.0,500.0,0,0,1,slowdown
0.0,-2.851783445161502,1,0.0,500.0,1,0,1,slowdown
3.2607097640256306,-2.4613312492529746,1,0.0,500.0,0,0,1,brief_on_line_stop
3.006619231192634,-1.8143114321429719,1,62.86523272275152,192.05105194787922,1,0,1,brief_on_line_stop
1.8402488112313002,-1.0295784160172285,1,52.6044387484845,245.0919180767076,0,0,1,brief_on_line_stop
0.0,-2.102452966813343,1,0.0,500.0,0,0,1,slowdown
3.3219716789956086,-1.6071148730069007,1,0.0,500.0,0,0,1,brief_on_line_stop
3.500454612302281,-1.0795188449505693,0,54.642341962735436,188.58714287283888,1,0,1,off_line_stop
4.243446291745551,-1.2074062011984807,0,45.14656618976318,213.6359600373544,1,0,1,off_line_stop
1.508898049617726,-1.2894616626517656,1,61.79461270910204,236.01739105262072,1,0,1,brief_on_line_stop
0.0,-2.5683221564831578,1,0.0,500.0,2,0,1,slowdown
1.8682803733868183,-1.1615336834437922,1,0.0,500.0,2,0,1,brief_on_line_stop
1.7774152063176185,-1.4399102401126669,1,0.0,500.0,1,0,1,brief_on_line_stop
0.0,-2.3658174814338295,1,0.0,500.0,0,0,1,slowdown
1.9029131244946884,-1.1544085705710996,1,0.0,500.0,1,0,1,brief_on_line_stop
1.6242783682677544,-1.3871822494743369,1,90.20168891920774,232.62084273414848,2,0,1,brief_on_line_stop
4.408351304006768,-1.8881024621519156,0,61.33174987772254,193.58000311450607,2,0,1,off_line_stop
1.8097288228576718,-2.3284943800680624,1,0.0,500.0,1,0,1,brief_on_line_stop
2.155761841559568,-2.3047850720673635,1,95.84782929308922,214.32788920817435,1,0,1,brief_on_line_stop
5.500967236847904,-2.7329845059083735,0,82.9855032341103,206.73127885181765,2,0,1,off_line_stop
2.939368003480613,-1.2666791613711619,1,0.0,500.0,2,0,1,brief_on_line_stop
5.830369736776687,-1.635592977001002,0,89.30806619778136,206.48632103637598,2,0,1,off_line_stop
3.0699238265763555,-1.8322381005648525,1,65.35656468310144,222.59152588556304,0,0,1,brief_on_line_stop
3.2253282515061823,-2.0022497152887473,1,88.12009198523582,220.84454860287033,0,0,1,brief_on_line_stop
0.0,-2.33797409280725,1,0.0,500.0,2,0,1,slowdown
2.726718472816736,-2.0889423593482297,1,0.0,500.0,0,0,1,brief_on_line_stop
2.049027207460109,-2.327682027885472,0,89.93477462601913,200.61845476529948,1,0,1,off_line_stop
2.350830949554094,-1.376369393428847,1,67.34800126837649,224.6744717005554,0,0,1,brief_on_line_stop
1.580062525598528,-2.3769137524343047,1,70.34429799574268,202.9700461224356,1,0,1,brief_on_line_stop
4.5367328615807345,-2.8140323955538853,0,42.05766000262002,190.1690727156225,1,0,1,off_line_stop
4.409099421391172,-2.9345840557085747,0,61.888418353275476,204.06645137356955,1,0,1,off_line_stop
4.970276247022605,-1.5181878924821401,0,48.041318115394304,205.04670226907496,2,0,1,off_line_stop
0.0,-2.9730887458809696,1,0.0,500.0,2,0,1,slowdown
0.0,-2.3879824372779512,1,0.0,500.0,2,0,1,slowdown
2.664859469844356,-1.44718343782554,1,0.0,500.0,0,0,1,brief_on_line_stop
4.893638012649839,-2.5723487910530283,0,73.30893260575112,194.26466796627108,1,0,1,off_line_stop
5.012632076083506,-2.3812882795263377,0,72.54719617108938,243.3050390064149,2,0,1,off_line_stop
0.0,-2.833892385214336,1,0.0,500.0,2,0,1,slowdown
5.27631536432289,-2.3536712136521003,0,43.86330151268268,189.9530209110519,1,0,1,off_line_stop
3.403664897394938,-1.6417764509924857,1,0.0,500.0,2,0,1,brief_on_line_stop
5.312900109257287,-1.6629635022602056,0,47.266885561357114,249.7918453147421,2,0,1,off_line_stop
2.800424548363418,-2.0226840129544725,1,0.0,500.0,0,0,1,brief_on_line_stop
0.0,-3.010210942018391,1,0.0,500.0,0,0,1,slowdown
2.876466696338538,-2.463082661059763,0,79.17067429169879,193.22620253235323,2,0,1,off_line_stop
0.0,-3.0907452342281134,1,0.0,500.0,0,0,1,slowdown
0.0,-2.637743268665881,0,0.0,500.0,0,0,1,slowdown
0.0,-2.5427489874915157,0,0.0,500.0,1,0,1,slowdown
0.0,-2.6072289631624748,1,0.0,500.0,1,0,1,slowdown
0.0,-2.4559727336326183,1,0.0,500.0,0,0,1,slowdown
0.0,-2.9545434159048463,1,0.0,500.0,0,0,1,slowdown
2.586155890241328,-2.1607771925521866,0,76.46752224760698,204.82589032394552,1,0,1,off_line_stop
0.0,-2.317107814703646,0,0.0,500.0,0,0,1,slowdown
2.1623988136124224,-1.2830988315144438,1,0.0,500.0,0,0,1,brief_on_line_stop
1.5625545025496128,-2.4399136290165977,1,57.38767225360537,204.7384883517164,2,0,1,brief_on_line_stop
3.070888044668341,-1.00913541951269,1,96.62360256680374,225.21926221421077,1,0,1,brief_on_line_stop
3.3556764361664335,-1.9015008264035171,1,0.0,500.0,2,0,1,brief_on_line_stop
0.0,-2.6200796883590454,1,0.0,500.0,1,0,1,slowdown
0.0,-3.0243418968549047,1,0.0,500.0,1,0,1,slowdown
2.8167545585680167,-2.9822899800019176,0,47.777289996863395,189.04149372716785,2,0,1,off_line_stop
5.274807310812058,-2.5513947817506195,0,88.02652319523523,198.93777400797913,2,0,1,off_line_stop
0.0,-2.492856742060789,1,0.0,500.0,2,0,1,slowdown
2.023400090694429,-2.2063706064322313,0,77.37529438819764,192.218666850269,1,0,1,off_line_stop
1.856492006302187,-1.9689213563753278,1,0.0,500.0,2,0,1,brief_on_line_stop
2.2541333931813456,-2.439162009080409,0,45.534744165274724,187.43522138635046,1,0,1,off_line_stop
3.1195383580959093,-2.1942231379717416,1,57.0696714038883,216.2866453093878,2,0,1,brief_on_line_stop
1.6258600259410931,-2.416721284484121,1,0.0,500.0,0,0,1,brief_on_line_stop
1.75658284875422,-1.3143946724901647,1,0.0,500.0,0,0,1,brief_on_line_stop
0.0,-2.8023345978781227,0,0.0,500.0,1,0,1,slowdown
2.200734189429896,-1.54923455170363,1,94.19186180493158,243.88077833881113,0,0,1,brief_on_line_stop
2.324209670362147,-2.1188277434425347,1,65.63055338921207,226.42666199573858,2,0,1,brief_on_line_stop
3.2208592986969675,-1.3757635541334927,1,98.21620434424315,201.4381692655793,0,0,1,brief_on_line_stop
0.0,-2.3568612653235985,1,0.0,500.0,0,0,1,slowdown
2.45086426531144,-2.3147026422153605,0,83.74495352782473,205.3763217262615,2,0,1,off_line_stop
0.0,-2.560034994098178,1,0.0,500.0,0,0,1,slowdown
0.0,-2.1416004986586445,1,0.0,500.0,1,0,1,slowdown
0.0,-2.457957158429626,1,0.0,500.0,1,0,1,slowdown
0.0,-2.246460647850558,1,0.0,500.0,2,0,1,slowdown
4.280772154795752,-1.931706106413671,0,52.4778591013278,210.05963681150698,1,0,1,off_line_stop
3.1268021259945207,-2.922016129663799,0,55.31731185888529,193.87253215759972,2,0,1,off_line_stop
0.0,-3.134784854165451,1,0.0,500.0,2,0,1,slowdown
4.075256996615201,-1.7281802463482319,0,81.98057947696071,232.65155468051083,2,0,1,off_line_stop
4.426714061031895,-1.775719469391574,0,40.05259862801941,247.32710189801955,1,0,1,off_line_stop
4.393730406663133,-2.2597719939223193,0,67.53207304097015,200.30334913415155,2,0,1,off_line_stop
0.0,-2.8703357775213987,1,0.0,500.0,2,0,1,slowdown
0.0,-2.4030059606870955,1,0.0,500.0,1,0,1,slowdown
0.0,-2.246536400975749,1,0.0,500.0,1,0,1,slowdown
0.0,-2.4238568015439133,1,0.0,500.0,2,0,1,slowdown
2.5970857369649454,-2.9518185960231684,0,58.19233905127415,187.08396121487422,2,0,1,off_line_stop
0.0,-3.305844506410441,1,0.0,500.0,0,0,1,slowdown
2.6246608941530605,-1.4076135539324333,0,83.96191094499888,190.36232540717933,2,0,1,off_line_stop
3.2254536265258693,-1.488986568123437,1,0.0,500.0,0,0,1,brief_on_line_stop
0.0,-3.3751231613918926,1,0.0,500.0,0,0,1,slowdown
0.0,-3.052993581260493,1,0.0,500.0,2,0,1,slowdown
3.2973599728145575,-2.5056130513783956,0,75.83565040886151,246.54118688343652,1,0,1,off_line_stop
0.0,-2.412469548102743,1,0.0,500.0,1,0,1,slowdown
3.0822662467190964,-1.8769198183237565,1,50.47178638138253,219.8887921762406,1,0,1,brief_on_line_stop
0.0,-3.281365752161699,1,0.0,500.0,1,0,1,slowdown
0.0,-2.6649964310001235,1,0.0,500.0,1,0,1,slowdown
5.589134670132406,-2.911865913646414,0,67.40298049213163,218.95888610046617,1,0,1,off_line_stop
0.0,-2.8371307183676593,1,0.0,500.0,0,0,1,slowdown
0.0,-2.0659748832338014,1,0.0,500.0,2,0,1,slowdown
2.754251950624246,-1.3402622269483488,1,0.0,500.0,0,0,1,brief_on_line_stop
0.0,-3.1698865626746544,1,0.0,500.0,1,0,1,slowdown
2.123542917555834,-1.962468518367449,1,80.72819706476304,180.72786710570983,0,0,1,brief_on_line_stop
3.0374600648031507,-1.0884636555849418,1,0.0,500.0,1,0,1,brief_on_line_stop
3.6850942422060955,-1.3775205863693147,0,61.03669355825049,184.97906750779146,1,0,1,off_line_stop
2.02514492232031,-2.0671087712193588,1,0.0,500.0,0,0,1,brief_on_line_stop
4.2508122121740115,-1.8220421935323645,0,79.84856959577327,234.87661061438934,1,0,1,off_line_stop
0.0,-2.8717996197228,1,0.0,500.0,1,0,1,slowdown
2.3692085682372204,-1.2740915223071636,1,94.16905910457614,211.14305725767824,1,0,1,brief_on_line_stop
2.077482070479606,-1.3043796745923004,1,95.59357913335099,235.9626047698867,1,0,1,brief_on_line_stop
0.0,-3.0454148268085177,1,0.0,500.0,0,0,1,slowdown
4.113469281504888,-1.2730975241782188,0,50.49671565467973,228.7228672996865,1,0,1,off_line_stop
2.8143395168483396,-2.2484252273662135,1,0.0,500.0,0,0,1,brief_on_line_stop
2.2233693500443,-1.8237108653283696,1,0.0,500.0,1,0,1,brief_on_line_stop
0.0,-3.2653069913091586,1,0.0,500.0,1,0,1,slowdown
2.2400995210673207,-2.3013722869239643,1,0.0,500.0,1,0,1,brief_on_line_stop
2.6932350395836644,-2.226501546350567,0,61.028400501865626,181.06330732774032,1,0,1,off_line_stop
3.038659919036305,-2.3380592740506225,1,77.28204370071113,187.38958237598865,0,0,1,brief_on_line_stop
0.0,-3.197847644835723,1,0.0,500.0,1,0,1,slowdown
0.0,-2.1734468530037008,0,0.0,500.0,0,0,1,slowdown
3.1473489796491285,-1.1458189566774093,1,53.164181670101854,233.10206280023817,2,0,1,brief_on_line_stop
3.6581920963612755,-2.898110611549646,0,81.96517860338768,184.03364300829395,2,0,1,off_line_stop
5.089069612829833,-2.1560302175273995,0,89.15027495380942,228.0233253253284,2,0,1,off_line_stop
2.793192047999814,-2.73511580451887,0,89.837833657215,186.8837486810673,1,0,1,off_line_stop
1.6287085634330791,-1.1028401740972713,1,0.0,500.0,0,0,1,brief_on_line_stop
3.2631263997287645,-1.9757701031991304,1,0.0,500.0,2,0,1,brief_on_line_stop
2.0974470499488636,-1.413266259182274,1,0.0,500.0,0,0,1,brief_on_line_stop
4.7232903699728315,-2.8809113778894098,0,47.79506446269862,246.6607758435942,2,0,1,off_line_stop
3.328121160652903,-1.571129462041943,1,0.0,500.0,1,0,1,brief_on_line_stop
0.0,-2.8964768695742773,1,0.0,500.0,2,0,1,slowdown
0.0,-2.9520851976021323,1,0.0,500.0,2,0,1,slowdown
0.0,-3.3355694551739177,0,0.0,500.0,0,0,1,slowdown
0.0,-2.051519160560165,1,0.0,500.0,2,0,1,slowdown
0.0,-3.054040125120963,1,0.0,500.0,2,0,1,slowdown
0.0,-2.2000174659572003,1,0.0,500.0,1,0,1,slowdown
2.2126446869389107,-1.16804079360588,0,85.5446474864954,232.12521749410737,1,0,1,off_line_stop
3.8799597293342107,-1.867914247800889,0,57.92036462510478,223.1414967236463,2,0,1,off_line_stop
4.985092935928025,-2.6827663850533106,0,83.79222967146904,196.99606511716942,1,0,1,off_line_stop
1.5751116468406823,-2.0617379562547566,1,77.44906369675623,230.67490956871586,1,0,1,brief_on_line_stop
3.488697133894064,-1.697499738255269,1,0.0,500.0,0,0,1,brief_on_line_stop
0.0,-2.3409959781277796,1,0.0,500.0,2,0,1,slowdown
3.1235481564823147,-1.6945399481332977,1,0.0,500.0,2,0,1,brief_on_line_stop
1.7649027962884087,-1.17127660609678,1,0.0,500.0,2,0,1,brief_on_line_stop
2.5387522343827547,-2.3608926862732424,1,0.0,500.0,2,0,1,brief_on_line_stop
3.5845869803532007,-1.869256797169986,0,70.26221804087925,233.21926992804438,2,0,1,off_line_stop
2.9538014053083637,-2.0578968248605545,1,0.0,500.0,1,0,1,brief_on_line_stop
3.009904264163958,-1.770640676427535,1,53.73465600165759,227.5307019718664,2,0,1,brief_on_line_stop
4.094508678178737,-2.666977853064502,0,55.012405431465076,194.13350529720051,2,0,1,off_line_stop
3.64020205318391,-2.4614605650445545,0,82.27599689391138,230.46427330550736,1,0,1,off_line_stop
0.0,-2.5127039187203604,1,0.0,500.0,0,0,1,slowdown
2.9926875128675765,-2.103312558988878,0,79.59149215973422,226.96574924451306,2,0,1,off_line_stop
2.8067285732060636,-1.8242016240099161,1,54.81967437350222,241.17941124914822,0,0,1,brief_on_line_stop
1.8968786732645246,-1.565490728455806,1,66.64124311575496,198.95149779805988,1,0,1,brief_on_line_stop
3.849101441121128,-2.867315139160801,0,87.06719885235805,195.36314004596636,2,0,1,off_line_stop
3.489722807277218,-2.295400104781231,1,0.0,500.0,0,0,1,brief_on_line_stop
0.0,-2.3517689709890526,1,0.0,500.0,0,0,1,slowdown
4.325627905169265,-2.0788089364508133,0,67.72249409982638,197.67158810876137,2,0,1,off_line_stop
2.12266791385612,-2.356624620338763,0,76.72169150894155,227.1118384598279,2,0,1,off_line_stop
5.305051660510171,-2.5026423939467124,0,46.414866146213896,193.66009543768206,1,0,1,off_line_stop
3.1576645342241045,-1.2508091770370977,0,47.74844965749461,191.59320263782806,2,0,1,off_line_stop
0.0,-2.8503396348012964,1,0.0,500.0,1,0,1,slowdown
0.0,-2.3934176505021396,1,0.0,500.0,2,0,1,slowdown
0.0,-3.099288590320467,0,0.0,500.0,0,0,1,slowdown
2.168122565727969,-1.5471955644934994,0,47.902514555942304,238.99335993964124,1,0,1,off_line_stop
2.677027553249252,-1.7766096806112448,1,0.0,500.0,0,0,1,brief_on_line_stop
2.1101904851658246,-2.63202077375472,0,45.83020227842583,238.85446692583025,2,0,1,off_line_stop
2.244517609440367,-2.7498145814827812,0,41.36570585356258,189.68594850255224,2,0,1,off_line_stop
3.2627774087096677,-1.9531439091866254,1,81.1764377185204,200.45645742924103,2,0,1,brief_on_line_stop
1.7095953782867903,-1.7935159001103513,1,0.0,500.0,0,0,1,brief_on_line_stop
3.056562654325819,-2.2486310605359074,0,79.89670585894345,234.4025637981895,1,0,1,off_line_stop
2.4315027634301476,-1.0140018598300373,1,87.34288115681828,201.1640178499598,2,0,1,brief_on_line_stop
0.0,-2.237020394827231,0,0.0,500.0,1,0,1,slowdown
1.5918739942134457,-2.4886880646625205,1,0.0,500.0,2,0,1,brief_on_line_stop
3.2377347441893978,-1.5236050312999367,0,53.376634918326616,218.68629492725526,1,0,1,off_line_stop
0.0,-2.5512798359605666,1,0.0,500.0,0,0,1,slowdown
2.6886456895746464,-1.221592843811603,1,0.0,500.0,2,0,1,brief_on_line_stop
2.1490995519721547,-1.5548024927941344,0,42.85294584659806,226.72002829091238,2,0,1,off_line_stop
4.608193932819467,-1.7287650145375397,0,62.78703653997471,212.05727071163267,1,0,1,off_line_stop
2.7821287262304053,-1.8190783691131507,1,53.76418831391436,226.76391899807243,0,0,1,brief_on_line_stop
0.0,-2.0202087238906308,1,0.0,500.0,0,0,1,slowdown
2.888766027507102,-1.3609802133486466,1,88.63980842375844,200.0534026975786,1,0,1,brief_on_line_stop
5.196865521004721,-1.8096678701518727,0,42.340247090773524,217.48118647412167,2,0,1,off_line_stop
5.875967465507655,-1.4641466072827534,0,77.78482547121261,204.14662822740462,2,0,1,off_line_stop
2.5017374590535377,-1.808845836483516,1,0.0,500.0,0,0,1,brief_on_line_stop
0.0,-2.4711611462423924,1,0.0,500.0,2,0,1,slowdown
2.256030214672698,-2.4250516948062018,1,74.16312410442086,187.57613057858077,1,0,1,brief_on_line_stop
5.853517398874085,-2.90668501774294,0,68.59804189040693,206.33965210439717,2,0,1,off_line_stop
3.2224746840369085,-2.228265827413662,1,0.0,500.0,1,0,1,brief_on_line_stop
2.47543195828092,-2.1952641961514305,0,47.82144140166826,184.26708337284992,1,0,1,off_line_stop
0.0,-2.917522830065279,0,0.0,500.0,1,0,1,slowdown
5.428962051026193,-2.59614441872387,0,75.16196984530697,180.709629839849,2,0,1,off_line_stop
0.0,-2.168674525794765,1,0.0,500.0,1,0,1,slowdown
2.987698786200043,-2.4231586078078187,1,0.0,500.0,0,0,1,brief_on_line_stop
5.573135945495928,-1.2791447070516984,0,83.91913704624902,238.70459943520518,2,0,1,off_line_stop
0.0,-2.212359863963088,1,0.0,500.0,2,0,1,slowdown
2.695306596538018,-1.7741056351894626,0,62.799242474703014,188.71097694806951,2,0,1,off_line_stop
0.0,-3.3917266576739626,0,0.0,500.0,0,0,1,slowdown
3.138252277088474,-1.462213302765422,0,61.29332790877133,211.73235582846047,2,0,1,off_line_stop
3.4933340762840346,-1.7930363051531342,1,0.0,500.0,0,0,1,brief_on_line_stop
3.571007572884813,-1.2017619775614115,0,53.30809091820059,215.1492952044242,1,0,1,off_line_stop
3.1981312972748133,-1.337863454049418,1,0.0,500.0,1,0,1,brief_on_line_stop
0.0,-2.053515623395837,1,0.0,500.0,0,0,1,slowdown
5.232739240151699,-2.8622924724893264,0,71.75566009874856,208.22002767156255,2,0,1,off_line_stop
0.0,-2.5619856752208707,1,0.0,500.0,0,0,1,slowdown
1.9523917999090576,-1.4332016002236698,1,56.823508227134454,244.30098143483917,2,0,1,brief_on_line_stop
0.0,-2.017984747978252,1,0.0,500.0,0,0,1,slowdown
0.0,-2.732853501283514,1,0.0,500.0,2,0,1,slowdown
2.27471194219668,-2.797932141233553,0,49.594713606270375,182.31414403815802,1,0,1,off_line_stop
0.0,-2.1166049085384415,1,0.0,500.0,1,0,1,slowdown
1.983016904494286,-1.522939635039278,1,86.46204894215857,184.64479013296213,2,0,1,brief_on_line_stop
0.0,-2.8627668489867975,1,0.0,500.0,0,0,1,slowdown
0.0,-2.5243692737576295,1,0.0,500.0,2,0,1,slowdown
0.0,-2.8936855364665064,1,0.0,500.0,1,0,1,slowdown
2.7910684866330584,-2.7739331215502436,0,81.75807478919148,210.07403671989093,2,0,1,off_line_stop
1.758502177895239,-1.5515707072487015,1,0.0,500.0,2,0,1,brief_on_line_stop
2.265311007628274,-1.3917581260248861,1,97.6025110483352,208.81100759820293,1,0,1,brief_on_line_stop
0.0,-2.5413875089170435,1,0.0,500.0,2,0,1,slowdown
2.0016676676124154,-1.117475835346345,0,58.219220294852164,228.08287788631156,2,0,1,off_line_stop
0.0,-2.092837944669365,1,0.0,500.0,1,0,1,slowdown
2.021679199272792,-2.1230840176788437,0,45.8322957372093,200.12474021576662,1,0,1,off_line_stop
0.0,-3.015161964352168,1,0.0,500.0,1,0,1,slowdown
0.0,-2.3456729333784514,0,0.0,500.0,0,0,1,slowdown
2.732722414534705,-1.9345741212462173,0,49.46531796002846,190.96959193999257,1,0,1,off_line_stop
2.724164509803792,-1.9752443378169495,1,0.0,500.0,0,0,1,brief_on_line_stop
3.3054320511703033,-2.9286898405850352,0,76.6602305534378,236.32960120068307,2,0,1,off_line_stop
0.0,-2.5018379036055864,1,0.0,500.0,2,0,1,slowdown
2.4025610031318942,-1.0647114746428596,1,50.19729800135973,245.2049257632285,1,0,1,brief_on_line_stop
0.0,-2.7865857258923565,1,0.0,500.0,2,0,1,slowdown
0.0,-3.2482060868736644,1,0.0,500.0,1,0,1,slowdown
3.840818011886712,-1.7259637643668018,0,74.92735569608558,248.668665871107,2,0,1,off_line_stop
3.568820816056803,-1.8990382919665894,0,61.27719840248608,249.34373413579465,1,0,1,off_line_stop
3.4367377968423667,-1.7801549850361174,0,61.53984623720279,182.5698531306315,2,0,1,off_line_stop
2.8211355864150214,-1.2976312701423125,1,0.0,500.0,1,0,1,brief_on_line_stop
0.0,-3.007242048864842,1,0.0,500.0,2,0,1,slowdown
3.1795752477123633,-1.204108467750162,1,0.0,500.0,1,0,1,brief_on_line_stop
1.588290297784614,-1.6233912964025599,1,89.41095209998616,190.41000757887988,0,0,1,brief_on_line_stop
2.511840026849729,-1.7474857361831357,1,0.0,500.0,1,0,1,brief_on_line_stop
0.0,-2.2604061184658377,1,0.0,500.0,1,0,1,slowdown
2.0798132564309517,-1.0470874298798463,1,92.30252485892413,182.2630206091383,2,0,1,brief_on_line_stop
3.527954235994324,-2.2572444020597655,0,52.383900034508116,190.8779766362451,2,0,1,off_line_stop
4.782470779816574,-1.4105359193848077,0,61.81794737162821,211.1258479203977,2,0,1,off_line_stop
1.7918713735634013,-1.76462375997787,1,0.0,500.0,0,0,1,brief_on_line_stop
3.9421696354205498,-1.6543580152386694,0,62.61231460407675,210.36245516102218,1,0,1,off_line_stop
3.959742399825851,-2.7188476981414365,0,51.28261964558576,204.64579562439812,2,0,1,off_line_stop
0.0,-2.589046912750091,1,0.0,500.0,0,0,1,slowdown
0.0,-2.7922808765188174,1,0.0,500.0,2,0,1,slowdown
0.0,-2.052088453526815,1,0.0,500.0,0,0,1,slowdown
0.0,-2.127637349745853,0,0.0,500.0,0,0,1,slowdown
4.465029166409979,-1.7951382726433163,0,81.6619770482026,194.33039715347886,2,0,1,off_line_stop
3.428069196002407,-2.9166699805575313,0,85.98887076811369,225.56201484265665,1,0,1,off_line_stop
1.9906567324481135,-2.327373494776723,1,56.920139950810096,183.80171931024952,0,0,1,brief_on_line_stop
3.8131442998726115,-2.7605662639664774,0,43.73148155846559,236.07532928254898,2,0,1,off_line_stop
2.112280047655828,-1.9687630786351624,0,51.06456448403259,221.56030949045714,1,0,1,off_line_stop
2.954296992343881,-1.3152477437384675,1,82.82085618303668,232.4945513050531,0,0,1,brief_on_line_stop
5.079015817856957,-1.5636845577187006,0,59.47729790998741,186.06474346067216,1,0,1,off_line_stop
2.509330555694344,-2.4528322163541336,1,0.0,500.0,2,0,1,brief_on_line_stop
0.0,-3.2470910010673744,1,0.0,500.0,1,0,1,slowdown
3.482059610052139,-1.1975151280557363,1,0.0,500.0,2,0,1,brief_on_line_stop
0.0,-3.1262920969265044,1,0.0,500.0,2,0,1,slowdown
1.9088442757804192,-1.7493630675376586,1,0.0,500.0,0,0,1,brief_on_line_stop
2.945057644666482,-1.1333007462703597,1,84.65488894233555,239.40308474034458,1,0,1,brief_on_line_stop
0.0,-2.9931891320388804,1,0.0,500.0,1,0,1,slowdown
0.0,-3.3328443779745145,1,0.0,500.0,2,0,1,slowdown
0.0,-2.708163535179136,1,0.0,500.0,2,0,1,slowdown
3.954961997345749,-2.2606854232372053,0,51.54505097056886,206.49546175420411,2,0,1,off_line_stop
2.69515052186728,-1.2764305933523352,1,92.3269798961686,220.53307676974848,2,0,1,brief_on_line_stop
0.0,-2.349754543112545,1,0.0,500.0,1,0,1,slowdown
0.0,-2.7128930056410687,1,0.0,500.0,2,0,1,slowdown
2.3548478997615883,-1.5054215973574285,1,57.54598776646957,229.96664499418554,2,0,1,brief_on_line_stop
5.622370596971063,-2.8496861698793374,0,62.58919012189964,199.88463345422375,2,0,1,off_line_stop
2.95410129633721,-1.7422728423852347,1,0.0,500.0,1,0,1,brief_on_line_stop
3.3385385226561413,-2.144823630958231,1,0.0,500.0,2,0,1,brief_on_line_stop
3.0944260738619365,-2.0497514959321417,0,56.40889723027359,245.99352148814697,1,0,1,off_line_stop
0.0,-2.660878870349612,1,0.0,500.0,1,0,1,slowdown
0.0,-2.7280717900693268,1,0.0,500.0,1,0,1,slowdown
2.3651568599163086,-1.3085005849953686,1,77.66991038089446,229.1438543700008,2,0,1,brief_on_line_stop
2.2064306598890506,-3.0439970103686944,0,75.19088710101784,199.90090790880623,2,0,1,off_line_stop
3.1843516746183917,-2.8390240784995293,0,54.56950865979752,212.3974794190065,1,0,1,off_line_stop
5.487959454895542,-2.382999440926819,0,77.65545982672113,192.13287574071688,2,0,1,off_line_stop
0.0,-2.3860068570653548,1,0.0,500.0,2,0,1,slowdown
1.773303940155953,-1.93903135015268,1,65.94315747480476,189.33444436263454,2,0,1,brief_on_line_stop
5.035940908888942,-2.6657165858350287,0,47.77563005061362,218.98069475579595,2,0,1,off_line_stop
2.644348045696741,-1.4361327287184174,0,40.12056987158388,216.72439094767017,2,0,1,off_line_stop
0.0,-3.013939606017659,0,0.0,500.0,0,0,1,slowdown
0.0,-2.9087358164689454,1,0.0,500.0,0,0,1,slowdown
5.034216776858339,-1.911409820966875,0,87.33934307573266,217.4000117500384,1,0,1,off_line_stop
1.905783589612033,-2.3170439090298616,1,84.54515904437623,203.88671632582924,0,0,1,brief_on_line_stop
4.677920752852113,-2.644001204955393,0,44.00736049352709,181.5763189396673,2,0,1,off_line_stop
0.0,-2.5529948342415882,1,0.0,500.0,0,0,1,slowdown
2.383245572723661,-1.16363494551623,1,95.8329980097867,221.94021493113954,0,0,1,brief_on_line_stop
4.027628733888827,-1.6598147215844943,0,82.71655158222966,220.25105290979525,1,0,1,off_line_stop
3.1759593964681354,-2.219202837138774,1,0.0,500.0,1,0,1,brief_on_line_stop
2.880193039425495,-1.7029633845120937,1,84.18563564784218,233.24390624777814,0,0,1,brief_on_line_stop
0.0,-2.398510606371932,1,0.0,500.0,0,0,1,slowdown
4.669181104064798,-2.5681339363495055,0,63.60194730266222,230.66598359190502,1,0,1,off_line_stop
1.9499364955914507,-2.108264568899563,1,0.0,500.0,1,0,1,brief_on_line_stop
0.0,-2.3732479898688488,1,0.0,500.0,2,0,1,slowdown
2.998090587889756,-2.54555754643082,0,87.69833585734435,240.63693438302954,2,0,1,off_line_stop
3.4835402685054078,-1.8526561170635776,1,0.0,500.0,1,0,1,brief_on_line_stop
2.1817230191150436,-2.65966047046246,0,61.181416270092306,197.2769023440436,1,0,1,off_line_stop
5.029491466185809,-1.9770194048310412,0,83.42497462629383,231.44479121443896,1,0,1,off_line_stop
0.0,-3.2439052735057805,1,0.0,500.0,2,0,1,slowdown
0.0,-2.0287602483394016,0,0.0,500.0,1,0,1,slowdown
4.659180374494336,-2.783222604519087,0,48.023233136398574,239.35155399673354,1,0,1,off_line_stop
0.0,-2.61876799331957,1,0.0,500.0,0,0,1,slowdown
0.0,-2.8209386448206994,0,0.0,500.0,1,0,1,slowdown
0.0,-2.8109638420329937,0,0.0,500.0,0,0,1,slowdown
3.3855815282553245,-1.069970356387919,1,79.43792371871648,220.27475342206154,2,0,1,brief_on_line_stop
1.8587407841254076,-2.1281603991075406,1,57.475237620581254,212.86115889459478,2,0,1,brief_on_line_stop
4.604967715130725,-1.4422687908374998,0,55.19801293430428,247.82824322687287,2,0,1,off_line_stop
0.0,-2.0622404670109327,1,0.0,500.0,1,0,1,slowdown
0.0,-3.39928516601242,1,0.0,500.0,1,0,1,slowdown
0.0,-2.71809020857747,1,0.0,500.0,0,0,1,slowdown
0.0,-3.3893364465315146,1,0.0,500.0,0,0,1,slowdown
1.8432750252576986,-1.1844169846031818,1,79.3532706674401,215.3959122748151,0,0,1,brief_on_line_stop
1.9933637148633239,-2.3844879799830956,1,0.0,500.0,2,0,1,brief_on_line_stop
3.1915716762052186,-1.0532948770435338,1,77.97546887364803,230.51350745209766,1,0,1,brief_on_line_stop
1.9805691267159697,-2.2598114240976086,1,0.0,500.0,0,0,1,brief_on_line_stop
2.2619691678038163,-2.2810832691972687,1,57.229268256339125,241.2806767855969,0,0,1,brief_on_line_stop
3.810033594378115,-1.7407422489467093,0,45.906311330726176,246.1016817663398,1,0,1,off_line_stop
4.761325045424778,-2.2080621209944655,0,65.08579584261037,223.16043364897942,1,0,1,off_line_stop
2.5649601589104423,-1.9677789409989646,1,0.0,500.0,2,0,1,brief_on_line_stop
0.0,-2.606369690480838,1,0.0,500.0,1,0,1,slowdown
0.0,-3.060660129020677,0,0.0,500.0,1,0,1,slowdown
0.0,-3.1490301009949726,1,0.0,500.0,2,0,1,slowdown
2.7121931810302176,-2.0059387603592373,0,52.865238249568215,180.24464867765428,2,0,1,off_line_stop
0.0,-3.209387986592578,1,0.0,500.0,2,0,1,slowdown
2.369602169099855,-2.205024300134049,1,0.0,500.0,0,0,1,brief_on_line_stop
1.9888060869560955,-1.4010737331921375,1,54.6673122840336,207.58323375501087,2,0,1,brief_on_line_stop
2.4575822296051024,-1.5705610692726077,0,47.99313879547404,231.25113696505076,1,0,1,off_line_stop
0.0,-3.2123917470343346,1,0.0,500.0,0,0,1,slowdown
2.040426577725034,-2.5019305090765074,0,52.8308372969271,215.66490235964423,1,0,1,off_line_stop
0.0,-3.379414292530749,1,0.0,500.0,0,0,1,slowdown
0.0,-3.192309303268252,1,0.0,500.0,1,0,1,slowdown
0.0,-3.131899322247026,1,0.0,500.0,0,0,1,slowdown
0.0,-2.5990792086859296,1,0.0,500.0,0,0,1,slowdown
0.0,-2.898538513850909,1,0.0,500.0,2,0,1,slowdown
4.799784741714545,-2.422234751724526,0,43.023178696268246,241.65925715674007,1,0,1,off_line_stop
5.169867524154441,-1.5521195514705728,0,46.10238998767271,229.17147012307493,2,0,1,off_line_stop
0.0,-2.5404469470670077,1,0.0,500.0,2,0,1,slowdown
2.1780638837949766,-1.9423465116656953,1,54.99773596056514,185.0397036296924,2,0,1,brief_on_line_stop
0.0,-3.2832958043352374,1,0.0,500.0,0,0,1,slowdown
2.838901587123887,-1.78764219378427,1,0.0,500.0,1,0,1,brief_on_line_stop
0.0,-2.5276840078377725,1,0.0,500.0,1,0,1,slowdown
2.3484532340664748,-1.4986672435488,1,0.0,500.0,2,0,1,brief_on_line_stop
3.1991705139286033,-1.3826151420134987,1,85.7814617887959,236.4354406542381,2,0,1,brief_on_line_stop
3.1895354869247505,-1.5512625175799721,1,66.03401302412597,215.70113276474078,1,0,1,brief_on_line_stop
4.732208868154897,-1.2881153975825974,0,61.784482702393646,242.4191267857643,1,0,1,off_line_stop
3.8293533326133056,-2.3871171294089413,0,84.38555435209926,221.5650358853223,1,0,1,off_line_stop
0.0,-2.311767426543001,1,0.0,500.0,2,0,1,slowdown
0.0,-3.2403651583297606,1,0.0,500.0,2,0,1,slowdown
3.804269565817834,-1.1234582892907337,0,84.61885519782834,237.2704655890735,1,0,1,off_line_stop
3.1177598908778936,-1.7201332734957142,0,46.158029293644475,230.5252818914006,1,0,1,off_line_stop
2.9364136912995797,-2.3083117013631482,0,88.96151071274873,188.56765948333253,2,0,1,off_line_stop
3.976635283688507,-1.350274149029985,0,66.57901054986574,222.4184080983663,1,0,1,off_line_stop
2.6188955960355056,-2.7983323028308877,0,55.569371833502245,224.12333709550416,1,0,1,off_line_stop
0.0,-3.174839225815689,1,0.0,500.0,1,0,1,slowdown
4.500859158602663,-1.9438600370793875,0,59.678326065653735,206.5320836663005,2,0,1,off_line_stop
2.5172370086150813,-1.8903125791066508,0,59.472245360131055,182.4200164322762,1,0,1,off_line_stop
0.0,-3.0526697646363035,1,0.0,500.0,0,0,1,slowdown
4.17075217752306,-2.7935759074980617,0,79.80335498008584,186.8799199099573,2,0,1,off_line_stop
2.058989787605315,-2.253359879652199,0,79.62557546583811,203.23258978956324,2,0,1,off_line_stop
0.0,-2.5069715431864275,1,0.0,500.0,1,0,1,slowdown
1.6968191882400936,-1.9163346660906249,1,76.29326154812566,211.88243101211995,0,0,1,brief_on_line_stop
0.0,-2.0235565918174276,1,0.0,500.0,2,0,1,slowdown
0.0,-3.273967949123966,1,0.0,500.0,2,0,1,slowdown
3.2703408665454674,-1.6204904060405791,1,0.0,500.0,0,0,1,brief_on_line_stop
2.6821656437897117,-2.364804235843749,1,83.89440127601628,202.2074018526314,0,0,1,brief_on_line_stop
2.451660118698916,-2.2296227349967577,1,0.0,500.0,1,0,1,brief_on_line_stop
0.0,-2.487907950034079,1,0.0,500.0,1,0,1,slowdown
2.5327788470563495,-1.5777580433740324,1,0.0,500.0,1,0,1,brief_on_line_stop
2.2098240760163907,-2.084359902947404,1,0.0,500.0,1,0,1,brief_on_line_stop
0.0,-2.5378021411353404,1,0.0,500.0,1,0,1,slowdown
0.0,-2.9174968853612047,1,0.0,500.0,0,0,1,slowdown
0.0,-3.006954186991132,1,0.0,500.0,1,0,1,slowdown
0.0,-2.524724369144426,1,0.0,500.0,2,0,1,slowdown
0.0,-2.814526802796624,1,0.0,500.0,2,0,1,slowdown
0.0,-3.0817702324853964,1,0.0,500.0,1,0,1,slowdown
0.0,-2.2213425045210817,1,0.0,500.0,1,0,1,slowdown
0.0,-2.6903002516398384,1,0.0,500.0,1,0,1,slowdown
0.0,-3.08195600029647,1,0.0,500.0,2,0,1,slowdown
0.0,-2.5941114052089915,1,0.0,500.0,2,0,1,slowdown
2.1761711626679094,-1.158731129056785,1,75.0902407538034,193.4582093888547,0,0,1,brief_on_line_stop
1.7470125146785507,-2.453630091398387,1,82.91201529055532,245.5515640295942,1,0,1,brief_on_line_stop
0.0,-2.046763448288724,1,0.0,500.0,1,0,1,slowdown
2.059902423746376,-2.8086082932438465,0,70.99853403082123,232.12838185633024,2,0,1,off_line_stop
2.0149397864570484,-2.4606366516529707,1,0.0,500.0,1,0,1,brief_on_line_stop
0.0,-2.227257269872681,1,0.0,500.0,1,0,1,slowdown
0.0,-3.376731791647038,0,0.0,500.0,1,0,1,slowdown
2.945656524084213,-1.508876685102094,1,0.0,500.0,2,0,1,brief_on_line_stop
0.0,-2.111673299479786,1,0.0,500.0,1,0,1,slowdown
0.0,-2.2825458909882634,0,0.0,500.0,1,0,1,slowdown
3.4837436804866617,-2.4893808707621172,0,60.388536533162025,189.76564430703445,2,0,1,off_line_stop
0.0,-2.3267203782019283,1,0.0,500.0,1,0,1,slowdown
2.4493804762329856,-1.4565997016610672,0,85.28785159149214,185.965517304357,1,0,1,off_line_stop
0.0,-2.7398298523036893,1,0.0,500.0,0,0,1,slowdown
0.0,-2.0607880843280957,1,0.0,500.0,1,0,1,slowdown
2.634515631654474,-1.6568553736384948,1,0.0,500.0,1,0,1,brief_on_line_stop
0.0,-2.317009266139687,1,0.0,500.0,1,0,1,slowdown
2.8557445871290588,-1.1630755595295388,1,53.14456211597643,225.65250237039558,0,0,1,brief_on_line_stop
5.207300146197524,-2.9683537383397804,0,87.85202268662884,209.79149977259254,1,0,1,off_line_stop
2.756385851856473,-1.933517404113845,1,0.0,500.0,0,0,1,brief_on_line_stop
2.255006945669212,-1.4410101615337578,0,47.72097140111169,188.6730242048317,1,0,1,off_line_stop
2.7037154784726436,-2.421210693610205,1,68.00265637470639,216.89686624207238,2,0,1,brief_on_line_stop
2.4553039754144983,-2.225654275499128,1,87.26778326401318,236.59145880449884,2,0,1,brief_on_line_stop
2.994182525871546,-1.9041768506529744,1,83.33023836105981,231.7911733383054,2,0,1,brief_on_line_stop
0.0,-3.2400432090127476,1,0.0,500.0,2,0,1,slowdown
0.0,-2.3924066042355983,1,0.0,500.0,1,0,1,slowdown
5.164004344646561,-1.8822614562771578,0,65.43601116006799,203.3694895819121,2,0,1,off_line_stop
0.0,-2.364724367269545,0,0.0,500.0,0,0,1,slowdown
0.0,-3.364663066963854,1,0.0,500.0,0,0,1,slowdown
4.295613174287343,-2.463427104002077,0,72.19789733045906,229.47240085183125,2,0,1,off_line_stop
0.0,-2.788857294487474,1,0.0,500.0,2,0,1,slowdown
2.4881492559513467,-1.8228279739295303,1,0.0,500.0,0,0,1,brief_on_line_stop
0.0,-2.535680982178398,1,0.0,500.0,1,0,1,slowdown
2.9306203480698896,-2.335537002481372,1,0.0,500.0,2,0,1,brief_on_line_stop
1.7383853687812758,-1.9479384648907965,1,0.0,500.0,1,0,1,brief_on_line_stop
3.908881643817438,-1.6052376115595666,0,67.50187263555495,205.53233762034918,2,0,1,off_line_stop
0.0,-2.499509377546557,1,0.0,500.0,2,0,1,slowdown
1.691796289601682,-1.8472635264968624,1,76.89232055828506,192.12379606432367,1,0,1,brief_on_line_stop
4.269435895429956,-2.624586508387341,0,58.07849649213172,197.41316665645476,2,0,1,off_line_stop
1.5542799177683606,-2.2310675261676147,1,0.0,500.0,2,0,1,brief_on_line_stop
2.9103248543119298,-2.453220586394736,1,0.0,500.0,0,0,1,brief_on_line_stop
0.0,-2.384174874518064,1,0.0,500.0,2,0,1,slowdown
2.695492169909186,-1.081815273431747,1,0.0,500.0,0,0,1,brief_on_line_stop
0.0,-2.0808696204327335,1,0.0,500.0,0,0,1,slowdown
0.0,-3.269737312539587,1,0.0,500.0,0,0,1,slowdown
2.9698861971810824,-1.5870776866308578,1,0.0,500.0,2,0,1,brief_on_line_stop
2.9863028868101047,-2.352361490748354,1,0.0,500.0,2,0,1,brief_on_line_stop
4.1142977198487065,-2.869341370953858,0,62.723086408209845,236.80994872201902,2,0,1,off_line_stop
0.0,-2.001805922238851,1,0.0,500.0,0,0,1,slowdown
5.906172053812254,-1.0115524654835775,0,75.90748182493232,197.03692870503545,1,0,1,off_line_stop
1.5545668525277303,-1.0404036481131742,1,77.66866858623443,249.0698385321897,2,0,1,brief_on_line_stop
3.349091889157063,-2.0136776632966837,0,45.02279028989081,216.5523799194212,2,0,1,off_line_stop
0.0,-2.3514863318558494,1,0.0,500.0,1,0,1,slowdown
1.957867548615889,-1.3148793449859073,1,56.194310151691354,191.62708489159712,2,0,1,brief_on_line_stop
2.4107775606025705,-2.5509163789435156,0,84.35112952791917,244.86114069248583,2,0,1,off_line_stop
0.0,-2.2763549748870626,1,0.0,500.0,1,0,1,slowdown
5.84782874314017,-3.0209249236764957,0,59.095944195917106,202.80540787682855,1,0,1,off_line_stop
3.166752365869603,-3.057291148476683,0,51.06106950122887,205.8399877527938,2,0,1,off_line_stop
2.26564965354026,-2.28509608015296,1,57.01805007283792,220.8815365578331,1,0,1,brief_on_line_stop
0.0,-2.2387514165644364,1,0.0,500.0,1,0,1,slowdown
0.0,-2.086560544977203,1,0.0,500.0,0,0,1,slowdown
0.0,-3.007559365228657,0,0.0,500.0,2,0,1,slowdown
4.831205594367411,-2.3972176164142427,0,50.852315157912976,201.2507753662861,1,0,1,off_line_stop
5.186629276023687,-1.9698067423721584,0,51.387076808776364,249.54259831962588,2,0,1,off_line_stop
5.823555629965311,-2.6989972057040266,0,81.94467596539259,235.64423081640496,1,0,1,off_line_stop
3.0134996249018635,-2.118528688152477,1,0.0,500.0,0,0,1,brief_on_line_stop
0.0,-2.253567142869154,1,0.0,500.0,0,0,1,slowdown
4.295122988254706,-2.757595760870237,0,78.45171138523081,227.33053679665613,1,0,1,off_line_stop
0.0,-2.670432698508921,1,0.0,500.0,0,0,1,slowdown
0.0,-2.014343504536871,1,0.0,500.0,0,0,1,slowdown
1.6246035405674244,-1.4057793950653017,1,0.0,500.0,0,0,1,brief_on_line_stop
4.565671618053744,-2.1931980729941123,0,56.87400115372366,190.31342203048806,1,0,1,off_line_stop
2.858226733144136,-1.797023129904178,1,0.0,500.0,2,0,1,brief_on_line_stop
2.26542108719526,-2.035037968345916,1,0.0,500.0,2,0,1,brief_on_line_stop
2.2983112599531053,-1.0101723991019576,1,0.0,500.0,0,0,1,brief_on_line_stop
0.0,-3.2158181637542063,1,0.0,500.0,2,0,1,slowdown
2.4176883729181498,-2.2768885392616256,1,65.22981756640205,211.537819907125,2,0,1,brief_on_line_stop
2.521870219089713,-1.8869357742526072,0,55.47049686808133,227.37420141053727,2,0,1,off_line_stop
2.9309259164037496,-2.493890027880214,0,47.81121848620574,209.54134835679227,1,0,1,off_line_stop
5.061873537720022,-1.1992504752105038,0,82.59978047097391,230.67806107909763,2,0,1,off_line_stop
0.0,-3.069323993262336,1,0.0,500.0,1,0,1,slowdown
0.0,-2.781873642768182,1,0.0,500.0,1,0,1,slowdown
0.0,-2.8099731490422393,0,0.0,500.0,2,0,1,slowdown
0.0,-3.198131762847356,0,0.0,500.0,2,0,1,slowdown
2.661838545580465,-2.2313388396712917,0,62.46475314432522,219.95058850434185,1,0,1,off_line_stop
5.726857920196986,-1.8765732329169722,0,75.89663227718123,193.77594314889865,2,0,1,off_line_stop
2.0872191111220797,-2.0578761909795036,0,67.26682295627499,231.4811735044832,2,0,1,off_line_stop
0.0,-2.501755428028122,1,0.0,500.0,1,0,1,slowdown
5.89224261406981,-2.936899632462142,0,56.25465815405727,198.11970579467214,1,0,1,off_line_stop
2.2136553453159475,-1.1009407715967332,1,0.0,500.0,1,0,1,brief_on_line_stop
0.0,-2.3648245922740045,1,0.0,500.0,1,0,1,slowdown
0.0,-2.9223760972239066,1,0.0,500.0,0,0,1,slowdown
4.2154499252249655,-2.0346864790512,0,79.7987428283014,246.9188988538141,1,0,1,off_line_stop
5.535653915631931,-2.4800735703982943,0,74.62767726489524,206.20106279997307,1,0,1,off_line_stop
2.022557939290068,-3.0626302367383462,0,70.32529161865244,208.16300367467477,1,0,1,off_line_stop
2.16210813638505,-1.3646670061125046,0,71.16799624817013,215.9983210778534,2,0,1,off_line_stop
2.702871351958774,-2.22289855645797,1,0.0,500.0,2,0,1,brief_on_line_stop
2.931181426578031,-1.4127453245200166,1,0.0,500.0,0,0,1,brief_on_line_stop
0.0,-2.2993934656383987,1,0.0,500.0,0,0,1,slowdown
0.0,-2.18987683591216,1,0.0,500.0,1,0,1,slowdown
2.138580484891742,-1.2877895855995616,1,99.43310277050412,201.2097410432052,0,0,1,brief_on_line_stop
0.0,-2.2754777528989005,1,0.0,500.0,0,0,1,slowdown
2.2291524954861366,-1.9389564700641841,1,0.0,500.0,1,0,1,brief_on_line_stop
2.6380835543168706,-1.4348375078186502,1,0.0,500.0,1,0,1,brief_on_line_stop
5.280257952091983,-1.9774253792043266,0,89.35986194411595,241.53678154339192,2,0,1,off_line_stop
0.0,-3.1014582210187323,1,0.0,500.0,0,0,1,slowdown
4.055754346318274,-2.792163399843101,0,70.54363944517243,217.63941895376135,2,0,1,off_line_stop
3.7932114790342295,-2.906887280295566,0,75.58683646723095,183.56677846393075,1,0,1,off_line_stop
2.593368423139056,-1.0336081977734222,1,0.0,500.0,2,0,1,brief_on_line_stop
2.140757919274961,-1.9433644283541083,1,95.64565419410872,205.0456946081635,1,0,1,brief_on_line_stop
0.0,-3.2857054145607227,1,0.0,500.0,2,0,1,slowdown
3.0136860861590966,-1.5886252753255812,1,0.0,500.0,0,0,1,brief_on_line_stop
4.448634469448141,-2.5535274193622257,0,75.93292138725609,186.0109558593253,2,0,1,off_line_stop
3.364960139685638,-2.370313972529484,1,89.8706134798485,188.17029924731716,0,0,1,brief_on_line_stop
0.0,-2.262122876525792,1,0.0,500.0,1,0,1,slowdown
0.0,-3.1605033740824524,1,0.0,500.0,0,0,1,slowdown
5.935578655104667,-2.4428146248326303,0,43.961674450347985,243.54946513737676,2,0,1,off_line_stop
3.825243918420814,-2.385354204936349,0,83.95221652363185,213.39890595406746,2,0,1,off_line_stop
3.809789596871814,-1.152441995279697,0,79.35350634636792,188.84882205492872,2,0,1,off_line_stop
0.0,-2.541551983850821,1,0.0,500.0,1,0,1,slowdown
0.0,-2.8652127545354,1,0.0,500.0,1,0,1,slowdown
5.477470042029067,-3.0387485646999846,0,62.92919119381603,202.891379864121,1,0,1,off_line_stop
0.0,-2.0515921568540745,1,0.0,500.0,0,0,1,slowdown
2.19853883774155,-2.4520696377730915,1,0.0,500.0,2,0,1,brief_on_line_stop
3.107170975898583,-1.8953418139211502,0,50.57716134919164,241.9947139140557,1,0,1,off_line_stop
4.631875857977286,-1.8169991175370435,0,85.08657089819812,224.96665262009412,1,0,1,off_line_stop
3.3038333257044084,-1.8202253024076565,1,64.25264864807087,241.45488242716928,1,0,1,brief_on_line_stop
0.0,-2.4397076842614003,1,0.0,500.0,0,0,1,slowdown
0.0,-2.6674279575304007,1,0.0,500.0,1,0,1,slowdown
0.0,-2.0515957940635925,1,0.0,500.0,0,0,1,slowdown
4.301612533346954,-2.026816263083698,0,59.216191965285425,229.58941021883697,2,0,1,off_line_stop
0.0,-2.386581814713729,1,0.0,500.0,0,0,1,slowdown
5.080370155836355,-2.883930672308972,0,81.16862956853281,192.89453999825125,1,0,1,off_line_stop
0.0,-2.2372168407630677,1,0.0,500.0,0,0,1,slowdown
5.70179547081543,-1.6262531576779358,0,82.01706890067791,217.53648745154678,2,0,1,off_line_stop
0.0,-2.7677107793320013,1,0.0,500.0,2,0,1,slowdown
0.0,-3.340106808893075,1,0.0,500.0,0,0,1,slowdown
3.4252123390732416,-1.7957622640984914,0,87.24984139471691,184.3893211182223,1,0,1,off_line_stop
5.158606061927397,-2.1537599318142915,0,46.4268378980476,182.41220957448354,1,0,1,off_line_stop
3.0432429508410843,-1.029847362106748,0,50.80452691685967,231.682325586668,1,0,1,off_line_stop
2.279828065287087,-1.4791205888553365,1,0.0,500.0,2,0,1,brief_on_line_stop
5.077361803686355,-2.1284393699058644,0,52.73857163446983,202.49138170195732,2,0,1,off_line_stop
1.5273572885473556,-2.4391001279072118,1,0.0,500.0,1,0,1,brief_on_line_stop
1.9229422675076384,-2.1474807682018717,1,0.0,500.0,1,0,1,brief_on_line_stop
0.0,-2.1332211627666697,1,0.0,500.0,2,0,1,slowdown
5.34227269829551,-1.4327914757271925,0,83.8817398403203,212.3036750195317,2,0,1,off_line_stop
0.0,-2.147869710115226,1,0.0,500.0,0,0,1,slowdown
0.0,-2.6949681262437193,1,0.0,500.0,0,0,1,slowdown
5.970607177998146,-1.3391960567176564,0,69.96889838610737,245.02583051099379,1,0,1,off_line_stop
2.930985993581797,-1.2013084400580465,1,0.0,500.0,2,0,1,brief_on_line_stop
1.679037852676606,-1.5366288428692365,1,61.18713967848688,244.14427056665198,0,0,1,brief_on_line_stop
5.275771394124034,-2.499283026669374,0,47.70359645520135,183.3857198339406,2,0,1,off_line_stop
2.2388485695089617,-1.7090299996533957,1,0.0,500.0,1,0,1,brief_on_line_stop
2.9597125309860255,-1.6597498850059305,0,60.91947773317508,222.22253209381128,1,0,1,off_line_stop
2.9623278190864033,-2.21050165359333,1,0.0,500.0,2,0,1,brief_on_line_stop
2.464221440508849,-1.8586464133718383,1,0.0,500.0,0,0,1,brief_on_line_stop
3.4055682991509,-1.0052228855269176,1,0.0,500.0,0,0,1,brief_on_line_stop
3.062609034559703,-1.8971200886677304,1,58.86668316483659,236.97796687232022,0,0,1,brief_on_line_stop
3.8434275051724094,-1.8133438711733554,0,66.06901032206147,213.6099728180108,1,0,1,off_line_stop
3.698224149975361,-2.9075080146940304,0,65.14470682396225,244.14704872956628,1,0,1,off_line_stop
0.0,-3.076344210569822,1,0.0,500.0,1,0,1,slowdown
0.0,-2.37005025817898,1,0.0,500.0,2,0,1,slowdown
2.0866115001281473,-2.988831547972,0,89.99885102088471,233.35611845336643,1,0,1,off_line_stop
0.0,-3.258523644465709,1,0.0,500.0,0,0,1,slowdown
2.823518682523938,-1.0360757135099068,1,0.0,500.0,0,0,1,brief_on_line_stop
0.0,-3.0253536065569793,1,0.0,500.0,1,0,1,slowdown
4.1301205167397335,-2.544687281114388,0,88.22268553965537,239.3792883603004,1,0,1,off_line_stop
2.7063733861453416,-1.8177679639896607,1,0.0,500.0,1,0,1,brief_on_line_stop
0.0,-2.977614952423487,1,0.0,500.0,0,0,1,slowdown
2.844873605513357,-1.5439969867855254,1,0.0,500.0,1,0,1,brief_on_line_stop
2.2366465859907203,-1.7387763494477513,0,63.10526625993414,191.68097836558977,1,0,1,off_line_stop
0.0,-2.3222959022910707,1,0.0,500.0,0,0,1,slowdown
1.8447287631687916,-1.1663625775952038,1,54.35646560235866,207.38954756295604,2,0,1,brief_on_line_stop
3.4230664850822747,-1.7612569234150581,1,91.13223284175945,189.04861621267793,0,0,1,brief_on_line_stop
0.0,-3.3251650223616123,1,0.0,500.0,0,0,1,slowdown
0.0,-3.366577490827625,1,0.0,500.0,1,0,1,slowdown
1.6092743986617186,-1.1685548111390367,1,0.0,500.0,0,0,1,brief_on_line_stop
2.8425608577991914,-1.4474946476991222,1,0.0,500.0,0,0,1,brief_on_line_stop
4.732306404631119,-2.931017336049093,0,54.95695455260553,202.50913765707472,1,0,1,off_line_stop
5.5735032635350095,-2.919476790342535,0,54.657710400334736,188.4218797317444,2,0,1,off_line_stop
0.0,-2.4140708111976537,0,0.0,500.0,1,0,1,slowdown
3.312362731496228,-2.465005550209099,1,0.0,500.0,0,0,1,brief_on_line_stop
0.0,-3.329892139831332,1,0.0,500.0,1,0,1,slowdown
0.0,-2.012200576257427,0,0.0,500.0,1,0,1,slowdown
2.1122102249928054,-1.0380785659655085,0,58.34847470531831,198.09765767536314,2,0,1,off_line_stop
3.0812989254017147,-1.8316895499859949,1,68.86958857024939,190.20038332133652,2,0,1,brief_on_line_stop
4.471944483686147,-1.922702688392788,0,58.55637782763658,243.40097614415987,2,0,1,off_line_stop
2.7323969459247857,-2.3319348740437027,1,0.0,500.0,2,0,1,brief_on_line_stop
4.814824540653158,-1.8493402590229744,0,69.99994042798461,249.8707100428885,1,0,1,off_line_stop
0.0,-2.7176666230544275,1,0.0,500.0,2,0,1,slowdown
5.942542850055419,-2.6350763855147674,0,43.25922289793154,202.58478140407047,2,0,1,off_line_stop
2.9844661420488543,-2.001884845702212,1,0.0,500.0,2,0,1,brief_on_line_stop
3.612965281378807,-2.698758223940682,0,54.68901458825355,227.93823108906815,1,0,1,off_line_stop
0.0,-3.1823783851061402,1,0.0,500.0,2,0,1,slowdown
0.0,-2.149085856610162,1,0.0,500.0,2,0,1,slowdown
3.3953966429306766,-2.352843715764041,1,52.44668477629216,238.6818205324595,1,0,1,brief_on_line_stop
4.807851553494199,-2.862555455526193,0,68.84872435388493,188.14289701992405,2,0,1,off_line_stop
3.3984642642487204,-1.858932807419794,1,68.64695690441145,182.16454119566393,0,0,1,brief_on_line_stop
2.9095548026301925,-2.0413558031671974,1,62.694158068437396,184.46442545225077,2,0,1,brief_on_line_stop
3.2685240553487995,-2.4705384376318844,0,80.98912478299195,195.57117921741724,1,0,1,off_line_stop
2.1624333895526466,-1.44993722816027,0,78.08808026610416,235.53788243423506,2,0,1,off_line_stop
2.6020694549368346,-1.6340626216650744,1,99.57431483975452,225.7848908340835,2,0,1,brief_on_line_stop
2.4017465462004584,-2.1574114001588027,1,68.39288640152013,224.27559473075527,2,0,1,brief_on_line_stop
5.967717636871969,-1.365132334137532,0,86.76743476650638,208.10996676623077,2,0,1,off_line_stop
4.114407534759916,-1.5572697538105178,0,88.18287213053965,243.80410436643527,1,0,1,off_line_stop
5.987678288838092,-2.4065801998800413,0,62.58427479028723,239.55137310474134,2,0,1,off_line_stop
2.4945720484220133,-2.009830040625127,1,0.0,500.0,0,0,1,brief_on_line_stop
3.4744926154672635,-1.0666060209028643,0,61.18947152145066,208.5847936793531,1,0,1,off_line_stop
2.6682791608850236,-1.4766571638092545,1,91.51259545086448,187.79695747999466,0,0,1,brief_on_line_stop
0.0,-2.2240626179947434,1,0.0,500.0,1,0,1,slowdown
2.3548498945457874,-1.7642120276938815,1,0.0,500.0,1,0,1,brief_on_line_stop
0.0,-2.6482214896308616,1,0.0,500.0,0,0,1,slowdown
3.7392868939859443,-2.636617467058463,0,61.29960492868461,196.5039821081771,2,0,1,off_line_stop
0.0,-2.063399315128291,1,0.0,500.0,0,0,1,slowdown
0.0,-3.076756389544598,1,0.0,500.0,2,0,1,slowdown
5.453937773189811,-1.1192401714946436,0,59.961136260124704,239.96305996687659,1,0,1,off_line_stop
2.0318990006915922,-1.9000441626144227,1,57.60179538472855,225.8454728789649,1,0,1,brief_on_line_stop
1.9818509610463277,-2.234994978785064,1,69.83369737317008,231.69354859243595,1,0,1,brief_on_line_stop
0.0,-2.1286140616414913,1,0.0,500.0,1,0,1,slowdown
3.8313687739735074,-2.7141075946713724,0,85.54256745215147,235.07450726477236,2,0,1,off_line_stop
2.789232060247318,-1.4317454446590618,1,0.0,500.0,1,0,1,brief_on_line_stop
5.427392710414644,-1.561156042681844,0,85.14091040700389,239.4112906794167,2,0,1,off_line_stop
1.7408779876230163,-1.0419798388133505,1,0.0,500.0,1,0,1,brief_on_line_stop
0.0,-2.791609978358283,1,0.0,500.0,1,0,1,slowdown
2.062426787185358,-1.9522414188172825,1,50.19319411708541,230.92899366482195,2,0,1,brief_on_line_stop
0.0,-3.368847014700614,1,0.0,500.0,1,0,1,slowdown
2.3705112349678945,-1.185153024540733,0,87.63111299459719,227.88360788523113,1,0,1,off_line_stop
3.2472794928716064,-1.3023338915070106,1,85.33396082379087,233.4327053081742,1,0,1,brief_on_line_stop
0.0,-2.706880632038899,1,0.0,500.0,0,0,1,slowdown
0.0,-3.3511881575920124,1,0.0,500.0,1,0,1,slowdown
1.9780794843027123,-2.0693197850007903,1,0.0,500.0,2,0,1,brief_on_line_stop
0.0,-2.247588415349882,1,0.0,500.0,1,0,1,slowdown
1.9864415917807035,-2.3139960090239966,1,0.0,500.0,1,0,1,brief_on_line_stop
0.0,-2.379591405049848,1,0.0,500.0,1,0,1,slowdown
3.41665829986425,-2.015137958564663,0,51.14099117819378,228.0263749818252,2,0,1,off_line_stop
3.3577009958133663,-2.9846667092799444,0,41.530530478011805,189.30601722918283,2,0,1,off_line_stop
2.001365979018118,-1.8311066453370226,1,0.0,500.0,1,0,1,brief_on_line_stop
4.216356982486361,-2.38458812330493,0,88.64040267845287,211.89878020148285,1,0,1,off_line_stop
2.135109787775146,-1.3795961975465805,1,0.0,500.0,1,0,1,brief_on_line_stop
2.8274094468060613,-2.6595780608558974,0,47.32936955103805,236.30458885528756,2,0,1,off_line_stop
5.868626576064668,-2.4405740788064865,0,44.505912183791445,228.52239836213076,1,0,1,off_line_stop
3.350184986775834,-1.5475455952891009,0,75.9380390874076,231.8952961064906,2,0,1,off_line_stop
0.0,-3.226717955175305,1,0.0,500.0,0,0,1,slowdown
1.7141411456632323,-1.414996096399728,1,0.0,500.0,0,0,1,brief_on_line_stop
0.0,-2.4009034713002166,1,0.0,500.0,1,0,1,slowdown
0.0,-2.7657990779632136,0,0.0,500.0,2,0,1,slowdown
0.0,-2.6768260964832895,1,0.0,500.0,1,0,1,slowdown
1.9844568219463206,-2.2623828951296048,1,87.05962628646056,222.90114422856644,2,0,1,brief_on_line_stop
2.499914920375219,-2.1195083852243366,1,73.20504320959117,181.21051170903482,0,0,1,brief_on_line_stop
2.8884341193759826,-1.0501424690678567,1,0.0,500.0,0,0,1,brief_on_line_stop
1.6670033907731299,-1.812919348290047,1,56.185099097834026,225.37535344309958,0,0,1,brief_on_line_stop
0.0,-3.3587233292529493,0,0.0,500.0,2,0,1,slowdown
0.0,-2.041173443672442,1,0.0,500.0,0,0,1,slowdown
2.2194253153428574,-1.4470518213203605,1,60.96728179094883,229.42915283112208,2,0,1,brief_on_line_stop
4.141976376137373,-2.912626743331355,0,45.15694263651362,190.47824571346916,2,0,1,off_line_stop
2.668158584490824,-1.111064031201898,1,0.0,500.0,1,0,1,brief_on_line_stop
2.2179452275661875,-1.9354446985651352,1,97.25827587298673,226.38817673722903,2,0,1,brief_on_line_stop
2.750364475281916,-2.2995008508431636,0,81.44394459381424,215.6317127778393,2,0,1,off_line_stop
0.0,-3.3786619420446278,1,0.0,500.0,1,0,1,slowdown
3.300961493011842,-2.4705731523396612,1,0.0,500.0,1,0,1,brief_on_line_stop
3.3595329992549763,-1.642250787110178,1,82.5809593728291,207.59931084169833,2,0,1,brief_on_line_stop
3.1910892851080086,-1.2906572072811509,1,0.0,500.0,2,0,1,brief_on_line_stop
0.0,-2.6165275222187017,1,0.0,500.0,0,0,1,slowdown
0.0,-2.4144752189312153,1,0.0,500.0,2,0,1,slowdown
2.7457183400438656,-1.4584939406665647,1,60.73609712928169,196.01925505654376,0,0,1,brief_on_line_stop
0.0,-2.8719913292027672,1,0.0,500.0,0,0,1,slowdown
2.5273421146953012,-1.8959213061632259,1,0.0,500.0,1,0,1,brief_on_line_stop
0.0,-3.3058008224312876,1,0.0,500.0,0,0,1,slowdown
2.810579230528774,-1.9209187947076756,1,0.0,500.0,0,0,1,brief_on_line_stop
0.0,-2.081956400779938,0,0.0,500.0,2,0,1,slowdown
2.012702685047711,-1.1572088498223365,1,97.05370851233451,189.93384723306752,2,0,1,brief_on_line_stop
0.0,-2.9675500513972577,1,0.0,500.0,0,0,1,slowdown
5.2565246430625105,-2.0716032652703613,0,82.42283390575545,186.10997728932813,1,0,1,off_line_stop
4.547961525977399,-1.3150499739306154,0,66.247452286665,180.9876131499156,1,0,1,off_line_stop
0.0,-3.259342238249902,0,0.0,500.0,2,0,1,slowdown
5.612383018635159,-1.9324378384097671,0,59.91741042218233,242.732856758008,2,0,1,off_line_stop
5.8913437932721475,-2.6134661931698435,0,50.099441497069016,246.14678952775057,2,0,1,off_line_stop
4.664525455651885,-2.800288559333918,0,68.05882105819761,246.0888861788206,2,0,1,off_line_stop
0.0,-3.2095491750786787,1,0.0,500.0,0,0,1,slowdown
0.0,-2.189455899661367,1,0.0,500.0,1,0,1,slowdown
0.0,-3.332901331067596,1,0.0,500.0,0,0,1,slowdown
0.0,-2.3892818566716114,1,0.0,500.0,2,0,1,slowdown
2.5909832913483872,-2.223014094593819,1,0.0,500.0,2,0,1,brief_on_line_stop
4.351613232072696,-3.028448362893268,0,75.98559738086637,227.38127633138402,2,0,1,off_line_stop
0.0,-2.0031620100400107,1,0.0,500.0,1,0,1,slowdown
4.8394850177486965,-1.695146504143198,0,71.27914872692195,193.6701235631196,2,0,1,off_line_stop
5.789632375609987,-1.8676792031647484,0,52.24937971494273,214.0975772787294,1,0,1,off_line_stop
3.424232212981762,-1.8876061366865378,1,0.0,500.0,1,0,1,brief_on_line_stop
0.0,-2.5107674022128763,1,0.0,500.0,1,0,1,slowdown
3.23219234575697,-1.6441661282825577,1,74.60442425269983,185.84506407981496,0,0,1,brief_on_line_stop
0.0,-2.2384718985286267,1,0.0,500.0,2,0,1,slowdown
3.831131760854078,-2.955419904479574,0,50.46571517103448,230.066298096834,2,0,1,off_line_stop
0.0,-2.769459092108435,1,0.0,500.0,2,0,1,slowdown
3.3177481130474584,-2.0545833505757938,1,0.0,500.0,1,0,1,brief_on_line_stop
2.6542748809019256,-1.456941082163733,1,0.0,500.0,2,0,1,brief_on_line_stop
2.7926324522578625,-1.3495588308978745,1,0.0,500.0,2,0,1,brief_on_line_stop
0.0,-3.0583123837319808,0,0.0,500.0,1,0,1,slowdown
2.5099883638662424,-1.8671814134891025,0,46.28055847313054,248.6300238753583,1,0,1,off_line_stop
0.0,-2.7470547266950667,1,0.0,500.0,1,0,1,slowdown
5.938775739444879,-2.026243017870636,0,40.44119629022431,196.97692711754414,1,0,1,off_line_stop
5.95627005364293,-1.442035488520582,0,70.76320439219268,185.383583135379,2,0,1,off_line_stop
2.5036828059457497,-2.7191891996495814,0,86.97874938011222,192.1090765634638,2,0,1,off_line_stop
2.4081719938985366,-1.7121940148532475,0,43.254887738026326,198.5182569612199,1,0,1,off_line_stop
3.217936659237341,-1.1161788666311572,1,76.449846555868,211.6483854699142,2,0,1,brief_on_line_stop
0.0,-2.2786698071991256,1,0.0,500.0,2,0,1,slowdown
4.902877892401415,-2.4682817180348775,0,41.30635580861904,198.1971780707436,2,0,1,off_line_stop
2.704389841464363,-1.4438749081072175,1,0.0,500.0,2,0,1,brief_on_line_stop
5.786219552073019,-2.5282860855917457,0,46.34330589009188,245.63948595006346,1,0,1,off_line_stop
0.0,-2.4667073137399234,1,0.0,500.0,1,0,1,slowdown
3.5050906067443344,-2.215364078149075,0,75.52497483242024,193.6762498114175,2,0,1,off_line_stop
2.338749514153829,-2.047771551801731,1,80.4392544693882,210.80838858574253,2,0,1,brief_on_line_stop
3.100567233290837,-2.2363885149321603,1,0.0,500.0,1,0,1,brief_on_line_stop
2.6076382833081184,-1.0662862287422243,1,88.48960901886623,202.64243970905622,0,0,1,brief_on_line_stop
0.0,-2.363008813098605,1,0.0,500.0,0,0,1,slowdown
2.6671306438001263,-1.383567630402813,1,0.0,500.0,1,0,1,brief_on_line_stop
1.685446675352733,-1.7692342618013912,1,0.0,500.0,0,0,1,brief_on_line_stop
0.0,-2.8037915295362703,0,0.0,500.0,1,0,1,slowdown
0.0,-3.3630872727472325,0,0.0,500.0,1,0,1,slowdown
2.9647332409012046,-1.7240256854218583,0,59.57572075400657,218.70965842153868,1,0,1,off_line_stop
0.0,-2.3112832535592718,1,0.0,500.0,0,0,1,slowdown
4.752502452384753,-3.049845154084608,0,50.1207716960907,207.50014062998866,2,0,1,off_line_stop
2.684557049644038,-1.8094690771020203,1,0.0,500.0,2,0,1,brief_on_line_stop
0.0,-3.2507233323422744,1,0.0,500.0,0,0,1,slowdown
0.0,-2.7553004806505794,1,0.0,500.0,1,0,1,slowdown
2.519135035523324,-1.0509092984338304,1,0.0,500.0,0,0,1,brief_on_line_stop
5.714414552891331,-1.7851785792358121,0,60.66165039627869,223.67727861385248,1,0,1,off_line_stop
4.673844470818849,-2.785114935358188,0,45.69852935203492,244.72147873230543,2,0,1,off_line_stop
2.749484475574402,-1.3192195753021025,1,0.0,500.0,2,0,1,brief_on_line_stop
2.8108134436792493,-1.046151025776141,0,89.04515340635263,198.14025609971435,1,0,1,off_line_stop
2.2412432404208698,-1.5966423378734123,1,66.75233656623789,224.6179831537955,1,0,1,brief_on_line_stop
0.0,-2.6000885100087263,0,0.0,500.0,2,0,1,slowdown
1.974207703597846,-1.0943810588490712,1,0.0,500.0,2,0,1,brief_on_line_stop
2.3288277248497637,-2.217950983132725,1,0.0,500.0,2,0,1,brief_on_line_stop
2.155927670811594,-2.3813217796062456,1,0.0,500.0,0,0,1,brief_on_line_stop
0.0,-2.1925757646043995,1,0.0,500.0,0,0,1,slowdown
0.0,-3.32910827040458,1,0.0,500.0,0,0,1,slowdown
0.0,-2.2923465079996004,0,0.0,500.0,0,0,1,slowdown
0.0,-3.2512304093413835,1,0.0,500.0,1,0,1,slowdown
2.836843832662701,-1.559313207311921,1,0.0,500.0,2,0,1,brief_on_line_stop
3.4891966582169642,-1.5468202731406644,1,0.0,500.0,0,0,1,brief_on_line_stop
0.0,-2.23481680734619,1,0.0,500.0,2,0,1,slowdown
1.6046045003631983,-1.5919857844193452,1,56.919521432483414,231.136945690107,0,0,1,brief_on_line_stop
4.751261711185152,-1.4210377201159274,0,78.34240964539778,197.46501379232924,2,0,1,off_line_stop
4.2695902995855635,-1.7700962842115404,0,44.174618900802884,237.9256656864918,2,0,1,off_line_stop
4.66367112000255,-3.0255372900562216,0,86.70557095214956,193.62258805626274,2,0,1,off_line_stop
3.397219277750778,-2.0237864571878146,0,47.84827155744229,248.23455996403567,2,0,1,off_line_stop
2.242943380336067,-1.6337243902431766,1,87.37668620719201,244.79880867387092,2,0,1,brief_on_line_stop
2.686415145669402,-1.5900159886004734,1,75.20906616828427,187.39953403140714,0,0,1,brief_on_line_stop
3.6044050288805796,-2.9213719247181604,0,57.46790228723168,197.48549660235096,1,0,1,off_line_stop
2.4182472341270946,-1.0129074333507746,1,0.0,500.0,2,0,1,brief_on_line_stop
3.6602432064645796,-2.414655626894052,0,53.88582579146018,180.16857006718737,2,0,1,off_line_stop
0.0,-2.9867092796581183,1,0.0,500.0,1,0,1,slowdown
3.004697046596771,-1.179149630188459,1,84.58760168233239,226.71408166627631,0,0,1,brief_on_line_stop
5.881344765517978,-2.878881128908738,0,55.80807404010349,182.176376537569,1,0,1,off_line_stop
0.0,-2.2866107195574608,1,0.0,500.0,0,0,1,slowdown
5.481350040150086,-1.6422412268961362,0,61.42987667778185,182.55795393556966,2,0,1,off_line_stop
0.0,-2.08871517207102,0,0.0,500.0,1,0,1,slowdown
2.856750505750012,-2.4686742277102955,0,68.40101912166665,236.0950398761328,2,0,1,off_line_stop
2.7796868002456634,-1.1204204904939175,1,79.22939955842111,194.88933638251203,1,0,1,brief_on_line_stop
0.0,-3.159260426419352,1,0.0,500.0,2,0,1,slowdown
0.0,-3.0269302228863952,1,0.0,500.0,1,0,1,slowdown
0.0,-2.9405745746260123,1,0.0,500.0,1,0,1,slowdown
4.042632740186855,-2.316689163875071,0,47.043639835238935,181.62121221728682,2,0,1,off_line_stop
0.0,-3.2654882074775022,0,0.0,500.0,0,0,1,slowdown
2.5509173038990065,-2.19417565082256,1,83.7334590627887,188.08648355731563,2,0,1,brief_on_line_stop
2.642729571111849,-1.3607709561680044,0,85.05043145853541,213.92318573661612,2,0,1,off_line_stop
4.214626969192226,-3.060934398947434,0,45.981522762052144,232.98641941544457,1,0,1,off_line_stop
2.468197083390495,-1.8860600462411712,0,67.43764388626354,194.4173146409703,1,0,1,off_line_stop
2.6528960394404444,-2.084740891082276,1,0.0,500.0,1,0,1,brief_on_line_stop
0.0,-2.5727964644771233,1,0.0,500.0,2,0,1,slowdown
4.265413513525214,-1.2274776158995724,0,55.6317677097387,192.0324256763917,1,0,1,off_line_stop
5.893416290296146,-2.2237350090300576,0,61.469075996027314,219.61558266565962,1,0,1,off_line_stop
0.0,-2.608934848606561,1,0.0,500.0,2,0,1,slowdown
0.0,-2.0852076164879816,1,0.0,500.0,2,0,1,slowdown
5.027009044513523,-3.063553979906982,0,79.7877393393404,215.26520288553277,2,0,1,off_line_stop
4.353043886532682,-2.7520276620966406,0,86.62070318226662,237.77172656458703,1,0,1,off_line_stop
0.0,-2.9976062100890637,0,0.0,500.0,0,0,1,slowdown
2.5003245725021577,-1.9554643331882575,1,0.0,500.0,2,0,1,brief_on_line_stop
2.355240347142981,-2.738201299965341,0,87.15721536957578,239.97756347638608,1,0,1,off_line_stop
0.0,-2.1309422118310994,1,0.0,500.0,1,0,1,slowdown
0.0,-2.9181403106865025,0,0.0,500.0,2,0,1,slowdown
0.0,-2.772060968408299,1,0.0,500.0,1,0,1,slowdown
5.856359898638663,-2.2440351122328113,0,40.39487816598266,181.76072929396088,1,0,1,off_line_stop
4.58112611104431,-2.6024522900341105,0,79.2008000478454,209.43218433755436,2,0,1,off_line_stop
5.750129779250152,-1.3615593263162054,0,78.20681997710103,201.54544053308956,2,0,1,off_line_stop
0.0,-2.5778567914509405,0,0.0,500.0,0,0,1,slowdown
2.860095299138541,-1.165623187423783,1,89.61267985087082,245.9331818528147,0,0,1,brief_on_line_stop
2.6117925513235125,-3.045604172387026,0,49.89278203928708,185.5257772992243,1,0,1,off_line_stop
0.0,-3.249671793733256,1,0.0,500.0,2,0,1,slowdown
2.8110401502228455,-1.987594988972605,1,0.0,500.0,1,0,1,brief_on_line_stop
4.612982709169684,-2.057721462779123,0,59.486074894922396,215.21937249538686,2,0,1,off_line_stop
2.396236817960692,-2.2028078992952818,1,70.82566843379439,181.78918366448005,1,0,1,brief_on_line_stop
0.0,-2.3244386097283773,1,0.0,500.0,0,0,1,slowdown
3.1212421721405326,-2.7024802560674117,0,40.9608402278306,192.19755899118522,1,0,1,off_line_stop
4.20260691064161,-2.624664526616909,0,81.90880073810388,245.93744420119776,2,0,1,off_line_stop
2.9175322964396697,-1.3105384010148389,1,0.0,500.0,0,0,1,brief_on_line_stop
3.616807521225568,-2.863982107655089,0,70.25568523324627,216.87235625786695,2,0,1,off_line_stop
0.0,-3.280058674002238,1,0.0,500.0,0,0,1,slowdown
2.073138164281133,-2.6330284705379,0,48.096817668919485,221.91169049397016,1,0,1,off_line_stop
3.1174623717939873,-2.1955589976639662,0,52.01293729945373,246.24207991575653,2,0,1,off_line_stop
3.1521711659898766,-2.1105104309957134,0,65.03164285769529,247.20162805650517,2,0,1,off_line_stop
4.248910218486268,-2.950283849263618,0,48.140552558827906,218.53399222948366,1,0,1,off_line_stop
0.0,-2.864498504545901,1,0.0,500.0,0,0,1,slowdown
1.7723752750834136,-2.2509999413926063,1,91.0433345711457,228.64017336799492,2,0,1,brief_on_line_stop
2.7841070008455624,-1.0570298068080906,1,59.84450719450173,245.25956132871607,2,0,1,brief_on_line_stop
0.0,-2.322941557384961,1,0.0,500.0,2,0,1,slowdown
0.0,-2.157062732484186,1,0.0,500.0,2,0,1,slowdown
0.0,-2.010449348576475,1,0.0,500.0,0,0,1,slowdown
2.508609758935547,-2.118903675882672,1,77.5540051039608,232.05140551886146,2,0,1,brief_on_line_stop
2.7992978144234906,-2.1987465431173767,1,0.0,500.0,1,0,1,brief_on_line_stop
5.167099682820766,-1.305755040395416,0,73.88368663552701,231.59153386278732,2,0,1,off_line_stop
5.498309311373129,-1.639894366935671,0,52.19160596882487,240.6967770836358,1,0,1,off_line_stop
0.0,-2.58170344740452,1,0.0,500.0,0,0,1,slowdown
2.888617866592431,-2.1910583569657436,1,81.39517903735882,246.05861488274402,2,0,1,brief_on_line_stop
3.401623686515366,-1.7868622499070013,1,51.12886614724479,198.2009295757028,2,0,1,brief_on_line_stop
0.0,-2.2195408632542115,1,0.0,500.0,1,0,1,slowdown
0.0,-2.7481396720815834,1,0.0,500.0,1,0,1,slowdown
3.4477019511021134,-1.2943327119837014,0,61.895792850254,214.03241054421838,2,0,1,off_line_stop
1.5870471641341253,-2.3072684831166472,1,0.0,500.0,1,0,1,brief_on_line_stop
2.3079510901320357,-2.6229392967112886,0,73.00772093915342,225.46064409384553,1,0,1,off_line_stop
3.6419882504839536,-2.12631113641342,0,42.52972064495516,200.92704349525445,1,0,1,off_line_stop
4.648769956512304,-1.8797617473763764,0,51.11815514702265,232.16465533301636,2,0,1,off_line_stop
2.6494804153851814,-1.3244812904920034,0,76.46316395823662,224.9967178002102,1,0,1,off_line_stop
2.767693734707154,-1.8566741528082384,1,84.29995301859067,192.46272358542834,0,0,1,brief_on_line_stop
2.702100629070882,-1.2941950294641758,1,0.0,500.0,2,0,1,brief_on_line_stop
3.3723267341842575,-1.103504267410015,0,55.116934767624926,243.39095713650923,2,0,1,off_line_stop
0.0,-3.2105314732435293,1,0.0,500.0,1,0,1,slowdown
0.0,-2.007302849490852,1,0.0,500.0,1,0,1,slowdown
3.9149936587282173,-1.5466653968820077,0,59.61914829146574,217.59541489667606,1,0,1,off_line_stop
0.0,-2.398417016580272,0,0.0,500.0,0,0,1,slowdown
0.0,-2.4471508834203157,1,0.0,500.0,0,0,1,slowdown
1.9954875973659292,-1.6904040162040792,1,0.0,500.0,1,0,1,brief_on_line_stop
0.0,-2.451250881660024,0,0.0,500.0,1,0,1,slowdown
2.1876397688016205,-1.311958104709713,1,59.33947977785576,214.36858868367958,2,0,1,brief_on_line_stop
0.0,-2.5959128568366387,1,0.0,500.0,1,0,1,slowdown
5.968512625362923,-2.939722485379526,0,43.794942049467856,225.95854563972878,1,0,1,off_line_stop
4.7552563887966475,-2.253617481635162,0,84.46262000412088,184.68918200021776,1,0,1,off_line_stop
0.0,-3.3796917760858185,1,0.0,500.0,1,0,1,slowdown
4.915888024002301,-2.6326138360366733,0,73.613677383733,234.33370801319478,1,0,1,off_line_stop
2.716443794957014,-2.1653150238392986,1,93.27583031622339,197.23646698785953,2,0,1,brief_on_line_stop
2.0130966900713307,-1.047894217481331,1,0.0,500.0,0,0,1,brief_on_line_stop
0.0,-2.708387587335204,1,0.0,500.0,2,0,1,slowdown
0.0,-2.0494584225911265,1,0.0,500.0,0,0,1,slowdown
2.5988881971858406,-1.7528618172229382,0,48.26525737687614,187.90170872262706,1,0,1,off_line_stop
4.19803418984959,-1.4410138764056766,0,57.18355406423836,213.4551618769522,1,0,1,off_line_stop
0.0,-2.1800789187698055,1,0.0,500.0,1,0,1,slowdown
3.4007160721114693,-2.509484364928378,0,46.56276493646353,235.0886081455098,1,0,1,off_line_stop
0.0,-2.0055208872398556,1,0.0,500.0,2,0,1,slowdown
2.22448364420234,-2.1158205210676426,0,41.981363072920786,236.18520865967784,1,0,1,off_line_stop
0.0,-3.0191361133414687,1,0.0,500.0,1,0,1,slowdown
3.480481547710616,-1.5388220290218189,1,0.0,500.0,1,0,1,brief_on_line_stop
0.0,-2.508533450107014,1,0.0,500.0,0,0,1,slowdown
0.0,-2.529742641753362,1,0.0,500.0,1,0,1,slowdown
2.574949449279451,-1.5027418739930325,1,89.24804320603307,224.76756426853873,2,0,1,brief_on_line_stop
4.640205364420874,-1.357340216939823,0,76.22368951015196,219.71370667918205,1,0,1,off_line_stop
3.2131865717375603,-2.16811557079311,1,0.0,500.0,1,0,1,brief_on_line_stop
2.327829108785507,-2.183539182344693,1,0.0,500.0,1,0,1,brief_on_line_stop
0.0,-2.192211371626958,1,0.0,500.0,2,0,1,slowdown
0.0,-2.232514406574928,1,0.0,500.0,0,0,1,slowdown
0.0,-2.833755035297253,1,0.0,500.0,0,0,1,slowdown
2.2970902462666984,-1.6321941127801116,1,0.0,500.0,0,0,1,brief_on_line_stop
0.0,-3.378316174607381,1,0.0,500.0,2,0,1,slowdown
2.4116118968945437,-3.0338515162617736,0,73.96174563742358,232.67283828336735,1,0,1,off_line_stop
0.0,-2.2514646423732145,1,0.0,500.0,2,0,1,slowdown
0.0,-3.2129081481189026,1,0.0,500.0,2,0,1,slowdown
0.0,-2.2199426638338347,0,0.0,500.0,1,0,1,slowdown
0.0,-3.0172891800454553,1,0.0,500.0,0,0,1,slowdown
0.0,-2.922970029831719,1,0.0,500.0,1,0,1,slowdown
3.21013986050799,-1.496197329197076,1,0.0,500.0,2,0,1,brief_on_line_stop
4.237963019476897,-2.2445194814332243,0,63.87125426292309,222.01828035782103,2,0,1,off_line_stop
0.0,-2.5723861263644374,1,0.0,500.0,0,0,1,slowdown
1.92499121044404,-2.172893883681574,1,77.49182310888351,181.65501829585645,0,0,1,brief_on_line_stop
0.0,-3.2732557543012866,0,0.0,500.0,2,0,1,slowdown
2.672803911075866,-2.443881442772357,1,0.0,500.0,2,0,1,brief_on_line_stop
3.2529549220137572,-2.8132108877173287,0,79.62363327793886,234.305914418076,2,0,1,off_line_stop
2.300109931774764,-1.9600784638054547,1,86.8902268907171,241.581597186033,2,0,1,brief_on_line_stop
4.88535849754504,-3.0094748334251977,0,48.931430947312116,246.52378930260605,2,0,1,off_line_stop
0.0,-2.7778706336686856,1,0.0,500.0,0,0,1,slowdown
3.560438849822878,-1.1713798061550125,0,72.40584025120941,231.1838599735989,2,0,1,off_line_stop
1.8580950982954658,-1.2060946739729148,1,0.0,500.0,0,0,1,brief_on_line_stop
4.39631387581734,-2.635460697065867,0,69.84468507369068,236.65460171127717,1,0,1,off_line_stop
0.0,-3.1162497462878815,0,0.0,500.0,1,0,1,slowdown
0.0,-2.2099190476976527,1,0.0,500.0,1,0,1,slowdown
1.8684707570840615,-2.3231574440015104,1,0.0,500.0,1,0,1,brief_on_line_stop
0.0,-2.3545019003446224,1,0.0,500.0,2,0,1,slowdown
3.549686118765438,-2.791777068127787,0,69.79803049705589,184.7287402212869,1,0,1,off_line_stop
2.3613267321123703,-1.8530496394177243,0,60.17600711516585,225.3846865996752,1,0,1,off_line_stop
1.5325503653309447,-2.1609982331419735,1,0.0,500.0,1,0,1,brief_on_line_stop
3.217159313905464,-2.847292590177083,0,74.52070858385609,192.03976748563002,1,0,1,off_line_stop
4.887616723911943,-2.9684209748130117,0,71.71605996091019,181.7272788003049,1,0,1,off_line_stop
0.0,-2.214146294839159,1,0.0,500.0,1,0,1,slowdown
0.0,-3.087690663514594,1,0.0,500.0,1,0,1,slowdown
0.0,-2.9889430317361123,1,0.0,500.0,2,0,1,slowdown
0.0,-2.551033637690801,1,0.0,500.0,0,0,1,slowdown
3.2111586859097203,-1.6708169430272508,0,48.75199440484059,193.20982586498005,1,0,1,off_line_stop
5.135574459262424,-1.7234031773320184,0,87.38217697404804,196.72458989546269,2,0,1,off_line_stop
2.385772740407253,-1.351937984362219,1,0.0,500.0,1,0,1,brief_on_line_stop
2.7412887673206745,-1.6084097493722849,1,0.0,500.0,1,0,1,brief_on_line_stop
2.5706945968348234,-1.3291843506543195,1,93.3763109054038,232.3156949186411,1,0,1,brief_on_line_stop
4.988911388131391,-1.0146914777996834,0,57.22446113211983,210.8210803702752,1,0,1,off_line_stop
4.9949259108413555,-3.021895597879599,0,58.99985652214015,204.54198946695124,1,0,1,off_line_stop
1.7827006676303785,-2.442311305738298,1,90.4764978404511,247.09496871168895,1,0,1,brief_on_line_stop
2.374523151476213,-2.4004134444873717,1,56.91626694358794,188.2029865984219,0,0,1,brief_on_line_stop
0.0,-3.0710251985047647,1,0.0,500.0,0,0,1,slowdown
2.2131673804893444,-2.518905505211928,0,62.43144042308436,191.05260953556234,2,0,1,off_line_stop
0.0,-2.7016055759061453,1,0.0,500.0,0,0,1,slowdown
0.0,-2.664638438390079,1,0.0,500.0,2,0,1,slowdown
0.0,-2.9107630795982806,1,0.0,500.0,2,0,1,slowdown
2.975075899076135,-1.7879906473346354,0,75.31744453674222,219.0170354707487,2,0,1,off_line_stop
2.669641407348496,-2.061512593220282,0,55.96830117536016,243.90494658856525,1,0,1,off_line_stop
2.2803620569670224,-2.2411557456819406,1,0.0,500.0,1,0,1,brief_on_line_stop
1.6563518660893988,-1.0474752710723108,1,95.94311226615595,230.1808121079776,0,0,1,brief_on_line_stop
0.0,-2.7454899331765663,1,0.0,500.0,1,0,1,slowdown
0.0,-3.1572117126361445,1,0.0,500.0,1,0,1,slowdown
3.4535234756329443,-1.0478458126555434,1,69.32882976386577,241.74346860525927,2,0,1,brief_on_line_stop
2.230861533799827,-1.6422920507752412,1,96.66970303308638,238.52836742961748,0,0,1,brief_on_line_stop
0.0,-3.362165141234244,1,0.0,500.0,1,0,1,slowdown
2.4779281485999656,-1.04457582003465,1,50.44400966332244,229.3817254657625,2,0,1,brief_on_line_stop
2.89201496442004,-1.0483518793444588,1,0.0,500.0,0,0,1,brief_on_line_stop
3.2794619757097,-1.4488451509024847,1,0.0,500.0,1,0,1,brief_on_line_stop
0.0,-3.1823580995235763,1,0.0,500.0,2,0,1,slowdown
0.0,-2.995554526679298,0,0.0,500.0,1,0,1,slowdown
5.971320259628117,-2.908100676484742,0,64.27507201714613,230.59809410427766,1,0,1,off_line_stop
0.0,-3.0653027730758367,0,0.0,500.0,1,0,1,slowdown
2.1729348317534543,-2.376420448948524,1,69.91367915716948,242.1258550641347,0,0,1,brief_on_line_stop
0.0,-2.4043940884362027,0,0.0,500.0,1,0,1,slowdown
0.0,-2.504678013042058,1,0.0,500.0,1,0,1,slowdown
2.2296725808212123,-1.910999433616516,1,65.37950572109649,184.58693436353602,0,0,1,brief_on_line_stop
3.6347266035984407,-3.0837668502118913,0,59.64934523754693,186.2436793123211,1,0,1,off_line_stop
5.678560290505159,-2.652060967609675,0,81.81091545936184,244.97622572716313,2,0,1,off_line_stop
5.979690922613995,-1.0698912967472667,0,81.74198380717812,239.9907468665583,2,0,1,off_line_stop
3.9126778305433962,-2.65428743960326,0,49.75401995605899,222.219115762475,2,0,1,off_line_stop
0.0,-2.834643110926766,1,0.0,500.0,1,0,1,slowdown
0.0,-2.302733619024021,1,0.0,500.0,1,0,1,slowdown
2.982633872048198,-1.189804912859059,1,0.0,500.0,1,0,1,brief_on_line_stop
4.752591206163822,-1.0640606610503422,0,56.77989247175254,212.6697879134534,2,0,1,off_line_stop
2.4696675528336525,-1.4354271974605148,0,41.22806974550663,186.5154012946794,1,0,1,off_line_stop
5.279881062542922,-2.1059387708681205,0,61.2248945345553,226.35140607709843,1,0,1,off_line_stop
0.0,-2.1841194974578766,1,0.0,500.0,1,0,1,slowdown
0.0,-2.839933517657279,1,0.0,500.0,0,0,1,slowdown
0.0,-2.779294842034503,0,0.0,500.0,1,0,1,slowdown
4.080781734534069,-2.008777032852643,0,75.83215158729224,231.12031875880413,1,0,1,off_line_stop
2.3981862727223753,-2.2167620365437064,1,69.07650852703219,248.89785821029503,2,0,1,brief_on_line_stop
0.0,-2.6967335582787553,1,0.0,500.0,1,0,1,slowdown
0.0,-3.18388391564747,1,0.0,500.0,1,0,1,slowdown
0.0,-2.866042208297593,0,0.0,500.0,1,0,1,slowdown
5.840081391151123,-2.831552195747951,0,57.436997417636576,240.1934511703584,2,0,1,off_line_stop
3.0287887236983453,-2.2814384939952577,0,54.09019561710678,225.46970953575524,2,0,1,off_line_stop
0.0,-3.0278632306166804,1,0.0,500.0,0,0,1,slowdown
0.0,-2.036207363532897,1,0.0,500.0,1,0,1,slowdown
0.0,-2.875351410762979,1,0.0,500.0,1,0,1,slowdown
3.3879582425727266,-1.341691039980708,1,83.79195060176258,183.4890480824179,0,0,1,brief_on_line_stop
2.403034120458665,-1.5516296508921612,1,55.64201716586778,204.1907366758243,2,0,1,brief_on_line_stop
4.088422556119006,-3.0419382191739737,0,63.50087612553152,244.00983089428436,1,0,1,off_line_stop
1.9603057905518804,-1.6112765140864003,1,66.26843864850923,240.60805012727442,1,0,1,brief_on_line_stop
0.0,-2.8096318326861427,1,0.0,500.0,2,0,1,slowdown
0.0,-2.857069415764816,1,0.0,500.0,1,0,1,slowdown
1.8423692329221488,-2.015648078537225,1,51.23841607031226,191.21242441667252,0,0,1,brief_on_line_stop
5.990172592888348,-2.0239400034389954,0,64.76850365108791,234.1379133566207,2,0,1,off_line_stop
3.7080859276039124,-1.2096385518114157,0,60.046319132824294,248.86752887902125,1,0,1,off_line_stop
0.0,-3.379064225959305,1,0.0,500.0,2,0,1,slowdown
2.8181833459419696,-1.6960990448528626,1,0.0,500.0,1,0,1,brief_on_line_stop
0.0,-2.728249283068097,1,0.0,500.0,0,0,1,slowdown
2.6307901979400814,-1.367925536218157,1,64.68040519707849,214.9319699247672,1,0,1,brief_on_line_stop
5.849519534543676,-1.93858306232504,0,57.613961481337554,182.04376235648067,1,0,1,off_line_stop
2.3328103096825945,-1.3682991990077136,1,0.0,500.0,2,0,1,brief_on_line_stop
0.0,-3.323664406038334,1,0.0,500.0,2,0,1,slowdown
1.5127239446677718,-2.115933161157583,1,99.06976929508353,249.49724269274978,0,0,1,brief_on_line_stop
0.0,-2.227057289614461,0,0.0,500.0,2,0,1,slowdown
2.874673905784878,-1.0735737806116772,1,91.28848649537797,249.8108093541421,0,0,1,brief_on_line_stop
0.0,-3.0943470876902666,1,0.0,500.0,2,0,1,slowdown
2.694316173809601,-2.3640080336831266,1,0.0,500.0,0,0,1,brief_on_line_stop
2.221312307446773,-2.024919562817037,1,89.38725815515775,247.27142860090942,0,0,1,brief_on_line_stop
0.0,-2.6910909719899463,1,0.0,500.0,0,0,1,slowdown
2.6876124130508963,-1.706268240398761,1,68.22375298884987,223.68545765705392,0,0,1,brief_on_line_stop
0.0,-2.338353586178705,1,0.0,500.0,2,0,1,slowdown
5.1117623950341216,-2.7333334306427592,0,50.46656094485143,217.7486872871091,2,0,1,off_line_stop
0.0,-2.5487306371280884,1,0.0,500.0,2,0,1,slowdown
2.4522105841300217,-2.4817641778694357,0,82.50920635204459,190.5555461643812,2,0,1,off_line_stop
0.0,-2.657633510814619,0,0.0,500.0,2,0,1,slowdown
5.4899396126182936,-1.1352087889159268,0,77.84276384074872,244.50693024900806,2,0,1,off_line_stop
0.0,-2.8412264846698863,1,0.0,500.0,1,0,1,slowdown
2.1270192127693477,-2.3887945979308234,1,97.4872571364756,249.4330378333146,2,0,1,brief_on_line_stop
2.7097181855240433,-2.0246834223410763,0,45.11564625415246,241.0775276278979,1,0,1,off_line_stop
0.0,-2.566308258833457,1,0.0,500.0,1,0,1,slowdown
2.9068118649544257,-1.12368327626645,1,0.0,500.0,1,0,1,brief_on_line_stop
0.0,-2.5492318869905066,1,0.0,500.0,0,0,1,slowdown
1.68964600260789,-2.182086193570691,1,0.0,500.0,2,0,1,brief_on_line_stop
2.639969883879382,-1.020058199680812,1,73.26988300521275,239.06634951666186,1,0,1,brief_on_line_stop
3.370218817665759,-2.349116835146593,0,51.34117191844168,219.21491496892963,2,0,1,off_line_stop
0.0,-2.799899112078434,1,0.0,500.0,0,0,1,slowdown
0.0,-3.241684466970208,1,0.0,500.0,2,0,1,slowdown
2.980721817410848,-1.4236886944190563,1,56.78208843379311,227.47338525325296,2,0,1,brief_on_line_stop
2.5410595682758417,-1.0891719731590292,1,0.0,500.0,1,0,1,brief_on_line_stop
4.404670015792387,-2.310115748946375,0,42.35872782575573,206.49075323214726,1,0,1,off_line_stop
0.0,-2.9193529180543067,0,0.0,500.0,1,0,1,slowdown
4.1930311245878755,-2.2149767887785163,0,55.60226416501595,183.7677781709128,1,0,1,off_line_stop
1.9004636450447727,-1.9453819962387033,1,0.0,500.0,0,0,1,brief_on_line_stop
0.0,-2.5594863074367264,0,0.0,500.0,1,0,1,slowdown
3.0533881467133694,-1.7604982270026435,1,67.35096445414234,230.88192595581745,2,0,1,brief_on_line_stop
0.0,-2.434823533016529,0,0.0,500.0,2,0,1,slowdown
0.0,-2.848091597435451,1,0.0,500.0,1,0,1,slowdown
2.7612514086193527,-1.7691454460955667,1,88.15164667356956,198.37973987275313,0,0,1,brief_on_line_stop
5.26638818756465,-2.606604948724202,0,78.54232922940167,242.19549400835157,2,0,1,off_line_stop
3.437356402232922,-1.8604759748118074,1,0.0,500.0,0,0,1,brief_on_line_stop
1.8493545856429578,-1.503336546062289,1,0.0,500.0,0,0,1,brief_on_line_stop
0.0,-2.6503180162500954,1,0.0,500.0,0,0,1,slowdown
2.4566487716684504,-1.771939489320466,1,0.0,500.0,1,0,1,brief_on_line_stop
1.9794440624508884,-1.0193889328432753,1,0.0,500.0,2,0,1,brief_on_line_stop
5.37939929535008,-2.16098523648184,0,50.558846000642255,231.89485634727149,2,0,1,off_line_stop
0.0,-2.791045552371974,0,0.0,500.0,2,0,1,slowdown
0.0,-2.9351329279918925,1,0.0,500.0,2,0,1,slowdown
4.100658979666256,-1.9742354537520788,0,75.48002297493598,222.73461370291616,2,0,1,off_line_stop
2.903857577306331,-1.968997855866948,1,67.11242129867517,204.94262163505536,1,0,1,brief_on_line_stop
0.0,-3.3466813589110265,0,0.0,500.0,0,0,1,slowdown
2.973650527392847,-1.7915922641889959,1,98.7925516957557,183.8585829745508,1,0,1,brief_on_line_stop
4.274444071893493,-1.4268863676467043,0,70.21520817750962,234.69961199830243,1,0,1,off_line_stop
3.7624328967581118,-2.446200875243646,0,81.69317853364856,214.744086302545,1,0,1,off_line_stop
2.409034137449999,-2.1578881405067287,1,0.0,500.0,0,0,1,brief_on_line_stop
0.0,-2.391191982958603,1,0.0,500.0,1,0,1,slowdown
0.0,-2.2485651731896583,1,0.0,500.0,1,0,1,slowdown
0.0,-2.9877227653128307,1,0.0,500.0,2,0,1,slowdown
3.1304252440087157,-2.13964655883665,0,66.32978818937764,197.31736152382626,2,0,1,off_line_stop
5.768725819144183,-1.5262569264724106,0,80.05135218154929,226.7159406008498,1,0,1,off_line_stop
0.0,-2.192520817251229,1,0.0,500.0,1,0,1,slowdown
0.0,-2.821511962563253,0,0.0,500.0,0,0,1,slowdown
2.101007531718309,-1.5748259113709278,0,47.862872946851105,248.29744893285311,2,0,1,off_line_stop
0.0,-2.2818384590543115,1,0.0,500.0,0,0,1,slowdown
2.8407297290744844,-1.1455108169420338,1,50.968453301544606,185.76903534944427,1,0,1,brief_on_line_stop
2.594493997618728,-2.1320891545232006,1,0.0,500.0,1,0,1,brief_on_line_stop
4.877356261933317,-3.0289805160569507,0,57.88804451410266,249.93416043145174,1,0,1,off_line_stop
0.0,-3.048027977450613,1,0.0,500.0,1,0,1,slowdown
3.4128052909548723,-2.3570125716842734,1,0.0,500.0,1,0,1,brief_on_line_stop
5.7874790061529335,-2.8581063607750203,0,69.51919251845696,185.74825361526783,1,0,1,off_line_stop
0.0,-2.10762394254332,1,0.0,500.0,0,0,1,slowdown
2.881709164681326,-1.9547923865241545,1,81.55724324265019,194.46927997172207,2,0,1,brief_on_line_stop
2.640810633290222,-1.279243700913518,1,0.0,500.0,1,0,1,brief_on_line_stop
2.292972647666044,-2.241520024821206,0,61.812966620065666,197.52006151931516,2,0,1,off_line_stop
0.0,-2.2462495933410573,0,0.0,500.0,2,0,1,slowdown
2.110305861717187,-1.2062300251283533,1,95.81639079669779,223.92723011762905,2,0,1,brief_on_line_stop
1.6715978956587738,-1.8606260274292628,1,0.0,500.0,0,0,1,brief_on_line_stop
0.0,-2.115984463703811,0,0.0,500.0,1,0,1,slowdown
0.0,-2.7580781098333786,1,0.0,500.0,0,0,1,slowdown
3.9752467715193838,-2.9263631218046395,0,57.74286706738494,240.02060411549965,2,0,1,off_line_stop
0.0,-2.990471667409585,1,0.0,500.0,0,0,1,slowdown
0.0,-3.335510959807315,1,0.0,500.0,2,0,1,slowdown
4.3910994492720885,-1.577578875348307,0,73.72357176025812,228.89933626231613,2,0,1,off_line_stop
2.590962769940871,-2.93029048217236,0,45.75225411728076,224.0420518097358,2,0,1,off_line_stop
0.0,-2.2045409927860917,1,0.0,500.0,0,0,1,slowdown
2.543088439465744,-2.0118087268727285,1,0.0,500.0,1,0,1,brief_on_line_stop
2.5606949759769546,-1.1204085471856027,0,71.26790702173349,225.725701348267,2,0,1,off_line_stop
3.121530433964508,-1.1135290232443857,1,81.61558946606797,188.42880751155604,1,0,1,brief_on_line_stop
0.0,-2.584816102952895,1,0.0,500.0,1,0,1,slowdown
1.7897557977601593,-2.0235724474157104,1,0.0,500.0,0,0,1,brief_on_line_stop
2.2943332918077033,-2.4975578761855863,0,43.17659672841412,195.71715725520613,1,0,1,off_line_stop
5.238753231232906,-2.79366409133963,0,56.304994479435685,216.96336201251464,2,0,1,off_line_stop
2.948781758431436,-1.146229524091982,1,95.66253043134338,224.6117127758138,2,0,1,brief_on_line_stop
1.8627240956898208,-1.5188760586819805,1,86.35618326585745,217.8660534598072,1,0,1,brief_on_line_stop
0.0,-2.273344252363811,1,0.0,500.0,1,0,1,slowdown
3.3875695031926583,-1.7601981202984076,1,76.40183237561827,248.69603371503644,1,0,1,brief_on_line_stop
0.0,-3.320228958387429,1,0.0,500.0,1,0,1,slowdown
1.6035113447755802,-1.6566757574277082,1,50.50854809978625,184.97017575392684,1,0,1,brief_on_line_stop
0.0,-3.014260566302238,1,0.0,500.0,1,0,1,slowdown
2.9863521614523934,-2.177072829362549,1,0.0,500.0,2,0,1,brief_on_line_stop
0.0,-2.314632416636652,1,0.0,500.0,2,0,1,slowdown
0.0,-2.925694810558166,1,0.0,500.0,2,0,1,slowdown
2.143373334653107,-1.9672024792517495,1,51.21787368920037,219.9853354133594,2,0,1,brief_on_line_stop
2.0907865677922217,-2.0861561250040923,1,0.0,500.0,2,0,1,brief_on_line_stop
0.0,-3.2526828569899235,1,0.0,500.0,0,0,1,slowdown
2.3572940069756037,-1.750992640863147,1,60.01031515464606,212.03799056911694,2,0,1,brief_on_line_stop
0.0,-3.1213373391063186,1,0.0,500.0,2,0,1,slowdown
5.427349059861701,-2.7215119360994997,0,61.28162216485907,183.3664988242281,2,0,1,off_line_stop
2.2219532745126873,-2.1392724167182195,1,63.19861077460113,238.43235462171043,2,0,1,brief_on_line_stop
4.9628448028648435,-3.0281579299272163,0,89.78843984370867,244.66630520449164,1,0,1,off_line_stop
3.4332967252595283,-2.3918448907215293,1,76.71862535125933,208.14543580755756,2,0,1,brief_on_line_stop
4.362536311300499,-2.471146491896615,0,60.19982915907645,208.42206924413722,1,0,1,off_line_stop
2.111136383628647,-3.011518382412173,0,54.49528535483547,189.8623603238216,2,0,1,off_line_stop
3.2264147515993384,-1.1429599067765652,1,0.0,500.0,0,0,1,brief_on_line_stop
0.0,-2.627063123760875,1,0.0,500.0,0,0,1,slowdown
2.2321589828228894,-2.1543895980103187,0,59.139578255695206,212.54625385845762,2,0,1,off_line_stop
0.0,-2.214422855548515,1,0.0,500.0,1,0,1,slowdown
2.461142301196285,-3.0535791270797215,0,53.9893405838626,201.4917877537695,1,0,1,off_line_stop
0.0,-3.057229886295452,0,0.0,500.0,0,0,1,slowdown
3.1264658312211524,-1.6063453493992876,1,0.0,500.0,2,0,1,brief_on_line_stop
0.0,-3.1179263894934546,1,0.0,500.0,2,0,1,slowdown
3.0584663043169047,-1.1810891243721604,0,82.30980213738874,180.55647790107855,1,0,1,off_line_stop
0.0,-3.3834689693960605,1,0.0,500.0,2,0,1,slowdown
0.0,-2.8481661362645987,0,0.0,500.0,1,0,1,slowdown
0.0,-2.3509820008149505,1,0.0,500.0,0,0,1,slowdown
2.253509326458026,-2.489999952190434,1,58.81110826032579,185.3877717862713,2,0,1,brief_on_line_stop
2.097067953686532,-1.3789097856771277,0,71.1104590345234,226.16586804839332,2,0,1,off_line_stop
0.0,-2.5372472647211364,1,0.0,500.0,1,0,1,slowdown
3.085501656419695,-1.9972011482724217,1,0.0,500.0,1,0,1,brief_on_line_stop
1.7664920164358804,-2.435019161985225,1,0.0,500.0,2,0,1,brief_on_line_stop
1.540368837214079,-1.9059639201374312,1,71.9208788433194,232.46966638102924,2,0,1,brief_on_line_stop
0.0,-2.1070866093513256,1,0.0,500.0,1,0,1,slowdown
2.1507587828602004,-2.547006305736403,0,54.59717539757162,211.68478621297479,2,0,1,off_line_stop
0.0,-2.3501139002300815,1,0.0,500.0,1,0,1,slowdown
2.3402379186831004,-1.7852468592879833,0,77.21886506031457,230.51462918887924,2,0,1,off_line_stop
5.110699119472057,-1.226054275383671,0,45.9105633922265,226.02425102074415,2,0,1,off_line_stop
1.862073755546514,-1.7751574891466577,1,0.0,500.0,2,0,1,brief_on_line_stop
2.8947982953160603,-2.0855485177473807,0,71.9222512195298,195.01146580343763,2,0,1,off_line_stop
2.865355240542832,-2.8961800993000573,0,51.839944096499586,188.4584238190058,1,0,1,off_line_stop
0.0,-2.0629348613758904,1,0.0,500.0,0,0,1,slowdown
0.0,-2.024709824315572,1,0.0,500.0,1,0,1,slowdown
1.5971534756597152,-1.911312664931242,1,84.42121327595076,231.19362847506343,0,0,1,brief_on_line_stop
0.0,-3.2159002267464407,1,0.0,500.0,0,0,1,slowdown
0.0,-2.617073392181998,1,0.0,500.0,0,0,1,slowdown
2.7592076545930855,-1.0832213201738468,1,98.34675202539587,192.21367074268096,0,0,1,brief_on_line_stop
0.0,-2.0074521748565886,1,0.0,500.0,0,0,1,slowdown
0.0,-3.1476669109051003,0,0.0,500.0,2,0,1,slowdown
2.271721952213589,-1.0696271136869588,1,95.47606281525768,214.73232645993093,1,0,1,brief_on_line_stop
3.088309036228401,-1.3367066289738458,1,0.0,500.0,1,0,1,brief_on_line_stop
3.1991055645163655,-1.013025397695805,1,0.0,500.0,2,0,1,brief_on_line_stop
3.884187408179022,-2.7861348136691046,0,88.2558430813992,221.6408030275581,1,0,1,off_line_stop
2.7788879079725346,-1.315103720589107,1,77.65437119604431,238.43683504007313,0,0,1,brief_on_line_stop
3.513888758967717,-1.0758947074712548,0,52.704228921227745,228.8734021733492,1,0,1,off_line_stop
2.633195669159688,-1.222112240896687,0,44.752668907535444,226.13934031825266,1,0,1,off_line_stop
0.0,-2.725929407842919,1,0.0,500.0,1,0,1,slowdown
0.0,-2.700845914664122,1,0.0,500.0,0,0,1,slowdown
2.2321102160104274,-1.889413409277229,0,40.02855282015861,235.0305307148271,2,0,1,off_line_stop
0.0,-3.2948824249503494,1,0.0,500.0,0,0,1,slowdown
1.999471437771781,-1.3036294138458924,1,0.0,500.0,2,0,1,brief_on_line_stop
5.31361153270142,-2.8101087515044565,0,48.764268976216286,204.74136277790313,1,0,1,off_line_stop
2.792898775057856,-1.518806534853303,1,61.2692022388167,240.61984414513833,0,0,1,brief_on_line_stop
0.0,-3.0832656081748793,1,0.0,500.0,2,0,1,slowdown
0.0,-2.804633729163929,1,0.0,500.0,2,0,1,slowdown
0.0,-3.2567270946077462,1,0.0,500.0,0,0,1,slowdown
6.277554803691468,-4.651072756479377,1,189.29317485578025,158.93494632701575,4,0,2,on_line_fast_traffic
4.010500523664536,-4.42386221725183,1,170.1394800583469,113.88256384688181,1,0,2,on_line_fast_traffic
5.737140985000012,-4.62677230869873,1,151.88673559358526,150.2586621039569,3,0,2,on_line_fast_traffic
5.804023861767121,-4.670397522580393,1,112.68346749239129,75.81626677391084,2,1,2,multi_car
4.477230893390891,-2.323877854984707,0,100.46766291586741,110.11200164827945,3,1,2,multi_car
2.24451106188525,-2.2871369829630117,0,146.45123401493825,35.03477655696404,3,1,2,multi_car
5.542714046387427,-2.7030388446118843,1,188.07520980477912,99.9092528215856,4,0,2,on_line_fast_traffic
7.388511360444098,-3.2867256174106863,1,148.45566354533076,68.18830145091903,1,0,2,on_line_fast_traffic
6.53059335190266,-4.938493350769965,1,142.93392195842796,140.09104337599317,4,0,2,on_line_fast_traffic
4.543398048263339,-2.595726157500927,1,201.894754985111,63.749992011869885,3,0,2,on_line_fast_traffic
5.7443396802990625,-2.5120137543463166,1,219.43436299397624,144.00610981201802,3,0,2,on_line_fast_traffic
6.401706851211915,-3.786804438795086,1,194.4586271278731,48.80599641464517,2,0,2,on_line_fast_traffic
4.6776858853643,-3.7410691574338943,1,165.0472652860364,50.033152969087205,2,0,2,on_line_fast_traffic
3.0774607139406402,-2.5271969510069767,1,157.34413185336578,116.85268890855446,4,0,2,on_line_fast_traffic
5.665970019520805,-4.4514843135013935,1,129.4060609040151,167.81913712223067,1,0,2,on_line_fast_traffic
5.854492482723494,-2.332159574559727,1,164.0456347062486,45.79277134959335,3,1,2,multi_car
4.4052370719361384,-2.5322267015133892,1,218.605129433723,113.77377049337096,1,0,2,on_line_fast_traffic
7.79481084825818,-4.746478986662454,1,201.42429309683493,77.53033178622759,3,0,2,on_line_fast_traffic
3.750427758875881,-3.0400872853289598,1,94.00036889805934,83.39217940531404,3,1,2,multi_car
4.546736693733292,-2.946436814025379,1,157.34103981784978,97.32708825030102,2,0,2,on_line_fast_traffic
6.556188807373352,-3.0472765839249756,1,123.66553951682371,72.5319330529897,3,0,2,on_line_fast_traffic
4.374730875294164,-4.938038357457813,1,111.88739434229689,138.76714744793586,2,1,2,multi_car
3.2196407178669246,-2.9365630490355685,1,213.5249554773196,44.44309898346398,3,0,2,on_line_fast_traffic
6.961628244204557,-3.2166854693572944,1,192.507800313869,53.78532506422523,3,0,2,on_line_fast_traffic
4.559110154421037,-5.190374474523404,1,141.45722952179574,48.089045048701905,2,0,2,on_line_fast_traffic
3.8096534691017636,-4.8740557829993945,1,185.045662764669,110.76060972987263,4,0,2,on_line_fast_traffic
6.629994785740251,-2.798420711429447,1,219.9466110406689,161.86456170282202,4,0,2,on_line_fast_traffic
5.733734803654441,-3.5683739939969423,1,81.49369442282324,104.92042529181644,4,1,2,multi_car
5.952237252649691,-2.996418395153939,1,143.63106066625744,94.24582654127725,3,1,2,multi_car
6.527210549260001,-2.5034391148774042,1,122.3279481482253,126.64202848557241,4,0,2,on_line_fast_traffic
7.197354746061332,-2.9671416056129076,1,121.38269140522918,84.33152901591971,2,0,2,on_line_fast_traffic
7.858638666887843,-4.88586547424785,1,168.40746119371389,143.7944196474913,3,0,2,on_line_fast_traffic
5.4336340855093,-4.77289523904341,1,176.01006296631155,63.1027645093658,2,1,2,multi_car
5.623811680408505,-4.949566554349306,1,151.12792187447442,142.02244471585334,1,0,2,on_line_fast_traffic
6.4734223760056375,-3.671080824162293,1,151.80872494376086,137.0634170184641,2,1,2,multi_car
3.3528058258560476,-2.3968816767349894,0,145.58125382591552,151.3862225360076,3,1,2,multi_car
6.976841991153734,-2.4874724592467703,1,146.71247705022932,45.508484984282696,4,1,2,multi_car
6.169912971254733,-4.845505671485315,1,186.04161789415977,35.068673883850586,1,0,2,on_line_fast_traffic
3.6975345045312253,-3.1279180305917222,1,217.49672819047242,137.94461953147248,4,0,2,on_line_fast_traffic
6.839718156848178,-3.9552034250096,1,112.68814416995254,172.09066095665546,4,1,2,multi_car
4.156942690653959,-3.1198022528621117,1,112.6130142625004,159.10011994331785,4,1,2,multi_car
4.616315726657148,-4.8285190355837235,1,125.04457901439035,76.85547070493821,2,1,2,multi_car
4.122432390137565,-2.7442377068295523,1,132.66994297154284,52.89231617767777,1,0,2,on_line_fast_traffic
3.0550833999776774,-5.065388491101769,1,132.38190926769747,83.6408421303422,2,0,2,on_line_fast_traffic
3.5328398509538115,-3.805731479736126,1,204.47835975413957,107.97476736477961,4,0,2,on_line_fast_traffic
6.677547657062907,-4.339620869742271,1,156.21859065469243,36.48132262139252,1,0,2,on_line_fast_traffic
7.126964415635858,-3.368204876209485,1,133.77698986059045,102.59717166281749,1,0,2,on_line_fast_traffic
3.0424043226119886,-2.651587559826319,1,161.70449325850723,124.63522694570888,4,0,2,on_line_fast_traffic
7.4877421923270235,-2.619028299951191,1,154.01408696437437,79.1887045144209,2,0,2,on_line_fast_traffic
5.438429560616953,-4.634558022025448,1,151.78826164028175,134.22764892850836,2,0,2,on_line_fast_traffic
5.803624278169751,-3.512737669296972,1,173.92108022955705,45.08496505211492,1,0,2,on_line_fast_traffic
7.531070584008889,-4.731270021584698,1,209.27828233880518,50.53630182540805,4,0,2,on_line_fast_traffic
3.9074549525391404,-4.662157823912476,1,101.99453551419724,133.00716845325164,3,1,2,multi_car
6.394203061499839,-2.804381864942367,1,167.30377863606606,121.44170598524859,2,1,2,multi_car
3.245827627696083,-2.6204577235766777,1,128.8811882014008,111.17450774576022,1,0,2,on_line_fast_traffic
4.215534886979491,-3.092127706052416,1,214.8581531903099,46.634320624890414,2,0,2,on_line_fast_traffic
4.828863572115159,-2.0013485782227662,0,89.90985907601039,132.37059010292586,2,1,2,multi_car
7.045319275523686,-4.258746872517812,1,196.93874172159795,88.97480523039386,3,0,2,on_line_fast_traffic
6.209972612986516,-3.7052801631651535,1,100.55584060545493,68.7162391209563,3,1,2,multi_car
3.0464219271175157,-3.62688131386664,1,120.27684757639128,109.10216102898714,2,0,2,on_line_fast_traffic
5.810743158075632,-4.372503927653165,1,120.00131685562074,38.32187625980334,3,0,2,on_line_fast_traffic
7.014500739783853,-4.437794241401365,1,186.30122425535515,129.0335729336184,3,0,2,on_line_fast_traffic
6.621887491837846,-4.492622889758517,1,127.40197074151808,38.85801720924746,3,0,2,on_line_fast_traffic
5.637983572743979,-4.559071445588665,1,153.47078187910125,68.51639072870887,2,0,2,on_line_fast_traffic
4.246684257269975,-4.716271717399051,1,137.71335497200386,80.32629320214676,4,0,2,on_line_fast_traffic
4.497552236538215,-2.5090636674949343,1,143.55092578212478,77.27149824304232,2,0,2,on_line_fast_traffic
6.927777482386036,-2.627892958848477,1,158.89486996552407,35.25216378112177,2,0,2,on_line_fast_traffic
6.741256622186578,-4.9464847977140405,0,111.58127721160844,133.73751184958704,4,1,2,multi_car
7.44105593964812,-3.609032748911822,1,157.5887541904232,157.96962419266669,2,0,2,on_line_fast_traffic
7.798481320185809,-2.1994642567233407,1,110.08577478670456,93.65280914321431,4,1,2,multi_car
4.45736214033369,-4.634216142491577,1,142.32441444850565,127.51242386187583,2,0,2,on_line_fast_traffic
6.018491195797932,-3.456229099910616,1,138.78912421966513,48.80846721651744,4,0,2,on_line_fast_traffic
5.34565998791758,-2.6250627881518924,1,218.383950694262,123.98244561845861,3,0,2,on_line_fast_traffic
5.190943356585057,-5.079684276181667,1,139.95250209241271,55.91905721143425,4,0,2,on_line_fast_traffic
7.458585320028641,-3.847352610847414,1,132.57863553539786,72.73030414845807,4,0,2,on_line_fast_traffic
7.229959540006517,-3.4386678189110063,1,126.12336818168679,123.20173542018928,4,0,2,on_line_fast_traffic
4.544088055182155,-3.749292834853608,0,104.49985993596594,115.94665406988763,4,1,2,multi_car
5.294643176146779,-4.607388673831387,1,130.789002239129,48.45225399917597,3,1,2,multi_car
3.660536807473502,-2.571738712083404,1,168.8531163063462,110.14233810068252,3,0,2,on_line_fast_traffic
6.273960766731719,-4.545770960682732,1,130.89146825799676,176.14034859927833,4,1,2,multi_car
7.0364521240119196,-3.9201706179101397,1,142.3961851530064,111.2586092095236,2,0,2,on_line_fast_traffic
2.0181619392544468,-2.7076880464200297,1,117.09211771994337,163.28953557139323,2,1,2,multi_car
7.225938137454955,-4.000155154355269,1,120.76147042225669,56.42313980645012,2,0,2,on_line_fast_traffic
5.625040677186311,-4.788640575716822,1,151.65623782827427,145.803773984589,4,1,2,multi_car
2.109058899013764,-4.856711645369739,1,163.7992405744867,111.70693773316259,4,1,2,multi_car
4.796889440932251,-4.736875994021133,1,146.40135708378335,98.91379406500491,3,0,2,on_line_fast_traffic
6.7126054671374416,-3.77341541001215,1,188.02828988394938,97.94117348871656,3,0,2,on_line_fast_traffic
6.370717381040741,-4.4154922134289585,1,202.3299793860326,105.70115853438843,3,0,2,on_line_fast_traffic
6.398204208095277,-2.708218825428837,1,141.8955022461184,140.90205401307188,1,0,2,on_line_fast_traffic
4.988265005907302,-4.962190755450591,1,81.95527495359346,46.70589142767662,3,1,2,multi_car
6.629600121982346,-4.594719486358858,1,176.5488954014114,65.70649581774259,1,0,2,on_line_fast_traffic
3.074787779669671,-4.34086254540285,1,181.42975554091677,33.0515155134161,3,0,2,on_line_fast_traffic
6.817132675810609,-3.3322041130344453,1,183.5376650632306,114.20901488509624,4,0,2,on_line_fast_traffic
3.966296505571829,-4.344656567815949,1,213.35516462700085,110.67980489782543,1,0,2,on_line_fast_traffic
5.880090168223031,-3.3217349005343864,1,119.65038467246971,165.03783151768346,3,1,2,multi_car
7.637117842885327,-2.9126452798575087,1,170.59577570388296,111.86194167381213,4,0,2,on_line_fast_traffic
4.00485119634485,-4.611488918135566,1,187.18519170522066,120.60625515412242,1,0,2,on_line_fast_traffic
5.040616545483241,-2.0692098604679834,1,131.82508627607913,76.45084134478692,2,1,2,multi_car
4.828908339602064,-2.250692469070552,1,152.52578738476714,55.72601070754709,4,1,2,multi_car
4.542843335844026,-2.792181767460394,1,128.56925072237638,46.71759022158451,2,1,2,multi_car
4.5551531264854885,-3.832502958767902,1,142.64000334365372,72.42747855464017,4,1,2,multi_car
4.488603019106448,-5.189904010534056,1,143.08423147116235,157.80034420849591,2,0,2,on_line_fast_traffic
4.526003917606206,-2.912009346570069,1,178.9339087391798,122.81943410064092,4,1,2,multi_car
3.1795894066971364,-4.789176182071969,1,128.3805455807199,36.57613138481339,3,0,2,on_line_fast_traffic
5.378943025287591,-4.917280192011882,1,199.00787990828385,57.66850023081802,2,0,2,on_line_fast_traffic
6.901201323094414,-3.923149608166563,1,137.44919420240794,85.44772837496667,2,0,2,on_line_fast_traffic
7.866128374044173,-4.286892548112305,1,121.6195162231397,128.70115872855393,3,0,2,on_line_fast_traffic
7.310794571069074,-3.5365027522105743,1,139.96150377543003,95.51260611143283,2,0,2,on_line_fast_traffic
4.1791074424892525,-4.047806862088431,1,196.73462708508794,146.8936123823826,2,0,2,on_line_fast_traffic
3.3340188179846963,-3.8067324958569944,1,163.3781477028386,57.57705275542552,2,0,2,on_line_fast_traffic
7.870741265103444,-2.6397174076893197,1,199.57463798574324,120.40031811181542,4,0,2,on_line_fast_traffic
6.175780591414065,-2.8473366175453814,1,126.94065082974973,169.08847050731646,2,0,2,on_line_fast_traffic
4.266113122666168,-3.715091680940168,1,215.00881822978405,91.42150957415336,3,0,2,on_line_fast_traffic
7.344045989892308,-3.429222053445277,1,189.60090040771024,122.46979052956294,4,0,2,on_line_fast_traffic
4.195574985604913,-2.156709495494398,1,141.6553687673759,146.26502803460303,4,1,2,multi_car
5.502089510690184,-2.2542744371446775,1,158.21417573220728,112.40646512847941,4,1,2,multi_car
2.976730768876333,-3.2222695123134306,0,97.15979912471657,39.22903557188165,4,1,2,multi_car
5.567218043730538,-4.8560915175732,0,154.9430390220571,32.87358568173783,3,1,2,multi_car
7.480509682685194,-3.670857937909089,1,216.21457196129947,121.34831729015755,2,0,2,on_line_fast_traffic
5.546360375933418,-4.378166266241899,1,126.53689722396207,78.25093448990744,1,0,2,on_line_fast_traffic
2.9424281738422047,-3.0450196948115678,1,157.55409018641137,107.77676907381309,4,1,2,multi_car
7.5519851527939785,-3.4203111617233555,1,157.29315638839586,66.4709363089716,4,1,2,multi_car
5.935721705775491,-3.564051117273916,1,175.6383358582544,104.59322758410981,4,0,2,on_line_fast_traffic
4.071815248807814,-5.006027821889527,1,123.13410414598555,137.68845941463073,4,0,2,on_line_fast_traffic
4.364313145919177,-2.219201560985802,0,164.28648556917352,80.43860819826803,4,1,2,multi_car
7.0473453400507475,-3.018516038575323,1,182.897575639127,90.28829233221468,3,0,2,on_line_fast_traffic
7.157201036254798,-3.376638246939802,1,213.4426115655016,109.65074177477227,1,0,2,on_line_fast_traffic
4.539835665316154,-3.202012669568916,0,147.7500849486126,146.05351966851336,3,1,2,multi_car
3.5686233482164127,-2.260595655584546,1,121.52764305177041,106.38353881450244,3,1,2,multi_car
5.155689281846201,-4.346528858083195,1,180.87341157586087,166.08753181020276,2,0,2,on_line_fast_traffic
5.441115879396301,-2.189720490206942,0,141.63113332510932,94.25682239888069,2,1,2,multi_car
4.730015650949469,-2.6833582859403418,1,87.08317966373392,164.67916644590812,4,1,2,multi_car
6.801578931075139,-4.861131920849794,1,199.15725888150837,90.45936263548157,3,0,2,on_line_fast_traffic
4.866823899904764,-5.0220287288252505,1,214.90904912313798,137.50192117333137,1,0,2,on_line_fast_traffic
3.1666991507849636,-4.639314532642161,1,138.41374773324893,86.73775234186017,2,1,2,multi_car
6.386910128384902,-5.090836506960232,1,197.76337382402986,98.06276303421755,2,0,2,on_line_fast_traffic
7.538320941611934,-4.060889165879136,1,169.66390230661952,125.59702173439923,2,0,2,on_line_fast_traffic
3.318677437874398,-4.8088008893104295,1,180.72617006994568,53.08279417150963,1,0,2,on_line_fast_traffic
7.949667562947654,-4.212943807651869,1,183.61121409671225,40.102912849221084,2,0,2,on_line_fast_traffic
7.463914447793603,-3.9790125941106953,1,150.93889164508735,127.72773197405283,4,0,2,on_line_fast_traffic
6.716728458939521,-4.931142116143636,1,112.12254315588653,104.68914196028004,4,1,2,multi_car
3.5920555232922644,-2.6942247648319744,1,124.44274265154108,152.4855592784584,4,1,2,multi_car
4.01417877889644,-2.8042997197703037,1,155.93292133266496,98.40040438298344,2,1,2,multi_car
3.6601594139456473,-4.394935853295242,1,219.23176335992474,138.9090577164533,2,0,2,on_line_fast_traffic
5.7387364375654135,-2.8848704319927587,1,97.98228556558335,45.3890358395762,2,1,2,multi_car
6.9780221072450175,-3.2906467618821655,1,195.70399509451119,162.8407576779879,1,0,2,on_line_fast_traffic
5.427044710050273,-4.525343374093712,1,129.709013989309,89.94969224788392,3,0,2,on_line_fast_traffic
7.155256551991888,-4.698387682624508,1,204.82653598499812,127.70220990147826,2,0,2,on_line_fast_traffic
6.9672759280602925,-4.619847245765809,1,178.56619078887715,161.2227187468768,3,1,2,multi_car
2.4157255720826383,-2.673476152615689,1,91.11542569986848,100.47000994788948,3,1,2,multi_car
7.391734141852576,-4.787207429812396,1,196.42779210597328,87.07719396556786,3,0,2,on_line_fast_traffic
6.348246547789239,-2.9894792807188764,1,176.13144834086157,167.2949455448682,1,0,2,on_line_fast_traffic
6.227784336302237,-4.329453774173669,1,203.0388357675505,90.89729493498683,3,0,2,on_line_fast_traffic
3.0558320835475397,-3.8440396632125062,1,130.76247488886995,144.98357902648468,3,1,2,multi_car
5.819577632921866,-2.9683015467388625,1,147.93833397838537,34.85985921217971,1,0,2,on_line_fast_traffic
7.933146966435759,-5.196011455238143,1,191.98479198896476,115.6599596679671,1,0,2,on_line_fast_traffic
7.482771360925809,-3.9021236608266023,1,123.52839994177012,129.31541488120737,4,0,2,on_line_fast_traffic
4.290264779859807,-3.75135702674497,1,156.12744010512813,84.66544919218087,4,0,2,on_line_fast_traffic
4.8920219487802505,-5.040927138738562,1,198.96584537635604,33.870583512277314,3,0,2,on_line_fast_traffic
6.637144534631952,-3.5494811851437005,1,163.55269034669533,93.71779337445524,4,1,2,multi_car
3.877392997094196,-2.7956072100724683,1,97.88733500408452,126.71586546492105,2,1,2,multi_car
7.037965576470691,-3.4549962296524037,0,170.04691278855879,57.79313686560342,3,1,2,multi_car
4.073123745603876,-4.722921626822236,1,183.57231545365693,71.17647719943116,3,0,2,on_line_fast_traffic
4.57746593027258,-4.4021689143833935,1,83.33762255549355,75.34308232063502,2,1,2,multi_car
5.927910067221216,-2.9037229237996875,1,153.52830205289249,153.98358287951422,2,0,2,on_line_fast_traffic
6.720716130217197,-3.808901967540118,1,166.49825764004635,117.06957351169056,2,0,2,on_line_fast_traffic
3.4988125958375,-4.9680615646748265,0,153.77548964496447,50.57168085832999,2,1,2,multi_car
3.877062520985465,-5.031873604170304,1,201.62897702489877,103.2306417484007,1,0,2,on_line_fast_traffic
3.732910514511505,-4.0097061880163,1,138.32221263987097,72.90000467260282,4,0,2,on_line_fast_traffic
7.341392582743417,-2.7748567212025823,1,144.95438055609384,113.23104574148708,4,0,2,on_line_fast_traffic
5.750423236757187,-4.078126876643829,1,149.09671813304595,71.03721721751728,1,0,2,on_line_fast_traffic
7.614058221176257,-3.1666134220972326,1,110.15745742535145,135.39960066223566,2,1,2,multi_car
2.429849258567984,-4.232851281745659,1,106.50013361406623,83.25700690870325,2,1,2,multi_car
3.5216514749765717,-2.994497079676012,1,163.00383649732333,69.49384684777351,4,0,2,on_line_fast_traffic
6.453008614733422,-3.921247826503257,1,181.11973014027697,90.67891648284828,3,0,2,on_line_fast_traffic
3.2104924892313487,-3.3448066089708783,1,188.4430041394894,76.15031510255355,4,0,2,on_line_fast_traffic
4.725067142333876,-4.421035883829391,1,132.1984865253318,131.44839098963163,1,0,2,on_line_fast_traffic
6.176503722113495,-3.1594319311069894,1,200.52953571950613,60.02195024898515,4,0,2,on_line_fast_traffic
6.239874194852493,-2.164159779941179,1,130.64335403599074,97.89733444695771,4,1,2,multi_car
6.033150332204585,-4.456361952113996,1,209.59766157245608,68.21227381261154,2,0,2,on_line_fast_traffic
6.43171305734065,-4.32195227742461,1,169.30006477829698,84.74315674851815,3,0,2,on_line_fast_traffic
3.8000588242448083,-2.6241594871947296,1,106.76108576621769,34.984974414680856,4,1,2,multi_car
6.475052631934373,-5.127493784178598,1,165.4688383626075,50.58855758186278,1,0,2,on_line_fast_traffic
3.568615381842319,-4.986879384811642,1,103.26325485601006,104.40071542865158,4,1,2,multi_car
6.897359923134739,-2.785702891681751,1,205.70027170325483,137.42716519697885,2,0,2,on_line_fast_traffic
7.4749687302083245,-3.1204001219463193,1,172.10058072286208,148.98911082329283,4,0,2,on_line_fast_traffic
3.302037883978162,-3.287412762653995,1,144.1920311474811,151.80876661647463,2,0,2,on_line_fast_traffic
6.417721187231566,-5.097721704167281,1,149.91878523852037,136.5679380538354,2,0,2,on_line_fast_traffic
2.624697051869169,-2.485595270009834,1,120.29872151293785,101.55238360983816,2,1,2,multi_car
3.3310765980506796,-4.329312347968657,1,122.36613535342644,143.32588888022147,1,0,2,on_line_fast_traffic
6.551844568298172,-4.109093396642046,1,185.7018529328633,121.3110865264632,4,0,2,on_line_fast_traffic
7.821529355969837,-3.6521214331521987,1,181.70791761484182,142.39298752278413,4,0,2,on_line_fast_traffic
5.635079584138579,-4.262766117507784,1,191.72054497375817,81.63051731547935,1,0,2,on_line_fast_traffic
3.9107128328395424,-4.006101982442249,1,211.93034322521214,155.43694110136676,2,0,2,on_line_fast_traffic
4.2892756996910135,-4.629743321211098,1,192.49800182441882,100.74757635924891,2,0,2,on_line_fast_traffic
3.6189895187258747,-4.619874190549039,1,181.74644435816973,82.76343516332233,2,0,2,on_line_fast_traffic
6.2983635320593105,-5.008944940478115,1,167.4412460339644,93.64649536895018,4,0,2,on_line_fast_traffic
7.7587485694612,-4.882301956636659,0,126.24061448243386,61.54489414035882,4,1,2,multi_car
7.691487457588943,-3.48159659671681,1,195.67174268235374,159.22060915275512,2,0,2,on_line_fast_traffic
7.7383707343767805,-3.998655513850145,1,169.18800746508703,168.26967122751807,4,0,2,on_line_fast_traffic
3.125181570108576,-4.8895468932375055,1,133.6304009798158,49.80746892619585,2,1,2,multi_car
7.66532692112933,-3.808673970046015,1,135.11030014651283,162.92176305266767,3,1,2,multi_car
5.000440828264477,-4.14176470657267,1,147.92026126828307,93.15194146218671,4,0,2,on_line_fast_traffic
5.657361309327876,-4.061248364404587,1,153.78367361307733,68.09656208941074,1,0,2,on_line_fast_traffic
2.8372619972369586,-4.134383347142353,1,91.79770211065605,179.83075346464332,2,1,2,multi_car
7.480241577140661,-4.144802075130177,1,191.5070166806815,108.52864760994895,2,0,2,on_line_fast_traffic
7.082309428715615,-4.483918299460353,1,156.38506964114637,111.45603875166417,2,1,2,multi_car
7.014121856519839,-2.610688578465483,1,207.92759721912583,165.59929851698857,4,0,2,on_line_fast_traffic
3.59956765423534,-4.679914902560225,1,184.7489042623586,77.43568445307723,3,0,2,on_line_fast_traffic
5.827833442265864,-4.802905413752386,1,187.0113748584243,70.39225451868995,4,0,2,on_line_fast_traffic
5.8550277396977926,-3.895239152931439,1,160.3509628253255,49.08818843087623,4,0,2,on_line_fast_traffic
5.15399599002907,-5.023453777960234,1,216.5097168618898,137.46971974899313,3,0,2,on_line_fast_traffic
6.295878084823798,-2.0612652528951667,0,129.36185670905292,170.51094748277796,2,1,2,multi_car
4.315868022419221,-5.186652114641306,1,173.0677871512075,150.84555593746134,2,0,2,on_line_fast_traffic
5.592343563907117,-3.730427598901807,1,175.28859547723502,148.68353040339798,4,0,2,on_line_fast_traffic
3.969932656218297,-4.21589114635954,1,141.09530413315053,150.71843823274057,4,1,2,multi_car
5.243580921396234,-3.498340342927907,1,145.34516120108879,48.67840385854626,4,0,2,on_line_fast_traffic
7.359889023739236,-3.6307856937687233,1,151.7293165811222,133.47851424209807,2,0,2,on_line_fast_traffic
4.281434012438412,-5.026953350513417,1,128.15896926172167,88.04836523407926,1,0,2,on_line_fast_traffic
4.151303578073028,-3.258733707433743,1,142.18453647486643,78.32598008848983,3,0,2,on_line_fast_traffic
5.157936732858325,-3.628138344613266,1,158.65808801743893,164.9762017712604,4,0,2,on_line_fast_traffic
7.231252525636199,-2.9814832031839265,0,111.52272462436588,42.43115448844807,2,1,2,multi_car
4.139327896549552,-4.533072501778115,1,185.73056183279544,126.10568210913274,3,0,2,on_line_fast_traffic
6.543151324425702,-3.3405937728469106,1,219.8674028060071,132.44747283036088,1,0,2,on_line_fast_traffic
7.202706675293288,-3.767935099158281,1,103.73156028053796,131.71679929881375,3,1,2,multi_car
3.2154131390606517,-4.7033668501988855,1,125.18731666487419,124.12201719767363,2,0,2,on_line_fast_traffic
4.595417099425183,-4.577274975640162,1,146.71506785526208,121.89281137291279,2,1,2,multi_car
3.8636743566203338,-4.659426262516673,1,165.01211967413283,90.01014774905437,4,0,2,on_line_fast_traffic
4.927870730979589,-3.9038909913481077,1,130.67998229234658,89.50922178221411,2,0,2,on_line_fast_traffic
5.490961767191573,-2.947739565893982,1,156.3051701791632,92.01463441963017,3,0,2,on_line_fast_traffic
7.503831612687489,-3.98601388398711,1,187.6368128117364,40.80654756151662,3,0,2,on_line_fast_traffic
4.576043451777615,-3.456587724157388,1,142.28427806415127,41.853810047176886,4,0,2,on_line_fast_traffic
4.202450408530864,-3.2632568854323454,1,138.17962766062726,166.48393924184322,4,0,2,on_line_fast_traffic
7.579397899884203,-4.585170101160531,0,127.90340518491931,55.58121560356507,4,1,2,multi_car
4.462257584908518,-4.436261361523663,1,122.56726863073425,49.885910088516795,2,0,2,on_line_fast_traffic
2.7406541228026486,-2.1448755523112006,1,149.06741530430963,50.898788910705015,4,1,2,multi_car
3.3818011805545956,-4.252732112589568,1,83.53753967242072,165.87950333639108,2,1,2,multi_car
3.924095004482362,-3.2164249923883284,1,138.8557571443641,130.7348354546422,4,0,2,on_line_fast_traffic
7.65724878689251,-4.734630765835636,1,178.84011275696733,31.251351459919846,2,0,2,on_line_fast_traffic
6.638808232662771,-4.627349970660718,1,127.1825204571991,129.1984238305959,4,0,2,on_line_fast_traffic
7.783176780785274,-4.067270276512576,1,170.80418519992716,89.55555059746764,4,0,2,on_line_fast_traffic
7.604106523573069,-4.119338631533297,1,142.72836415083398,32.46035304328474,3,0,2,on_line_fast_traffic
7.187587328114316,-2.197925832720228,1,174.00469260809027,105.25154937852079,3,1,2,multi_car
4.121938470613091,-3.2244186985844188,1,146.07922438484113,118.82464936387146,2,1,2,multi_car
6.05395784340094,-2.5450145843785172,1,137.44628495663196,53.180080272420476,3,0,2,on_line_fast_traffic
6.677378865991382,-2.8243704790919275,1,186.81940734503442,54.97464335151456,1,0,2,on_line_fast_traffic
2.975180291696476,-3.5252103696140598,1,161.19248600576367,49.28433081969459,2,1,2,multi_car
6.8691979970562365,-3.343493963071288,1,127.97155793674376,51.83243482931194,3,0,2,on_line_fast_traffic
7.4360596551133895,-3.517094504572633,1,172.3348605135786,137.61634125260403,1,0,2,on_line_fast_traffic
5.894615927765677,-2.2300395596553133,1,89.65189661703076,67.2426211020342,3,1,2,multi_car
6.587919019434733,-4.320081302980985,1,194.70800889310658,38.64570661322692,2,0,2,on_line_fast_traffic
3.272100143548845,-4.729519036885716,1,194.02689334805356,112.84665066885478,4,0,2,on_line_fast_traffic
6.785661766350914,-4.497616068825884,1,133.71783354898045,140.96854621452184,2,0,2,on_line_fast_traffic
5.502730710642674,-4.241720931731424,1,202.16888573752277,94.83543053302752,1,0,2,on_line_fast_traffic
5.453298077283033,-3.1755618981802245,1,172.87253814561484,94.7511456349125,1,0,2,on_line_fast_traffic
4.200450567212645,-3.039959997313917,1,167.418533956696,37.07061112671909,4,0,2,on_line_fast_traffic
4.768524570938459,-3.816600223914458,1,146.94367112253641,108.4891092591769,1,0,2,on_line_fast_traffic
5.71863730678801,-3.274466708688366,1,126.19809720023149,49.13328266476531,4,0,2,on_line_fast_traffic
6.4185441905218985,-2.6341034475959906,1,138.55498297134815,74.67137789471988,3,0,2,on_line_fast_traffic
7.792035070889805,-3.050180614444541,1,126.25203494791089,79.42207610372468,2,0,2,on_line_fast_traffic
3.6329098256789454,-3.6001167850162465,1,150.63911392499486,42.84174866175033,1,0,2,on_line_fast_traffic
5.50849883010175,-2.7081691061685245,1,206.27444740141442,69.85982814972658,3,0,2,on_line_fast_traffic
7.589231795337954,-3.3022898786562584,1,163.48527125302226,84.19287624336702,4,1,2,multi_car
5.7580385790947055,-3.8213865952934176,1,205.00178788139564,132.0993931775065,1,0,2,on_line_fast_traffic
6.673514561936872,-4.233872393749052,1,170.01771522770127,168.25746052950265,4,0,2,on_line_fast_traffic
7.093117889214498,-4.325957641356584,1,105.97533605262068,161.31585406319473,4,1,2,multi_car
3.364639800763599,-3.2111973352534093,1,136.0879320360356,56.3723739577927,2,1,2,multi_car
4.111644637926398,-3.441513730020506,1,121.40536879200862,126.94381487697981,1,0,2,on_line_fast_traffic
4.757022182741812,-3.404234564576529,1,171.18298008785217,150.37196109324555,1,0,2,on_line_fast_traffic
4.04436267938762,-4.076086423195351,1,162.99786351622237,174.273771074614,2,1,2,multi_car
7.782541855153607,-3.615266939465719,1,161.5031730655137,44.87484731788124,3,0,2,on_line_fast_traffic
3.4670259088072033,-3.4343859713034433,1,101.75753817414333,121.92085119921413,2,1,2,multi_car
4.631055701345501,-3.028415691011184,1,189.66635999901374,102.32015115112365,1,0,2,on_line_fast_traffic
3.2862408479582483,-3.648477616634882,1,216.69585789814207,37.506732058890904,3,0,2,on_line_fast_traffic
2.2423893131337236,-2.4399599629124,1,95.75133976840526,107.81331374457646,3,1,2,multi_car
3.2024453491845604,-2.3215595291365934,0,126.02698474137551,162.39166482662068,4,1,2,multi_car
6.137660025935448,-4.992946596614494,1,137.1695799447906,142.10199830275647,2,0,2,on_line_fast_traffic
6.87768046776232,-2.5120800348593244,1,92.88372284769527,174.0123161978047,3,1,2,multi_car
3.3274169899719412,-4.925021718890596,1,150.0762148137675,113.58280459860102,1,0,2,on_line_fast_traffic
6.243791878137658,-3.0196672970290734,1,165.88694580514692,104.68890446925522,2,0,2,on_line_fast_traffic
4.25850305634476,-2.8785580027122855,1,190.61443363079198,53.55958023921925,2,0,2,on_line_fast_traffic
4.0214525876991045,-3.3631003909390103,1,122.79451346537054,160.66404321532252,2,1,2,multi_car
7.03092029678108,-4.149061883992822,1,177.79273018640902,147.98793986525484,4,1,2,multi_car
3.826154703690631,-2.966237751163231,1,181.43311748601417,88.26759862028159,3,0,2,on_line_fast_traffic
4.234566349398216,-3.5385355143697845,1,95.52011442938266,41.34671455477359,4,1,2,multi_car
5.7769312578983065,-5.057280807747988,1,194.9486281359328,137.62684243492916,4,0,2,on_line_fast_traffic
6.892723619153904,-4.82619033594145,1,90.55889408870013,127.65297888802594,3,1,2,multi_car
3.3861121120933393,-4.370831093813033,1,203.47854319240386,52.23780870211132,1,0,2,on_line_fast_traffic
7.432614470960219,-2.856965209875346,1,123.50860937437372,130.94761162730845,1,0,2,on_line_fast_traffic
5.572366707321131,-3.9577981590532274,1,153.68605127273787,63.38484784127256,4,0,2,on_line_fast_traffic
7.2464220406052124,-3.3673608470460312,1,147.38191848756514,67.490840736307,4,0,2,on_line_fast_traffic
4.405375124201905,-2.5692574758163134,1,198.84076224683727,65.82975606433439,1,0,2,on_line_fast_traffic
5.259130313243337,-4.512390889931596,0,116.7291614129165,43.251122983445576,4,1,2,multi_car
2.1278139571951002,-2.668890003458739,1,169.81483716198153,30.794562255235842,4,1,2,multi_car
5.119995635794901,-4.262410594279976,1,148.97440885692498,152.31735606572417,2,0,2,on_line_fast_traffic
5.161472129961164,-3.466670873683862,1,201.58882474975846,135.9884417950079,3,0,2,on_line_fast_traffic
4.706859313050636,-2.604997572088864,1,128.17072454401458,37.54858377759285,2,0,2,on_line_fast_traffic
2.9172342928446855,-4.571425453041725,1,164.55738478281972,123.57005421382078,2,1,2,multi_car
2.7435904793181,-4.09689606092716,1,131.9253329786201,173.2083905701286,3,1,2,multi_car
4.165967536478961,-4.488956662390793,1,130.40907499592112,33.743948004164565,4,0,2,on_line_fast_traffic
3.851232421090062,-4.376360685653241,1,156.33058934580185,32.23194145533685,1,0,2,on_line_fast_traffic
5.200270419391959,-3.1816406453339527,1,131.99709098585498,100.53548656394906,4,1,2,multi_car
7.428133099341532,-3.3146269686081338,1,168.69686228459622,30.510159467547616,3,0,2,on_line_fast_traffic
4.529519444565581,-3.232501625486596,1,219.75371692110346,111.81501142432631,4,0,2,on_line_fast_traffic
4.327624849467855,-3.453711788319041,1,218.6060047870654,90.28703490808012,1,0,2,on_line_fast_traffic
5.418385804476903,-3.214278974171031,1,166.09196124543254,32.353129092495585,2,1,2,multi_car
6.7511522216108135,-2.2274696304272332,1,157.09416821393188,120.34606101430268,4,1,2,multi_car
2.2981221574878443,-2.1784891154683477,1,90.55651789189098,66.27661510597163,3,1,2,multi_car
2.9849820416760897,-4.369518681650077,0,164.2143211260892,37.435218116205746,3,1,2,multi_car
7.081506036286015,-3.0896581709200968,1,138.92459041900096,82.08129250607679,3,1,2,multi_car
5.91645855259644,-2.4008724110086908,0,137.64434410807036,46.725525768875876,2,1,2,multi_car
5.155562749412095,-3.0510198214805744,1,216.1069292924866,130.7506899020196,3,0,2,on_line_fast_traffic
7.244335905296809,-3.968448432681812,1,164.14706123329037,56.522560380499165,3,0,2,on_line_fast_traffic
4.591815898231089,-3.367923737082547,1,124.20850100368764,118.97388008481268,2,1,2,multi_car
7.966673477552709,-3.3708183509084626,1,210.19544637283687,142.84712205950385,4,0,2,on_line_fast_traffic
4.670794654269456,-3.091415991552835,1,186.4384272422998,107.74187907047636,1,0,2,on_line_fast_traffic
6.817818819037887,-3.3999334786923554,1,158.27522955532658,151.1887527515629,2,0,2,on_line_fast_traffic
6.881786703839161,-3.086091631898511,1,131.26516321638474,59.28872068721228,4,0,2,on_line_fast_traffic
4.183485138738191,-4.932811099794431,1,187.07229017674402,88.34209426962197,2,0,2,on_line_fast_traffic
4.903305025704822,-3.7853366074901715,1,191.38223521757286,42.50781815204304,2,0,2,on_line_fast_traffic
3.6378001556509,-3.2086152213255823,1,219.35898957725837,56.62920876619516,4,0,2,on_line_fast_traffic
6.192026509593991,-3.5614485155983076,1,129.18354342685086,30.523939968866305,1,0,2,on_line_fast_traffic
5.13641347263144,-2.692678835392827,1,165.75086330717428,51.72495265729415,2,1,2,multi_car
3.7328706273409873,-3.2740702996712576,1,143.92044187505712,140.1610861312061,2,0,2,on_line_fast_traffic
4.973388792465058,-4.021685316418944,0,110.12090903224518,61.383100155602875,3,1,2,multi_car
4.600737723237485,-4.311883867788364,1,187.78410406778042,101.96412238393575,4,0,2,on_line_fast_traffic
3.7072871047708813,-3.814943591268964,1,171.0929536711377,138.27134594847166,1,0,2,on_line_fast_traffic
7.4722476730152,-4.912581685662895,1,87.65112488302535,90.76774638256539,4,1,2,multi_car
5.950975357249788,-2.989898221742615,1,178.29447294508714,78.95527110340218,3,0,2,on_line_fast_traffic
7.004042031807417,-3.26579947600466,1,136.28728610344788,114.44951697774243,3,1,2,multi_car
5.997266815745036,-3.403483744149123,1,185.50202945961695,50.39766385520179,1,0,2,on_line_fast_traffic
6.632259748720373,-3.2517543004529226,1,118.78020348178458,138.18124091608124,4,1,2,multi_car
6.510462560002937,-4.9002978277191565,1,165.62952263104094,123.73296078267306,3,0,2,on_line_fast_traffic
5.828588468719259,-3.4244709108888416,1,80.5260123283733,62.356643368467275,3,1,2,multi_car
7.672367037506698,-3.5211386389007537,1,120.43121156136719,97.77334251488044,2,1,2,multi_car
7.81167932840069,-4.779244527298623,1,204.16567634189485,57.862115533764566,4,0,2,on_line_fast_traffic
5.576295083348595,-3.968412240323933,1,154.62818727465174,59.99453293793802,2,1,2,multi_car
3.840773227889664,-4.537974249470951,1,133.06854357241815,152.96239472023427,2,1,2,multi_car
4.949165479743617,-4.609880676216034,1,140.62427720016575,100.45203899377131,4,0,2,on_line_fast_traffic
5.13397242795629,-3.904987578371415,1,127.99183579160703,94.765786642445,1,0,2,on_line_fast_traffic
6.070441173723689,-2.646755497305854,1,129.5339685908201,79.18987443371975,3,0,2,on_line_fast_traffic
7.348780265836813,-3.3359547482114005,1,191.88920852414563,110.83468292923004,4,0,2,on_line_fast_traffic
2.56786347373815,-3.6436422267207647,1,110.7668570951116,37.042987123720614,4,1,2,multi_car
5.2680902710031905,-4.369679231498582,1,190.01757858031274,55.33577896105538,1,0,2,on_line_fast_traffic
4.262974555818469,-4.8931037059172535,1,163.6454698635482,166.25072298681715,4,1,2,multi_car
7.0442057059984196,-3.4755370415933515,1,191.3343106720973,111.10851924158206,4,0,2,on_line_fast_traffic
7.965558480268399,-3.2842277389918237,1,161.3144022187784,156.40054522733644,2,0,2,on_line_fast_traffic
3.763405710642689,-3.3369993241076097,1,195.9311677101791,150.37956135831723,2,0,2,on_line_fast_traffic
6.108563405374133,-4.031674645105806,1,186.8797785513365,123.94789195775144,1,0,2,on_line_fast_traffic
4.079175250560436,-2.8993007652073364,1,122.94184592386617,101.06314084688674,4,1,2,multi_car
2.889453061721558,-4.806124809778586,1,139.01455926806207,143.18625435268353,2,1,2,multi_car
4.113740739666924,-3.5180944832933445,1,170.68174470686685,77.82334126579246,1,0,2,on_line_fast_traffic
4.1319875862535635,-2.5688039283583515,1,120.15710508182542,78.3716816729488,3,0,2,on_line_fast_traffic
7.74302058693272,-2.620907923804638,1,173.0065060135181,110.89386399693848,2,0,2,on_line_fast_traffic
6.193673000703303,-2.5219766330546456,1,183.18576734090118,75.13431155796249,3,0,2,on_line_fast_traffic
3.9418269306784954,-4.433755260338384,1,182.54953336890608,121.3207239458465,4,0,2,on_line_fast_traffic
6.345870006662311,-4.489841703333171,1,168.94102612378057,77.65119561825632,1,0,2,on_line_fast_traffic
4.449802625553703,-4.562336578621807,1,160.94007245462558,128.37985387905607,1,0,2,on_line_fast_traffic
6.370851120621448,-4.318553743943961,1,181.08082043260515,102.5790770199199,3,0,2,on_line_fast_traffic
7.214016934609251,-5.103513265716508,1,166.64840656001664,160.65342582385182,1,0,2,on_line_fast_traffic
5.430979562929103,-4.455759509124914,1,184.37903382505226,63.21707424010461,4,0,2,on_line_fast_traffic
5.266776555872284,-4.625453492969935,1,152.5134662689697,139.8214209670458,1,0,2,on_line_fast_traffic
6.173248110905524,-2.85722266513217,1,98.17038000252171,66.98707921195896,3,1,2,multi_car
2.760640437777248,-2.6315404378875096,1,124.12111195476398,70.0409268848343,2,1,2,multi_car
5.150886148051917,-4.769328420907381,1,81.57875965287167,167.02135365235426,4,1,2,multi_car
6.176356113904496,-3.9438886004732088,1,165.2926073318585,97.50447840735643,4,0,2,on_line_fast_traffic
5.565708011793429,-2.9752666864965898,1,125.81775671729928,47.666078680111745,4,0,2,on_line_fast_traffic
4.838670607198533,-4.909523232873064,1,143.9087232199668,74.74379812035487,2,0,2,on_line_fast_traffic
5.728709093530667,-4.166134079995115,1,173.21275318971607,163.25993117037163,1,0,2,on_line_fast_traffic
7.186979949027816,-4.674299591203816,1,156.60527767496086,111.16969086267977,4,0,2,on_line_fast_traffic
6.9217792308686965,-2.9639440755479574,1,141.6671714294643,35.41716992184324,2,0,2,on_line_fast_traffic
6.442691293944785,-2.5090781728247227,1,171.07857639942506,82.76243538856835,3,0,2,on_line_fast_traffic
3.194453729993217,-2.6311273598088123,1,182.020909872588,112.82943964116696,4,0,2,on_line_fast_traffic
5.961334445786806,-5.063301237197054,1,151.4384642234422,85.70899689667203,4,0,2,on_line_fast_traffic
3.5376212168588905,-4.648943103629955,1,121.15687146604402,98.11185491646931,4,0,2,on_line_fast_traffic
5.9943085186403255,-4.655058918211136,1,123.30423023506873,52.928181722844336,1,0,2,on_line_fast_traffic
3.5347937951340436,-3.1496596694187655,0,90.12061274402404,93.49231629986582,3,1,2,multi_car
3.682052310974976,-2.8355196730627092,1,141.78438426509828,151.92480295997296,3,1,2,multi_car
6.033555134898365,-4.912687979842978,1,205.13284717163856,158.80327494999423,2,0,2,on_line_fast_traffic
7.927105922660601,-4.704252771772825,1,199.48078060413033,123.4610041342123,2,0,2,on_line_fast_traffic
5.207816140232402,-4.502156122858509,1,189.88112879885213,132.4924469025892,4,0,2,on_line_fast_traffic
3.953779455606067,-3.442438968196486,1,159.22539958259048,134.7199739571947,4,0,2,on_line_fast_traffic
7.000197231414315,-4.365557473671008,1,93.99484864874425,125.31828888485477,4,1,2,multi_car
6.215871816948656,-4.918191357159903,1,219.90530181368993,80.28831262329462,4,0,2,on_line_fast_traffic
5.699793163002527,-3.728423861912047,1,143.98670786924612,64.42804343943034,3,0,2,on_line_fast_traffic
6.157417532494708,-2.883543360936378,1,163.13864698170508,103.26665349810717,1,0,2,on_line_fast_traffic
7.129577080843499,-3.329508079381581,1,179.21995411726473,156.7475386590319,3,1,2,multi_car
6.781618104043037,-2.846114889338079,1,196.59147941031748,59.084851839693314,3,0,2,on_line_fast_traffic
3.8899139466214177,-4.535219403696918,1,144.5933880512447,65.44917858883699,2,0,2,on_line_fast_traffic
6.32363874178323,-2.8875338923426335,1,113.22435573670393,146.205188823335,2,1,2,multi_car
7.704172500231959,-3.3676179322022106,1,130.38516212907507,63.64273259409054,1,0,2,on_line_fast_traffic
5.343693654962124,-3.1756782959533663,1,208.60460444448762,102.39800683082049,1,0,2,on_line_fast_traffic
5.256351649524707,-3.0291845347791457,1,137.87293759249184,72.09190581868216,1,0,2,on_line_fast_traffic
3.943237684554453,-5.032726557087639,1,186.6802634697462,158.9543728840172,1,0,2,on_line_fast_traffic
7.285066679004618,-3.4781365785057567,1,134.41949811224856,142.65899400058757,2,0,2,on_line_fast_traffic
4.429117033609797,-4.45794400553493,1,131.8065695399693,83.04508822553711,2,1,2,multi_car
7.954859930179493,-2.9718890621576306,1,145.53084749760438,63.028206749246486,1,0,2,on_line_fast_traffic
6.582130356341183,-3.37198939831801,0,85.27833807864417,164.0505571832478,4,1,2,multi_car
4.346784175607382,-2.162014635129469,0,171.43895025006017,117.71984328693468,2,1,2,multi_car
4.383888625987346,-3.713767088354225,1,152.27801824923458,32.9839467608917,1,0,2,on_line_fast_traffic
5.680567424559808,-4.712932109656522,1,114.47089617983879,106.72757743766503,3,1,2,multi_car
5.753242110948719,-4.310098648370484,1,111.83832176353292,160.1701469049598,2,1,2,multi_car
5.19101988006528,-4.167224591160055,1,86.95797680738191,150.59425677945538,3,1,2,multi_car
2.3196633979448733,-2.363749269372653,1,140.44739325145255,87.37754984576188,4,1,2,multi_car
6.220031408006353,-3.513429385642788,1,88.94360291332902,95.82881027825725,3,1,2,multi_car
5.788895873542469,-3.4671941863481925,1,210.87061695210355,84.40850186505133,4,0,2,on_line_fast_traffic
2.698995983772327,-4.212202836558143,1,159.4243992859329,78.7786970141645,3,1,2,multi_car
3.8417085576359917,-5.104163165460548,1,128.60773474078826,120.86186251447302,2,0,2,on_line_fast_traffic
3.7886823682548982,-3.4863726557423225,1,124.31265667624832,107.92515606212974,3,0,2,on_line_fast_traffic
5.149424784110795,-5.173022195006928,1,132.62254238089625,84.9436080574914,4,0,2,on_line_fast_traffic
7.260172889944833,-2.9707747336093524,1,168.61601715577908,145.03161992298416,4,1,2,multi_car
3.7628780728001128,-2.6971072699405214,1,181.4622179816561,100.03859319647513,3,0,2,on_line_fast_traffic
4.463848974795123,-3.558635378443807,1,169.55208521225057,84.63625567237776,1,0,2,on_line_fast_traffic
2.6943968678681176,-4.59677125476603,1,94.61021846020118,93.58116043169036,3,1,2,multi_car
6.003104392445613,-4.143947968193196,1,184.52221369797624,127.70642802813303,2,0,2,on_line_fast_traffic
4.52461100286406,-2.5468391117662152,1,165.4641512080383,90.12021089624022,1,0,2,on_line_fast_traffic
3.8355847330393056,-4.20503503423888,1,150.6694197930152,83.46830647335788,3,0,2,on_line_fast_traffic
3.3577402428678766,-3.425513800114139,1,159.1323230139652,130.20490365923362,3,0,2,on_line_fast_traffic
7.737064968452315,-5.193957272544227,1,201.89101408200554,71.95975020489394,1,0,2,on_line_fast_traffic
3.4157401584896654,-4.852454152407579,1,171.59928712602738,54.701483284770006,3,0,2,on_line_fast_traffic
6.8044564669278484,-4.610680302281139,1,128.0311500310673,142.6102119829889,2,1,2,multi_car
6.824234061979102,-3.537955735632361,1,184.19257616093194,150.03038715792988,4,0,2,on_line_fast_traffic
4.940683425574815,-2.6528709864632147,1,160.88772856874,138.11949174861084,1,0,2,on_line_fast_traffic
5.709435755621918,-2.5987814802389333,1,209.76499907316582,144.8006572860632,1,0,2,on_line_fast_traffic
6.2347219758316985,-2.3117484946065767,0,151.52615310717715,47.99510950876208,3,1,2,multi_car
3.112652221032233,-4.196979329000489,1,137.17549967408166,130.69607089073514,4,0,2,on_line_fast_traffic
3.4055044142155806,-3.7589876995204574,1,219.40094654019128,68.71227356789117,1,0,2,on_line_fast_traffic
5.592995371871178,-4.773722946056181,1,148.858960770516,107.69221329960807,3,0,2,on_line_fast_traffic
4.662929041680288,-3.6863950695374887,1,208.88133145036713,76.54984001282409,4,0,2,on_line_fast_traffic
3.8247128532661896,-4.428594125975219,0,143.10988806669056,123.54451968894787,3,1,2,multi_car
3.0624187478574836,-2.969631516823648,1,134.74383545902344,46.22348039382514,2,0,2,on_line_fast_traffic
2.818093714242786,-2.2569018576101576,1,104.90226629678986,51.87908184538234,3,1,2,multi_car
3.537234240696595,-3.610549290128124,1,165.27766432521395,142.71267746082754,2,1,2,multi_car
7.4457474651168996,-3.559210408202752,1,121.16205503318685,79.10763013211191,3,1,2,multi_car
2.8899036902737567,-4.389792952021554,1,147.468524376452,159.66902892555538,2,1,2,multi_car
2.4212046910493012,-3.2852523849106725,1,178.55393192994308,133.68978024284166,3,1,2,multi_car
5.094961513773386,-4.1282427633262895,1,86.63588807461049,63.39097867159055,4,1,2,multi_car
5.058844435571431,-4.62739956450808,1,130.02075278077095,168.894877141596,2,1,2,multi_car
2.4476258489461142,-4.751917209229153,0,148.29724862129495,66.8968743144078,2,1,2,multi_car
6.826731759019133,-4.319515375678606,1,142.2911324015448,101.83248402863619,4,0,2,on_line_fast_traffic
7.30130112366143,-4.015861312663423,1,172.27938437192643,127.67573596306967,4,0,2,on_line_fast_traffic
4.506086228393966,-2.2562570342731663,1,156.02754682006673,33.69960969364021,3,1,2,multi_car
7.523217890432088,-4.400792206327649,1,120.42127219141462,73.68607240968218,1,0,2,on_line_fast_traffic
5.088003999886278,-3.7657541217169017,1,165.87990610460554,58.29881645626569,4,0,2,on_line_fast_traffic
2.618037983128218,-3.5217533166400132,1,84.6532809577156,51.48658266707525,4,1,2,multi_car
3.880738323902306,-3.2515968643333464,1,133.80947882204063,132.97631423208622,4,0,2,on_line_fast_traffic
7.661810231870426,-3.992973746743707,1,145.66309316281678,36.06380748144962,3,1,2,multi_car
7.7821480520862405,-3.24557764509993,1,182.82954827431337,58.26813417958245,4,0,2,on_line_fast_traffic
6.853946195621967,-5.037518656974559,1,153.92169232656718,127.09073682598661,3,0,2,on_line_fast_traffic
4.1057440058237065,-4.198386755032159,1,185.54212891877768,136.9706548884448,3,0,2,on_line_fast_traffic
2.2413942165588834,-2.6069151310326744,1,95.44340524207026,98.13729909329476,4,1,2,multi_car
5.243616345338776,-4.304897074152916,1,157.6499142530219,74.75286414355612,4,0,2,on_line_fast_traffic
6.277737550592098,-3.447417277822847,1,211.4160261247165,99.79161911647026,4,0,2,on_line_fast_traffic
5.416109312338406,-4.3216884824203845,1,156.71125892561622,148.12986307855508,1,0,2,on_line_fast_traffic
5.338823899672332,-4.81852084281204,1,166.2917806466153,88.01741985911431,3,0,2,on_line_fast_traffic
4.812459394284826,-3.5720304115203207,1,138.06223192244897,112.29524823984347,1,0,2,on_line_fast_traffic
4.118448943019455,-4.01494836145788,1,146.8983564724737,119.55356341796947,1,0,2,on_line_fast_traffic
3.8077424636399018,-2.2621630444901597,1,89.28984200918171,107.28535222858022,4,1,2,multi_car
6.1016489573540165,-3.7103226312724473,1,214.58585478975476,44.24461263150387,3,0,2,on_line_fast_traffic
6.800773235847219,-3.2592157410937537,1,95.58667857776412,168.2708641114196,4,1,2,multi_car
7.370578539939143,-3.8588970938117804,1,166.17346367273666,116.7315774617349,1,0,2,on_line_fast_traffic
4.570224044358164,-4.815453316414789,1,172.15835588797518,179.13145449137681,2,1,2,multi_car
5.656895612956857,-2.963912109172959,1,182.17142559566773,168.5359700500826,1,0,2,on_line_fast_traffic
7.624242308031768,-3.0760444959426683,1,174.23195988893013,62.876342295293085,4,0,2,on_line_fast_traffic
3.955769965371233,-2.9156890635048396,1,121.21626317140188,55.47270041212703,4,0,2,on_line_fast_traffic
3.387450937628058,-4.842900979215529,1,197.9997808696124,65.62740962861595,1,0,2,on_line_fast_traffic
5.110822733983992,-4.593904835240099,1,152.30076518351734,109.0515917083028,4,0,2,on_line_fast_traffic
3.126054902140815,-3.756898652006002,1,155.31071245941487,83.44341274788653,3,1,2,multi_car
6.582671591510518,-2.1634927835677726,1,117.62227399720773,63.52074015434502,3,1,2,multi_car
2.5625184791577413,-3.7760240920258625,1,159.18405078939062,127.57844071129904,3,1,2,multi_car
7.6746411240892884,-4.461096443275574,1,172.76812458267756,58.95905716698291,2,0,2,on_line_fast_traffic
5.95860262542978,-4.344990997131376,1,198.11247653083012,158.10694665695135,3,0,2,on_line_fast_traffic
6.150927510627981,-5.108081296534027,1,211.14223990005675,30.366009982130947,4,0,2,on_line_fast_traffic
3.8923470491703176,-3.2970201670379455,1,149.7500199735589,97.63814954919503,3,0,2,on_line_fast_traffic
4.178982040123283,-2.578626583791559,1,185.05585657192378,154.50026101699663,1,0,2,on_line_fast_traffic
5.242784458910487,-3.2023809977942124,1,205.31035967306923,45.84219245566619,4,0,2,on_line_fast_traffic
6.574187273591011,-3.8606235964920184,1,129.66505373242333,32.547430999368,4,0,2,on_line_fast_traffic
5.069252537200107,-4.775194134777499,1,184.2305479693437,90.46548850939732,3,0,2,on_line_fast_traffic
5.402111044060031,-2.940084552722623,1,186.70126624731853,114.8020701452064,1,0,2,on_line_fast_traffic
4.697175633453657,-2.835945599082587,0,149.09970814598847,136.0063746089025,4,1,2,multi_car
7.379893074434365,-3.1150154701731467,1,160.16920253529207,141.4725600330753,3,0,2,on_line_fast_traffic
6.848656958097289,-3.057785662192521,1,87.9149485535229,156.45430781306013,2,1,2,multi_car
3.7282480723370988,-2.3490865677124346,1,101.29876356936758,139.95834775382974,4,1,2,multi_car
3.2965911306057505,-2.096804397496566,1,148.89795482561073,128.0235703422126,2,1,2,multi_car
7.8303747442041765,-3.776393982878138,1,206.01365081212347,120.44138745282743,3,0,2,on_line_fast_traffic
7.0504423048804465,-4.0778490625625095,1,185.35256593254346,55.23184098733927,1,0,2,on_line_fast_traffic
7.283494846245705,-2.6462935792589457,1,105.75087121174751,103.1313673764618,3,1,2,multi_car
6.216454502866755,-4.981471366184375,1,165.55644316278935,84.71413121398523,4,0,2,on_line_fast_traffic
4.09031242269552,-4.487496721921763,1,128.0359123045309,63.97990187662121,1,0,2,on_line_fast_traffic
5.461524908597918,-2.1397628272049967,1,130.66823677531164,158.17825912470235,4,1,2,multi_car
3.0222329398889434,-3.0554955353722857,1,145.7963700564945,128.31252048263102,3,0,2,on_line_fast_traffic
6.484684982546979,-3.5386015963503876,1,90.36606467086894,60.39331480031044,3,1,2,multi_car
5.757271540908893,-5.034320988614681,1,143.97201770665012,123.25189152253573,2,0,2,on_line_fast_traffic
6.56876560961167,-2.5306203682887434,1,185.59199499296156,52.850471940033415,1,0,2,on_line_fast_traffic
5.794538166572886,-3.5136111739535236,1,167.13051505508363,73.24444355787611,1,0,2,on_line_fast_traffic
3.743936600491333,-3.6261422742065,0,146.4180812260821,78.4165420472581,4,1,2,multi_car
3.414955631163637,-3.973353287310769,1,163.1389088353542,136.11071899028218,3,0,2,on_line_fast_traffic
3.1976991298846342,-2.2446077163822893,1,133.4150408200547,86.52029224725338,4,1,2,multi_car
5.528256398595375,-5.028890293595743,1,160.9391123319593,41.549184212801535,3,0,2,on_line_fast_traffic
6.029469311816222,-3.1912677662391324,1,146.89884518056337,77.54014776312911,2,0,2,on_line_fast_traffic
7.700666171469807,-3.446016911389006,1,139.5488039760492,88.88917330339443,3,0,2,on_line_fast_traffic
7.95012457061588,-3.7524442979985797,1,187.9283352811864,157.93032933027945,2,0,2,on_line_fast_traffic
4.24689237459927,-4.140007257399857,1,160.1876336065116,89.12898172143298,3,0,2,on_line_fast_traffic
4.392955067974263,-3.7661248954914393,1,135.98670456992002,54.996187815968426,4,0,2,on_line_fast_traffic
6.755078540763574,-4.2184416587654825,1,152.92839979029708,38.34654415910277,3,0,2,on_line_fast_traffic
5.025617918563784,-4.311954823879455,1,167.12586276009867,147.44743180426374,3,1,2,multi_car
6.161107117623491,-4.517673629528842,1,215.6880369172745,89.12930276711442,2,0,2,on_line_fast_traffic
4.355983011689805,-4.213484536609361,0,171.9226015719575,53.56312760812651,3,1,2,multi_car
6.774647253948993,-4.203726692044485,1,210.51072868549548,73.93207831817496,1,0,2,on_line_fast_traffic
6.418879284919299,-3.0277320374228185,1,132.64943689956394,128.38130428120508,4,0,2,on_line_fast_traffic
6.971645198715741,-4.004156608343757,1,167.686706246279,68.57406502899875,1,0,2,on_line_fast_traffic
6.333002665463159,-4.334190941494631,1,138.40155771765967,170.95482629383167,4,1,2,multi_car
5.600227925520747,-3.2390181945417416,1,148.17359198416736,133.1637468374861,3,0,2,on_line_fast_traffic
6.64355372573339,-5.072308248800028,1,163.93074367787588,43.625590003149874,2,0,2,on_line_fast_traffic
2.057138190172914,-4.36101056381689,1,128.9732204008655,115.41632408665309,3,1,2,multi_car
3.942663630776136,-2.844526729037726,1,169.49092819155666,50.30556896817645,3,1,2,multi_car
3.961502139747022,-3.653269837190931,1,133.34984191231712,136.51138594631252,2,0,2,on_line_fast_traffic
5.991572561703625,-2.8031309746070705,1,99.99879617175414,139.53355192135786,2,1,2,multi_car
3.3304717243579756,-4.859459623138485,1,135.78471670519016,135.23849266283642,4,1,2,multi_car
5.223819687163139,-2.6831341977929353,1,189.705377602802,88.32625676142698,1,0,2,on_line_fast_traffic
3.643951331438828,-4.77080397297178,1,140.69664660138832,76.17122698082683,4,1,2,multi_car
3.4696858585958275,-4.270234908837463,1,143.31679332592455,110.19401768994668,1,0,2,on_line_fast_traffic
4.579809101397657,-2.594349549835168,1,134.28226143964204,46.70508131756391,4,0,2,on_line_fast_traffic
6.723252848303137,-3.300399841611018,1,134.58427708438433,119.70734728604977,2,0,2,on_line_fast_traffic
5.875851746561163,-5.021223711116431,1,149.1346954926526,101.7488260280776,2,0,2,on_line_fast_traffic
6.458590562488141,-4.528991071903802,1,197.25693748561002,105.58824284676604,4,0,2,on_line_fast_traffic
6.594447902242237,-4.3836503293066,1,187.0057664029685,83.4988568999729,3,0,2,on_line_fast_traffic
4.181014446854446,-2.920476309152323,1,154.51622191157014,65.53637365669384,4,0,2,on_line_fast_traffic
4.155089255749805,-4.272522563547346,1,171.32227948407885,51.34300953053635,3,0,2,on_line_fast_traffic
5.608633921516114,-4.479384320593985,1,159.8251644174676,62.5965699049256,2,0,2,on_line_fast_traffic
3.4755859463669845,-2.567903652943629,1,217.3129311996854,43.49739081122815,2,0,2,on_line_fast_traffic
7.354820425398213,-4.291464136441997,1,163.60725312453263,120.86327680161892,1,0,2,on_line_fast_traffic
3.49688655717853,-3.1580197733733972,1,206.03004034707408,139.289508342155,4,0,2,on_line_fast_traffic
4.569544075360962,-5.051193272274072,1,154.3688831295004,130.11304676596905,4,0,2,on_line_fast_traffic
3.8539104762918086,-3.0552243685950407,1,178.09586480323466,148.135467804972,4,0,2,on_line_fast_traffic
7.254404048779517,-3.426425429771761,1,160.62266139725017,77.58055339625786,1,0,2,on_line_fast_traffic
3.653971632914195,-4.050541099176127,1,134.81080806257918,160.0032482132778,4,0,2,on_line_fast_traffic
4.16909637130539,-3.3040013238380146,1,158.15153279626776,86.75847454136111,4,0,2,on_line_fast_traffic
5.387200131855142,-3.283847944675184,1,125.78648763438066,49.23600253271857,4,1,2,multi_car
4.629783398975858,-4.127749641560965,1,133.48413276482344,107.01878389763702,1,0,2,on_line_fast_traffic
6.4770670780414585,-2.576309293176201,1,166.9023431480573,37.31698086199256,2,0,2,on_line_fast_traffic
3.0778757214343955,-3.7665666535604148,1,196.70158684780117,44.03080528443224,2,0,2,on_line_fast_traffic
5.505171602553987,-3.51381581940806,1,113.58971317291956,136.5509330652434,4,1,2,multi_car
6.891119327934387,-3.2275414313629587,1,185.39070096898524,50.733401604338695,4,0,2,on_line_fast_traffic
3.013146300297588,-3.022684249322521,1,183.17341158326056,152.41061072843812,2,0,2,on_line_fast_traffic
5.792763960871651,-4.219292554283583,1,213.23909811827463,121.72013125029392,1,0,2,on_line_fast_traffic
2.880465455266883,-3.907292386660993,1,172.8305474877288,168.1030801178829,2,1,2,multi_car
3.75771564687316,-4.150849723880949,1,83.5603781337772,69.83476145194196,4,1,2,multi_car
4.8540430086917,-5.073245034672108,1,204.56016389583382,71.07944279155876,1,0,2,on_line_fast_traffic
3.9613306079333093,-3.249071779199033,1,126.50032490148845,119.96491012835712,3,0,2,on_line_fast_traffic
7.031009724820661,-4.614655440281762,1,154.30409461629873,50.20614492409985,3,1,2,multi_car
5.093219429355327,-2.148409742261228,1,107.11160999900382,49.1313494451284,3,1,2,multi_car
3.729915128522698,-3.503514993526741,0,136.6642676931244,91.7243662488127,4,1,2,multi_car
3.3349865321996512,-2.538502222516124,1,122.73017378313901,149.54791159731974,4,1,2,multi_car
5.70635494646732,-4.132037428693629,0,94.57632002398354,66.93648280642014,2,1,2,multi_car
6.153144227416503,-2.6027323883858813,1,127.7344002255779,139.96167848787357,4,0,2,on_line_fast_traffic
5.82707740809437,-4.875637236940471,1,144.10979193712282,52.460337455082794,3,0,2,on_line_fast_traffic
7.412115488269417,-3.216176740602569,1,188.1294364791352,51.33306446015838,3,0,2,on_line_fast_traffic
7.409060347176425,-2.353894984719126,1,157.49404481107842,84.37643227877706,2,1,2,multi_car
6.799145269449173,-2.5398073747320447,1,111.35283288376345,45.64026909702662,3,1,2,multi_car
3.9119848073056165,-4.599812312840212,0,164.90517619209527,78.35276211531928,4,1,2,multi_car
7.356803854446799,-3.358840951629384,1,162.71642014106342,71.65299823017338,2,1,2,multi_car
6.124137816716429,-4.093519090560708,1,147.02000726585757,111.85894099394791,1,0,2,on_line_fast_traffic
4.750054911720637,-3.154257841099045,1,192.5001213609556,140.02208233545127,4,0,2,on_line_fast_traffic
2.885514937504827,-4.667792305664584,1,150.18999079308878,76.95804437855672,4,1,2,multi_car
5.045302964716654,-2.8573081294571487,1,172.71385771926535,52.94533380798138,2,1,2,multi_car
5.5190335500537,-4.7633540453645296,1,148.35875714419103,118.74889297186292,4,0,2,on_line_fast_traffic
7.620830447089169,-2.984105752474537,1,140.45698897424796,162.85501592349624,3,0,2,on_line_fast_traffic
5.8080948142639786,-2.1816923396457595,1,139.7148742901722,112.7051943231088,2,1,2,multi_car
4.841912579299658,-4.2270780217448145,0,107.57812463903556,78.51595009724227,3,1,2,multi_car
6.579613677835114,-3.0440465033711845,1,124.58875570119288,121.17070005345188,2,1,2,multi_car
5.570293437771029,-3.782967642286105,1,146.6974583605303,102.22664145476973,4,0,2,on_line_fast_traffic
7.217851028589793,-3.549932872526276,1,132.9107631834954,63.5954539096904,2,0,2,on_line_fast_traffic
7.581437579148762,-3.311516046151905,1,146.43862040993116,86.91837687341895,3,0,2,on_line_fast_traffic
7.22609837230677,-2.9041034679016673,1,181.37532871002642,140.86098846816483,4,0,2,on_line_fast_traffic
5.444227458773079,-4.475944741319914,1,178.35866105929836,58.20229759930838,4,0,2,on_line_fast_traffic
4.216998080302023,-2.18581700584262,1,162.887900157076,156.64412226053722,2,1,2,multi_car
3.347677337547471,-4.308641136496361,1,169.99986949421998,50.91017498225472,1,0,2,on_line_fast_traffic
4.08248081353211,-2.711002987678419,1,194.95071381000085,115.13763644847496,4,0,2,on_line_fast_traffic
6.463631018917673,-4.960727859466248,1,123.41824427666478,117.87512127454696,2,0,2,on_line_fast_traffic
5.370688799706919,-3.644749047985098,1,158.99796678345297,56.649854034644676,1,0,2,on_line_fast_traffic
4.897602924638501,-4.895429904528496,1,155.46682729464908,147.55986825508148,4,0,2,on_line_fast_traffic
4.928126174298961,-4.400886979414589,1,198.66546246034224,97.57671063842746,3,0,2,on_line_fast_traffic
5.887094851861611,-4.079941121965439,1,162.54792158546874,136.0728029819693,2,0,2,on_line_fast_traffic
4.717990057294957,-3.8159546728385374,0,106.0686111014103,64.79291998672872,3,1,2,multi_car
6.4472210715406675,-3.7125555210297008,1,158.86063400742748,58.57265238084161,1,0,2,on_line_fast_traffic
5.2158651761119295,-4.140771941013089,1,131.25295782925284,45.116110335886155,4,0,2,on_line_fast_traffic
4.836730404191468,-3.7767938259181615,1,144.45781494492368,78.95485082282335,1,0,2,on_line_fast_traffic
4.106530791568369,-2.3575140044925424,1,80.45060975600033,134.45708490976602,2,1,2,multi_car
6.107727804260786,-2.759745540205356,1,218.96494493925042,166.58192392271187,4,0,2,on_line_fast_traffic
2.6472153104377756,-4.1622179289416135,0,157.86996041386928,123.63042818564715,3,1,2,multi_car
7.889590571028144,-2.6974222094133777,1,134.95560195906262,146.31360226355537,3,0,2,on_line_fast_traffic
4.916482434645149,-3.260047991347826,1,144.34447164403932,33.60107315517973,1,0,2,on_line_fast_traffic
5.006197604167305,-3.9892935741199302,1,150.45082064975037,161.80451970759677,3,0,2,on_line_fast_traffic
7.806035232661334,-3.4450160764983786,1,120.22895373463221,139.37717909474168,3,0,2,on_line_fast_traffic
3.29351698600168,-4.188496916848261,1,186.10178670401203,50.402741386659144,4,0,2,on_line_fast_traffic
4.215994403399718,-2.5444195986521936,1,206.69110903761177,98.83732397170498,3,0,2,on_line_fast_traffic
6.614465161145544,-5.183004204739229,1,163.79534039011932,89.85708494600486,4,0,2,on_line_fast_traffic
6.125736067016073,-3.8125037514992672,1,192.87611221416688,79.91163778179981,2,0,2,on_line_fast_traffic
7.312177260597271,-4.735726743304649,1,155.10001871157442,126.64924045167989,1,0,2,on_line_fast_traffic
6.8048604856555,-3.5533573953941837,1,173.56392353912295,38.09425456906462,2,0,2,on_line_fast_traffic
6.690593646650617,-3.1446964465186324,1,96.76362857119467,91.73970481284218,2,1,2,multi_car
4.817425209036155,-4.512001536822947,1,205.80605872950835,77.75912598879977,3,0,2,on_line_fast_traffic
2.7612839955811372,-3.2458505752149787,1,85.25279887947757,39.67910662281704,4,1,2,multi_car
7.014355540498393,-3.63103137090107,0,133.80003013125136,124.30669984655802,2,1,2,multi_car
5.702905103168542,-3.5403168817689825,1,213.143534214037,160.74897020945087,1,0,2,on_line_fast_traffic
6.10065431969183,-4.22307466802164,1,176.25350794580177,47.406159119320904,1,0,2,on_line_fast_traffic
6.794511709545201,-3.03567810155939,1,91.63279463492779,169.60330672305415,3,1,2,multi_car
4.041885533341235,-3.3058918846600944,1,202.57902391820218,128.0918288703297,1,0,2,on_line_fast_traffic
3.9178077357970524,-4.525408183818135,1,160.38344910008124,33.6698945454164,1,0,2,on_line_fast_traffic
2.9073974776433724,-3.531399920140483,1,153.74693202253596,146.5089148570932,4,1,2,multi_car
5.950697728754191,-4.727220753639457,0,121.48977176449146,96.22140808449569,3,1,2,multi_car
2.206236802558058,-2.068434716941479,1,162.76216446853437,52.981978142580125,4,1,2,multi_car
6.145343450700879,-2.997455587165728,1,150.31163412435734,95.3677817972469,2,0,2,on_line_fast_traffic
7.962068419889666,-2.941304246767423,1,204.99371049202531,95.81397640982068,1,0,2,on_line_fast_traffic
2.7109169429754836,-3.5008881681525663,1,103.46022991129936,173.84087057486232,2,1,2,multi_car
7.572865888233966,-2.4919991781944564,1,139.60276909424516,70.48134639252339,3,1,2,multi_car
2.568112312479866,-2.2288120109214917,1,108.21631463698165,176.76287299614523,2,1,2,multi_car
4.772233250119239,-3.5122532726023006,1,170.01527927368298,151.8890216571235,1,0,2,on_line_fast_traffic
2.059737985182772,-3.2277652008747877,0,80.01978078267102,110.04593583273657,4,1,2,multi_car
5.063842746210503,-3.6348226896727818,1,159.17544407175143,154.87301710957684,2,0,2,on_line_fast_traffic
7.518733619139923,-4.4622044997676475,1,155.11200709740058,99.09891541685369,3,0,2,on_line_fast_traffic
6.9714456692019295,-2.562793435912891,0,138.04244942519162,121.7636930952126,3,1,2,multi_car
5.326978862269505,-4.003026249268482,1,101.41470888699642,117.36602413096111,3,1,2,multi_car
6.185151529014394,-3.9791533667233807,1,137.96799337124926,132.86274845546504,2,0,2,on_line_fast_traffic
5.757207761430685,-4.316135735296995,1,185.2871773917137,134.85003481260625,2,0,2,on_line_fast_traffic
3.5519561686867847,-4.30678485162073,1,143.59849466656823,46.044681596975735,1,0,2,on_line_fast_traffic
3.8768007433970846,-4.975361144147735,1,109.85365622984678,168.11012278232144,2,1,2,multi_car
4.1442168057575905,-4.877222282036776,1,133.89179445230135,136.6150975820722,4,0,2,on_line_fast_traffic
4.439717775445761,-2.7420056201521645,1,81.60561313551847,99.73525590772995,2,1,2,multi_car
2.2802292395010975,-4.692200546389917,1,96.52658322422425,63.81967440456912,4,1,2,multi_car
3.1902506109337527,-3.5317362617456087,1,123.34301088833247,94.05482248426834,3,1,2,multi_car
4.505083564789426,-4.181475851549553,1,209.29215850434724,61.01201111344171,4,0,2,on_line_fast_traffic
7.739858900273921,-3.930447188379727,1,217.689772369713,73.4064461858715,3,0,2,on_line_fast_traffic
3.866214507205717,-2.011158275202202,0,104.00600680372766,175.96529778550973,3,1,2,multi_car
7.423601653691436,-4.901608241160899,1,179.96913443012582,145.09948639130548,3,1,2,multi_car
5.9296597051453155,-2.582814071979798,1,105.67893476071421,95.24562925798604,3,1,2,multi_car
5.084215387917188,-3.9738324266739995,1,169.37644305331284,174.94786447248146,2,1,2,multi_car
6.10087479673463,-3.0555632173960485,1,214.34511591699268,54.48045526742291,4,0,2,on_line_fast_traffic
3.90541596743261,-3.7208166840148644,1,81.3292677345636,146.7033407579625,2,1,2,multi_car
3.778909109078127,-2.9662601773869546,1,156.03676022094714,36.141654330326936,2,1,2,multi_car
3.111596155762241,-4.601408533121769,1,218.37223383651235,122.33660229731899,1,0,2,on_line_fast_traffic
7.540331066942514,-3.1883757631814036,1,126.64623051380052,101.3957866961102,3,0,2,on_line_fast_traffic
5.25540807340451,-3.7320095965708853,1,151.88318240680695,98.08544142162748,2,0,2,on_line_fast_traffic
2.67835602069126,-4.60017712221734,1,84.13088649998406,47.36796379069595,3,1,2,multi_car
3.308717735044138,-2.6594532947694787,1,135.71123329362004,148.70171719418994,1,0,2,on_line_fast_traffic
6.698878851670312,-3.844119519615718,1,153.84812108403062,163.3969305461501,4,1,2,multi_car
6.6822965401048275,-4.671019166326406,1,175.6354855927632,59.82403060596529,3,0,2,on_line_fast_traffic
5.095217801909494,-2.747551313552369,1,136.9304031554331,33.3376016467409,1,0,2,on_line_fast_traffic
7.849989112010092,-3.5231144361939086,1,144.08926060510814,86.48292679935241,2,0,2,on_line_fast_traffic
6.369384114641804,-4.213060255129518,1,122.73429077704962,101.58524181294992,2,0,2,on_line_fast_traffic
6.3868163320713744,-5.026682492693598,1,210.7487878727419,58.79969569272971,1,0,2,on_line_fast_traffic
6.965329855202826,-4.8337923393953375,1,145.9598670800521,93.11687843610241,3,0,2,on_line_fast_traffic
2.1458567432671485,-3.9770378835948716,1,104.81168805635673,157.0655920949418,2,1,2,multi_car
7.973288386062952,-4.642066132735211,1,206.921119973592,138.26651483167404,2,0,2,on_line_fast_traffic
3.3251450032683536,-4.970712686059051,1,133.8197188039802,84.77166109439644,1,0,2,on_line_fast_traffic
4.059491749509978,-3.1082696180109974,1,166.62413422913764,80.5253128043898,3,0,2,on_line_fast_traffic
3.3753809776031374,-3.819648407590113,1,137.4259917715517,114.94150126010473,3,0,2,on_line_fast_traffic
3.185791199176482,-4.41166694852994,1,153.70653387938256,70.95940495322864,2,1,2,multi_car
3.794928697287604,-4.642795953268246,1,104.37605298839736,110.49592105453696,2,1,2,multi_car
6.741185118629979,-4.971336854939083,1,125.17488976528493,81.45530974708285,3,1,2,multi_car
5.41641638002341,-2.9805915218273333,1,216.9215905384676,164.52349763990998,4,0,2,on_line_fast_traffic
4.740930065164786,-4.337181106059315,1,202.892413078561,99.79449851969385,2,0,2,on_line_fast_traffic
3.808364065178081,-2.979796181643254,1,157.86204363552088,45.743979527870465,2,1,2,multi_car
7.174716685704325,-3.59108591836813,1,149.47617979259525,162.75552133245742,2,0,2,on_line_fast_traffic
7.424269513922371,-2.6676073565893725,1,161.352941285257,118.44094776970138,1,0,2,on_line_fast_traffic
5.673032104807292,-3.050804499785392,1,176.9034517466837,48.83822036589334,2,0,2,on_line_fast_traffic
5.91894956721065,-3.8012167100109022,1,125.46667958330814,99.96840702834112,4,0,2,on_line_fast_traffic
3.5940050804429875,-4.032771022724666,1,100.86890814484957,140.63227759863528,3,1,2,multi_car
3.4732929177356966,-3.9525660437131527,1,85.1489254623432,48.98841198783226,2,1,2,multi_car
5.963974724160981,-3.725209332733149,1,184.7069992811758,135.83900691307426,2,0,2,on_line_fast_traffic
4.749403565647236,-2.9403828749620584,1,146.40840042882039,50.74302230725075,4,0,2,on_line_fast_traffic
7.362836329507828,-3.437061721749763,1,134.88227022225968,103.1686034832157,2,0,2,on_line_fast_traffic
3.9409060933437976,-4.600262369743149,1,202.33589435743025,86.18736809014025,4,0,2,on_line_fast_traffic
5.161867253755943,-3.208282728657924,1,162.61188000723604,43.34061912821002,3,0,2,on_line_fast_traffic
7.14596515814652,-3.3299798201003035,1,176.64768243799824,62.5007944855211,3,0,2,on_line_fast_traffic
6.318092825560798,-2.8620905105713637,1,198.19790692061673,68.04563682512938,1,0,2,on_line_fast_traffic
4.842522871952134,-3.495875000136059,1,195.05727606724844,101.43720844896596,4,0,2,on_line_fast_traffic
7.10245128832061,-3.020459627707279,1,121.60010449228776,116.09426447545184,2,1,2,multi_car
7.013647071822921,-3.624220471380424,1,106.1666330735908,45.1260882441604,3,1,2,multi_car
2.6356492789985477,-3.8174378968243867,1,158.5503556975358,41.19445495281317,4,1,2,multi_car
7.457374262138831,-3.7167104883860365,1,154.76762654622817,165.37956766337373,2,1,2,multi_car
7.507378144056717,-2.7934754903100347,1,217.7683047729878,53.07925551394542,2,0,2,on_line_fast_traffic
3.4829697004582063,-4.669926568593821,1,218.42320620416788,71.57671119976753,2,0,2,on_line_fast_traffic
4.394899516900013,-2.918035870580298,1,198.74442167386925,38.50077760127714,2,0,2,on_line_fast_traffic
7.636577622545241,-2.8197855302674655,1,172.95238512104825,168.99919021020716,4,0,2,on_line_fast_traffic
6.290802355751357,-2.0673828363227056,1,159.40170984426925,86.46672812864531,4,1,2,multi_car
6.69590813521579,-3.6398972793177404,1,134.33817507007797,84.13723043108966,3,0,2,on_line_fast_traffic
4.655428895159893,-2.6691534950053475,1,215.91314171847816,125.29476725634159,4,0,2,on_line_fast_traffic
6.974644080087427,-3.2334820342912876,0,165.75730693978238,72.08171124839862,3,1,2,multi_car
4.378714820992228,-4.280220275690245,1,183.93319310674045,103.15082229178039,2,0,2,on_line_fast_traffic
5.361376440888448,-4.616050464330726,1,185.809511717667,102.54589162025357,4,0,2,on_line_fast_traffic
6.287475119100658,-4.235006727545809,1,132.48739945925482,141.42809655049322,1,0,2,on_line_fast_traffic
4.620730072024044,-4.7246903417841075,1,154.33709594978237,117.05911077973569,2,0,2,on_line_fast_traffic
3.264029912866335,-3.641650802551733,1,142.27787499319564,57.93989266614782,3,0,2,on_line_fast_traffic
3.0570499764287686,-5.11651324117914,1,159.5391006004821,71.8324939822867,3,0,2,on_line_fast_traffic
5.433360710534225,-4.15867817901025,1,189.58507486369615,151.9975782878249,4,0,2,on_line_fast_traffic
3.408265895460118,-5.183019117703796,1,120.88838016260705,129.14726550610362,1,0,2,on_line_fast_traffic
5.762755108545835,-4.621735489786253,1,219.24729476354588,36.564015009149834,3,0,2,on_line_fast_traffic
6.5838883426952535,-3.3260361266671503,1,209.2861384920931,93.97899780295965,3,0,2,on_line_fast_traffic
7.2720390801015,-5.0458991751465385,1,129.95149183687437,135.23532140163744,1,0,2,on_line_fast_traffic
2.04033330601413,-2.7818414686561646,0,94.11838767837324,49.600332449769084,2,1,2,multi_car
5.0317981928231905,-2.9009123958434255,1,143.0000376482172,141.24426949798462,3,0,2,on_line_fast_traffic
6.804643862832492,-2.763987745267702,1,165.81042828497124,141.5948751093865,3,0,2,on_line_fast_traffic
3.0151338102561716,-3.1453516814515763,1,98.54727788822036,173.09173880343877,2,1,2,multi_car
6.040381780549623,-2.8269886536239066,1,181.00350881315129,107.74517704918492,2,0,2,on_line_fast_traffic
5.061584005360219,-4.611567671285786,1,150.4180978462122,111.05164988590327,4,0,2,on_line_fast_traffic
5.750427864553378,-4.1334760512995254,0,172.54243633087995,61.24123128046006,4,1,2,multi_car
5.752380634543929,-5.187894216027175,1,169.01523233107798,76.32669483447981,1,0,2,on_line_fast_traffic
3.3219788705785094,-2.978458279836768,1,134.892041734651,33.908176309947265,3,0,2,on_line_fast_traffic
3.9528472751709414,-2.5056089337262692,1,112.34444059720649,88.95266561971187,4,1,2,multi_car
3.019917571794161,-4.358487933931098,1,131.06904787340596,60.679935588815724,2,0,2,on_line_fast_traffic
4.656836477493537,-2.9325337346401614,1,154.6952124187954,64.05700841308278,1,0,2,on_line_fast_traffic
7.352814885849146,-3.325068989166521,1,129.52821463763806,103.01369305329722,1,0,2,on_line_fast_traffic
6.865466007284234,-2.666260446747567,1,166.46359499442312,162.13568621620897,1,0,2,on_line_fast_traffic
3.208212061432988,-3.801394734185647,0,118.58357482855938,127.29676391658099,2,1,2,multi_car
6.206985666321511,-3.1821875753782116,1,181.32876074913307,42.412569131705325,1,0,2,on_line_fast_traffic
3.4244299680394423,-4.0451261099882405,1,164.81425305593973,178.8593053378623,3,1,2,multi_car
6.352972086036622,-2.5497440338807285,1,210.5087033306211,116.20404037400107,2,0,2,on_line_fast_traffic
5.171563713803254,-4.546588245173068,1,203.3470003535894,143.10651468407926,2,0,2,on_line_fast_traffic
4.855733187840158,-5.052956275821946,1,183.41995247702098,106.11147725918961,3,0,2,on_line_fast_traffic
5.779199049117696,-4.139218652320712,1,167.53553544574785,158.95713214105743,3,1,2,multi_car
3.8426805606276826,-4.056970427181972,1,182.07395221311822,103.27314035352293,2,0,2,on_line_fast_traffic
2.5581215421461954,-2.8622555145056015,0,173.94133130222056,93.88876120538528,4,1,2,multi_car
5.101647482549674,-3.7316494026451674,1,171.95693781625502,68.40943122561316,1,0,2,on_line_fast_traffic
5.933525788076552,-3.865382452989918,1,117.7284983197581,80.46852577498383,2,1,2,multi_car
7.755882427448342,-3.567161778489672,1,180.61323963379255,103.1980462033154,2,0,2,on_line_fast_traffic
4.845584003897395,-3.6721899997616605,1,204.27942887822104,52.534065964186816,4,0,2,on_line_fast_traffic
4.99954103821902,-5.161637209098115,1,192.13841168006198,31.47787679285795,3,0,2,on_line_fast_traffic
6.515898280906558,-4.014594472073137,1,143.61284758843172,50.90433105707664,4,0,2,on_line_fast_traffic
5.19970136406882,-4.82637484302405,1,146.23735702776713,119.25279731847485,3,0,2,on_line_fast_traffic
6.181585395466442,-2.630530533982426,1,159.17074268143844,54.17598622120519,1,0,2,on_line_fast_traffic
4.583640265888659,-4.583138067727223,1,131.45943604300183,107.86982936869393,3,0,2,on_line_fast_traffic
3.11052049860033,-2.5971614192963464,1,150.82401723280185,115.2705615176677,3,0,2,on_line_fast_traffic
2.5447010599319784,-4.109488319632417,1,146.9474243503477,107.42210122983026,4,1,2,multi_car
5.508875692443407,-4.763402113837861,1,146.25206028746638,142.8831899029597,4,0,2,on_line_fast_traffic
7.5504299388688,-3.3209936406302525,1,204.61574758483994,43.33599722402077,4,0,2,on_line_fast_traffic
4.710731164933433,-4.278409241908115,1,161.22490075794653,31.26464097554514,3,0,2,on_line_fast_traffic
3.21193116429158,-3.6536287915595986,1,204.0071286728183,133.31954625651096,1,0,2,on_line_fast_traffic
6.843197892828375,-3.1158193641304264,1,130.84511700854011,46.98127754041086,4,1,2,multi_car
6.600898895001677,-4.149613111605895,1,194.59659347095226,46.64477753747994,3,0,2,on_line_fast_traffic
3.2488406202108586,-4.6304804685185985,1,129.19923836904402,103.08994449849513,4,1,2,multi_car
4.170257506517567,-2.556790247226776,1,171.30280253334803,77.49113585424756,2,1,2,multi_car
7.309403059543247,-3.721747426752776,1,203.12603284579194,92.49469312378176,3,0,2,on_line_fast_traffic
3.78619981089671,-2.837442825951858,1,181.14967442944877,145.8266934550209,2,0,2,on_line_fast_traffic
7.550469730534939,-3.4689754650337083,1,162.52572065208219,155.22347628253806,1,0,2,on_line_fast_traffic
5.149153261469432,-2.8302948333600226,1,107.15800474305465,147.09410964376875,4,1,2,multi_car
6.472807305165043,-3.0270422201549123,1,167.85036326888996,79.29487024823511,2,0,2,on_line_fast_traffic
5.419671745521059,-4.972804893903335,0,149.58664775241908,53.0615205795628,3,1,2,multi_car
7.355516424247998,-4.6601102902227165,1,97.07067110610568,143.16048224533824,4,1,2,multi_car
4.06740973815341,-3.172346037677832,1,113.3518830744159,133.48809164971777,3,1,2,multi_car
5.0531756829614025,-2.161919695056486,0,121.16962831203902,97.41797914288308,3,1,2,multi_car
4.8251397911923455,-4.321387358668626,1,121.39176958238492,152.29116610349504,2,0,2,on_line_fast_traffic
7.998282050628905,-3.884247887530163,1,136.2437059426841,79.69616886984221,2,1,2,multi_car
6.777355023909424,-3.868939605350778,1,162.97773995074746,169.42164121053509,4,0,2,on_line_fast_traffic
5.569648711956204,-3.5744491170347974,1,152.45828574405618,128.7587193322281,3,0,2,on_line_fast_traffic
7.240924176519663,-3.994613952919111,1,178.23313901318105,96.82990927804526,3,0,2,on_line_fast_traffic
4.489953056591109,-4.555818814189744,1,149.26250463809654,163.94563486494783,4,1,2,multi_car
4.713040712579756,-4.407115307967087,1,140.69848146099736,38.14311112325331,4,0,2,on_line_fast_traffic
6.848054691389994,-2.0687928167467926,0,124.58998269051692,165.79082211530837,4,1,2,multi_car
7.503267639043561,-4.750114209416085,1,217.39953695868243,118.07414017861015,4,0,2,on_line_fast_traffic
4.947815653664938,-4.530073971271519,1,135.69692788030616,160.17792706506276,1,0,2,on_line_fast_traffic
7.255848429077663,-3.4511718345157636,0,175.8295697477779,93.32211781135872,2,1,2,multi_car
3.360305620456111,-4.402357150035615,0,109.5245704032796,33.62111437060348,4,1,2,multi_car
3.85000267122606,-4.710087916725957,1,146.10972780171562,162.1169909565138,2,0,2,on_line_fast_traffic
7.544179620352307,-4.118959089806671,1,146.74280039859158,143.016178076625,4,0,2,on_line_fast_traffic
7.8858417352513115,-3.5185804197538437,1,125.87679991677201,169.7740860374525,3,0,2,on_line_fast_traffic
4.107448441492745,-4.459195237929066,1,120.06901750647782,108.09326810370126,4,0,2,on_line_fast_traffic
4.906665206188134,-3.1602034766646048,1,147.4845215633344,93.65361293986116,2,0,2,on_line_fast_traffic
5.332199734347189,-4.0588388455402304,1,191.111142285251,124.80039109559452,1,0,2,on_line_fast_traffic
3.1959479521405654,-4.748241038451453,1,207.2312842964593,167.044532762658,1,0,2,on_line_fast_traffic
6.1690701334649205,-4.914533600642262,1,164.80084193213887,140.226989561506,4,0,2,on_line_fast_traffic
6.98139278603832,-3.622566488069861,1,157.7759247066765,70.81598558622514,4,0,2,on_line_fast_traffic
6.923459970753218,-4.10450096365573,1,151.153512858275,86.90931990599881,3,1,2,multi_car
4.851846363846731,-3.9083992527917686,1,192.98038950925448,132.35829108686985,3,0,2,on_line_fast_traffic
4.95519397745098,-4.364337695866056,1,143.87116314470828,96.83997885878118,4,0,2,on_line_fast_traffic
6.432410936360127,-4.962389177736476,1,150.47686365397908,148.34002805029434,3,0,2,on_line_fast_traffic
5.311456514211962,-4.484299542274398,1,166.28696688773297,152.23217887745602,2,1,2,multi_car
7.957620030270867,-4.810995296621218,1,84.72094756888762,75.52450097836952,2,1,2,multi_car
7.705222516993002,-4.495015862779648,1,85.65364996863312,107.6374266014311,4,1,2,multi_car
2.7378343230685087,-2.3175600391673163,1,100.58236733846397,143.06796140482078,3,1,2,multi_car
4.621628781171072,-3.795144004949354,0,155.64690489003385,126.85689208218015,3,1,2,multi_car
6.315755126711525,-4.0707477829828305,1,136.68470801399786,99.22371996734202,4,1,2,multi_car
4.353840358781265,-3.4590756434084535,1,162.85296173096543,111.11311669782803,2,0,2,on_line_fast_traffic
2.647693725663555,-3.019920966371781,1,150.69259651130923,79.93381265331817,3,1,2,multi_car
3.4216831166502084,-3.8418957285196207,1,138.84955042723706,99.24713757909258,1,0,2,on_line_fast_traffic
7.6671895128467735,-4.2700657957418136,1,123.10407226334327,83.30227255987823,3,0,2,on_line_fast_traffic
4.302812279949641,-4.9974272930506505,1,172.9010708563638,42.942676855108814,4,0,2,on_line_fast_traffic
7.437795194531975,-4.974379253524429,0,112.06766846519213,145.3228518765148,2,1,2,multi_car
4.307133724688766,-4.091504385802092,0,123.9198276781407,104.37546315500049,2,1,2,multi_car
4.419336456496191,-2.189055823086933,0,82.33345892142005,132.52868768900274,2,1,2,multi_car
5.380547160165809,-3.260207788269345,1,160.00706680269045,106.54890409866643,2,0,2,on_line_fast_traffic
7.701430715495582,-3.396942434794249,1,178.4857512973752,156.2411006091542,3,0,2,on_line_fast_traffic
7.190299886752886,-4.872665289169547,0,136.98605013415968,138.31733099899424,2,1,2,multi_car
5.58353482669841,-4.923422200934817,1,159.2547122540644,105.93497246322049,3,1,2,multi_car
6.217676903522221,-4.639552647644707,1,176.87558193233693,147.24059213883228,1,0,2,on_line_fast_traffic
7.568841494937212,-4.250464269963084,1,200.3159324931563,68.21791748016311,2,0,2,on_line_fast_traffic
7.457704470440872,-2.1526866515056446,1,158.03186580538357,141.5722035267003,3,1,2,multi_car
6.696951673393716,-5.057148802756317,1,169.8259555350046,117.40057715946074,4,0,2,on_line_fast_traffic
6.210145699138083,-2.3061701566210075,1,135.2590798331872,143.20763157923534,4,1,2,multi_car
6.887746206918959,-4.761545586449851,1,146.5128270295181,116.25374424269589,3,0,2,on_line_fast_traffic
3.3639035159292066,-3.4696342677104943,1,161.73398752058645,99.14840619634204,3,1,2,multi_car
4.9237757493932435,-4.513852833129298,1,111.88652277022179,168.14564219763875,2,1,2,multi_car
3.9612659149598137,-3.31140407188874,1,163.5746792125761,38.78407143677992,2,1,2,multi_car
6.602642076253316,-4.915561222991904,1,210.0442990825542,138.8535782124628,4,0,2,on_line_fast_traffic
3.883229039936304,-4.808959096545494,1,133.87607343892878,167.35641600659977,2,1,2,multi_car
6.637480766581904,-4.882081221230767,1,131.3834977195484,136.05615532398713,4,0,2,on_line_fast_traffic
3.244883961407022,-3.1022232598347124,1,199.3968388865419,102.80660302029133,4,0,2,on_line_fast_traffic
4.339790145780106,-3.3749609197911488,1,152.10627218459487,152.87418492563646,1,0,2,on_line_fast_traffic
6.674586391845059,-2.536639239999089,1,162.75120029604318,74.49488792917377,3,0,2,on_line_fast_traffic
7.769348269599258,-3.643020293884914,1,217.30606145712986,32.010288566127535,4,0,2,on_line_fast_traffic
6.87465588964975,-3.472269002282589,1,212.09623303779162,60.585084949738274,2,0,2,on_line_fast_traffic
3.2102135144151465,-2.591314753018513,1,174.49405883303325,117.81824428535224,4,1,2,multi_car
2.058396034811697,-2.1698456138952955,1,161.96421746612322,65.52781826375033,3,1,2,multi_car
6.0497638931449025,-4.0766766576639615,1,161.05294975684404,30.60202884487739,2,0,2,on_line_fast_traffic
6.694413078600116,-3.1351461513787298,1,190.83580102738182,32.12139477441895,2,0,2,on_line_fast_traffic
7.750196038278954,-2.50664600524631,1,165.78184138065123,87.93507163341367,4,0,2,on_line_fast_traffic
5.703607956616343,-4.150686768827337,1,140.25060030864225,40.78905351959133,4,0,2,on_line_fast_traffic
5.72405595181657,-4.496986201949834,0,143.10352739729365,110.75420744254322,4,1,2,multi_car
7.006320679261586,-4.882547486412461,1,219.58408982739928,86.49081028731175,4,0,2,on_line_fast_traffic
6.440339076157891,-2.97018532599856,1,183.6548599693043,89.93249862304653,3,0,2,on_line_fast_traffic
3.9006899492702845,-4.510796234567116,1,189.7940989678256,104.52061946030291,2,0,2,on_line_fast_traffic
5.784323926785634,-2.770360239796955,1,153.93720261422564,82.1300979909798,1,0,2,on_line_fast_traffic
4.493372452666311,-3.795409605877391,0,122.57594387556296,162.5555280106098,4,1,2,multi_car
4.189058942959759,-2.2841817471993937,1,175.72820604078024,128.54277529818978,2,1,2,multi_car
3.66895179345883,-4.793320275869365,1,106.70020530458191,178.15499706495115,3,1,2,multi_car
4.857494912047721,-2.594395421706853,1,137.82949731446826,143.28678971011925,2,0,2,on_line_fast_traffic
7.774373634625968,-2.7264916687036695,1,181.59434423984317,130.79778065606413,2,0,2,on_line_fast_traffic
5.6493878006292775,-4.061405464914519,1,188.95495913764202,150.85689610925408,3,0,2,on_line_fast_traffic
4.757924482650006,-3.907728759851513,1,97.87828659466953,174.92531351671997,3,1,2,multi_car
4.163665477011254,-4.170452471302999,1,127.73683099215027,34.76667153412892,1,0,2,on_line_fast_traffic
3.616318228928842,-3.6588315277623056,1,202.92606434644912,77.87606503337383,1,0,2,on_line_fast_traffic
6.0012554641793345,-3.3157899491841554,1,163.25378787679804,84.08363616101052,2,0,2,on_line_fast_traffic
4.330359016892225,-2.03335313123619,0,177.73467974486908,159.37442871242075,3,1,2,multi_car
6.7544277334731095,-4.047370465984127,1,129.41749110077504,160.60027888314366,1,0,2,on_line_fast_traffic
2.871777718688562,-4.892124289080488,1,125.46798785092835,53.846359898875946,4,1,2,multi_car
7.83902869187305,-4.044731509759319,1,145.91749176930026,138.6959119213147,1,0,2,on_line_fast_traffic
7.588019683938894,-5.019059421610555,1,210.55818297552952,119.45053542971988,4,0,2,on_line_fast_traffic
7.62783838719441,-2.830740625601042,1,136.87998150508176,90.73585566939714,2,0,2,on_line_fast_traffic
6.078664071119357,-4.944315192004483,1,169.10313263724476,107.54188307859452,2,0,2,on_line_fast_traffic
6.537845799879693,-2.7718597055847773,1,124.85898859265616,119.78738642064279,2,0,2,on_line_fast_traffic
5.036790145096888,-3.4017801330737645,1,125.18074440431255,125.2778627379597,3,0,2,on_line_fast_traffic
5.226340197598083,-4.912301098812108,1,193.75478825234788,60.722040817060815,2,0,2,on_line_fast_traffic
2.793531911021946,-2.5821916035564296,1,92.58904182498975,72.02909270564669,3,1,2,multi_car
6.691577391407729,-5.0095406976307535,1,208.18333419612034,73.76111907654375,4,0,2,on_line_fast_traffic
4.893478390608866,-4.382181695390496,1,154.8457021650913,30.184432063208288,3,0,2,on_line_fast_traffic
6.85506163111387,-2.726814160885105,1,179.94226832402424,150.08899173028692,1,0,2,on_line_fast_traffic
5.0671939740977034,-3.063231381291513,1,212.25374877418275,109.29595544990838,3,0,2,on_line_fast_traffic
7.710288495116392,-3.080547908454159,1,164.22818724536214,45.21039928289089,2,0,2,on_line_fast_traffic
4.3915775359810105,-4.098981067955298,1,148.9597972603002,150.77857038785888,2,1,2,multi_car
3.223597520268685,-4.589075468427347,1,134.7142122224018,127.75672106190679,4,0,2,on_line_fast_traffic
6.538966488474308,-3.0773254601715916,1,184.49907189009951,47.57197218867168,2,0,2,on_line_fast_traffic
6.072309625822799,-3.409283027455974,1,190.37780731138085,125.92232095637624,1,0,2,on_line_fast_traffic
6.652702706171588,-4.643625149791893,1,211.1423282471824,41.27221612744643,3,0,2,on_line_fast_traffic
6.492661001722405,-2.650824370009632,1,106.69643443354208,115.84994572117773,3,1,2,multi_car
6.330473700607995,-4.147647141313429,1,185.71118331030485,65.3244663532917,2,0,2,on_line_fast_traffic
6.32017775384347,-2.8527539541049176,1,140.01728524090663,72.13512048290511,4,0,2,on_line_fast_traffic
4.631749318021167,-2.553673523196362,1,134.16257376588499,34.504055311113795,4,0,2,on_line_fast_traffic
6.98576700484852,-3.716176607590309,1,203.89941347931466,36.654104990503235,2,0,2,on_line_fast_traffic
6.9353768606471045,-4.321749987665667,1,205.28255371404668,68.33686134734052,2,0,2,on_line_fast_traffic
6.3843928917111405,-2.9549228816287267,1,201.5806714677037,73.6058071107362,3,0,2,on_line_fast_traffic
6.828506453409803,-4.4035485452763465,1,208.36797532844392,154.89046436119736,1,0,2,on_line_fast_traffic
6.206813876089099,-5.197632089664379,1,144.3806548461072,96.20273359820654,2,0,2,on_line_fast_traffic
3.5153982076329817,-5.006274723401726,1,168.81555945617762,155.02571040008024,4,0,2,on_line_fast_traffic
6.357177735115392,-4.587061528855582,1,126.7136091984168,117.88756746554952,3,0,2,on_line_fast_traffic
7.780618619799784,-5.114467898809052,1,184.5832879267937,118.6601587374811,4,0,2,on_line_fast_traffic
6.037766795758446,-4.152718412034534,1,124.24082685216887,42.44198003067892,3,0,2,on_line_fast_traffic
4.571082150192426,-3.313848809526732,1,139.34406393149698,142.14979572077243,3,0,2,on_line_fast_traffic
6.1387900159831785,-5.05263371813734,1,208.38841565103874,60.50977698062437,4,0,2,on_line_fast_traffic
3.26952071317168,-2.2886281515967246,1,108.26500428375628,166.93750421271446,2,1,2,multi_car
4.798052778843656,-5.15852970630383,1,215.31944958918703,139.00613294328804,3,0,2,on_line_fast_traffic
7.886350657622449,-4.121231801127893,1,208.00198493318544,39.07588112199869,4,0,2,on_line_fast_traffic
5.5125816973416235,-2.6018544279962925,1,128.69519853241331,33.05744936236224,3,0,2,on_line_fast_traffic
3.267556147581382,-3.6425311488541645,1,201.27464113729175,115.93617318110758,2,0,2,on_line_fast_traffic
3.1575334355481797,-4.766721172690842,1,134.61903793829907,72.37112264454818,3,0,2,on_line_fast_traffic
7.5799605860789505,-4.994447505120388,1,152.93142237274694,109.15234960680476,3,1,2,multi_car
3.7221208771417684,-3.2268295255520933,1,218.46428634970846,167.14610324037537,3,0,2,on_line_fast_traffic
3.446291435429356,-2.6885542244522553,1,102.37665797911056,127.27449488260415,2,1,2,multi_car
3.5183861120961337,-3.247722542326662,1,197.74432333784281,75.26053546588167,1,0,2,on_line_fast_traffic
6.283110230045907,-4.62905778932703,1,150.71090212246526,132.3357175629911,2,0,2,on_line_fast_traffic
6.222331041833028,-3.717376380145667,1,212.66278193506025,167.49307407095782,2,0,2,on_line_fast_traffic
7.492786013860591,-2.409512726072573,1,99.83679415724082,71.54527574586724,4,1,2,multi_car
6.451923614263994,-4.164482222586433,0,135.92748521265872,168.9513980084361,3,1,2,multi_car
7.245287447402452,-3.119704291071743,1,173.14479931871966,133.0731235861008,4,0,2,on_line_fast_traffic
3.0582363686855514,-3.3832092416517665,1,154.23502525858484,70.39483976945995,4,0,2,on_line_fast_traffic
2.270428619860424,-3.07830425002539,1,120.67397191069834,51.609537553837406,4,1,2,multi_car
5.613051181968094,-5.150964857512846,1,194.85262191212092,168.06463829839578,3,0,2,on_line_fast_traffic
6.807975046389512,-3.9894231931897752,1,191.25094992012174,95.45720475110451,1,0,2,on_line_fast_traffic
2.2744199807907473,-4.5148647719800845,0,96.25397337863363,126.77713493157607,2,1,2,multi_car
5.788124976905953,-3.3565180383594844,1,208.09459021857938,119.9416892558003,3,0,2,on_line_fast_traffic
6.26057264751166,-4.447479413279737,1,134.5067144934444,159.16321576358388,3,0,2,on_line_fast_traffic
7.18275611514979,-4.912137351061668,1,185.1223606660041,113.76210669242433,2,0,2,on_line_fast_traffic
5.181106130398142,-4.151439838549983,1,128.18692724827727,45.604681606856154,1,0,2,on_line_fast_traffic
4.661170754812973,-3.444277715686143,1,145.1529150599892,120.44276772919878,4,0,2,on_line_fast_traffic
6.742585744241025,-3.5374844955673606,1,128.26873903267958,38.27809358921618,3,1,2,multi_car
3.5682904249235032,-3.0857758404077025,1,165.99652427948288,57.32576775605803,4,0,2,on_line_fast_traffic
4.764190546680232,-4.857567832751867,1,137.67320482685503,138.05994144659758,3,1,2,multi_car
6.1823106387870075,-4.833445446258531,1,198.7555643428156,160.92389666006812,1,0,2,on_line_fast_traffic
4.363920978033905,-4.761354153772433,1,138.37022785250142,144.8486917642004,4,1,2,multi_car
7.582710655469551,-2.7294342536023803,1,192.60591694541952,58.57460108174216,4,0,2,on_line_fast_traffic
6.503448659668044,-2.9896513682208377,1,203.28301724195285,94.65043256259862,4,0,2,on_line_fast_traffic
7.857018767717333,-4.272889086302107,1,178.85631450247774,32.34678813092747,3,0,2,on_line_fast_traffic
2.1593925262996265,-2.9999372771484483,1,133.0330070391844,133.4652670488776,2,1,2,multi_car
6.008272104048712,-4.975835941228049,1,138.5007856159208,122.27232423715094,1,0,2,on_line_fast_traffic
5.655738171455621,-4.502155994185605,1,123.4041781190143,76.7131547599548,1,0,2,on_line_fast_traffic
3.3528787748002316,-4.168623663187089,1,96.3687665959495,141.25612709727469,4,1,2,multi_car
3.560129003631416,-5.0633027888162285,1,169.19620291435342,134.31131687242043,3,0,2,on_line_fast_traffic
3.6859160470217605,-4.501528295550781,1,187.3824178558382,68.37507627854495,1,0,2,on_line_fast_traffic
5.524961305092513,-3.441212592947997,1,198.68918174796605,116.34958465590911,3,0,2,on_line_fast_traffic
6.865535483754815,-3.9710365714762252,1,213.85344329335885,144.52779699024683,3,0,2,on_line_fast_traffic
5.3245962527312924,-5.084799285477549,1,209.52043947939165,56.7659752688036,2,0,2,on_line_fast_traffic
4.82210259680986,-4.875592397588541,1,212.74173118952643,142.3276337123639,2,0,2,on_line_fast_traffic
7.435324033176158,-2.588779040039886,1,162.2803480890518,82.86800852644326,2,0,2,on_line_fast_traffic
5.803202786174144,-3.108592114477339,1,140.4555702785756,142.49932285090173,3,0,2,on_line_fast_traffic
5.466430219310228,-3.017445297813733,1,151.95672251209777,68.82121868408115,1,0,2,on_line_fast_traffic
5.280103016472747,-3.30849295300448,1,203.13519979802052,42.011319780712284,3,0,2,on_line_fast_traffic
4.241563789501489,-4.978651901092313,1,120.55590853695489,107.93286723030751,4,0,2,on_line_fast_traffic
5.886501663234502,-4.700541288937334,1,131.2164008083811,88.17784060096179,3,0,2,on_line_fast_traffic
7.332411731173946,-3.4950332097162966,1,156.39084404899006,146.94155914479623,4,1,2,multi_car
7.063144395098258,-3.243269938592883,1,128.3235257861734,47.694219963019755,4,1,2,multi_car
6.008817648502534,-2.656614050275964,1,187.68682790089724,69.63414502559425,4,0,2,on_line_fast_traffic
6.032944573418223,-4.476963366148958,1,171.7284294321492,30.790758299812943,1,0,2,on_line_fast_traffic
3.0330453765898,-5.001302413502218,1,146.7305157725052,151.94092448958338,3,0,2,on_line_fast_traffic
2.5832990629530217,-3.354224913807971,1,174.25617005006367,108.16422227526448,2,1,2,multi_car
3.222772699585905,-4.076015573694522,1,158.00437644985337,157.2786878545057,2,0,2,on_line_fast_traffic
6.827234915648879,-4.790168426180219,1,129.82776116777544,91.71848308587427,2,0,2,on_line_fast_traffic
5.122276491598457,-4.02591654781194,1,207.31039472988476,62.563102136570976,4,0,2,on_line_fast_traffic
4.382170527137692,-3.7790999859771954,1,132.711905375959,37.39287045337538,4,1,2,multi_car
4.4883365716255135,-3.0048557703007353,1,83.79101670438062,55.1503004605337,2,1,2,multi_car
5.202458842649002,-3.1664538584231723,1,133.76626858077307,113.66031432954131,1,0,2,on_line_fast_traffic
6.426340333986109,-3.2456862571143072,1,205.4444836366964,115.65510511983632,3,0,2,on_line_fast_traffic
4.064242258582286,-3.1539747958076148,1,167.4750217438105,63.29494434568183,3,0,2,on_line_fast_traffic
4.542772561278792,-2.910173615695643,1,135.16138537734724,47.81188901956249,3,0,2,on_line_fast_traffic
2.018240218085735,-3.6271168649075927,1,135.24788309602147,170.31381201623748,3,1,2,multi_car
5.458579039630733,-3.2542109379161754,1,172.3139332624521,103.43206019093246,4,1,2,multi_car
6.83044100211995,-2.5282937155148373,1,196.46384796406736,41.8883245441198,1,0,2,on_line_fast_traffic
6.90853435005763,-4.361708603217594,1,176.1903129336638,144.8819269794271,1,0,2,on_line_fast_traffic
4.74507353393772,-4.988896061163612,1,97.15077666207982,156.89646646798374,4,1,2,multi_car
7.372498256143071,-2.665149130124091,1,131.10521115066416,35.638172571354744,2,0,2,on_line_fast_traffic
7.159320905582498,-3.5871841157434137,1,129.06954496710236,82.28563584033348,3,0,2,on_line_fast_traffic
6.217359623820574,-4.260809397750101,1,130.30237172513532,88.82474885357384,2,0,2,on_line_fast_traffic
4.294306045950174,-3.5991167736268896,1,181.36949316450188,86.40189817428626,3,0,2,on_line_fast_traffic
3.335695972577035,-4.328242743396571,1,161.7711446064614,100.03617385527357,2,1,2,multi_car
6.8525810766568895,-3.5348924851429167,1,143.8480592152371,44.70453274044064,2,0,2,on_line_fast_traffic
5.349712698964417,-4.685398577890343,1,165.76747085743062,88.07349451607772,3,0,2,on_line_fast_traffic
3.196567237642147,-4.491310833945394,1,170.21277233516457,34.03637268560257,2,1,2,multi_car
3.2916428107554214,-4.6049392275360095,1,141.14965240591133,109.22916067311498,3,0,2,on_line_fast_traffic
6.246294678062131,-2.9814639054295715,1,199.66777687549006,91.8071449531689,4,0,2,on_line_fast_traffic
5.4338248505391755,-4.693708628611019,1,162.9957630833613,136.17992706719895,1,0,2,on_line_fast_traffic
4.741473904029709,-2.969847755076342,1,116.89184177383655,55.51306600929775,4,1,2,multi_car
7.3841959646402415,-3.2651506027709414,1,143.4960534844736,48.6788099022787,2,0,2,on_line_fast_traffic
7.883461770998157,-3.9492974336036486,1,192.96444606206975,138.21628256161873,1,0,2,on_line_fast_traffic
6.994529550806105,-5.096007459934132,1,194.1761850240534,129.64263773278907,2,0,2,on_line_fast_traffic
7.047920754852768,-2.266512125370049,1,116.19935421428572,114.8960873696687,3,1,2,multi_car
6.025097799772376,-2.5690701319786586,1,192.26048455230963,160.0634308685095,4,0,2,on_line_fast_traffic
7.307100387297869,-4.728298539423223,1,206.12922829839624,78.17405637691847,3,0,2,on_line_fast_traffic
7.2401675251486575,-4.958076152314929,1,134.68414992597465,55.41453314280775,2,0,2,on_line_fast_traffic
6.6217869690761475,-4.624943471773684,1,91.3268175393231,75.5622344950749,3,1,2,multi_car
4.737774891350075,-2.7775795563413683,1,150.20684661130784,142.93888932197316,4,0,2,on_line_fast_traffic
3.0294366532996477,-2.937897117739814,0,123.19574880986265,96.23988822091397,3,1,2,multi_car
4.522771523071424,-4.6996525589381255,1,198.61989744032633,90.96983185202674,1,0,2,on_line_fast_traffic
4.901294585314112,-4.833689865519222,1,123.15655505847026,78.6122406321595,4,0,2,on_line_fast_traffic
7.506547807371641,-4.542344911295032,1,186.98658168957007,144.17068732472188,4,0,2,on_line_fast_traffic
3.52532572679107,-3.398710702084592,1,138.78027571183043,162.76464106845907,4,1,2,multi_car
3.8899368901160316,-3.0793715010147804,1,204.60565588592908,31.220933591235685,2,0,2,on_line_fast_traffic
3.2779404280199236,-3.557477863841395,1,200.0176227445629,87.06615275513586,4,0,2,on_line_fast_traffic
3.5014941726289157,-3.8811640113750037,1,178.24740179990093,154.72160361321374,4,0,2,on_line_fast_traffic
4.031604111697986,-3.9780442846905157,0,164.82743239578568,156.9742592543834,2,1,2,multi_car
5.821495610432491,-4.81816625401776,1,206.96255862567597,142.31843916609563,3,0,2,on_line_fast_traffic
7.277779154005293,-2.3413457932757895,1,177.61135339536077,111.71642399459928,4,1,2,multi_car
5.5152781659976355,-4.243617273319697,1,202.82219839376575,143.7047416432855,1,0,2,on_line_fast_traffic
4.721149921834449,-2.0617071685610244,0,97.39060755186249,123.73120427514577,2,1,2,multi_car
6.127647173214329,-4.021224881644802,1,191.55886773666077,117.65539524324332,3,0,2,on_line_fast_traffic
4.833839755037201,-3.97580227702356,1,152.51974258981772,136.44632387296375,1,0,2,on_line_fast_traffic
6.972105045818237,-2.4402011629444513,1,98.34654407851889,109.20229206182435,2,1,2,multi_car
5.8240066158622374,-2.638221229524792,1,137.358386636644,173.59097311390113,2,1,2,multi_car
6.036977697516255,-4.7387284642051215,1,141.96825677617767,118.58394452102402,3,0,2,on_line_fast_traffic
6.718954895732192,-2.5660674056264177,1,162.77120965269143,121.23826625660868,2,0,2,on_line_fast_traffic
4.189857978568755,-3.753742979534477,1,204.97445254895263,58.9574624217385,2,0,2,on_line_fast_traffic
7.951677607500638,-4.9646063560042135,1,123.39683421266557,104.24647546428201,2,0,2,on_line_fast_traffic
7.619524618288554,-3.692171264249583,1,161.84370039280017,68.2124444575035,1,0,2,on_line_fast_traffic
3.724993614966964,-4.657178501445977,1,169.12103448465837,109.30480478398248,3,0,2,on_line_fast_traffic
3.110892643309694,-2.525549220026347,1,158.61282411946004,38.78183302802192,4,1,2,multi_car
5.0045395615508586,-3.685290349844674,1,85.61673889577202,67.46561965772172,4,1,2,multi_car
5.061340597446418,-4.013395852080007,1,214.48686220265472,36.478047564430575,4,0,2,on_line_fast_traffic
4.80637066423949,-2.787413450725801,1,215.07943487597979,164.60434256479607,2,0,2,on_line_fast_traffic
7.6802996641344725,-2.105520820172857,0,163.59320164086645,62.14953312168208,2,1,2,multi_car
6.789796174215818,-2.957896892023337,1,142.89727755929266,52.06410764001568,3,1,2,multi_car
4.2490263905971215,-4.501401312436984,1,156.65992264115567,101.03015103125121,1,0,2,on_line_fast_traffic
3.1646340040974312,-3.95135377770443,1,146.78407272164063,90.10527785233593,2,1,2,multi_car
4.908647385077443,-4.784340895853646,1,125.55561692156542,155.06162365370477,3,0,2,on_line_fast_traffic
3.212711049827408,-4.018491939081893,1,142.43542303810963,94.28843724577676,2,0,2,on_line_fast_traffic
6.957733803740759,-4.12104116396522,1,217.78719086576473,94.92515333443954,4,0,2,on_line_fast_traffic
6.916550898862842,-2.6638816101705824,1,87.00099219664916,79.18499154579582,2,1,2,multi_car
4.5138576598322615,-4.101620937375429,1,195.15421693281058,161.2873406106275,2,0,2,on_line_fast_traffic
3.751909162440735,-4.092574778416331,1,129.81355938772603,81.9069998466968,1,0,2,on_line_fast_traffic
6.902725160194308,-3.087518076136685,1,186.79855640970118,120.42175321860987,3,0,2,on_line_fast_traffic
3.8824849745839423,-4.250275594664529,1,103.91945419912574,123.17367566376414,4,1,2,multi_car
4.372142063111369,-3.719859987484526,1,163.5777727256493,138.29133957194506,3,0,2,on_line_fast_traffic
5.0061596687401595,-2.5530224406914344,1,148.03688629709498,105.16897630403749,2,1,2,multi_car
3.890349134331012,-2.939968037901114,1,93.17313674263197,145.72549720399397,3,1,2,multi_car
7.306848107932988,-2.7804340765993927,1,83.89895115292319,166.87598625821778,3,1,2,multi_car
5.73725149442865,-4.198067602959809,1,140.38602687522342,150.13828656078678,4,1,2,multi_car
7.794084446451496,-4.908094366753558,1,216.3018833906214,143.1687912644246,1,0,2,on_line_fast_traffic
5.907777338173272,-2.8244385400436767,1,195.41667316660562,51.509553238993924,2,0,2,on_line_fast_traffic
4.202784762564057,-2.9331121496639043,1,127.09043636909725,129.5911179271136,4,0,2,on_line_fast_traffic
3.9883390603085997,-2.9581808304295016,1,150.57951224684942,161.7696007779751,1,0,2,on_line_fast_traffic
4.304389696528833,-2.9600550512020387,1,121.8901419705438,81.09897058956864,2,0,2,on_line_fast_traffic
2.1620719740149754,-2.308939117807499,1,155.08637014382884,40.047937675278945,2,1,2,multi_car
6.102712644006232,-4.881373554760327,1,138.3987008472059,141.19747879505638,3,0,2,on_line_fast_traffic
7.882420658258685,-4.683083266651727,1,132.37682008191837,162.5980614228803,4,0,2,on_line_fast_traffic
4.061625922273385,-2.946032981474997,1,213.64141504003814,51.79780765482299,4,0,2,on_line_fast_traffic
5.0262962713157915,-4.4542742168304486,1,129.18513801666487,131.5081602833857,4,0,2,on_line_fast_traffic
7.501891926694238,-3.0086757265586823,1,130.93560779750015,57.470841787881206,3,0,2,on_line_fast_traffic
7.880903245170463,-2.3685698777338375,1,160.96857472763892,67.01315935526799,2,1,2,multi_car
6.361548902038422,-3.576666122187538,1,203.54791538003124,119.35770839276347,1,0,2,on_line_fast_traffic
5.989616378098482,-4.83944637817931,1,156.44829605524617,133.10590101339267,2,0,2,on_line_fast_traffic
5.715366988892499,-4.48099007505524,1,126.05273713098438,93.69293312783677,2,0,2,on_line_fast_traffic
6.625027722360466,-4.141076915999875,1,152.69296603892784,40.67941187499697,1,0,2,on_line_fast_traffic
4.57501860273831,-3.2435172989711987,1,130.10049709175837,110.82944927352125,4,0,2,on_line_fast_traffic
7.214265411058889,-4.343470315792402,1,120.39149058094067,109.19444563324399,2,0,2,on_line_fast_traffic
3.076835600139,-4.172291340066104,1,140.49143602054266,155.9490133934521,1,0,2,on_line_fast_traffic
3.255110658320217,-4.937382319061724,1,96.54721721263752,107.5863255253611,3,1,2,multi_car
4.545261385053313,-3.276036535684214,1,108.01035511544889,54.26754195654773,4,1,2,multi_car
7.471000983587757,-4.486470303133832,1,129.61874076375514,86.11885664775993,3,0,2,on_line_fast_traffic
4.539701929435382,-4.307316800058032,1,149.023428349101,147.6781646733233,1,0,2,on_line_fast_traffic
6.345840814199712,-4.886436102860006,1,188.28103086494227,155.6256685999662,2,0,2,on_line_fast_traffic
5.835321226971953,-3.3025293700471807,1,149.8142404651356,152.54635258016984,4,0,2,on_line_fast_traffic
7.648621088580944,-2.981179400576533,1,113.00297526374483,172.9952083849741,2,1,2,multi_car
4.766594383201582,-4.842144826973559,1,147.40565391369736,68.5867267230586,1,0,2,on_line_fast_traffic
7.152911265862928,-2.785582227300251,1,178.01799098693468,61.27532636758958,4,0,2,on_line_fast_traffic
5.6924239214213745,-2.3715984924950377,1,105.58217342628801,158.08837088660363,2,1,2,multi_car
4.075544156308076,-5.001457262348874,1,202.28965304067518,67.14091225122792,3,0,2,on_line_fast_traffic
4.338694585710231,-3.2901364295268363,1,158.59633543047778,53.07273086363944,4,0,2,on_line_fast_traffic
5.3440239549667625,-4.68338744465577,1,97.02308865991994,83.79350890192946,4,1,2,multi_car
7.73075514083305,-4.437106081547403,1,199.61916546491634,134.72610727209235,1,0,2,on_line_fast_traffic
2.843939828121419,-3.2883007490283465,0,113.05153286007685,31.43444133424715,2,1,2,multi_car
4.000315354265821,-3.965654938457428,1,121.48800500256189,101.23897978702081,3,0,2,on_line_fast_traffic
7.402059934913502,-4.4488972584988815,1,123.60281549028956,140.53313552943575,2,0,2,on_line_fast_traffic
6.317047741665574,-5.009101186939887,1,200.3253527666136,60.6458130442736,4,0,2,on_line_fast_traffic
4.749616112181866,-3.8632511043863897,1,215.37136201976355,116.18377158269365,2,0,2,on_line_fast_traffic
7.707588691927193,-4.390732976640183,1,146.60805234820035,156.91178763231213,2,0,2,on_line_fast_traffic
5.581056377922421,-3.7939016833623262,1,212.3630873299187,67.19287031613781,2,0,2,on_line_fast_traffic
6.3008009166865495,-4.893862397866956,1,131.48840906688534,59.383692646763635,2,0,2,on_line_fast_traffic
6.886485522022153,-3.4343883722172843,1,155.76348080796282,95.73474189328697,4,0,2,on_line_fast_traffic
5.366246627908196,-4.3283598574953634,1,161.904074251517,38.70770276286985,4,1,2,multi_car
2.259526612084993,-2.383497294136408,1,102.30507821396488,90.26431088853803,4,1,2,multi_car
7.355620291446668,-3.5735084304094253,1,111.93050979496842,150.10206364587734,3,1,2,multi_car
3.8066190839491227,-2.2909442412174297,1,138.65979115557838,48.894058197136836,2,1,2,multi_car
7.129554057197984,-2.819407645854171,1,180.80533499121532,79.28156560518383,1,0,2,on_line_fast_traffic
6.5377501840410925,-2.660461625085263,1,209.54681105093144,87.94584523504501,4,0,2,on_line_fast_traffic
6.363910107814329,-4.438529587328366,1,150.32507768708606,79.23191643958636,2,0,2,on_line_fast_traffic
5.967217824045871,-5.083654443995379,1,161.66244623433934,169.46886542322085,1,0,2,on_line_fast_traffic
6.980497295208924,-5.0058922847584935,1,188.80543526632508,45.3056805035212,1,0,2,on_line_fast_traffic
2.5139948790637496,-3.805244362747402,0,117.4754613235259,54.441756378939196,2,1,2,multi_car
5.424811815261133,-3.7068853605028087,1,155.0704740537825,43.201843724004064,2,1,2,multi_car
4.554193693702291,-2.38152505952974,1,147.30494181949297,96.00304434467871,3,1,2,multi_car
5.546582922052428,-3.2715370206660643,1,215.3601277938157,162.1661652849819,4,0,2,on_line_fast_traffic
7.730406412741917,-4.593802427993455,1,130.66441625572347,102.70553805931004,1,0,2,on_line_fast_traffic
5.944285352804384,-5.019606633044105,1,156.8209737485458,101.20752436716212,1,0,2,on_line_fast_traffic
5.245677439573355,-4.407724006230092,1,135.34867619645172,83.19649156768715,2,1,2,multi_car
6.510193309786015,-4.38673207150803,1,157.78031337243948,113.89910241586692,3,0,2,on_line_fast_traffic
6.404069861848646,-4.053192155901446,1,206.68047468232248,64.83180109780037,3,0,2,on_line_fast_traffic
7.812517269369,-2.6639810618844453,1,210.29556557919548,115.7198911735913,1,0,2,on_line_fast_traffic
5.389723583375834,-4.463026176478421,1,132.51121336606707,84.49853849304289,4,1,2,multi_car
3.5054316474162617,-4.85530042542183,1,155.18524426622002,106.27464217970038,2,1,2,multi_car
7.946560693774283,-2.1409231325743825,1,126.15182160097113,41.47896145530924,2,1,2,multi_car
6.471209868389456,-2.7924873004422706,1,200.10251105497125,117.50853915329589,1,0,2,on_line_fast_traffic
3.720887772579484,-2.4115335870405934,1,133.2959625125667,30.424490507487974,2,1,2,multi_car
5.414018421324755,-4.236306288079764,1,123.48440554869961,34.95961087062662,3,0,2,on_line_fast_traffic
6.131228576968923,-3.999674277766087,1,101.6067544562896,132.4688396071594,3,1,2,multi_car
5.783916658472274,-3.6450663335191433,1,143.90868179352103,102.84173250654507,1,0,2,on_line_fast_traffic
5.821608027746211,-2.902229357811127,1,160.56929120913563,101.45968694267275,1,0,2,on_line_fast_traffic
6.053586202348072,-4.525851292443259,1,215.60735628110393,58.437689345017354,1,0,2,on_line_fast_traffic
4.5241541211441865,-4.905062901133645,1,160.68571636928723,72.25113383063368,1,0,2,on_line_fast_traffic
2.2279410654658545,-3.646443533924919,1,142.48582107426557,139.66495102356188,4,1,2,multi_car
5.818503116139455,-3.5729861088829837,1,168.17262080096606,143.18852517462827,2,1,2,multi_car
6.602022957319997,-3.1609777132719064,1,163.05262251359895,84.16157956228166,4,0,2,on_line_fast_traffic
5.052740764894433,-3.433037525794014,1,120.39237862008798,148.5972562727809,1,0,2,on_line_fast_traffic
5.50476083692632,-4.618630122461922,1,180.44813690998092,53.709171553571124,1,0,2,on_line_fast_traffic
6.78798447224368,-4.807864193589285,1,151.86537597375312,34.748996075042704,3,0,2,on_line_fast_traffic
3.35461106086344,-4.342685221833774,1,157.3186854675928,175.12968004821025,3,1,2,multi_car
7.521567752050549,-4.23311213267992,1,138.1744346198684,141.90314513125423,3,0,2,on_line_fast_traffic
7.88969888837458,-3.1572663701400088,1,153.31255162839324,145.00874372433208,3,0,2,on_line_fast_traffic
6.165998823074704,-3.945785342378763,1,136.8821872267557,53.117039296434044,1,0,2,on_line_fast_traffic
2.0926709326260484,-4.2405243209298265,1,144.96799763686545,91.42764946218992,4,1,2,multi_car
6.810660009758103,-2.377121611419324,1,174.67829267912032,75.27915397742568,2,1,2,multi_car
7.866852776892022,-2.732016945658306,1,136.06903879173476,91.36445208344992,2,0,2,on_line_fast_traffic
7.421794694716382,-4.540216451243468,1,217.61750316028537,32.3584599649742,4,0,2,on_line_fast_traffic
2.698077211309603,-4.73108822181461,0,110.30282177037977,154.15628027744975,3,1,2,multi_car
3.502443922425291,-4.127474030186799,1,217.60570393576685,73.13316686080124,3,0,2,on_line_fast_traffic
7.8839583860158955,-3.6177552271163584,1,163.0932767843383,129.7656963931234,1,0,2,on_line_fast_traffic
4.509933061559945,-2.7699402723711115,1,202.73625199471957,97.67280468849636,3,0,2,on_line_fast_traffic
7.163028200714873,-2.053167137855667,0,155.1795259756768,172.02326249796957,4,1,2,multi_car
4.612111685989587,-4.285992605053803,1,212.57929886612334,168.9737106029147,1,0,2,on_line_fast_traffic
5.696148378603719,-2.960487720557075,1,189.39753672385984,147.23185920500802,2,0,2,on_line_fast_traffic
4.729215223780517,-5.100812842427637,1,132.03465870380313,99.15580211346237,4,0,2,on_line_fast_traffic
5.219083142321928,-4.273672339036832,1,87.71294332941747,56.977748015511935,3,1,2,multi_car
6.1672856063805135,-3.5425235966317343,1,85.11345617458645,147.88213490026666,3,1,2,multi_car
5.693945652735463,-3.7661869787233737,1,146.53454157457466,68.69228506416674,2,0,2,on_line_fast_traffic
6.245594097211597,-2.8156186194005657,1,179.350012100284,87.87188337362983,2,1,2,multi_car
4.318838604567089,-2.8705733397331263,1,165.4886347775255,100.97305131600923,3,1,2,multi_car
7.793283458147853,-2.5076446178750906,1,187.50396068442572,46.60969856475141,3,0,2,on_line_fast_traffic
7.080692485348694,-2.214487546953405,0,138.08358281183632,89.24901883757327,3,1,2,multi_car
5.5209384689683105,-3.4846713920225163,1,129.04475335875006,31.918389603447963,2,1,2,multi_car
3.992686646993771,-3.4406664441835693,1,151.27783435934174,163.28385610531515,4,1,2,multi_car
3.945889154831832,-3.5540795848095916,1,188.68169919623912,36.30339856025805,4,0,2,on_line_fast_traffic
3.024417200006239,-4.968038885922342,1,191.8169449741603,109.16988414509758,3,0,2,on_line_fast_traffic
7.940123842732057,-4.488581680070575,1,200.7292957513892,145.55389863287164,2,0,2,on_line_fast_traffic
3.273421925311299,-3.035585461444315,1,185.5217596087065,117.35288746791794,1,0,2,on_line_fast_traffic
7.8649938158723,-2.751387933745937,1,197.67201227715762,97.32279675593409,2,0,2,on_line_fast_traffic
3.1278249659744923,-4.4650590323745964,1,197.15755107669744,74.65404955041507,2,0,2,on_line_fast_traffic
5.638652739409174,-3.1029357285908596,1,123.41270594167477,161.71047832431026,3,1,2,multi_car
2.6629998988614085,-4.398809550976238,1,173.55684220320086,120.50569196670801,4,1,2,multi_car
6.671813525505298,-2.8529827962218253,1,207.72674829572787,162.7662430580363,1,0,2,on_line_fast_traffic
5.664363883579719,-4.125570121149046,1,162.88551711959323,41.70158948204262,3,0,2,on_line_fast_traffic
3.9751192085266536,-2.938543321101209,1,179.2408248834462,171.38466559204372,4,1,2,multi_car
4.300026904724547,-4.674497730142372,1,162.26100501961395,165.49032701233997,2,0,2,on_line_fast_traffic
6.797256711300962,-2.7427955833087907,1,190.21277365555002,168.2156141605226,4,0,2,on_line_fast_traffic
7.407845015246571,-3.601982966234722,1,217.13240007093816,121.50279202225795,2,0,2,on_line_fast_traffic
5.395228693973116,-2.634267634173838,1,159.50757236861082,158.15336997975137,1,0,2,on_line_fast_traffic
7.7034066684903415,-2.2997691339054214,1,176.56855561505012,128.12303605998764,2,1,2,multi_car
7.946182847874787,-3.9255303081273922,1,83.19851937797371,94.0965567778566,4,1,2,multi_car
7.120926669985783,-4.329460633969526,1,181.4414222380189,160.41821629464846,2,0,2,on_line_fast_traffic
7.723047633287436,-2.3022941215076633,1,143.02736647971824,81.22143058012142,2,1,2,multi_car
6.652511715173398,-4.4855174898240175,1,98.20766961888467,37.84710418933644,4,1,2,multi_car
3.6876680942299203,-3.3602118767452005,1,204.0434319283297,162.8122519804757,2,0,2,on_line_fast_traffic
3.0032419158122776,-4.033665451614684,1,136.66601295669378,82.60456756894608,4,0,2,on_line_fast_traffic
7.657644546872226,-3.9012161956718723,1,144.27948406334394,172.7798216330884,3,1,2,multi_car
7.079938339213121,-3.085623400428176,1,135.3107952063957,155.84136861428303,1,0,2,on_line_fast_traffic
6.705428701864461,-2.7355167067013477,1,181.79952950406164,116.92556619467956,1,0,2,on_line_fast_traffic
6.935638983377292,-4.0554930292581135,1,96.64057470475701,125.3524389148927,4,1,2,multi_car
2.4676535736883247,-4.866685671406558,1,80.21407649923053,165.25354557561624,3,1,2,multi_car
6.665303367751587,-2.912198848797539,1,160.4605674026042,120.3085721739245,3,0,2,on_line_fast_traffic
6.507494725920789,-3.1307602912194645,1,140.91278271398727,31.627451036453596,2,0,2,on_line_fast_traffic
4.233683960149092,-4.56376270303694,1,176.97099061679208,54.89542772248791,2,0,2,on_line_fast_traffic
4.127217952873854,-3.6488561561463273,1,208.82080617195464,130.69587073230912,3,0,2,on_line_fast_traffic
4.407417246610694,-2.836370495220762,1,195.29489842999345,109.50465383669058,3,0,2,on_line_fast_traffic
7.850679916274905,-3.0449627605016136,0,135.89568408722297,65.28899188904137,3,1,2,multi_car
6.080054459944803,-3.303563568219448,1,189.54783464808744,128.1018026433763,1,0,2,on_line_fast_traffic
5.68198558419799,-4.19167651570335,1,166.86049438000745,152.8318848328701,2,0,2,on_line_fast_traffic
7.878908956584593,-2.1003527342248436,1,150.83078546543607,42.74403890124163,2,1,2,multi_car
3.7698833952443866,-4.453643222303775,1,177.8933391310145,39.02700565088878,2,0,2,on_line_fast_traffic
4.042514640080228,-5.112786214552485,1,130.7917947309052,113.72772455096492,2,0,2,on_line_fast_traffic
5.468506981990285,-4.869478552118441,1,154.87663732110786,97.11997157632703,3,1,2,multi_car
4.828287731522888,-3.1132299541812523,1,128.36163593775174,44.24517518492289,3,0,2,on_line_fast_traffic
6.9422830983739745,-3.1613899749217196,1,172.9147236837463,129.9925814090094,4,0,2,on_line_fast_traffic
5.1999402907989225,-4.439631182846307,1,142.74543147531338,103.68821018533211,2,0,2,on_line_fast_traffic
3.01538800507763,-4.363712086025511,1,190.72648596212423,169.40117780356883,1,0,2,on_line_fast_traffic
6.6979016253287,-5.0595120457791225,1,184.45803368111058,164.83967846581194,1,0,2,on_line_fast_traffic
6.809746410629235,-4.99785772611763,1,129.70556926136774,167.64543815553284,4,1,2,multi_car
2.660672440062414,-2.908167940396295,1,165.52616593777088,64.98680314602056,4,1,2,multi_car
5.593943271478692,-2.7055226141271533,1,216.12296426379177,98.7487887150268,2,0,2,on_line_fast_traffic
4.354103689118707,-4.654826117135337,1,183.40064801784223,95.04764339127536,1,0,2,on_line_fast_traffic
7.5034218150443035,-4.585924258788885,1,191.81120373498618,92.44007064641264,2,0,2,on_line_fast_traffic
6.260421780717836,-3.270874174959977,0,169.5724996531017,140.99477903165,4,1,2,multi_car
4.54176499816343,-3.5220515108905177,1,139.53962455338484,85.4874822538608,4,1,2,multi_car
7.74114100569033,-2.944915269596793,1,202.99735840935466,69.40559994113318,2,0,2,on_line_fast_traffic
2.242778478972965,-3.2875324777576145,1,112.02511284443486,130.3169408346549,2,1,2,multi_car
3.3705653316557846,-3.439792226265844,1,130.1962733849904,38.80819714463388,2,0,2,on_line_fast_traffic
6.502877305807835,-4.379204443459464,1,206.13891271035612,135.89870094865688,1,0,2,on_line_fast_traffic
4.563060440046304,-2.515691036952927,1,184.71374812877946,70.55984626607857,3,0,2,on_line_fast_traffic
7.848953244645239,-2.5227205772187533,1,174.93903951921163,75.90100830846517,2,1,2,multi_car
3.4046745197171084,-3.590976079023967,1,217.22212907685503,127.1627604973307,2,0,2,on_line_fast_traffic
3.844829876074118,-3.0981318778431257,1,105.44500626053096,52.79212882428001,3,1,2,multi_car
7.347348885594247,-4.934155052736196,1,204.14185318780102,104.2839554379887,3,0,2,on_line_fast_traffic
7.631778658836932,-2.5630789919392623,1,161.2098217708192,58.57756713982729,4,0,2,on_line_fast_traffic
7.647830048165871,-4.665902067905164,1,149.58798051261655,163.2943170363183,4,0,2,on_line_fast_traffic
3.1282382391054537,-3.850621262692779,1,168.36308531155703,75.07629160518881,2,1,2,multi_car
5.274137009768732,-2.5728293100415702,1,206.3969253052102,77.31277815406543,2,0,2,on_line_fast_traffic
5.045985315499765,-4.418521112227367,1,207.0915579393811,60.152705270187155,1,0,2,on_line_fast_traffic
7.718914839101716,-3.987411151741633,1,156.57720189919235,57.9047237089772,1,0,2,on_line_fast_traffic
6.5959214354577576,-3.0882903320783464,1,129.12594448271528,57.89952815555442,4,0,2,on_line_fast_traffic
2.6665138955696177,-2.68895411214121,1,117.77317008865626,102.92928887547629,2,1,2,multi_car
6.975260410094387,-2.761986159004134,0,170.8122818528802,173.9699568005466,3,1,2,multi_car
3.474506877412228,-3.8714968320722214,1,88.56213303364245,41.05458180471716,2,1,2,multi_car
6.8280688520599195,-2.776656987977566,0,159.1935507899051,41.619060804760686,3,1,2,multi_car
2.4080891962055526,-4.745582473380485,1,148.65451303547172,132.40527699212976,3,1,2,multi_car
7.667695776003543,-4.991496977195066,1,193.94888093742307,95.65022899005102,2,0,2,on_line_fast_traffic
3.1415567506851785,-2.872962698894443,1,179.57646936930576,141.73391308865715,1,0,2,on_line_fast_traffic
3.876810396380734,-3.2439252781496273,1,125.4100287054415,168.46660336332312,4,0,2,on_line_fast_traffic
5.403570645950137,-4.054026459316603,1,176.2174411333092,65.61050544004104,4,0,2,on_line_fast_traffic
4.4848785831106595,-3.167314584449605,1,175.7528089864361,73.14839281757997,1,0,2,on_line_fast_traffic
5.407638397142214,-3.596791296242142,0,112.24095353803213,125.29047948598918,4,1,2,multi_car
6.421541883663616,-3.5076317870502836,1,80.15105564286172,136.04159460056306,2,1,2,multi_car
6.327035582397835,-3.681128022425245,1,183.92973257699487,109.98687061484844,3,0,2,on_line_fast_traffic
5.593840207342143,-3.889400545471017,1,202.36228882333737,90.68846317390303,1,0,2,on_line_fast_traffic
7.9220223563740815,-4.91505245671912,1,144.22859900437416,157.4410332536134,2,0,2,on_line_fast_traffic
7.266955293700002,-2.994973117171047,1,162.5603348898364,167.74902837756753,1,0,2,on_line_fast_traffic
7.038726919808032,-3.4842018485829787,1,175.24913791050028,112.38470522088389,2,1,2,multi_car
7.345534709933753,-2.5395133739398843,1,146.4840703565836,77.16902114584136,4,0,2,on_line_fast_traffic
2.431196059046484,-3.16690069498907,0,97.31911150072666,135.19147118645742,3,1,2,multi_car
3.353525594482424,-2.9789099771981777,1,134.10307317338547,116.76049848462544,2,0,2,on_line_fast_traffic
6.938280684664957,-4.419977392810691,1,168.81971977301833,173.8741238514298,2,1,2,multi_car
7.751647840684158,-3.2545478573521516,1,186.47619408031906,54.47420447317534,1,0,2,on_line_fast_traffic
7.20956670780212,-5.141521794030537,1,219.25334621708328,40.620079088643934,4,0,2,on_line_fast_traffic
3.6382770629137546,-2.3767333568934355,1,173.6437238928405,132.54738575180176,3,1,2,multi_car
7.921150390730463,-4.68109303817393,1,150.9179305650725,95.92133710479807,1,0,2,on_line_fast_traffic
6.3801604291972325,-3.7503184267984366,1,171.2389900699067,36.049075258300554,3,0,2,on_line_fast_traffic
4.041481350344219,-2.855153601424869,1,144.89468973564485,94.38864310819778,3,1,2,multi_car
