timestamp_s,relative_time_s,car_id,x_m,y_m,speed_kmh,longitudinal_accel_g,sector,speed_origin,position_origin,accel_origin,timing_origin
0.0,-5.0,22,345.1464,56.6585,311.5342,0.0,1,SIMULATED,SIMULATED,SIMULATED,SIMULATED
0.0,-5.0,55,271.429,368.3584,301.7148,0.0,4,SIMULATED,SIMULATED,SIMULATED,SIMULATED
0.0,-5.0,16,242.099,679.8429,294.5853,0.0,4,SIMULATED,SIMULATED,SIMULATED,SIMULATED
0.0,-5.0,63,162.7571,1008.9839,320.4,0.0,4,SIMULATED,SIMULATED,SIMULATED,SIMULATED
0.0,-5.0,44,40.3025,1409.9219,316.9264,0.0,3,SIMULATED,SIMULATED,SIMULATED,SIMULATED
0.0,-5.0,11,-60.4268,1531.619,296.3277,0.0,3,SIMULATED,SIMULATED,SIMULATED,SIMULATED
0.0,-5.0,4,-215.76,982.2117,284.8485,0.0,2,SIMULATED,SIMULATED,SIMULATED,SIMULATED
0.0,-5.0,77,-171.2485,406.8815,217.8806,0.0,2,SIMULATED,SIMULATED,SIMULATED,SIMULATED
0.2,-4.8,22,345.7674,39.7517,303.7236,-1.1058,1,SIMULATED,SIMULATED,SIMULATED,SIMULATED
0.2,-4.8,55,275.8545,351.9022,306.8385,0.7254,4,SIMULATED,SIMULATED,SIMULATED,SIMULATED
0.2,-4.8,16,245.8362,664.0606,291.926,-0.3765,4,SIMULATED,SIMULATED,SIMULATED,SIMULATED
0.2,-4.8,63,166.8036,991.6518,320.4,0.0,4,SIMULATED,SIMULATED,SIMULATED,SIMULATED
0.2,-4.8,44,47.3108,1393.687,318.271,0.1904,3,SIMULATED,SIMULATED,SIMULATED,SIMULATED
0.2,-4.8,11,-63.0763,1547.559,290.7449,-0.7904,3,SIMULATED,SIMULATED,SIMULATED,SIMULATED
0.2,-4.8,4,-212.2195,997.3823,280.5188,-0.613,2,SIMULATED,SIMULATED,SIMULATED,SIMULATED
0.2,-4.8,77,-182.4932,411.272,223.3212,0.7703,2,SIMULATED,SIMULATED,SIMULATED,SIMULATED
0.4,-4.6,22,345.7102,23.0639,299.2024,-0.6401,1,SIMULATED,SIMULATED,SIMULATED,SIMULATED
0.4,-4.6,55,280.224,335.1991,310.892,0.5739,4,SIMULATED,SIMULATED,SIMULATED,SIMULATED
0.4,-4.6,16,249.5222,648.4718,288.3307,-0.509,4,SIMULATED,SIMULATED,SIMULATED,SIMULATED
0.4,-4.6,63,170.8478,974.3149,320.4,0.0,4,SIMULATED,SIMULATED,SIMULATED,SIMULATED
0.4,-4.6,44,54.2731,1377.3715,319.2441,0.1378,3,SIMULATED,SIMULATED,SIMULATED,SIMULATED
0.4,-4.6,11,-65.8963,1563.1869,285.6537,-0.7208,3,SIMULATED,SIMULATED,SIMULATED,SIMULATED
0.4,-4.6,4,-208.7365,1012.2787,275.2288,-0.749,2,SIMULATED,SIMULATED,SIMULATED,SIMULATED
0.4,-4.6,77,-192.8601,418.3938,232.3302,1.2755,2,SIMULATED,SIMULATED,SIMULATED,SIMULATED
0.6,-4.4,22,344.927,6.6041,295.7542,-0.4882,1,SIMULATED,SIMULATED,SIMULATED,SIMULATED
0.6,-4.4,55,284.5825,318.2362,315.2943,0.6233,4,SIMULATED,SIMULATED,SIMULATED,SIMULATED
0.6,-4.4,16,253.1665,633.0217,285.6888,-0.374,4,SIMULATED,SIMULATED,SIMULATED,SIMULATED
0.6,-4.4,63,174.8944,956.9811,320.4,0.0,4,SIMULATED,SIMULATED,SIMULATED,SIMULATED
0.6,-4.4,44,61.1467,1360.9491,320.4,0.1636,3,SIMULATED,SIMULATED,SIMULATED,SIMULATED
0.6,-4.4,11,-68.9228,1578.4588,280.1667,-0.7768,3,SIMULATED,SIMULATED,SIMULATED,SIMULATED
0.6,-4.4,4,-205.1698,1026.8884,270.4913,-0.6707,2,SIMULATED,SIMULATED,SIMULATED,SIMULATED
0.6,-4.4,77,-202.3152,427.7394,241.5989,1.3123,2,SIMULATED,SIMULATED,SIMULATED,SIMULATED
0.8,-4.2,22,343.7581,-9.6713,293.1089,-0.3745,1,SIMULATED,SIMULATED,SIMULATED,SIMULATED
0.8,-4.2,55,288.9597,301.1473,317.5564,0.3203,4,SIMULATED,SIMULATED,SIMULATED,SIMULATED
0.8,-4.2,16,256.7036,617.745,282.1535,-0.5005,4,SIMULATED,SIMULATED,SIMULATED,SIMULATED
0.8,-4.2,63,178.9294,939.6486,320.4,0.0,4,SIMULATED,SIMULATED,SIMULATED,SIMULATED
0.8,-4.2,44,67.9021,1344.4771,320.4,0.0,3,SIMULATED,SIMULATED,SIMULATED,SIMULATED
0.8,-4.2,11,-72.0635,1593.3546,273.924,-0.8838,3,SIMULATED,SIMULATED,SIMULATED,SIMULATED
0.8,-4.2,4,-200.9983,1041.0624,264.2863,-0.8785,2,SIMULATED,SIMULATED,SIMULATED,SIMULATED
0.8,-4.2,77,-210.218,438.8992,251.0874,1.3434,2,SIMULATED,SIMULATED,SIMULATED,SIMULATED
1.0,-4.0,22,342.3249,-25.9174,293.1089,0.0,1,SIMULATED,SIMULATED,SIMULATED,SIMULATED
1.0,-4.0,55,293.3378,283.9706,319.0387,0.2099,4,SIMULATED,SIMULATED,SIMULATED,SIMULATED
1.0,-4.0,16,260.0428,602.6255,278.2736,-0.5493,4,SIMULATED,SIMULATED,SIMULATED,SIMULATED
1.0,-4.0,63,182.9342,922.3055,320.4,0.0,4,SIMULATED,SIMULATED,SIMULATED,SIMULATED
1.0,-4.0,44,74.5983,1327.9819,320.4,0.0,3,SIMULATED,SIMULATED,SIMULATED,SIMULATED
1.0,-4.0,11,-75.3638,1607.8567,267.5818,-0.8979,3,SIMULATED,SIMULATED,SIMULATED,SIMULATED
1.0,-4.0,4,-195.5878,1054.7497,260.524,-0.5327,2,SIMULATED,SIMULATED,SIMULATED,SIMULATED
1.0,-4.0,77,-216.7978,451.5826,259.5214,1.1941,2,SIMULATED,SIMULATED,SIMULATED,SIMULATED
1.2,-3.8,22,340.6523,-42.1057,292.5575,-0.0781,1,SIMULATED,SIMULATED,SIMULATED,SIMULATED
1.2,-3.8,55,297.7594,266.7925,319.2446,0.0292,4,SIMULATED,SIMULATED,SIMULATED,SIMULATED
1.2,-3.8,16,262.9192,587.5146,276.1421,-0.3018,4,SIMULATED,SIMULATED,SIMULATED,SIMULATED
1.2,-3.8,63,186.9375,904.961,320.4,0.0,4,SIMULATED,SIMULATED,SIMULATED,SIMULATED
1.2,-3.8,44,81.2034,1311.4464,320.4,0.0,3,SIMULATED,SIMULATED,SIMULATED,SIMULATED
1.2,-3.8,11,-78.5811,1621.9657,260.5442,-0.9964,3,SIMULATED,SIMULATED,SIMULATED,SIMULATED
1.2,-3.8,4,-186.8004,1066.3481,256.9937,-0.4998,2,SIMULATED,SIMULATED,SIMULATED,SIMULATED
1.2,-3.8,77,-222.0409,465.2523,265.9782,0.9142,2,SIMULATED,SIMULATED,SIMULATED,SIMULATED
1.4,-3.6,22,338.9049,-57.9102,286.4365,-0.8666,1,SIMULATED,SIMULATED,SIMULATED,SIMULATED
1.4,-3.6,55,302.2157,249.5938,319.7766,0.0753,4,SIMULATED,SIMULATED,SIMULATED,SIMULATED
1.4,-3.6,16,264.5386,572.2193,275.1353,-0.1425,4,SIMULATED,SIMULATED,SIMULATED,SIMULATED
1.4,-3.6,63,190.926,887.6159,320.4,0.0,4,SIMULATED,SIMULATED,SIMULATED,SIMULATED
1.4,-3.6,44,87.5818,1294.8234,320.4,0.0,3,SIMULATED,SIMULATED,SIMULATED,SIMULATED
1.4,-3.6,11,-81.5758,1635.6561,252.3339,-1.1624,3,SIMULATED,SIMULATED,SIMULATED,SIMULATED
1.4,-3.6,4,-174.1317,1073.576,256.5027,-0.0695,2,SIMULATED,SIMULATED,SIMULATED,SIMULATED
1.4,-3.6,77,-226.3363,479.5427,270.1764,0.5944,2,SIMULATED,SIMULATED,SIMULATED,SIMULATED
1.6,-3.4,22,337.3926,-73.258,277.814,-1.2208,1,SIMULATED,SIMULATED,SIMULATED,SIMULATED
1.6,-3.4,55,306.6998,232.3983,319.8374,0.0086,4,SIMULATED,SIMULATED,SIMULATED,SIMULATED
1.6,-3.4,16,263.4369,556.8358,274.4521,-0.0967,4,SIMULATED,SIMULATED,SIMULATED,SIMULATED
1.6,-3.4,63,194.9081,870.2669,320.4,0.0,4,SIMULATED,SIMULATED,SIMULATED,SIMULATED
1.6,-3.4,44,93.6193,1278.067,320.4,0.0,3,SIMULATED,SIMULATED,SIMULATED,SIMULATED
1.6,-3.4,11,-84.3308,1648.9052,243.6725,-1.2263,3,SIMULATED,SIMULATED,SIMULATED,SIMULATED
1.6,-3.4,4,-160.6767,1078.2572,256.5027,0.0,2,SIMULATED,SIMULATED,SIMULATED,SIMULATED
1.6,-3.4,77,-229.4243,494.15,270.6519,0.0673,2,SIMULATED,SIMULATED,SIMULATED,SIMULATED
1.8,-3.2,22,336.2171,-88.1663,269.9946,-1.1071,1,SIMULATED,SIMULATED,SIMULATED,SIMULATED
1.8,-3.2,55,311.2004,215.209,319.8374,0.0,4,SIMULATED,SIMULATED,SIMULATED,SIMULATED
1.8,-3.2,16,258.3102,542.2331,274.4521,0.0,4,SIMULATED,SIMULATED,SIMULATED,SIMULATED
1.8,-3.2,63,198.8703,852.9421,319.9094,-0.0695,4,SIMULATED,SIMULATED,SIMULATED,SIMULATED
1.8,-3.2,44,99.3974,1261.2223,320.4,0.0,3,SIMULATED,SIMULATED,SIMULATED,SIMULATED
1.8,-3.2,11,-86.7305,1661.6757,234.1291,-1.3511,3,SIMULATED,SIMULATED,SIMULATED,SIMULATED
1.8,-3.2,4,-148.0202,1084.2457,256.5027,0.0,2,SIMULATED,SIMULATED,SIMULATED,SIMULATED
1.8,-3.2,77,-231.8243,509.0989,273.116,0.3489,2,SIMULATED,SIMULATED,SIMULATED,SIMULATED
2.0,-3.0,22,335.7981,-102.7226,263.9882,-0.8504,1,SIMULATED,SIMULATED,SIMULATED,SIMULATED
2.0,-3.0,55,315.6944,198.0214,319.8374,0.0,4,SIMULATED,SIMULATED,SIMULATED,SIMULATED
2.0,-3.0,16,251.8005,528.4916,274.4521,0.0,4,SIMULATED,SIMULATED,SIMULATED,SIMULATED
2.0,-3.0,63,202.8292,835.6307,319.6903,-0.031,4,SIMULATED,SIMULATED,SIMULATED,SIMULATED
2.0,-3.0,44,104.9107,1244.2921,320.4,0.0,3,SIMULATED,SIMULATED,SIMULATED,SIMULATED
2.0,-3.0,11,-88.0825,1673.9761,224.2327,-1.4011,3,SIMULATED,SIMULATED,SIMULATED,SIMULATED
2.0,-3.0,4,-136.5745,1092.3434,256.5027,0.0,2,SIMULATED,SIMULATED,SIMULATED,SIMULATED
2.0,-3.0,77,-233.8534,524.3957,278.3466,0.7405,2,SIMULATED,SIMULATED,SIMULATED,SIMULATED
2.2,-2.8,22,336.3798,-116.8744,256.6998,-1.0319,1,SIMULATED,SIMULATED,SIMULATED,SIMULATED
2.2,-2.8,55,320.1221,180.815,319.8374,0.0,4,SIMULATED,SIMULATED,SIMULATED,SIMULATED
2.2,-2.8,16,246.8577,514.2445,274.4521,0.0,4,SIMULATED,SIMULATED,SIMULATED,SIMULATED
2.2,-2.8,63,206.7721,818.4179,317.7624,-0.2729,4,SIMULATED,SIMULATED,SIMULATED,SIMULATED
2.2,-2.8,44,110.2224,1227.2964,320.4,0.0,3,SIMULATED,SIMULATED,SIMULATED,SIMULATED
2.2,-2.8,11,-87.1887,1685.6373,213.2323,-1.5574,3,SIMULATED,SIMULATED,SIMULATED,SIMULATED
2.2,-2.8,4,-126.8905,1102.4738,256.5027,0.0,2,SIMULATED,SIMULATED,SIMULATED,SIMULATED
2.2,-2.8,77,-235.6931,540.1059,284.9371,0.9331,2,SIMULATED,SIMULATED,SIMULATED,SIMULATED
2.4,-2.6,22,338.9637,-129.9672,248.4887,-1.1625,1,SIMULATED,SIMULATED,SIMULATED,SIMULATED
2.4,-2.6,55,324.4722,163.5923,319.8374,0.0,4,SIMULATED,SIMULATED,SIMULATED,SIMULATED
2.4,-2.6,16,244.8595,499.394,274.4521,0.0,4,SIMULATED,SIMULATED,SIMULATED,SIMULATED
2.4,-2.6,63,210.7308,801.3004,316.2424,-0.2152,4,SIMULATED,SIMULATED,SIMULATED,SIMULATED
2.4,-2.6,44,115.3159,1210.2328,320.4,0.0,3,SIMULATED,SIMULATED,SIMULATED,SIMULATED
2.4,-2.6,11,-82.1562,1695.5628,206.7014,-0.9246,3,SIMULATED,SIMULATED,SIMULATED,SIMULATED
2.4,-2.6,4,-119.1035,1114.2486,257.495,0.1405,2,SIMULATED,SIMULATED,SIMULATED,SIMULATED
2.4,-2.6,77,-237.4114,556.2115,291.8,0.9716,2,SIMULATED,SIMULATED,SIMULATED,SIMULATED
2.6,-2.4,22,344.235,-141.8771,240.5203,-1.1282,1,SIMULATED,SIMULATED,SIMULATED,SIMULATED
2.6,-2.4,55,328.6484,146.3335,319.8374,0.0,4,SIMULATED,SIMULATED,SIMULATED,SIMULATED
2.6,-2.4,16,245.4233,484.2826,274.4521,0.0,4,SIMULATED,SIMULATED,SIMULATED,SIMULATED
2.6,-2.4,63,214.6624,784.4141,312.0228,-0.5974,4,SIMULATED,SIMULATED,SIMULATED,SIMULATED
2.6,-2.4,44,120.1559,1193.0972,320.4,0.0,3,SIMULATED,SIMULATED,SIMULATED,SIMULATED
2.6,-2.4,11,-72.9426,1700.789,202.0785,-0.6545,3,SIMULATED,SIMULATED,SIMULATED,SIMULATED
2.6,-2.4,4,-112.5629,1126.9389,259.7396,0.3178,2,SIMULATED,SIMULATED,SIMULATED,SIMULATED
2.6,-2.4,77,-239.0345,572.6802,297.9635,0.8726,2,SIMULATED,SIMULATED,SIMULATED,SIMULATED
2.8,-2.2,22,351.5522,-152.1112,231.8682,-1.225,1,SIMULATED,SIMULATED,SIMULATED,SIMULATED
2.8,-2.2,55,332.4569,129.013,319.8374,-0.0,4,SIMULATED,SIMULATED,SIMULATED,SIMULATED
2.8,-2.2,16,247.4844,469.2444,274.766,0.0444,4,SIMULATED,SIMULATED,SIMULATED,SIMULATED
2.8,-2.2,63,218.5817,767.7481,308.0942,-0.5562,4,SIMULATED,SIMULATED,SIMULATED,SIMULATED
2.8,-2.2,44,124.7897,1175.9064,320.4,0.0,3,SIMULATED,SIMULATED,SIMULATED,SIMULATED
2.8,-2.2,11,-62.5592,1698.8686,199.3362,-0.3883,3,SIMULATED,SIMULATED,SIMULATED,SIMULATED
2.8,-2.2,4,-107.1805,1140.5192,264.7487,0.7092,2,SIMULATED,SIMULATED,SIMULATED,SIMULATED
2.8,-2.2,77,-240.5747,589.4139,302.6565,0.6644,2,SIMULATED,SIMULATED,SIMULATED,SIMULATED
3.0,-2.0,22,360.2653,-160.6492,223.5348,-1.1798,1,SIMULATED,SIMULATED,SIMULATED,SIMULATED
3.0,-2.0,55,335.9567,111.5931,319.8374,0.0,4,SIMULATED,SIMULATED,SIMULATED,SIMULATED
3.0,-2.0,16,250.4301,454.1791,277.0893,0.3289,4,SIMULATED,SIMULATED,SIMULATED,SIMULATED
3.0,-2.0,63,222.488,751.2961,304.318,-0.5346,4,SIMULATED,SIMULATED,SIMULATED,SIMULATED
3.0,-2.0,44,129.1974,1158.6541,320.4,0.0,3,SIMULATED,SIMULATED,SIMULATED,SIMULATED
3.0,-2.0,11,-54.8932,1691.4355,199.3362,0.0,3,SIMULATED,SIMULATED,SIMULATED,SIMULATED
3.0,-2.0,4,-102.5846,1154.8323,271.8257,1.0019,2,SIMULATED,SIMULATED,SIMULATED,SIMULATED
3.0,-2.0,77,-241.9921,606.3571,306.2642,0.5108,2,SIMULATED,SIMULATED,SIMULATED,SIMULATED
3.2,-1.7999999999999998,22,369.6337,-167.7722,215.2235,-1.1767,1,SIMULATED,SIMULATED,SIMULATED,SIMULATED
3.2,-1.7999999999999998,55,339.1626,94.1977,319.3589,-0.0678,4,SIMULATED,SIMULATED,SIMULATED,SIMULATED
3.2,-1.7999999999999998,16,254.0559,438.9508,282.2642,0.7327,4,SIMULATED,SIMULATED,SIMULATED,SIMULATED
3.2,-1.7999999999999998,63,226.3493,735.1043,299.6359,-0.6629,4,SIMULATED,SIMULATED,SIMULATED,SIMULATED
3.2,-1.7999999999999998,44,133.4946,1141.3777,320.4,0.0,4,SIMULATED,SIMULATED,SIMULATED,SIMULATED
3.2,-1.7999999999999998,11,-50.0196,1681.6673,199.0877,-0.0352,3,SIMULATED,SIMULATED,SIMULATED,SIMULATED
3.2,-1.7999999999999998,4,-98.4428,1169.7271,278.9244,1.005,2,SIMULATED,SIMULATED,SIMULATED,SIMULATED
3.2,-1.7999999999999998,77,-243.2451,623.5681,310.8007,0.6423,2,SIMULATED,SIMULATED,SIMULATED,SIMULATED
3.4,-1.6,22,379.3063,-174.1191,208.9463,-0.8887,1,SIMULATED,SIMULATED,SIMULATED,SIMULATED
3.4,-1.6,55,341.3605,76.6982,318.1372,-0.173,1,SIMULATED,SIMULATED,SIMULATED,SIMULATED
3.4,-1.6,16,258.0484,423.4424,288.4922,0.8818,4,SIMULATED,SIMULATED,SIMULATED,SIMULATED
3.4,-1.6,63,230.1918,719.0548,297.0501,-0.3661,4,SIMULATED,SIMULATED,SIMULATED,SIMULATED
3.4,-1.6,44,137.7199,1124.0854,320.4,0.0,4,SIMULATED,SIMULATED,SIMULATED,SIMULATED
3.4,-1.6,11,-46.5511,1670.3679,213.6231,2.0579,3,SIMULATED,SIMULATED,SIMULATED,SIMULATED
3.4,-1.6,4,-94.4774,1185.0117,284.5547,0.7971,2,SIMULATED,SIMULATED,SIMULATED,SIMULATED
3.4,-1.6,77,-244.3977,640.9284,313.3817,0.3654,2,SIMULATED,SIMULATED,SIMULATED,SIMULATED
3.6,-1.4,22,388.6439,-180.9392,203.1501,-0.8206,1,SIMULATED,SIMULATED,SIMULATED,SIMULATED
3.6,-1.4,55,342.5181,59.444,312.5623,-0.7893,1,SIMULATED,SIMULATED,SIMULATED,SIMULATED
3.6,-1.4,16,262.4622,407.7359,294.0692,0.7896,4,SIMULATED,SIMULATED,SIMULATED,SIMULATED
3.6,-1.4,63,234.0057,703.0391,296.3622,-0.0974,4,SIMULATED,SIMULATED,SIMULATED,SIMULATED
3.6,-1.4,44,141.8836,1106.7761,320.4,0.0,4,SIMULATED,SIMULATED,SIMULATED,SIMULATED
3.6,-1.4,11,-43.9675,1658.042,227.4396,1.9561,3,SIMULATED,SIMULATED,SIMULATED,SIMULATED
3.6,-1.4,4,-90.6754,1200.4711,286.7951,0.3172,2,SIMULATED,SIMULATED,SIMULATED,SIMULATED
3.6,-1.4,77,-245.3367,658.4216,315.5931,0.3131,2,SIMULATED,SIMULATED,SIMULATED,SIMULATED
3.8,-1.2000000000000002,22,394.1312,-191.4177,199.9602,-0.4516,1,SIMULATED,SIMULATED,SIMULATED,SIMULATED
3.8,-1.2000000000000002,55,343.2063,42.5539,304.7212,-1.1101,1,SIMULATED,SIMULATED,SIMULATED,SIMULATED
3.8,-1.2000000000000002,16,267.0021,391.8108,297.9808,0.5538,4,SIMULATED,SIMULATED,SIMULATED,SIMULATED
3.8,-1.2000000000000002,63,237.8122,687.0798,295.2972,-0.1508,4,SIMULATED,SIMULATED,SIMULATED,SIMULATED
3.8,-1.2000000000000002,44,145.9889,1089.4556,320.4,0.0,4,SIMULATED,SIMULATED,SIMULATED,SIMULATED
3.8,-1.2000000000000002,11,-42.1945,1644.7248,242.56,2.1407,3,SIMULATED,SIMULATED,SIMULATED,SIMULATED
3.8,-1.2000000000000002,4,-86.9848,1216.1235,289.6862,0.4093,2,SIMULATED,SIMULATED,SIMULATED,SIMULATED
3.8,-1.2000000000000002,77,-246.0988,675.9986,316.9356,0.1901,2,SIMULATED,SIMULATED,SIMULATED,SIMULATED
4.0,-1.0,22,394.6891,-202.7671,199.2051,-0.1069,1,SIMULATED,SIMULATED,SIMULATED,SIMULATED
4.0,-1.0,55,343.2774,25.9524,299.6771,-0.7141,1,SIMULATED,SIMULATED,SIMULATED,SIMULATED
4.0,-1.0,16,271.4714,375.7737,299.5548,0.2228,4,SIMULATED,SIMULATED,SIMULATED,SIMULATED
4.0,-1.0,63,241.563,671.2612,292.6853,-0.3698,4,SIMULATED,SIMULATED,SIMULATED,SIMULATED
4.0,-1.0,44,150.0585,1072.1259,320.4,0.0,4,SIMULATED,SIMULATED,SIMULATED,SIMULATED
4.0,-1.0,11,-40.7606,1630.5752,255.974,1.8991,3,SIMULATED,SIMULATED,SIMULATED,SIMULATED
4.0,-1.0,4,-83.4646,1231.997,292.9369,0.4602,3,SIMULATED,SIMULATED,SIMULATED,SIMULATED
4.0,-1.0,77,-246.6511,693.6649,318.4157,0.2095,2,SIMULATED,SIMULATED,SIMULATED,SIMULATED
4.2,-0.7999999999999998,22,390.9209,-213.8872,200.4551,0.177,1,SIMULATED,SIMULATED,SIMULATED,SIMULATED
4.2,-0.7999999999999998,55,342.5883,9.5581,295.9627,-0.5259,1,SIMULATED,SIMULATED,SIMULATED,SIMULATED
4.2,-0.7999999999999998,16,275.9045,359.4681,304.0506,0.6365,4,SIMULATED,SIMULATED,SIMULATED,SIMULATED
4.2,-0.7999999999999998,63,245.2783,655.5606,290.418,-0.321,4,SIMULATED,SIMULATED,SIMULATED,SIMULATED
4.2,-0.7999999999999998,44,154.1209,1054.7963,320.4,-0.0,4,SIMULATED,SIMULATED,SIMULATED,SIMULATED
4.2,-0.7999999999999998,11,-39.0844,1615.7456,268.42,1.7621,3,SIMULATED,SIMULATED,SIMULATED,SIMULATED
4.2,-0.7999999999999998,4,-80.1466,1248.1614,297.548,0.6528,3,SIMULATED,SIMULATED,SIMULATED,SIMULATED
4.2,-0.7999999999999998,77,-247.019,711.4096,319.8098,0.1974,2,SIMULATED,SIMULATED,SIMULATED,SIMULATED
4.4,-0.5999999999999996,22,383.2489,-223.1507,207.8165,1.0422,1,SIMULATED,SIMULATED,SIMULATED,SIMULATED
4.4,-0.5999999999999996,55,341.487,-6.665,293.1089,-0.404,1,SIMULATED,SIMULATED,SIMULATED,SIMULATED
4.4,-0.5999999999999996,16,280.3016,342.8579,309.1633,0.7238,4,SIMULATED,SIMULATED,SIMULATED,SIMULATED
4.4,-0.5999999999999996,63,248.931,640.1003,285.9571,-0.6316,4,SIMULATED,SIMULATED,SIMULATED,SIMULATED
4.4,-0.5999999999999996,44,158.1565,1037.4588,320.4,0.0,4,SIMULATED,SIMULATED,SIMULATED,SIMULATED
4.4,-0.5999999999999996,11,-36.5727,1600.4443,278.5532,1.4347,3,SIMULATED,SIMULATED,SIMULATED,SIMULATED
4.4,-0.5999999999999996,4,-77.0718,1264.6855,302.7313,0.7338,3,SIMULATED,SIMULATED,SIMULATED,SIMULATED
4.4,-0.5999999999999996,77,-247.11,729.1978,320.4,0.0836,2,SIMULATED,SIMULATED,SIMULATED,SIMULATED
4.6,-0.40000000000000036,22,372.322,-229.3061,218.3646,1.4934,1,SIMULATED,SIMULATED,SIMULATED,SIMULATED
4.6,-0.40000000000000036,55,340.103,-22.8766,293.1089,0.0,1,SIMULATED,SIMULATED,SIMULATED,SIMULATED
4.6,-0.40000000000000036,16,284.659,325.9954,313.412,0.6015,4,SIMULATED,SIMULATED,SIMULATED,SIMULATED
4.6,-0.40000000000000036,63,252.5316,624.7284,284.3386,-0.2291,4,SIMULATED,SIMULATED,SIMULATED,SIMULATED
4.6,-0.40000000000000036,44,162.2061,1020.1262,320.4,0.0,4,SIMULATED,SIMULATED,SIMULATED,SIMULATED
4.6,-0.40000000000000036,11,-32.6876,1584.917,287.6152,1.283,3,SIMULATED,SIMULATED,SIMULATED,SIMULATED
4.6,-0.40000000000000036,4,-74.1186,1281.5264,307.9526,0.7392,3,SIMULATED,SIMULATED,SIMULATED,SIMULATED
4.6,-0.40000000000000036,77,-246.9699,746.9772,320.4,0.0,2,SIMULATED,SIMULATED,SIMULATED,SIMULATED
4.8,-0.20000000000000018,22,359.6578,-231.5393,225.165,0.9628,1,SIMULATED,SIMULATED,SIMULATED,SIMULATED
4.8,-0.20000000000000018,55,338.4703,-39.0608,293.1089,0.0,1,SIMULATED,SIMULATED,SIMULATED,SIMULATED
4.8,-0.20000000000000018,16,289.0263,308.9588,316.5784,0.4483,4,SIMULATED,SIMULATED,SIMULATED,SIMULATED
4.8,-0.20000000000000018,63,255.9945,609.5523,280.5184,-0.5409,4,SIMULATED,SIMULATED,SIMULATED,SIMULATED
4.8,-0.20000000000000018,44,166.2573,1002.7933,320.4,0.0,4,SIMULATED,SIMULATED,SIMULATED,SIMULATED
4.8,-0.20000000000000018,11,-27.7183,1569.1713,296.818,1.3029,3,SIMULATED,SIMULATED,SIMULATED,SIMULATED
4.8,-0.20000000000000018,4,-71.2964,1298.686,313.2181,0.7455,3,SIMULATED,SIMULATED,SIMULATED,SIMULATED
4.8,-0.20000000000000018,77,-246.4541,764.7341,320.4,0.0,2,SIMULATED,SIMULATED,SIMULATED,SIMULATED
5.0,0.0,22,345.0701,-231.6463,259.2,4.8186,1,SIMULATED,SIMULATED,SIMULATED,SIMULATED
5.0,0.0,55,336.7152,-54.9521,287.8145,-0.7496,1,SIMULATED,SIMULATED,SIMULATED,SIMULATED
5.0,0.0,16,293.4048,291.7941,318.8247,0.318,4,SIMULATED,SIMULATED,SIMULATED,SIMULATED
5.0,0.0,63,259.1289,594.4629,277.9935,-0.3575,4,SIMULATED,SIMULATED,SIMULATED,SIMULATED
5.0,0.0,44,170.2958,985.4567,320.4,0.0,4,SIMULATED,SIMULATED,SIMULATED,SIMULATED
5.0,0.0,11,-21.862,1553.3602,303.0302,0.8795,3,SIMULATED,SIMULATED,SIMULATED,SIMULATED
5.0,0.0,4,-68.5877,1316.0418,316.5014,0.4649,3,SIMULATED,SIMULATED,SIMULATED,SIMULATED
5.0,0.0,77,-245.5386,782.4949,320.4,0.0,2,SIMULATED,SIMULATED,SIMULATED,SIMULATED
5.2,0.20000000000000018,22,332.1469,-230.4467,231.84,-3.8736,1,SIMULATED,SIMULATED,SIMULATED,SIMULATED
5.2,0.20000000000000018,55,335.1505,-70.4035,279.2572,-1.2115,1,SIMULATED,SIMULATED,SIMULATED,SIMULATED
5.2,0.20000000000000018,16,297.8014,274.6223,319.124,0.0424,4,SIMULATED,SIMULATED,SIMULATED,SIMULATED
5.2,0.20000000000000018,63,261.5397,579.4551,275.2509,-0.3883,4,SIMULATED,SIMULATED,SIMULATED,SIMULATED
5.2,0.20000000000000018,44,174.3459,968.1241,320.4,0.0,4,SIMULATED,SIMULATED,SIMULATED,SIMULATED
5.2,0.20000000000000018,11,-15.4336,1537.4509,308.7195,0.8055,3,SIMULATED,SIMULATED,SIMULATED,SIMULATED
5.2,0.20000000000000018,4,-66.0895,1333.6106,319.5999,0.4387,3,SIMULATED,SIMULATED,SIMULATED,SIMULATED
5.2,0.20000000000000018,77,-244.2967,800.2311,320.4,0.0,2,SIMULATED,SIMULATED,SIMULATED,SIMULATED
5.4,0.40000000000000036,22,320.826,-228.7932,204.48,-3.8736,1,SIMULATED,SIMULATED,SIMULATED,SIMULATED
5.4,0.40000000000000036,55,333.8875,-85.4487,271.2513,-1.1335,1,SIMULATED,SIMULATED,SIMULATED,SIMULATED
5.4,0.40000000000000036,16,302.2433,257.4448,319.3682,0.0346,4,SIMULATED,SIMULATED,SIMULATED,SIMULATED
5.4,0.40000000000000036,63,261.9917,564.5623,275.0449,-0.0292,4,SIMULATED,SIMULATED,SIMULATED,SIMULATED
5.4,0.40000000000000036,44,178.3945,950.7902,320.4,0.0,4,SIMULATED,SIMULATED,SIMULATED,SIMULATED
5.4,0.40000000000000036,11,-8.7552,1521.4914,311.3638,0.3744,3,SIMULATED,SIMULATED,SIMULATED,SIMULATED
5.4,0.40000000000000036,4,-63.8184,1351.2428,320.4,0.1133,3,SIMULATED,SIMULATED,SIMULATED,SIMULATED
5.4,0.40000000000000036,77,-242.7598,817.9391,320.4,0.0,2,SIMULATED,SIMULATED,SIMULATED,SIMULATED
5.6,0.5999999999999996,22,311.1134,-226.8637,177.12,-3.8736,1,SIMULATED,SIMULATED,SIMULATED,SIMULATED
5.6,0.5999999999999996,55,333.2947,-100.1998,264.6274,-0.9378,1,SIMULATED,SIMULATED,SIMULATED,SIMULATED
5.6,0.5999999999999996,16,306.7151,240.2498,319.8374,0.0664,4,SIMULATED,SIMULATED,SIMULATED,SIMULATED
5.6,0.5999999999999996,63,258.8916,549.989,274.4521,-0.0839,4,SIMULATED,SIMULATED,SIMULATED,SIMULATED
5.6,0.5999999999999996,44,182.4141,933.4493,320.4,0.0,4,SIMULATED,SIMULATED,SIMULATED,SIMULATED
5.6,0.5999999999999996,11,-1.9698,1505.4095,314.1841,0.3993,3,SIMULATED,SIMULATED,SIMULATED,SIMULATED
5.6,0.5999999999999996,4,-61.891,1368.9129,320.4,0.0,3,SIMULATED,SIMULATED,SIMULATED,SIMULATED
5.6,0.5999999999999996,77,-240.9377,835.6301,320.4,0.0,2,SIMULATED,SIMULATED,SIMULATED,SIMULATED
5.8,0.7999999999999998,22,302.9886,-224.9398,149.76,-3.8736,1,SIMULATED,SIMULATED,SIMULATED,SIMULATED
5.8,0.7999999999999998,55,333.7286,-114.5915,258.1134,-0.9222,1,SIMULATED,SIMULATED,SIMULATED,SIMULATED
5.8,0.7999999999999998,16,311.212,223.0607,319.8374,0.0,4,SIMULATED,SIMULATED,SIMULATED,SIMULATED
5.8,0.7999999999999998,63,252.6057,536.3466,274.4521,0.0,4,SIMULATED,SIMULATED,SIMULATED,SIMULATED
5.8,0.7999999999999998,44,186.4169,916.1051,320.4,0.0,4,SIMULATED,SIMULATED,SIMULATED,SIMULATED
5.8,0.7999999999999998,11,4.8577,1489.3209,314.5614,0.0534,3,SIMULATED,SIMULATED,SIMULATED,SIMULATED
5.8,0.7999999999999998,4,-60.3049,1386.6161,320.4,0.0,3,SIMULATED,SIMULATED,SIMULATED,SIMULATED
5.8,0.7999999999999998,77,-238.8244,853.2112,319.1679,-0.1744,2,SIMULATED,SIMULATED,SIMULATED,SIMULATED
6.0,1.0,22,296.3802,-223.2295,122.4,-3.8736,1,SIMULATED,SIMULATED,SIMULATED,SIMULATED
6.0,1.0,55,335.8774,-128.4484,249.61,-1.2039,1,SIMULATED,SIMULATED,SIMULATED,SIMULATED
6.0,1.0,16,315.7113,205.8707,319.8374,0.0,4,SIMULATED,SIMULATED,SIMULATED,SIMULATED
6.0,1.0,63,246.6419,522.1523,274.4521,0.0,4,SIMULATED,SIMULATED,SIMULATED,SIMULATED
6.0,1.0,44,190.4208,898.7606,320.4,0.0,4,SIMULATED,SIMULATED,SIMULATED,SIMULATED
6.0,1.0,11,11.7819,1473.1311,316.9264,0.3348,3,SIMULATED,SIMULATED,SIMULATED,SIMULATED
6.0,1.0,4,-59.122,1404.3469,320.4,0.0,3,SIMULATED,SIMULATED,SIMULATED,SIMULATED
6.0,1.0,77,-236.4136,870.6281,316.8357,-0.3302,2,SIMULATED,SIMULATED,SIMULATED,SIMULATED
6.2,1.2000000000000002,22,291.2483,-221.7686,95.04,-3.8736,1,SIMULATED,SIMULATED,SIMULATED,SIMULATED
6.2,1.2000000000000002,55,340.9091,-141.1716,241.9802,-1.0802,1,SIMULATED,SIMULATED,SIMULATED,SIMULATED
6.2,1.2000000000000002,16,320.1742,188.6666,319.8374,0.0,4,SIMULATED,SIMULATED,SIMULATED,SIMULATED
6.2,1.2000000000000002,63,243.0502,507.0634,274.4521,0.0,4,SIMULATED,SIMULATED,SIMULATED,SIMULATED
6.2,1.2000000000000002,44,194.4018,881.4116,320.4,0.0,4,SIMULATED,SIMULATED,SIMULATED,SIMULATED
6.2,1.2000000000000002,11,18.7531,1456.9604,316.9264,0.0,3,SIMULATED,SIMULATED,SIMULATED,SIMULATED
6.2,1.2000000000000002,4,-58.306,1422.1074,320.4,0.0,3,SIMULATED,SIMULATED,SIMULATED,SIMULATED
6.2,1.2000000000000002,77,-233.675,887.6855,311.6949,-0.7278,2,SIMULATED,SIMULATED,SIMULATED,SIMULATED
6.4,1.4000000000000004,22,287.6262,-220.6582,67.68,-3.8736,1,SIMULATED,SIMULATED,SIMULATED,SIMULATED
6.4,1.4000000000000004,55,348.2051,-152.0745,233.2795,-1.2318,1,SIMULATED,SIMULATED,SIMULATED,SIMULATED
6.4,1.4000000000000004,16,324.564,171.446,319.8374,-0.0,4,SIMULATED,SIMULATED,SIMULATED,SIMULATED
6.4,1.4000000000000004,63,242.4378,491.5766,274.4521,0.0,4,SIMULATED,SIMULATED,SIMULATED,SIMULATED
6.4,1.4000000000000004,44,198.3782,864.0666,320.3005,-0.0141,4,SIMULATED,SIMULATED,SIMULATED,SIMULATED
6.4,1.4000000000000004,11,25.7822,1440.8166,316.9264,0.0,3,SIMULATED,SIMULATED,SIMULATED,SIMULATED
6.4,1.4000000000000004,4,-57.8055,1439.8716,320.4,0.0,3,SIMULATED,SIMULATED,SIMULATED,SIMULATED
6.4,1.4000000000000004,77,-230.6237,904.2557,303.6538,-1.1385,2,SIMULATED,SIMULATED,SIMULATED,SIMULATED
6.6,1.5999999999999996,22,285.4965,-219.964,40.32,-3.8736,1,SIMULATED,SIMULATED,SIMULATED,SIMULATED
6.6,1.5999999999999996,55,357.0159,-161.1289,225.2533,-1.1364,1,SIMULATED,SIMULATED,SIMULATED,SIMULATED
6.6,1.5999999999999996,16,328.825,154.1849,319.8374,0.0,4,SIMULATED,SIMULATED,SIMULATED,SIMULATED
6.6,1.5999999999999996,63,243.8641,476.2472,274.4521,0.0,4,SIMULATED,SIMULATED,SIMULATED,SIMULATED
6.6,1.5999999999999996,44,202.3419,846.7441,319.868,-0.0612,4,SIMULATED,SIMULATED,SIMULATED,SIMULATED
6.6,1.5999999999999996,11,32.8118,1424.6746,316.9264,0.0,3,SIMULATED,SIMULATED,SIMULATED,SIMULATED
6.6,1.5999999999999996,4,-57.6432,1457.584,319.1012,-0.1839,3,SIMULATED,SIMULATED,SIMULATED,SIMULATED
6.6,1.5999999999999996,77,-227.3512,920.376,296.3244,-1.0377,2,SIMULATED,SIMULATED,SIMULATED,SIMULATED
6.8,1.7999999999999998,22,284.8119,-219.7408,12.96,-3.8736,1,SIMULATED,SIMULATED,SIMULATED,SIMULATED
6.8,1.7999999999999998,55,366.5226,-168.6718,216.5162,-1.237,1,SIMULATED,SIMULATED,SIMULATED,SIMULATED
6.8,1.7999999999999998,16,332.8363,136.8526,319.8374,0.0,4,SIMULATED,SIMULATED,SIMULATED,SIMULATED
6.8,1.7999999999999998,63,246.4181,461.1322,275.0031,0.078,4,SIMULATED,SIMULATED,SIMULATED,SIMULATED
6.8,1.7999999999999998,44,206.2796,829.4793,318.7321,-0.1608,4,SIMULATED,SIMULATED,SIMULATED,SIMULATED
6.8,1.7999999999999998,11,39.8198,1408.5215,316.9445,0.0026,3,SIMULATED,SIMULATED,SIMULATED,SIMULATED
6.8,1.7999999999999998,4,-57.7382,1475.0885,315.5018,-0.5096,3,SIMULATED,SIMULATED,SIMULATED,SIMULATED
6.8,1.7999999999999998,77,-223.9353,936.1703,291.098,-0.7399,2,SIMULATED,SIMULATED,SIMULATED,SIMULATED
7.0,2.0,22,284.8119,-219.7408,0.0,-1.8349,1,SIMULATED,SIMULATED,SIMULATED,SIMULATED
7.0,2.0,55,376.2632,-175.1268,209.9078,-0.9356,1,SIMULATED,SIMULATED,SIMULATED,SIMULATED
7.0,2.0,16,336.4268,119.4315,319.8374,0.0,4,SIMULATED,SIMULATED,SIMULATED,SIMULATED
7.0,2.0,63,249.7525,445.9465,278.6914,0.5222,4,SIMULATED,SIMULATED,SIMULATED,SIMULATED
7.0,2.0,44,210.2434,812.2806,317.7269,-0.1423,4,SIMULATED,SIMULATED,SIMULATED,SIMULATED
7.0,2.0,11,46.8246,1392.2878,318.271,0.1878,3,SIMULATED,SIMULATED,SIMULATED,SIMULATED
7.0,2.0,4,-58.2361,1492.3202,310.8292,-0.6615,3,SIMULATED,SIMULATED,SIMULATED,SIMULATED
7.0,2.0,77,-220.4047,951.8617,289.7713,-0.1878,2,SIMULATED,SIMULATED,SIMULATED,SIMULATED
7.2,2.2,22,284.8119,-219.7408,0.0,0.0,1,SIMULATED,SIMULATED,SIMULATED,SIMULATED
7.2,2.2,55,385.5906,-181.493,204.4296,-0.7756,1,SIMULATED,SIMULATED,SIMULATED,SIMULATED
7.2,2.2,16,339.8796,101.9777,319.8374,0.0,4,SIMULATED,SIMULATED,SIMULATED,SIMULATED
7.2,2.2,63,253.6025,430.5419,285.2533,0.929,4,SIMULATED,SIMULATED,SIMULATED,SIMULATED
7.2,2.2,44,214.1936,795.238,314.9101,-0.3988,4,SIMULATED,SIMULATED,SIMULATED,SIMULATED
7.2,2.2,11,53.7781,1375.9754,319.2441,0.1378,3,SIMULATED,SIMULATED,SIMULATED,SIMULATED
7.2,2.2,4,-59.5128,1509.1068,304.2083,-0.9374,3,SIMULATED,SIMULATED,SIMULATED,SIMULATED
7.2,2.2,77,-216.7905,967.4006,287.2165,-0.3617,2,SIMULATED,SIMULATED,SIMULATED,SIMULATED
7.4,2.4000000000000004,22,284.8119,-219.7408,0.0,0.0,1,SIMULATED,SIMULATED,SIMULATED,SIMULATED
7.4,2.4000000000000004,55,391.2386,-190.0542,200.1001,-0.613,1,SIMULATED,SIMULATED,SIMULATED,SIMULATED
7.4,2.4000000000000004,16,342.494,84.4037,318.8527,-0.1394,4,SIMULATED,SIMULATED,SIMULATED,SIMULATED
7.4,2.4000000000000004,63,257.8248,414.905,290.8031,0.7857,4,SIMULATED,SIMULATED,SIMULATED,SIMULATED
7.4,2.4000000000000004,44,218.1131,778.4361,310.5628,-0.6155,4,SIMULATED,SIMULATED,SIMULATED,SIMULATED
7.4,2.4000000000000004,11,60.6435,1359.5559,320.4,0.1636,3,SIMULATED,SIMULATED,SIMULATED,SIMULATED
7.4,2.4000000000000004,4,-61.2201,1525.5728,298.3108,-0.835,3,SIMULATED,SIMULATED,SIMULATED,SIMULATED
7.4,2.4000000000000004,77,-213.1576,982.7792,284.5142,-0.3826,2,SIMULATED,SIMULATED,SIMULATED,SIMULATED
7.6,2.5999999999999996,22,284.8119,-219.7408,0.0,0.0,1,SIMULATED,SIMULATED,SIMULATED,SIMULATED
7.6,2.5999999999999996,55,392.291,-200.7345,199.5729,-0.0746,1,SIMULATED,SIMULATED,SIMULATED,SIMULATED
7.6,2.5999999999999996,16,344.1343,66.9132,315.2927,-0.504,1,SIMULATED,SIMULATED,SIMULATED,SIMULATED
7.6,2.5999999999999996,63,262.3534,399.0475,296.7654,0.8441,4,SIMULATED,SIMULATED,SIMULATED,SIMULATED
7.6,2.5999999999999996,44,222.0289,761.8741,306.3653,-0.5943,4,SIMULATED,SIMULATED,SIMULATED,SIMULATED
7.6,2.5999999999999996,11,67.3893,1343.0875,320.4,0.0,3,SIMULATED,SIMULATED,SIMULATED,SIMULATED
7.6,2.5999999999999996,4,-63.762,1541.5191,292.0088,-0.8922,3,SIMULATED,SIMULATED,SIMULATED,SIMULATED
7.6,2.5999999999999996,77,-209.625,997.9518,280.2347,-0.6059,2,SIMULATED,SIMULATED,SIMULATED,SIMULATED
7.8,2.8,22,284.8119,-219.7408,0.0,0.0,1,SIMULATED,SIMULATED,SIMULATED,SIMULATED
7.8,2.8,55,389.6014,-211.012,200.0906,0.0733,1,SIMULATED,SIMULATED,SIMULATED,SIMULATED
7.8,2.8,16,345.0069,49.8198,307.9601,-1.0381,1,SIMULATED,SIMULATED,SIMULATED,SIMULATED
7.8,2.8,63,266.8659,383.0743,299.0331,0.3211,4,SIMULATED,SIMULATED,SIMULATED,SIMULATED
7.8,2.8,44,225.9234,745.5186,302.6395,-0.5275,4,SIMULATED,SIMULATED,SIMULATED,SIMULATED
7.8,2.8,11,74.0783,1326.5949,320.4,0.0,3,SIMULATED,SIMULATED,SIMULATED,SIMULATED
7.8,2.8,4,-66.5345,1557.2714,288.0676,-0.558,3,SIMULATED,SIMULATED,SIMULATED,SIMULATED
7.8,2.8,77,-206.1415,1012.8084,274.8793,-0.7582,2,SIMULATED,SIMULATED,SIMULATED,SIMULATED
8.0,3.0,22,284.8119,-219.7408,0.0,0.0,1,SIMULATED,SIMULATED,SIMULATED,SIMULATED
8.0,3.0,55,383.1605,-219.9211,206.2804,0.8763,1,SIMULATED,SIMULATED,SIMULATED,SIMULATED
8.0,3.0,16,345.3328,33.048,301.1579,-0.963,1,SIMULATED,SIMULATED,SIMULATED,SIMULATED
8.0,3.0,63,271.3103,366.8883,302.2355,0.4534,4,SIMULATED,SIMULATED,SIMULATED,SIMULATED
8.0,3.0,44,229.7714,729.4035,298.2389,-0.623,4,SIMULATED,SIMULATED,SIMULATED,SIMULATED
8.0,3.0,11,80.6669,1310.0657,320.4,0.0,3,SIMULATED,SIMULATED,SIMULATED,SIMULATED
8.0,3.0,4,-69.4754,1572.6436,282.2097,-0.8294,3,SIMULATED,SIMULATED,SIMULATED,SIMULATED
8.0,3.0,77,-202.5773,1027.3632,269.938,-0.6996,2,SIMULATED,SIMULATED,SIMULATED,SIMULATED
8.2,3.1999999999999993,22,284.8119,-219.7408,0.0,0.0,1,SIMULATED,SIMULATED,SIMULATED,SIMULATED
8.2,3.1999999999999993,55,373.4869,-226.253,216.6911,1.4739,1,SIMULATED,SIMULATED,SIMULATED,SIMULATED
8.2,3.1999999999999993,16,344.9479,16.4828,297.3137,-0.5443,1,SIMULATED,SIMULATED,SIMULATED,SIMULATED
8.2,3.1999999999999993,63,275.7362,350.4001,307.4487,0.7381,4,SIMULATED,SIMULATED,SIMULATED,SIMULATED
8.2,3.1999999999999993,44,233.6054,713.3625,296.8593,-0.1953,4,SIMULATED,SIMULATED,SIMULATED,SIMULATED
8.2,3.1999999999999993,11,87.0318,1293.448,320.4,0.0,3,SIMULATED,SIMULATED,SIMULATED,SIMULATED
8.2,3.1999999999999993,4,-72.5729,1587.6339,275.7698,-0.9118,3,SIMULATED,SIMULATED,SIMULATED,SIMULATED
8.2,3.1999999999999993,77,-198.3829,1041.3041,263.8877,-0.8566,2,SIMULATED,SIMULATED,SIMULATED,SIMULATED
8.4,3.4000000000000004,22,284.8119,-219.7408,0.0,0.0,1,SIMULATED,SIMULATED,SIMULATED,SIMULATED
8.4,3.4000000000000004,55,361.6003,-228.847,223.3139,0.9376,1,SIMULATED,SIMULATED,SIMULATED,SIMULATED
8.4,3.4000000000000004,16,344.0033,0.1376,294.2506,-0.4337,1,SIMULATED,SIMULATED,SIMULATED,SIMULATED
8.4,3.4000000000000004,63,280.104,333.6662,311.4811,0.5709,4,SIMULATED,SIMULATED,SIMULATED,SIMULATED
8.4,3.4000000000000004,44,237.4065,697.3876,295.5801,-0.1811,4,SIMULATED,SIMULATED,SIMULATED,SIMULATED
8.4,3.4000000000000004,11,93.0382,1276.7045,320.4,0.0,3,SIMULATED,SIMULATED,SIMULATED,SIMULATED
8.4,3.4000000000000004,4,-75.8234,1602.2699,270.1222,-0.7996,3,SIMULATED,SIMULATED,SIMULATED,SIMULATED
8.4,3.4000000000000004,77,-192.9934,1054.4107,260.0707,-0.5404,2,SIMULATED,SIMULATED,SIMULATED,SIMULATED
8.6,3.5999999999999996,22,284.8119,-219.7408,0.0,0.0,1,SIMULATED,SIMULATED,SIMULATED,SIMULATED
8.6,3.5999999999999996,55,349.2747,-229.3192,225.2195,0.2698,1,SIMULATED,SIMULATED,SIMULATED,SIMULATED
8.6,3.5999999999999996,16,342.7317,-16.1143,293.1089,-0.1616,1,SIMULATED,SIMULATED,SIMULATED,SIMULATED
8.6,3.5999999999999996,63,284.4647,316.68,315.7321,0.6018,4,SIMULATED,SIMULATED,SIMULATED,SIMULATED
8.6,3.5999999999999996,44,241.2051,681.4447,294.9928,-0.0831,4,SIMULATED,SIMULATED,SIMULATED,SIMULATED
8.6,3.5999999999999996,11,98.7936,1259.8698,320.4,0.0,3,SIMULATED,SIMULATED,SIMULATED,SIMULATED
8.6,3.5999999999999996,4,-79.0988,1616.5381,263.5425,-0.9315,3,SIMULATED,SIMULATED,SIMULATED,SIMULATED
8.6,3.5999999999999996,77,-184.4326,1065.242,256.8559,-0.4551,2,SIMULATED,SIMULATED,SIMULATED,SIMULATED
8.8,3.8000000000000007,22,284.8119,-219.7408,0.0,0.0,1,SIMULATED,SIMULATED,SIMULATED,SIMULATED
8.8,3.8000000000000007,55,336.6144,-228.4525,229.7757,0.6451,1,SIMULATED,SIMULATED,SIMULATED,SIMULATED
8.8,3.8000000000000007,16,341.2073,-32.3308,293.1089,0.0,1,SIMULATED,SIMULATED,SIMULATED,SIMULATED
8.8,3.8000000000000007,63,288.8439,299.5748,317.8625,0.3016,4,SIMULATED,SIMULATED,SIMULATED,SIMULATED
8.8,3.8000000000000007,44,244.9453,665.6544,292.0838,-0.4119,4,SIMULATED,SIMULATED,SIMULATED,SIMULATED
8.8,3.8000000000000007,11,104.2903,1242.9484,320.4,0.0,3,SIMULATED,SIMULATED,SIMULATED,SIMULATED
8.8,3.8000000000000007,4,-82.189,1630.415,255.7171,-1.1079,3,SIMULATED,SIMULATED,SIMULATED,SIMULATED
8.8,3.8000000000000007,77,-172.3362,1071.6771,256.5027,-0.05,2,SIMULATED,SIMULATED,SIMULATED,SIMULATED
9.0,4.0,22,284.8119,-219.7408,0.0,0.0,1,SIMULATED,SIMULATED,SIMULATED,SIMULATED
9.0,4.0,55,323.4788,-226.7047,239.4249,1.3661,1,SIMULATED,SIMULATED,SIMULATED,SIMULATED
9.0,4.0,16,339.4516,-48.4158,290.9907,-0.2999,1,SIMULATED,SIMULATED,SIMULATED,SIMULATED
9.0,4.0,63,293.2244,282.3979,319.0387,0.1665,4,SIMULATED,SIMULATED,SIMULATED,SIMULATED
9.0,4.0,44,248.6384,650.0382,288.8425,-0.4589,4,SIMULATED,SIMULATED,SIMULATED,SIMULATED
9.0,4.0,11,109.5859,1225.9589,320.4,-0.0,3,SIMULATED,SIMULATED,SIMULATED,SIMULATED
9.0,4.0,4,-85.0251,1643.7961,245.8794,-1.3928,3,SIMULATED,SIMULATED,SIMULATED,SIMULATED
9.0,4.0,77,-158.8776,1076.3617,256.5027,0.0,2,SIMULATED,SIMULATED,SIMULATED,SIMULATED
9.2,4.199999999999999,22,284.8119,-219.7408,0.0,0.0,1,SIMULATED,SIMULATED,SIMULATED,SIMULATED
9.2,4.199999999999999,55,310.0186,-224.0558,248.2479,1.2491,1,SIMULATED,SIMULATED,SIMULATED,SIMULATED
9.2,4.199999999999999,16,337.7762,-64.0344,282.8973,-1.1459,1,SIMULATED,SIMULATED,SIMULATED,SIMULATED
9.2,4.199999999999999,63,297.6497,265.2192,319.2446,0.0292,4,SIMULATED,SIMULATED,SIMULATED,SIMULATED
9.2,4.199999999999999,44,252.2865,634.5903,285.6888,-0.4465,4,SIMULATED,SIMULATED,SIMULATED,SIMULATED
9.2,4.199999999999999,11,114.6585,1208.9054,320.4,0.0,3,SIMULATED,SIMULATED,SIMULATED,SIMULATED
9.2,4.199999999999999,4,-87.5813,1656.7718,237.5967,-1.1726,3,SIMULATED,SIMULATED,SIMULATED,SIMULATED
9.2,4.199999999999999,77,-145.8928,1082.7278,256.5027,0.0,2,SIMULATED,SIMULATED,SIMULATED,SIMULATED
9.4,4.4,22,284.8119,-219.7408,0.0,0.0,1,SIMULATED,SIMULATED,SIMULATED,SIMULATED
9.4,4.4,55,296.3541,-220.6368,254.2352,0.8477,1,SIMULATED,SIMULATED,SIMULATED,SIMULATED
9.4,4.4,16,336.3624,-79.2048,274.5134,-1.187,1,SIMULATED,SIMULATED,SIMULATED,SIMULATED
9.4,4.4,63,302.1088,248.0174,319.8374,0.0839,4,SIMULATED,SIMULATED,SIMULATED,SIMULATED
9.4,4.4,44,255.8328,619.3018,282.4691,-0.4558,4,SIMULATED,SIMULATED,SIMULATED,SIMULATED
9.4,4.4,11,119.4816,1191.7783,320.4,0.0,3,SIMULATED,SIMULATED,SIMULATED,SIMULATED
9.4,4.4,4,-89.5028,1669.3668,228.1727,-1.3342,3,SIMULATED,SIMULATED,SIMULATED,SIMULATED
9.4,4.4,77,-134.2148,1091.22,256.5027,0.0,2,SIMULATED,SIMULATED,SIMULATED,SIMULATED
9.6,4.6,22,284.8119,-219.7408,0.0,0.0,1,SIMULATED,SIMULATED,SIMULATED,SIMULATED
9.6,4.6,55,282.5379,-216.37,261.3486,1.0071,1,SIMULATED,SIMULATED,SIMULATED,SIMULATED
9.6,4.6,16,335.4197,-93.9655,266.979,-1.0667,1,SIMULATED,SIMULATED,SIMULATED,SIMULATED
9.6,4.6,63,306.5956,230.8218,319.8374,-0.0,4,SIMULATED,SIMULATED,SIMULATED,SIMULATED
9.6,4.6,44,259.2085,604.1845,278.708,-0.5325,4,SIMULATED,SIMULATED,SIMULATED,SIMULATED
9.6,4.6,11,124.1038,1174.5935,320.4,0.0,3,SIMULATED,SIMULATED,SIMULATED,SIMULATED
9.6,4.6,4,-89.5722,1681.6519,216.7337,-1.6195,3,SIMULATED,SIMULATED,SIMULATED,SIMULATED
9.6,4.6,77,-124.3759,1101.7621,256.5027,0.0,2,SIMULATED,SIMULATED,SIMULATED,SIMULATED
9.8,4.800000000000001,22,284.8119,-219.7408,0.0,0.0,1,SIMULATED,SIMULATED,SIMULATED,SIMULATED
9.8,4.800000000000001,55,268.5497,-211.3598,268.5569,1.0205,1,SIMULATED,SIMULATED,SIMULATED,SIMULATED
9.8,4.800000000000001,16,335.414,-108.4106,261.4303,-0.7856,1,SIMULATED,SIMULATED,SIMULATED,SIMULATED
9.8,4.800000000000001,63,311.0962,213.6324,319.8374,0.0,4,SIMULATED,SIMULATED,SIMULATED,SIMULATED
9.8,4.800000000000001,44,262.1656,589.0846,276.4613,-0.3181,4,SIMULATED,SIMULATED,SIMULATED,SIMULATED
9.8,4.800000000000001,11,128.4941,1157.3505,320.4,0.0,3,SIMULATED,SIMULATED,SIMULATED,SIMULATED
9.8,4.800000000000001,4,-86.0081,1693.2067,208.3288,-1.19,3,SIMULATED,SIMULATED,SIMULATED,SIMULATED
9.8,4.800000000000001,77,-116.5061,1113.9165,257.7287,0.1736,2,SIMULATED,SIMULATED,SIMULATED,SIMULATED
10.0,5.0,22,284.8119,-219.7408,0.0,0.0,1,SIMULATED,SIMULATED,SIMULATED,SIMULATED
10.0,5.0,55,254.455,-205.553,275.5774,0.994,1,SIMULATED,SIMULATED,SIMULATED,SIMULATED
10.0,5.0,16,336.4393,-122.3378,252.9059,-1.2069,1,SIMULATED,SIMULATED,SIMULATED,SIMULATED
10.0,5.0,63,315.5849,196.4452,319.8374,0.0,4,SIMULATED,SIMULATED,SIMULATED,SIMULATED
10.0,5.0,44,263.957,573.8573,275.199,-0.1787,4,SIMULATED,SIMULATED,SIMULATED,SIMULATED
10.0,5.0,11,132.7839,1140.0781,320.4,0.0,4,SIMULATED,SIMULATED,SIMULATED,SIMULATED
10.0,5.0,4,-77.346,1701.1828,204.177,-0.5878,3,SIMULATED,SIMULATED,SIMULATED,SIMULATED
10.0,5.0,77,-109.9413,1126.917,259.8761,0.304,2,SIMULATED,SIMULATED,SIMULATED,SIMULATED
10.2,5.199999999999999,22,284.8119,-219.7408,0.0,0.0,1,SIMULATED,SIMULATED,SIMULATED,SIMULATED
10.2,5.199999999999999,55,240.4895,-198.8701,279.3675,0.5366,1,SIMULATED,SIMULATED,SIMULATED,SIMULATED
10.2,5.199999999999999,16,340.2685,-135.0661,245.641,-1.0286,1,SIMULATED,SIMULATED,SIMULATED,SIMULATED
10.2,5.199999999999999,63,320.0076,179.2423,319.8374,0.0,4,SIMULATED,SIMULATED,SIMULATED,SIMULATED
10.2,5.199999999999999,44,263.2311,558.5617,274.4521,-0.1057,4,SIMULATED,SIMULATED,SIMULATED,SIMULATED
10.2,5.199999999999999,11,137.0064,1122.7873,320.4,0.0,4,SIMULATED,SIMULATED,SIMULATED,SIMULATED
10.2,5.199999999999999,4,-65.7738,1702.1224,199.8961,-0.6061,3,SIMULATED,SIMULATED,SIMULATED,SIMULATED
10.2,5.199999999999999,77,-104.5611,1140.7159,264.9805,0.7227,2,SIMULATED,SIMULATED,SIMULATED,SIMULATED
10.4,5.4,22,284.8119,-219.7408,0.0,0.0,1,SIMULATED,SIMULATED,SIMULATED,SIMULATED
10.4,5.4,55,226.7293,-191.4933,282.0017,0.3729,1,SIMULATED,SIMULATED,SIMULATED,SIMULATED
10.4,5.4,16,346.5229,-146.4447,237.3321,-1.1764,1,SIMULATED,SIMULATED,SIMULATED,SIMULATED
10.4,5.4,63,324.3518,162.0169,319.8374,0.0,4,SIMULATED,SIMULATED,SIMULATED,SIMULATED
10.4,5.4,44,258.5699,543.9518,274.4521,0.0,4,SIMULATED,SIMULATED,SIMULATED,SIMULATED
10.4,5.4,11,141.1622,1105.4824,320.4,0.0,4,SIMULATED,SIMULATED,SIMULATED,SIMULATED
10.4,5.4,4,-55.9878,1695.6654,199.3362,-0.0793,3,SIMULATED,SIMULATED,SIMULATED,SIMULATED
10.4,5.4,77,-99.9707,1155.2034,272.4076,1.0515,2,SIMULATED,SIMULATED,SIMULATED,SIMULATED
10.6,5.6,22,284.8119,-219.7408,0.0,0.0,1,SIMULATED,SIMULATED,SIMULATED,SIMULATED
10.6,5.6,55,213.3115,-183.341,283.3843,0.1958,1,SIMULATED,SIMULATED,SIMULATED,SIMULATED
10.6,5.6,16,354.5468,-156.0623,228.7621,-1.2133,1,SIMULATED,SIMULATED,SIMULATED,SIMULATED
10.6,5.6,63,328.5095,144.7596,319.8374,0.0,4,SIMULATED,SIMULATED,SIMULATED,SIMULATED
10.6,5.6,44,252.0051,530.2086,274.4521,0.0,4,SIMULATED,SIMULATED,SIMULATED,SIMULATED
10.6,5.6,11,145.2664,1088.1625,320.4,0.0,4,SIMULATED,SIMULATED,SIMULATED,SIMULATED
10.6,5.6,4,-50.0381,1686.0832,198.1327,-0.1704,3,SIMULATED,SIMULATED,SIMULATED,SIMULATED
10.6,5.6,77,-95.8326,1170.2057,279.5049,1.0048,2,SIMULATED,SIMULATED,SIMULATED,SIMULATED
10.8,5.800000000000001,22,284.8119,-219.7408,0.0,0.0,1,SIMULATED,SIMULATED,SIMULATED,SIMULATED
10.8,5.800000000000001,55,200.0465,-174.4823,287.7359,0.6161,1,SIMULATED,SIMULATED,SIMULATED,SIMULATED
10.8,5.800000000000001,16,363.6144,-164.0479,219.9312,-1.2503,1,SIMULATED,SIMULATED,SIMULATED,SIMULATED
10.8,5.800000000000001,63,332.2652,127.4447,319.8374,0.0,4,SIMULATED,SIMULATED,SIMULATED,SIMULATED
10.8,5.800000000000001,44,246.7941,515.9815,274.4521,0.0,4,SIMULATED,SIMULATED,SIMULATED,SIMULATED
10.8,5.800000000000001,11,149.3331,1070.8344,320.4,0.0,4,SIMULATED,SIMULATED,SIMULATED,SIMULATED
10.8,5.800000000000001,4,-46.0964,1675.1105,207.2662,1.2931,3,SIMULATED,SIMULATED,SIMULATED,SIMULATED
10.8,5.800000000000001,77,-91.8672,1185.5583,285.0999,0.7921,2,SIMULATED,SIMULATED,SIMULATED,SIMULATED
11.0,6.0,22,284.8119,-219.7408,0.0,0.0,1,SIMULATED,SIMULATED,SIMULATED,SIMULATED
11.0,6.0,55,186.8823,-165.1273,291.3828,0.5163,1,SIMULATED,SIMULATED,SIMULATED,SIMULATED
11.0,6.0,16,373.2062,-170.7474,212.4952,-1.0528,1,SIMULATED,SIMULATED,SIMULATED,SIMULATED
11.0,6.0,63,335.7639,110.0249,319.8374,-0.0,4,SIMULATED,SIMULATED,SIMULATED,SIMULATED
11.0,6.0,44,244.4551,501.0459,274.4521,0.0,4,SIMULATED,SIMULATED,SIMULATED,SIMULATED
11.0,6.0,11,153.3973,1053.5039,320.4,0.0,4,SIMULATED,SIMULATED,SIMULATED,SIMULATED
11.0,6.0,4,-43.1544,1662.9176,223.7013,2.3269,3,SIMULATED,SIMULATED,SIMULATED,SIMULATED
11.0,6.0,77,-88.0682,1201.0586,287.0325,0.2736,2,SIMULATED,SIMULATED,SIMULATED,SIMULATED
11.2,6.199999999999999,22,284.8119,-219.7408,0.0,0.0,1,SIMULATED,SIMULATED,SIMULATED,SIMULATED
11.2,6.199999999999999,55,173.9282,-155.3995,291.7633,0.0539,1,SIMULATED,SIMULATED,SIMULATED,SIMULATED
11.2,6.199999999999999,16,382.8271,-177.0435,206.8352,-0.8013,1,SIMULATED,SIMULATED,SIMULATED,SIMULATED
11.2,6.199999999999999,63,338.8872,92.6544,319.1244,-0.1009,4,SIMULATED,SIMULATED,SIMULATED,SIMULATED
11.2,6.199999999999999,44,244.7677,485.8924,274.4521,0.0,4,SIMULATED,SIMULATED,SIMULATED,SIMULATED
11.2,6.199999999999999,11,157.4302,1036.1679,320.4,0.0,4,SIMULATED,SIMULATED,SIMULATED,SIMULATED
11.2,6.199999999999999,4,-41.0402,1649.816,237.2307,1.9155,3,SIMULATED,SIMULATED,SIMULATED,SIMULATED
11.2,6.199999999999999,77,-84.3836,1216.7371,289.6862,0.3757,2,SIMULATED,SIMULATED,SIMULATED,SIMULATED
11.4,6.4,22,284.8119,-219.7408,0.0,0.0,1,SIMULATED,SIMULATED,SIMULATED,SIMULATED
11.4,6.4,55,161.3012,-145.5797,288.2241,-0.5011,1,SIMULATED,SIMULATED,SIMULATED,SIMULATED
11.4,6.4,16,391.1938,-184.8945,201.6296,-0.737,1,SIMULATED,SIMULATED,SIMULATED,SIMULATED
11.4,6.4,63,341.0301,75.1735,317.9948,-0.1599,1,SIMULATED,SIMULATED,SIMULATED,SIMULATED
11.4,6.4,44,246.6969,470.8058,274.5661,0.0161,4,SIMULATED,SIMULATED,SIMULATED,SIMULATED
11.4,6.4,11,161.4813,1018.8344,320.4,0.0,4,SIMULATED,SIMULATED,SIMULATED,SIMULATED
11.4,6.4,4,-39.5987,1635.907,251.3372,1.9972,3,SIMULATED,SIMULATED,SIMULATED,SIMULATED
11.4,6.4,77,-80.8668,1232.6635,293.3165,0.514,3,SIMULATED,SIMULATED,SIMULATED,SIMULATED
11.6,6.6,22,284.8119,-219.7408,0.0,0.0,1,SIMULATED,SIMULATED,SIMULATED,SIMULATED
11.6,6.6,55,148.8913,-135.7475,285.1497,-0.4353,1,SIMULATED,SIMULATED,SIMULATED,SIMULATED
11.6,6.6,16,394.1755,-196.0151,199.9602,-0.2363,1,SIMULATED,SIMULATED,SIMULATED,SIMULATED
11.6,6.6,63,342.0836,57.9687,312.1406,-0.8288,1,SIMULATED,SIMULATED,SIMULATED,SIMULATED
11.6,6.6,44,249.5792,455.7082,277.0687,0.3543,4,SIMULATED,SIMULATED,SIMULATED,SIMULATED
11.6,6.6,11,165.5325,1001.5015,320.4,0.0,4,SIMULATED,SIMULATED,SIMULATED,SIMULATED
11.6,6.6,4,-38.0206,1621.349,263.9884,1.7911,3,SIMULATED,SIMULATED,SIMULATED,SIMULATED
11.6,6.6,77,-77.5615,1248.9084,297.9047,0.6496,3,SIMULATED,SIMULATED,SIMULATED,SIMULATED
11.8,6.800000000000001,22,284.8119,-219.7408,0.0,0.0,1,SIMULATED,SIMULATED,SIMULATED,SIMULATED
11.8,6.800000000000001,55,136.6507,-125.9178,282.7771,-0.3359,1,SIMULATED,SIMULATED,SIMULATED,SIMULATED
11.8,6.800000000000001,16,393.2616,-207.4211,199.7961,-0.0232,1,SIMULATED,SIMULATED,SIMULATED,SIMULATED
11.8,6.800000000000001,63,342.7372,41.1165,304.2258,-1.1206,1,SIMULATED,SIMULATED,SIMULATED,SIMULATED
11.8,6.800000000000001,44,253.1537,440.5005,281.4514,0.6205,4,SIMULATED,SIMULATED,SIMULATED,SIMULATED
11.8,6.800000000000001,11,169.5704,984.1656,320.4,0.0,4,SIMULATED,SIMULATED,SIMULATED,SIMULATED
11.8,6.800000000000001,4,-35.9892,1606.346,273.5994,1.3607,3,SIMULATED,SIMULATED,SIMULATED,SIMULATED
11.8,6.800000000000001,77,-74.4912,1265.4677,302.9586,0.7155,3,SIMULATED,SIMULATED,SIMULATED,SIMULATED
12.0,7.0,22,284.8119,-219.7408,0.0,0.0,1,SIMULATED,SIMULATED,SIMULATED,SIMULATED
12.0,7.0,55,124.5697,-116.0209,281.197,-0.2237,1,SIMULATED,SIMULATED,SIMULATED,SIMULATED
12.0,7.0,16,387.9552,-217.5492,202.0002,0.3121,1,SIMULATED,SIMULATED,SIMULATED,SIMULATED
12.0,7.0,63,342.7443,24.5508,299.44,-0.6776,1,SIMULATED,SIMULATED,SIMULATED,SIMULATED
12.0,7.0,44,257.1156,425.0195,287.76,0.8932,4,SIMULATED,SIMULATED,SIMULATED,SIMULATED
12.0,7.0,11,173.6203,966.8327,320.4,0.0,4,SIMULATED,SIMULATED,SIMULATED,SIMULATED
12.0,7.0,4,-32.6098,1591.0305,284.7381,1.577,3,SIMULATED,SIMULATED,SIMULATED,SIMULATED
12.0,7.0,77,-71.543,1282.3621,308.4324,0.775,3,SIMULATED,SIMULATED,SIMULATED,SIMULATED
12.2,7.199999999999999,22,284.8119,-219.7408,0.0,0.0,1,SIMULATED,SIMULATED,SIMULATED,SIMULATED
12.2,7.199999999999999,55,112.8657,-105.9009,279.4696,-0.2446,1,SIMULATED,SIMULATED,SIMULATED,SIMULATED
12.2,7.199999999999999,16,379.0132,-225.6397,212.0125,1.4175,1,SIMULATED,SIMULATED,SIMULATED,SIMULATED
12.2,7.199999999999999,63,342.0104,8.1803,295.8586,-0.507,1,SIMULATED,SIMULATED,SIMULATED,SIMULATED
12.2,7.199999999999999,44,261.483,409.3327,293.308,0.7855,4,SIMULATED,SIMULATED,SIMULATED,SIMULATED
12.2,7.199999999999999,11,177.6677,949.4995,320.4,0.0,4,SIMULATED,SIMULATED,SIMULATED,SIMULATED
12.2,7.199999999999999,4,-28.0242,1575.4425,293.6342,1.2595,3,SIMULATED,SIMULATED,SIMULATED,SIMULATED
12.2,7.199999999999999,77,-68.7222,1299.5623,313.6233,0.7349,3,SIMULATED,SIMULATED,SIMULATED,SIMULATED
12.4,7.4,22,284.8119,-219.7408,0.0,0.0,1,SIMULATED,SIMULATED,SIMULATED,SIMULATED
12.4,7.4,55,101.9968,-94.9942,278.604,-0.1226,1,SIMULATED,SIMULATED,SIMULATED,SIMULATED
12.4,7.4,16,367.192,-230.0489,221.2669,1.3102,1,SIMULATED,SIMULATED,SIMULATED,SIMULATED
12.4,7.4,63,340.878,-8.0294,293.1089,-0.3893,1,SIMULATED,SIMULATED,SIMULATED,SIMULATED
12.4,7.4,44,266.03,393.4162,297.9125,0.6519,4,SIMULATED,SIMULATED,SIMULATED,SIMULATED
12.4,7.4,11,181.6857,932.1595,320.4,0.0,4,SIMULATED,SIMULATED,SIMULATED,SIMULATED
12.4,7.4,4,-22.4448,1559.6352,302.7401,1.2892,3,SIMULATED,SIMULATED,SIMULATED,SIMULATED
12.4,7.4,77,-66.023,1316.9777,316.9133,0.4658,3,SIMULATED,SIMULATED,SIMULATED,SIMULATED
12.6,7.6,22,284.8119,-219.7408,0.0,0.0,1,SIMULATED,SIMULATED,SIMULATED,SIMULATED
12.6,7.6,55,91.9034,-83.4254,278.604,-0.0,1,SIMULATED,SIMULATED,SIMULATED,SIMULATED
12.6,7.6,16,354.6162,-231.3506,225.2195,0.5596,1,SIMULATED,SIMULATED,SIMULATED,SIMULATED
12.6,7.6,63,339.4734,-24.2264,293.1089,0.0,1,SIMULATED,SIMULATED,SIMULATED,SIMULATED
12.6,7.6,44,270.5096,377.3853,299.5548,0.2325,4,SIMULATED,SIMULATED,SIMULATED,SIMULATED
12.6,7.6,11,185.6881,914.8155,320.4,0.0,4,SIMULATED,SIMULATED,SIMULATED,SIMULATED
12.6,7.6,4,-16.1936,1543.7637,307.5186,0.6765,3,SIMULATED,SIMULATED,SIMULATED,SIMULATED
12.6,7.6,77,-63.5379,1334.5851,319.7207,0.3975,3,SIMULATED,SIMULATED,SIMULATED,SIMULATED
12.8,7.800000000000001,22,284.8119,-219.7408,0.0,0.0,1,SIMULATED,SIMULATED,SIMULATED,SIMULATED
12.8,7.800000000000001,55,83.797,-70.5213,278.8446,0.0341,1,SIMULATED,SIMULATED,SIMULATED,SIMULATED
12.8,7.800000000000001,16,341.9718,-230.9796,226.2874,0.1512,1,SIMULATED,SIMULATED,SIMULATED,SIMULATED
12.8,7.800000000000001,63,337.822,-40.3947,292.898,-0.0299,1,SIMULATED,SIMULATED,SIMULATED,SIMULATED
12.8,7.800000000000001,44,274.9426,361.1208,303.3882,0.5427,4,SIMULATED,SIMULATED,SIMULATED,SIMULATED
12.8,7.800000000000001,11,189.6905,897.4719,320.4,0.0,4,SIMULATED,SIMULATED,SIMULATED,SIMULATED
12.8,7.800000000000001,4,-9.5764,1527.8286,310.8336,0.4693,3,SIMULATED,SIMULATED,SIMULATED,SIMULATED
12.8,7.800000000000001,77,-61.2787,1352.2534,320.4,0.0962,3,SIMULATED,SIMULATED,SIMULATED,SIMULATED
13.0,8.0,22,284.8119,-219.7408,0.0,0.0,1,SIMULATED,SIMULATED,SIMULATED,SIMULATED
13.0,8.0,55,78.4881,-56.1725,278.8446,0.0,1,SIMULATED,SIMULATED,SIMULATED,SIMULATED
13.0,8.0,16,328.9049,-229.5439,235.4111,1.2917,1,SIMULATED,SIMULATED,SIMULATED,SIMULATED
13.0,8.0,63,336.0685,-56.2479,287.148,-0.8141,1,SIMULATED,SIMULATED,SIMULATED,SIMULATED
13.0,8.0,44,279.3506,344.5169,309.1633,0.8176,4,SIMULATED,SIMULATED,SIMULATED,SIMULATED
13.0,8.0,11,193.6716,880.1228,320.4,0.0,4,SIMULATED,SIMULATED,SIMULATED,SIMULATED
13.0,8.0,4,-2.8099,1511.775,313.6528,0.3991,3,SIMULATED,SIMULATED,SIMULATED,SIMULATED
13.0,8.0,77,-59.3724,1369.9749,320.4,0.0,3,SIMULATED,SIMULATED,SIMULATED,SIMULATED
13.2,8.2,22,284.8119,-219.7408,0.0,0.0,1,SIMULATED,SIMULATED,SIMULATED,SIMULATED
13.2,8.2,55,77.6915,-40.9966,279.1529,0.0437,1,SIMULATED,SIMULATED,SIMULATED,SIMULATED
13.2,8.2,16,315.4433,-227.3186,244.6316,1.3054,1,SIMULATED,SIMULATED,SIMULATED,SIMULATED
13.2,8.2,63,334.529,-71.6698,278.5337,-1.2196,1,SIMULATED,SIMULATED,SIMULATED,SIMULATED
13.2,8.2,44,283.7115,327.6758,313.0972,0.557,4,SIMULATED,SIMULATED,SIMULATED,SIMULATED
13.2,8.2,11,197.6464,862.7806,320.2616,-0.0196,4,SIMULATED,SIMULATED,SIMULATED,SIMULATED
13.2,8.2,4,3.9901,1495.7025,314.1841,0.0752,3,SIMULATED,SIMULATED,SIMULATED,SIMULATED
13.2,8.2,77,-57.8091,1387.7308,320.4,0.0,3,SIMULATED,SIMULATED,SIMULATED,SIMULATED
13.4,8.4,22,284.8119,-219.7408,0.0,0.0,1,SIMULATED,SIMULATED,SIMULATED,SIMULATED
13.4,8.4,55,77.9057,-25.4838,279.1529,0.0,1,SIMULATED,SIMULATED,SIMULATED,SIMULATED
13.4,8.4,16,301.7071,-224.1103,252.7858,1.1545,1,SIMULATED,SIMULATED,SIMULATED,SIMULATED
13.4,8.4,63,333.3057,-86.6978,270.6214,-1.1202,1,SIMULATED,SIMULATED,SIMULATED,SIMULATED
13.4,8.4,44,288.0785,310.639,316.5784,0.4929,4,SIMULATED,SIMULATED,SIMULATED,SIMULATED
13.4,8.4,11,201.6106,845.4577,319.868,-0.0557,4,SIMULATED,SIMULATED,SIMULATED,SIMULATED
13.4,8.4,4,10.8885,1479.5318,316.501,0.328,3,SIMULATED,SIMULATED,SIMULATED,SIMULATED
13.4,8.4,77,-56.6539,1405.5217,320.4,0.0,3,SIMULATED,SIMULATED,SIMULATED,SIMULATED
13.6,8.6,22,284.8119,-219.7408,0.0,0.0,1,SIMULATED,SIMULATED,SIMULATED,SIMULATED
13.6,8.6,55,76.5968,-9.8962,279.1529,0.0,1,SIMULATED,SIMULATED,SIMULATED,SIMULATED
13.6,8.6,16,287.8435,-220.2032,257.978,0.7351,1,SIMULATED,SIMULATED,SIMULATED,SIMULATED
13.6,8.6,63,332.7964,-101.4667,264.307,-0.894,1,SIMULATED,SIMULATED,SIMULATED,SIMULATED
13.6,8.6,44,292.4588,293.4813,318.7277,0.3043,4,SIMULATED,SIMULATED,SIMULATED,SIMULATED
13.6,8.6,11,205.5445,828.2024,318.5789,-0.1825,4,SIMULATED,SIMULATED,SIMULATED,SIMULATED
13.6,8.6,4,17.8363,1463.3574,316.9264,0.0602,3,SIMULATED,SIMULATED,SIMULATED,SIMULATED
13.6,8.6,77,-55.8583,1423.324,320.4,0.0,3,SIMULATED,SIMULATED,SIMULATED,SIMULATED
13.8,8.8,22,284.8119,-219.7408,0.0,0.0,1,SIMULATED,SIMULATED,SIMULATED,SIMULATED
13.8,8.8,55,72.369,5.2609,279.1529,0.0,1,SIMULATED,SIMULATED,SIMULATED,SIMULATED
13.8,8.8,16,273.7556,-215.4466,266.9273,1.267,1,SIMULATED,SIMULATED,SIMULATED,SIMULATED
13.8,8.8,63,333.308,-115.8478,257.4048,-0.9772,1,SIMULATED,SIMULATED,SIMULATED,SIMULATED
13.8,8.8,44,296.8492,276.3086,319.081,0.05,4,SIMULATED,SIMULATED,SIMULATED,SIMULATED
13.8,8.8,11,209.5129,811.0012,317.7213,-0.1214,4,SIMULATED,SIMULATED,SIMULATED,SIMULATED
13.8,8.8,4,24.8483,1447.212,316.9264,0.0,3,SIMULATED,SIMULATED,SIMULATED,SIMULATED
13.8,8.8,77,-55.3869,1441.1451,320.4,0.0,3,SIMULATED,SIMULATED,SIMULATED,SIMULATED
14.0,9.0,22,284.8119,-219.7408,0.0,0.0,1,SIMULATED,SIMULATED,SIMULATED,SIMULATED
14.0,9.0,55,64.8437,18.9382,279.1529,0.0,1,SIMULATED,SIMULATED,SIMULATED,SIMULATED
14.0,9.0,16,259.577,-209.9262,273.1287,0.878,1,SIMULATED,SIMULATED,SIMULATED,SIMULATED
14.0,9.0,63,335.716,-129.7343,249.048,-1.1832,1,SIMULATED,SIMULATED,SIMULATED,SIMULATED
14.0,9.0,44,301.2892,259.1363,319.2673,0.0264,4,SIMULATED,SIMULATED,SIMULATED,SIMULATED
14.0,9.0,11,213.461,793.9734,314.6211,-0.4389,4,SIMULATED,SIMULATED,SIMULATED,SIMULATED
14.0,9.0,4,31.8825,1431.0702,316.9264,0.0,3,SIMULATED,SIMULATED,SIMULATED,SIMULATED
14.0,9.0,77,-55.2403,1458.8868,319.1012,-0.1839,3,SIMULATED,SIMULATED,SIMULATED,SIMULATED
14.2,9.2,22,284.8119,-219.7408,0.0,0.0,1,SIMULATED,SIMULATED,SIMULATED,SIMULATED
14.2,9.2,55,55.8661,31.6246,277.9449,-0.171,1,SIMULATED,SIMULATED,SIMULATED,SIMULATED
14.2,9.2,16,245.4795,-203.539,277.8441,0.6676,1,SIMULATED,SIMULATED,SIMULATED,SIMULATED
14.2,9.2,63,341.0676,-142.4183,241.2125,-1.1093,1,SIMULATED,SIMULATED,SIMULATED,SIMULATED
14.2,9.2,44,305.7581,241.9396,319.8374,0.0807,4,SIMULATED,SIMULATED,SIMULATED,SIMULATED
14.2,9.2,11,217.3789,777.183,310.337,-0.6065,4,SIMULATED,SIMULATED,SIMULATED,SIMULATED
14.2,9.2,4,38.8982,1414.9196,316.9264,0.0,3,SIMULATED,SIMULATED,SIMULATED,SIMULATED
14.2,9.2,77,-55.3603,1476.4214,315.2238,-0.5489,3,SIMULATED,SIMULATED,SIMULATED,SIMULATED
14.4,9.4,22,284.8119,-219.7408,0.0,0.0,1,SIMULATED,SIMULATED,SIMULATED,SIMULATED
14.4,9.4,55,46.2933,43.743,277.8058,-0.0197,1,SIMULATED,SIMULATED,SIMULATED,SIMULATED
14.4,9.4,16,231.5458,-196.4599,280.5692,0.3858,1,SIMULATED,SIMULATED,SIMULATED,SIMULATED
14.4,9.4,63,348.5595,-153.2428,232.5733,-1.2231,1,SIMULATED,SIMULATED,SIMULATED,SIMULATED
14.4,9.4,44,310.2529,224.7494,319.8374,0.0,4,SIMULATED,SIMULATED,SIMULATED,SIMULATED
14.4,9.4,11,221.2954,760.6335,306.0897,-0.6013,4,SIMULATED,SIMULATED,SIMULATED,SIMULATED
14.4,9.4,4,45.9194,1398.6883,318.271,0.1904,3,SIMULATED,SIMULATED,SIMULATED,SIMULATED
14.4,9.4,77,-55.917,1493.7147,310.3669,-0.6876,3,SIMULATED,SIMULATED,SIMULATED,SIMULATED
14.6,9.6,22,284.8119,-219.7408,0.0,0.0,1,SIMULATED,SIMULATED,SIMULATED,SIMULATED
14.6,9.6,55,36.5576,55.7959,278.5962,0.1119,1,SIMULATED,SIMULATED,SIMULATED,SIMULATED
14.6,9.6,16,217.8838,-188.5557,283.145,0.3647,1,SIMULATED,SIMULATED,SIMULATED,SIMULATED
14.6,9.6,63,357.4893,-162.207,224.3934,-1.1581,1,SIMULATED,SIMULATED,SIMULATED,SIMULATED
14.6,9.6,44,314.7528,207.5597,319.8374,0.0,4,SIMULATED,SIMULATED,SIMULATED,SIMULATED
14.6,9.6,11,225.1868,744.2956,302.2987,-0.5367,4,SIMULATED,SIMULATED,SIMULATED,SIMULATED
14.6,9.6,4,52.9125,1382.3814,319.2441,0.1378,3,SIMULATED,SIMULATED,SIMULATED,SIMULATED
14.6,9.6,77,-57.2392,1510.5666,303.739,-0.9384,3,SIMULATED,SIMULATED,SIMULATED,SIMULATED
14.8,9.8,22,284.8119,-219.7408,0.0,0.0,1,SIMULATED,SIMULATED,SIMULATED,SIMULATED
14.8,9.8,55,26.4393,67.8244,282.5261,0.5564,1,SIMULATED,SIMULATED,SIMULATED,SIMULATED
14.8,9.8,16,204.4944,-179.9393,285.8294,0.3801,1,SIMULATED,SIMULATED,SIMULATED,SIMULATED
14.8,9.8,63,367.09,-169.6663,215.8694,-1.2068,1,SIMULATED,SIMULATED,SIMULATED,SIMULATED
14.8,9.8,44,319.2213,190.3604,319.8374,-0.0,4,SIMULATED,SIMULATED,SIMULATED,SIMULATED
14.8,9.8,11,229.0349,728.1859,298.1205,-0.5916,4,SIMULATED,SIMULATED,SIMULATED,SIMULATED
14.8,9.8,4,59.8159,1365.9669,320.4,0.1636,3,SIMULATED,SIMULATED,SIMULATED,SIMULATED
14.8,9.8,77,-59.0006,1527.0987,297.9036,-0.8262,3,SIMULATED,SIMULATED,SIMULATED,SIMULATED
15.0,10.0,22,284.8119,-219.7408,0.0,0.0,1,SIMULATED,SIMULATED,SIMULATED,SIMULATED
15.0,10.0,55,15.6708,79.8532,289.8015,1.03,1,SIMULATED,SIMULATED,SIMULATED,SIMULATED
15.0,10.0,16,191.2741,-170.7347,289.4098,0.5069,1,SIMULATED,SIMULATED,SIMULATED,SIMULATED
15.0,10.0,63,376.835,-176.093,209.4267,-0.9122,1,SIMULATED,SIMULATED,SIMULATED,SIMULATED
15.0,10.0,44,323.6181,173.1421,319.8374,0.0,4,SIMULATED,SIMULATED,SIMULATED,SIMULATED
15.0,10.0,11,232.8673,712.1468,296.8411,-0.1811,4,SIMULATED,SIMULATED,SIMULATED,SIMULATED
15.0,10.0,4,66.6061,1349.5041,320.4,0.0,3,SIMULATED,SIMULATED,SIMULATED,SIMULATED
15.0,10.0,77,-61.5998,1543.1061,291.6308,-0.8881,3,SIMULATED,SIMULATED,SIMULATED,SIMULATED
15.2,10.2,22,284.8119,-219.7408,0.0,0.0,1,SIMULATED,SIMULATED,SIMULATED,SIMULATED
15.2,10.2,55,4.2702,91.405,291.3507,0.2193,1,SIMULATED,SIMULATED,SIMULATED,SIMULATED
15.2,10.2,16,178.1419,-161.0985,292.7064,0.4667,1,SIMULATED,SIMULATED,SIMULATED,SIMULATED
15.2,10.2,63,385.8547,-182.4064,203.8063,-0.7957,1,SIMULATED,SIMULATED,SIMULATED,SIMULATED
15.2,10.2,44,327.8971,155.8909,319.8374,0.0,4,SIMULATED,SIMULATED,SIMULATED,SIMULATED
15.2,10.2,11,236.6672,696.1784,295.4551,-0.1962,4,SIMULATED,SIMULATED,SIMULATED,SIMULATED
15.2,10.2,4,73.3194,1333.0155,320.4,-0.0,3,SIMULATED,SIMULATED,SIMULATED,SIMULATED
15.2,10.2,77,-64.3796,1558.8479,287.5724,-0.5746,3,SIMULATED,SIMULATED,SIMULATED,SIMULATED
15.4,10.4,22,284.8119,-219.7408,0.0,0.0,1,SIMULATED,SIMULATED,SIMULATED,SIMULATED
15.4,10.4,55,-7.8295,102.4162,293.5498,0.3113,1,SIMULATED,SIMULATED,SIMULATED,SIMULATED
15.4,10.4,16,165.3349,-151.279,290.3005,-0.3406,1,SIMULATED,SIMULATED,SIMULATED,SIMULATED
15.4,10.4,63,391.0047,-191.1119,199.9602,-0.5445,1,SIMULATED,SIMULATED,SIMULATED,SIMULATED
15.4,10.4,44,331.9469,138.5791,319.8374,-0.0,4,SIMULATED,SIMULATED,SIMULATED,SIMULATED
15.4,10.4,11,240.4611,680.2489,294.7638,-0.0979,4,SIMULATED,SIMULATED,SIMULATED,SIMULATED
15.4,10.4,4,79.953,1316.4889,320.4,0.0,3,SIMULATED,SIMULATED,SIMULATED,SIMULATED
15.4,10.4,77,-67.3524,1574.2478,281.8375,-0.8119,3,SIMULATED,SIMULATED,SIMULATED,SIMULATED
15.6,10.6,22,284.8119,-219.7408,0.0,0.0,1,SIMULATED,SIMULATED,SIMULATED,SIMULATED
15.6,10.6,55,-20.5577,113.157,299.396,0.8277,1,SIMULATED,SIMULATED,SIMULATED,SIMULATED
15.6,10.6,16,152.7536,-141.3755,288.0087,-0.3245,1,SIMULATED,SIMULATED,SIMULATED,SIMULATED
15.6,10.6,63,391.7427,-201.654,199.3153,-0.0913,1,SIMULATED,SIMULATED,SIMULATED,SIMULATED
15.6,10.6,44,335.5705,121.1745,319.8374,-0.0,4,SIMULATED,SIMULATED,SIMULATED,SIMULATED
15.6,10.6,11,244.1993,664.4639,291.9951,-0.392,4,SIMULATED,SIMULATED,SIMULATED,SIMULATED
15.6,10.6,4,86.4213,1299.8834,320.4,0.0,3,SIMULATED,SIMULATED,SIMULATED,SIMULATED
15.6,10.6,77,-70.4635,1589.2411,275.3902,-0.9128,3,SIMULATED,SIMULATED,SIMULATED,SIMULATED
15.8,10.8,22,284.8119,-219.7408,0.0,0.0,1,SIMULATED,SIMULATED,SIMULATED,SIMULATED
15.8,10.8,55,-33.5107,123.9695,303.84,0.6292,1,SIMULATED,SIMULATED,SIMULATED,SIMULATED
15.8,10.8,16,140.4203,-131.526,283.9672,-0.5722,1,SIMULATED,SIMULATED,SIMULATED,SIMULATED
15.8,10.8,63,388.8025,-211.5522,200.2717,0.1354,1,SIMULATED,SIMULATED,SIMULATED,SIMULATED
15.8,10.8,44,339.0359,103.7451,319.8374,0.0,4,SIMULATED,SIMULATED,SIMULATED,SIMULATED
15.8,10.8,11,247.8884,648.8635,288.5549,-0.4871,4,SIMULATED,SIMULATED,SIMULATED,SIMULATED
15.8,10.8,4,92.5742,1283.152,320.4,0.0,3,SIMULATED,SIMULATED,SIMULATED,SIMULATED
15.8,10.8,77,-73.7289,1603.8763,269.5998,-0.8198,3,SIMULATED,SIMULATED,SIMULATED,SIMULATED
16.0,11.0,22,284.8119,-219.7408,0.0,0.0,1,SIMULATED,SIMULATED,SIMULATED,SIMULATED
16.0,11.0,55,-45.8607,135.5886,306.9178,0.4358,1,SIMULATED,SIMULATED,SIMULATED,SIMULATED
16.0,11.0,16,128.2754,-121.664,281.4,-0.3635,1,SIMULATED,SIMULATED,SIMULATED,SIMULATED
16.0,11.0,63,382.0905,-220.2245,206.9431,0.9445,1,SIMULATED,SIMULATED,SIMULATED,SIMULATED
16.0,11.0,44,341.782,86.2078,318.899,-0.1329,4,SIMULATED,SIMULATED,SIMULATED,SIMULATED
16.0,11.0,11,251.5336,633.4174,285.6888,-0.4058,4,SIMULATED,SIMULATED,SIMULATED,SIMULATED
16.0,11.0,4,98.4213,1266.33,320.4,0.0,3,SIMULATED,SIMULATED,SIMULATED,SIMULATED
16.0,11.0,77,-76.9976,1618.1149,262.9908,-0.9357,3,SIMULATED,SIMULATED,SIMULATED,SIMULATED
16.2,11.2,22,284.8119,-219.7408,0.0,0.0,1,SIMULATED,SIMULATED,SIMULATED,SIMULATED
16.2,11.2,55,-57.2269,148.2869,309.0134,0.2967,1,SIMULATED,SIMULATED,SIMULATED,SIMULATED
16.2,11.2,16,116.3581,-111.6832,279.4696,-0.2733,1,SIMULATED,SIMULATED,SIMULATED,SIMULATED
16.2,11.2,63,372.3292,-226.1268,217.7396,1.5286,1,SIMULATED,SIMULATED,SIMULATED,SIMULATED
16.2,11.2,44,343.5262,68.7011,316.2465,-0.3755,1,SIMULATED,SIMULATED,SIMULATED,SIMULATED
16.2,11.2,11,255.0738,618.1411,282.2918,-0.4809,4,SIMULATED,SIMULATED,SIMULATED,SIMULATED
16.2,11.2,4,104.0078,1249.4043,320.4,0.0,3,SIMULATED,SIMULATED,SIMULATED,SIMULATED
16.2,11.2,77,-80.0653,1631.9389,255.195,-1.1037,3,SIMULATED,SIMULATED,SIMULATED,SIMULATED
16.4,11.399999999999999,22,284.8119,-219.7408,0.0,0.0,1,SIMULATED,SIMULATED,SIMULATED,SIMULATED
16.4,11.399999999999999,55,-67.3354,162.029,309.1263,0.016,1,SIMULATED,SIMULATED,SIMULATED,SIMULATED
16.4,11.399999999999999,16,104.9913,-101.0271,278.8568,-0.0868,1,SIMULATED,SIMULATED,SIMULATED,SIMULATED
16.4,11.399999999999999,63,360.5079,-228.4577,224.239,0.9202,1,SIMULATED,SIMULATED,SIMULATED,SIMULATED
16.4,11.399999999999999,44,344.4145,51.5559,308.9686,-1.0304,1,SIMULATED,SIMULATED,SIMULATED,SIMULATED
16.4,11.399999999999999,11,258.4258,603.0549,278.4194,-0.5482,4,SIMULATED,SIMULATED,SIMULATED,SIMULATED
16.4,11.399999999999999,4,109.3864,1232.42,320.4,0.0,3,SIMULATED,SIMULATED,SIMULATED,SIMULATED
16.4,11.399999999999999,77,-82.8739,1645.2593,245.2506,-1.4079,3,SIMULATED,SIMULATED,SIMULATED,SIMULATED
16.6,11.600000000000001,22,284.8119,-219.7408,0.0,0.0,1,SIMULATED,SIMULATED,SIMULATED,SIMULATED
16.6,11.600000000000001,55,-76.2042,176.6184,308.1289,-0.1412,1,SIMULATED,SIMULATED,SIMULATED,SIMULATED
16.6,11.600000000000001,16,94.4036,-89.6554,278.604,-0.0358,1,SIMULATED,SIMULATED,SIMULATED,SIMULATED
16.6,11.600000000000001,63,348.1887,-228.7831,225.2195,0.1388,1,SIMULATED,SIMULATED,SIMULATED,SIMULATED
16.6,11.600000000000001,44,344.8197,34.7722,301.8217,-1.0119,1,SIMULATED,SIMULATED,SIMULATED,SIMULATED
16.6,11.600000000000001,11,261.3231,588.007,276.2532,-0.3067,4,SIMULATED,SIMULATED,SIMULATED,SIMULATED
16.6,11.600000000000001,4,114.5335,1215.3684,320.4,0.0,3,SIMULATED,SIMULATED,SIMULATED,SIMULATED
16.6,11.600000000000001,77,-85.3907,1658.1468,236.9021,-1.182,3,SIMULATED,SIMULATED,SIMULATED,SIMULATED
16.8,11.8,22,284.8119,-219.7408,0.0,0.0,1,SIMULATED,SIMULATED,SIMULATED,SIMULATED
16.8,11.8,55,-83.1103,191.9684,305.0296,-0.4388,1,SIMULATED,SIMULATED,SIMULATED,SIMULATED
16.8,11.8,16,85.0901,-77.1266,278.6928,0.0126,1,SIMULATED,SIMULATED,SIMULATED,SIMULATED
16.8,11.8,63,335.5235,-227.8366,230.5955,0.7611,1,SIMULATED,SIMULATED,SIMULATED,SIMULATED
16.8,11.8,44,344.5295,18.2036,297.8391,-0.5639,1,SIMULATED,SIMULATED,SIMULATED,SIMULATED
16.8,11.8,11,263.0042,572.8777,275.1633,-0.1543,4,SIMULATED,SIMULATED,SIMULATED,SIMULATED
16.8,11.8,4,119.4661,1198.2425,320.4,0.0,3,SIMULATED,SIMULATED,SIMULATED,SIMULATED
16.8,11.8,77,-87.1798,1670.5246,227.5985,-1.3172,3,SIMULATED,SIMULATED,SIMULATED,SIMULATED
17.0,12.0,22,284.8119,-219.7408,0.0,0.0,1,SIMULATED,SIMULATED,SIMULATED,SIMULATED
17.0,12.0,55,-88.0367,207.6296,298.9459,-0.8613,1,SIMULATED,SIMULATED,SIMULATED,SIMULATED
17.0,12.0,16,78.4526,-62.9698,278.8446,0.0215,1,SIMULATED,SIMULATED,SIMULATED,SIMULATED
17.0,12.0,63,322.4135,-226.0302,240.2434,1.3659,1,SIMULATED,SIMULATED,SIMULATED,SIMULATED
17.0,12.0,44,343.6273,1.84,294.7671,-0.4349,1,SIMULATED,SIMULATED,SIMULATED,SIMULATED
17.0,12.0,11,262.0857,557.8166,274.4521,-0.1007,4,SIMULATED,SIMULATED,SIMULATED,SIMULATED
17.0,12.0,4,124.1455,1181.0576,320.4,0.0,3,SIMULATED,SIMULATED,SIMULATED,SIMULATED
17.0,12.0,77,-87.0969,1682.2964,215.8459,-1.6639,3,SIMULATED,SIMULATED,SIMULATED,SIMULATED
17.2,12.2,22,284.8119,-219.7408,0.0,0.0,1,SIMULATED,SIMULATED,SIMULATED,SIMULATED
17.2,12.2,55,-91.5374,223.4569,293.2945,-0.8001,1,SIMULATED,SIMULATED,SIMULATED,SIMULATED
17.2,12.2,16,75.69,-47.437,279.094,0.0353,1,SIMULATED,SIMULATED,SIMULATED,SIMULATED
17.2,12.2,63,308.9232,-223.2975,248.9796,1.2369,1,SIMULATED,SIMULATED,SIMULATED,SIMULATED
17.2,12.2,44,342.3829,-14.3987,293.1089,-0.2348,1,SIMULATED,SIMULATED,SIMULATED,SIMULATED
17.2,12.2,11,257.2677,543.5374,274.4521,0.0,4,SIMULATED,SIMULATED,SIMULATED,SIMULATED
17.2,12.2,4,128.6183,1163.8151,320.4,0.0,3,SIMULATED,SIMULATED,SIMULATED,SIMULATED
17.2,12.2,77,-83.5539,1692.5155,207.9018,-1.1247,3,SIMULATED,SIMULATED,SIMULATED,SIMULATED
17.4,12.399999999999999,22,284.8119,-219.7408,0.0,0.0,1,SIMULATED,SIMULATED,SIMULATED,SIMULATED
17.4,12.399999999999999,55,-93.529,239.2162,287.3766,-0.8378,1,SIMULATED,SIMULATED,SIMULATED,SIMULATED
17.4,12.399999999999999,16,75.9287,-31.9368,279.1529,0.0083,1,SIMULATED,SIMULATED,SIMULATED,SIMULATED
17.4,12.399999999999999,63,295.2722,-219.8339,254.5295,0.7858,1,SIMULATED,SIMULATED,SIMULATED,SIMULATED
17.4,12.399999999999999,44,340.8691,-30.6205,293.1089,0.0,1,SIMULATED,SIMULATED,SIMULATED,SIMULATED
17.4,12.399999999999999,11,250.7146,529.7591,274.4521,-0.0,4,SIMULATED,SIMULATED,SIMULATED,SIMULATED
17.4,12.399999999999999,4,132.9411,1146.5407,320.4,0.0,3,SIMULATED,SIMULATED,SIMULATED,SIMULATED
17.4,12.399999999999999,77,-75.7072,1699.2909,203.274,-0.6552,3,SIMULATED,SIMULATED,SIMULATED,SIMULATED
17.6,12.600000000000001,22,284.8119,-219.7408,0.0,0.0,1,SIMULATED,SIMULATED,SIMULATED,SIMULATED
17.6,12.600000000000001,55,-94.3626,254.6504,279.7087,-1.0856,1,SIMULATED,SIMULATED,SIMULATED,SIMULATED
17.6,12.600000000000001,16,75.4259,-16.5439,279.1529,0.0,1,SIMULATED,SIMULATED,SIMULATED,SIMULATED
17.6,12.600000000000001,63,281.4896,-215.4942,262.0498,1.0647,1,SIMULATED,SIMULATED,SIMULATED,SIMULATED
17.6,12.600000000000001,44,339.1357,-46.7231,291.3938,-0.2428,1,SIMULATED,SIMULATED,SIMULATED,SIMULATED
17.6,12.600000000000001,11,245.5914,515.3328,274.4521,0.0,4,SIMULATED,SIMULATED,SIMULATED,SIMULATED
17.6,12.600000000000001,4,137.1847,1129.249,320.4,0.0,4,SIMULATED,SIMULATED,SIMULATED,SIMULATED
17.6,12.600000000000001,77,-65.7125,1699.5469,199.3362,-0.5575,3,SIMULATED,SIMULATED,SIMULATED,SIMULATED
17.8,12.8,22,284.8119,-219.7408,0.0,0.0,1,SIMULATED,SIMULATED,SIMULATED,SIMULATED
17.8,12.8,55,-94.503,269.7485,272.3827,-1.0372,1,SIMULATED,SIMULATED,SIMULATED,SIMULATED
17.8,12.8,16,72.6007,-1.5135,279.1529,0.0,1,SIMULATED,SIMULATED,SIMULATED,SIMULATED
17.8,12.8,63,267.5052,-210.4119,269.0754,0.9947,1,SIMULATED,SIMULATED,SIMULATED,SIMULATED
17.8,12.8,44,337.4412,-62.3946,283.808,-1.074,1,SIMULATED,SIMULATED,SIMULATED,SIMULATED
17.8,12.8,11,243.4026,500.1743,274.4521,0.0,4,SIMULATED,SIMULATED,SIMULATED,SIMULATED
17.8,12.8,4,141.3796,1111.9429,320.4,0.0,4,SIMULATED,SIMULATED,SIMULATED,SIMULATED
17.8,12.8,77,-57.3486,1693.5403,199.3362,0.0,3,SIMULATED,SIMULATED,SIMULATED,SIMULATED
18.0,13.0,22,284.8119,-219.7408,0.0,0.0,1,SIMULATED,SIMULATED,SIMULATED,SIMULATED
18.0,13.0,55,-94.1455,284.5481,266.773,-0.7942,2,SIMULATED,SIMULATED,SIMULATED,SIMULATED
18.0,13.0,16,66.4976,12.3934,279.1529,0.0,1,SIMULATED,SIMULATED,SIMULATED,SIMULATED
18.0,13.0,63,253.456,-204.5327,275.9121,0.9679,1,SIMULATED,SIMULATED,SIMULATED,SIMULATED
18.0,13.0,44,335.9997,-77.617,275.3627,-1.1957,1,SIMULATED,SIMULATED,SIMULATED,SIMULATED
18.0,13.0,11,243.8605,484.8705,274.4521,0.0,4,SIMULATED,SIMULATED,SIMULATED,SIMULATED
18.0,13.0,4,145.4831,1094.6228,320.4,-0.0,4,SIMULATED,SIMULATED,SIMULATED,SIMULATED
18.0,13.0,77,-51.9036,1684.3835,198.2585,-0.1526,3,SIMULATED,SIMULATED,SIMULATED,SIMULATED
18.2,13.2,22,284.8119,-219.7408,0.0,0.0,1,SIMULATED,SIMULATED,SIMULATED,SIMULATED
18.2,13.2,55,-93.6312,299.0298,261.0952,-0.8039,2,SIMULATED,SIMULATED,SIMULATED,SIMULATED
18.2,13.2,16,58.1109,25.2529,278.0167,-0.1609,1,SIMULATED,SIMULATED,SIMULATED,SIMULATED
18.2,13.2,63,239.5237,-197.8107,279.4772,0.5047,1,SIMULATED,SIMULATED,SIMULATED,SIMULATED
18.2,13.2,44,334.9919,-92.437,267.7626,-1.076,1,SIMULATED,SIMULATED,SIMULATED,SIMULATED
18.2,13.2,11,245.8778,469.7067,274.6779,0.032,4,SIMULATED,SIMULATED,SIMULATED,SIMULATED
18.2,13.2,4,149.5708,1077.2942,320.4,0.0,4,SIMULATED,SIMULATED,SIMULATED,SIMULATED
18.2,13.2,77,-48.1633,1673.6259,208.4944,1.4492,3,SIMULATED,SIMULATED,SIMULATED,SIMULATED
18.4,13.399999999999999,22,284.8119,-219.7408,0.0,0.0,1,SIMULATED,SIMULATED,SIMULATED,SIMULATED
18.4,13.399999999999999,55,-92.9939,313.3104,257.3192,-0.5346,2,SIMULATED,SIMULATED,SIMULATED,SIMULATED
18.4,13.399999999999999,16,48.7821,37.4266,276.9604,-0.1495,1,SIMULATED,SIMULATED,SIMULATED,SIMULATED
18.4,13.399999999999999,63,225.8072,-190.3791,282.2452,0.3919,1,SIMULATED,SIMULATED,SIMULATED,SIMULATED
18.4,13.399999999999999,44,334.875,-106.9587,262.1643,-0.7926,1,SIMULATED,SIMULATED,SIMULATED,SIMULATED
18.4,13.399999999999999,11,248.8058,454.5759,277.0802,0.3401,4,SIMULATED,SIMULATED,SIMULATED,SIMULATED
18.4,13.399999999999999,4,153.6262,1059.964,320.4,0.0,4,SIMULATED,SIMULATED,SIMULATED,SIMULATED
18.4,13.399999999999999,77,-45.3362,1661.5638,224.741,2.3002,3,SIMULATED,SIMULATED,SIMULATED,SIMULATED
18.6,13.600000000000001,22,284.8119,-219.7408,0.0,0.0,1,SIMULATED,SIMULATED,SIMULATED,SIMULATED
18.6,13.600000000000001,55,-92.5961,327.5499,255.8714,-0.205,2,SIMULATED,SIMULATED,SIMULATED,SIMULATED
18.6,13.600000000000001,16,39.108,49.4927,278.4738,0.2143,1,SIMULATED,SIMULATED,SIMULATED,SIMULATED
18.6,13.600000000000001,63,212.4358,-182.1889,283.3993,0.1634,1,SIMULATED,SIMULATED,SIMULATED,SIMULATED
18.6,13.600000000000001,44,335.7919,-120.9903,253.9304,-1.1658,1,SIMULATED,SIMULATED,SIMULATED,SIMULATED
18.6,13.600000000000001,11,252.4168,439.3235,281.9061,0.6832,4,SIMULATED,SIMULATED,SIMULATED,SIMULATED
18.6,13.600000000000001,4,157.6732,1042.6267,320.4,0.0,4,SIMULATED,SIMULATED,SIMULATED,SIMULATED
18.6,13.600000000000001,77,-43.317,1648.5806,238.3473,1.9264,3,SIMULATED,SIMULATED,SIMULATED,SIMULATED
18.8,13.8,22,284.8119,-219.7408,0.0,0.0,1,SIMULATED,SIMULATED,SIMULATED,SIMULATED
18.8,13.8,55,-92.6504,341.8545,256.9468,0.1523,2,SIMULATED,SIMULATED,SIMULATED,SIMULATED
18.8,13.8,16,29.1756,61.5215,281.1468,0.3784,1,SIMULATED,SIMULATED,SIMULATED,SIMULATED
18.8,13.8,63,199.1982,-173.294,287.9827,0.6489,1,SIMULATED,SIMULATED,SIMULATED,SIMULATED
18.8,13.8,44,339.3201,-134.0529,246.3798,-1.069,1,SIMULATED,SIMULATED,SIMULATED,SIMULATED
18.8,13.8,11,256.4,423.811,288.1697,0.8868,4,SIMULATED,SIMULATED,SIMULATED,SIMULATED
18.8,13.8,4,161.7153,1025.2944,320.4,-0.0,4,SIMULATED,SIMULATED,SIMULATED,SIMULATED
18.8,13.8,77,-41.8918,1634.6633,252.1949,1.9605,3,SIMULATED,SIMULATED,SIMULATED,SIMULATED
19.0,14.0,22,284.8119,-219.7408,0.0,0.0,1,SIMULATED,SIMULATED,SIMULATED,SIMULATED
19.0,14.0,55,-93.4549,356.0923,255.1772,-0.2505,2,SIMULATED,SIMULATED,SIMULATED,SIMULATED
19.0,14.0,16,18.7531,73.5314,286.7848,0.7982,1,SIMULATED,SIMULATED,SIMULATED,SIMULATED
19.0,14.0,63,186.06,-163.8933,291.8199,0.5433,1,SIMULATED,SIMULATED,SIMULATED,SIMULATED
19.0,14.0,44,345.363,-145.643,238.2209,-1.1551,1,SIMULATED,SIMULATED,SIMULATED,SIMULATED
19.0,14.0,11,260.8008,408.0858,293.7339,0.7878,4,SIMULATED,SIMULATED,SIMULATED,SIMULATED
19.0,14.0,4,165.7685,1007.9612,320.4,0.0,4,SIMULATED,SIMULATED,SIMULATED,SIMULATED
19.0,14.0,77,-40.2835,1620.0046,265.0396,1.8185,3,SIMULATED,SIMULATED,SIMULATED,SIMULATED
19.2,14.2,22,284.8119,-219.7408,0.0,0.0,1,SIMULATED,SIMULATED,SIMULATED,SIMULATED
19.2,14.2,55,-95.4448,369.9243,249.9358,-0.7421,2,SIMULATED,SIMULATED,SIMULATED,SIMULATED
19.2,14.2,16,7.6975,85.2337,290.8463,0.575,1,SIMULATED,SIMULATED,SIMULATED,SIMULATED
19.2,14.2,63,173.1445,-154.1624,291.6121,-0.0294,1,SIMULATED,SIMULATED,SIMULATED,SIMULATED
19.2,14.2,44,353.3044,-155.4846,229.5313,-1.2303,1,SIMULATED,SIMULATED,SIMULATED,SIMULATED
19.2,14.2,11,265.3421,392.1709,297.9507,0.597,4,SIMULATED,SIMULATED,SIMULATED,SIMULATED
19.2,14.2,4,169.8138,990.6256,320.4,0.0,4,SIMULATED,SIMULATED,SIMULATED,SIMULATED
19.2,14.2,77,-38.1761,1604.8386,274.6246,1.357,3,SIMULATED,SIMULATED,SIMULATED,SIMULATED
19.4,14.399999999999999,22,284.8119,-219.7408,0.0,0.0,1,SIMULATED,SIMULATED,SIMULATED,SIMULATED
19.4,14.399999999999999,55,-99.8,383.0156,245.0688,-0.6891,2,SIMULATED,SIMULATED,SIMULATED,SIMULATED
19.4,14.399999999999999,16,-4.0171,96.4033,292.1219,0.1806,1,SIMULATED,SIMULATED,SIMULATED,SIMULATED
19.4,14.399999999999999,63,160.5201,-144.3327,288.157,-0.4892,1,SIMULATED,SIMULATED,SIMULATED,SIMULATED
19.4,14.399999999999999,44,362.3484,-163.6607,220.8266,-1.2324,1,SIMULATED,SIMULATED,SIMULATED,SIMULATED
19.4,14.399999999999999,11,269.8138,376.1443,299.5548,0.2271,4,SIMULATED,SIMULATED,SIMULATED,SIMULATED
19.4,14.399999999999999,4,173.8592,973.2925,320.4,0.0,4,SIMULATED,SIMULATED,SIMULATED,SIMULATED
19.4,14.399999999999999,77,-34.6104,1589.2534,285.5641,1.5488,3,SIMULATED,SIMULATED,SIMULATED,SIMULATED
19.6,14.600000000000001,22,284.8119,-219.7408,0.0,0.0,1,SIMULATED,SIMULATED,SIMULATED,SIMULATED
19.6,14.600000000000001,55,-107.6034,394.0582,238.0758,-0.9901,2,SIMULATED,SIMULATED,SIMULATED,SIMULATED
19.6,14.600000000000001,16,-16.444,107.138,296.4543,0.6134,1,SIMULATED,SIMULATED,SIMULATED,SIMULATED
19.6,14.600000000000001,63,148.1476,-134.5146,284.5439,-0.5115,1,SIMULATED,SIMULATED,SIMULATED,SIMULATED
19.6,14.600000000000001,44,371.9403,-170.5075,213.1869,-1.0816,1,SIMULATED,SIMULATED,SIMULATED,SIMULATED
19.6,14.600000000000001,11,274.2448,359.864,303.7588,0.5952,4,SIMULATED,SIMULATED,SIMULATED,SIMULATED
19.6,14.600000000000001,4,177.9061,955.9593,320.4,0.0,4,SIMULATED,SIMULATED,SIMULATED,SIMULATED
19.6,14.600000000000001,77,-29.9166,1573.5287,294.2756,1.2334,3,SIMULATED,SIMULATED,SIMULATED,SIMULATED
19.8,14.8,22,284.8119,-219.7408,0.0,0.0,1,SIMULATED,SIMULATED,SIMULATED,SIMULATED
19.8,14.8,55,-118.4822,401.6005,232.197,-0.8323,2,SIMULATED,SIMULATED,SIMULATED,SIMULATED
19.8,14.8,16,-29.3148,117.8461,301.3584,0.6943,1,SIMULATED,SIMULATED,SIMULATED,SIMULATED
19.8,14.8,63,135.9362,-124.6899,282.4089,-0.3023,1,SIMULATED,SIMULATED,SIMULATED,SIMULATED
19.8,14.8,44,381.5879,-176.8109,207.3741,-0.823,1,SIMULATED,SIMULATED,SIMULATED,SIMULATED
19.8,14.8,11,278.6446,343.2648,309.1633,0.7652,4,SIMULATED,SIMULATED,SIMULATED,SIMULATED
19.8,14.8,4,181.9384,938.6188,320.4,0.0,4,SIMULATED,SIMULATED,SIMULATED,SIMULATED
19.8,14.8,77,-24.2488,1557.6272,303.0302,1.2395,3,SIMULATED,SIMULATED,SIMULATED,SIMULATED
20.0,15.0,22,284.8119,-219.7408,0.0,0.0,1,SIMULATED,SIMULATED,SIMULATED,SIMULATED
20.0,15.0,55,-130.8282,404.787,225.3809,-0.965,2,SIMULATED,SIMULATED,SIMULATED,SIMULATED
20.0,15.0,16,-42.1382,129.1041,306.2649,0.6947,1,SIMULATED,SIMULATED,SIMULATED,SIMULATED
20.0,15.0,63,123.8726,-114.7991,280.9293,-0.2095,1,SIMULATED,SIMULATED,SIMULATED,SIMULATED
20.0,15.0,44,390.1315,-184.2152,201.6296,-0.8133,1,SIMULATED,SIMULATED,SIMULATED,SIMULATED
20.0,15.0,11,283.0021,326.4175,313.2733,0.5819,4,SIMULATED,SIMULATED,SIMULATED,SIMULATED
20.0,15.0,4,185.9429,921.2747,320.4,0.0,4,SIMULATED,SIMULATED,SIMULATED,SIMULATED
20.0,15.0,77,-17.9489,1541.7046,307.7724,0.6714,3,SIMULATED,SIMULATED,SIMULATED,SIMULATED
20.2,15.2,22,284.8119,-219.7408,0.0,0.0,1,SIMULATED,SIMULATED,SIMULATED,SIMULATED
20.2,15.2,55,-143.2061,404.9368,220.8039,-0.648,2,SIMULATED,SIMULATED,SIMULATED,SIMULATED
20.2,15.2,16,-54.138,141.4583,308.6941,0.3439,1,SIMULATED,SIMULATED,SIMULATED,SIMULATED
20.2,15.2,63,112.2323,-104.6449,279.4696,-0.2067,1,SIMULATED,SIMULATED,SIMULATED,SIMULATED
20.2,15.2,44,393.6119,-194.8872,199.9602,-0.2363,1,SIMULATED,SIMULATED,SIMULATED,SIMULATED
20.2,15.2,11,287.3692,309.3806,316.5784,0.4679,4,SIMULATED,SIMULATED,SIMULATED,SIMULATED
20.2,15.2,4,189.9465,903.9312,320.4,0.0,4,SIMULATED,SIMULATED,SIMULATED,SIMULATED
20.2,15.2,77,-11.3012,1525.7339,311.1312,0.4755,3,SIMULATED,SIMULATED,SIMULATED,SIMULATED
20.4,15.399999999999999,22,284.8119,-219.7408,0.0,0.0,1,SIMULATED,SIMULATED,SIMULATED,SIMULATED
20.4,15.399999999999999,55,-155.2712,404.61,218.1123,-0.3811,2,SIMULATED,SIMULATED,SIMULATED,SIMULATED
20.4,15.399999999999999,16,-64.8689,155.0244,309.4857,0.1121,1,SIMULATED,SIMULATED,SIMULATED,SIMULATED
20.4,15.399999999999999,63,101.4565,-93.6954,278.604,-0.1226,1,SIMULATED,SIMULATED,SIMULATED,SIMULATED
20.4,15.399999999999999,44,393.1535,-206.0322,199.4405,-0.0736,1,SIMULATED,SIMULATED,SIMULATED,SIMULATED
20.4,15.399999999999999,11,291.748,292.2213,318.782,0.312,4,SIMULATED,SIMULATED,SIMULATED,SIMULATED
20.4,15.399999999999999,4,193.9334,886.5816,320.4,0.0,4,SIMULATED,SIMULATED,SIMULATED,SIMULATED
20.4,15.399999999999999,77,-4.5181,1509.6513,314.114,0.4223,3,SIMULATED,SIMULATED,SIMULATED,SIMULATED
20.6,15.600000000000001,22,284.8119,-219.7408,0.0,0.0,1,SIMULATED,SIMULATED,SIMULATED,SIMULATED
20.6,15.600000000000001,55,-167.045,405.7416,216.8081,-0.1846,2,SIMULATED,SIMULATED,SIMULATED,SIMULATED
20.6,15.600000000000001,16,-74.3297,169.4273,308.5819,-0.128,1,SIMULATED,SIMULATED,SIMULATED,SIMULATED
20.6,15.600000000000001,63,91.5142,-82.0736,278.604,0.0,1,SIMULATED,SIMULATED,SIMULATED,SIMULATED
20.6,15.600000000000001,44,388.2673,-216.2648,201.1679,0.2446,1,SIMULATED,SIMULATED,SIMULATED,SIMULATED
20.6,15.600000000000001,11,296.1429,275.0449,319.1051,0.0457,4,SIMULATED,SIMULATED,SIMULATED,SIMULATED
20.6,15.600000000000001,4,197.9154,869.2318,320.4,0.0,4,SIMULATED,SIMULATED,SIMULATED,SIMULATED
20.6,15.600000000000001,77,2.287,1493.5747,314.1841,0.0099,3,SIMULATED,SIMULATED,SIMULATED,SIMULATED
20.8,15.8,22,284.8119,-219.7408,0.0,0.0,1,SIMULATED,SIMULATED,SIMULATED,SIMULATED
20.8,15.8,55,-178.5591,409.1546,220.7044,0.5516,2,SIMULATED,SIMULATED,SIMULATED,SIMULATED
20.8,15.8,16,-82.0641,184.6522,305.9173,-0.3773,1,SIMULATED,SIMULATED,SIMULATED,SIMULATED
20.8,15.8,63,83.6961,-69.1182,278.8446,0.0341,1,SIMULATED,SIMULATED,SIMULATED,SIMULATED
20.8,15.8,44,379.8042,-224.5076,210.8642,1.3728,1,SIMULATED,SIMULATED,SIMULATED,SIMULATED
20.8,15.8,11,300.584,257.8695,319.3237,0.031,4,SIMULATED,SIMULATED,SIMULATED,SIMULATED
20.8,15.8,4,201.8769,851.909,319.868,-0.0753,4,SIMULATED,SIMULATED,SIMULATED,SIMULATED
20.8,15.8,77,9.1967,1477.385,316.7979,0.3701,3,SIMULATED,SIMULATED,SIMULATED,SIMULATED
21.0,16.0,22,284.8119,-219.7408,0.0,0.0,1,SIMULATED,SIMULATED,SIMULATED,SIMULATED
21.0,16.0,55,-189.3697,415.3938,229.2193,1.2055,2,SIMULATED,SIMULATED,SIMULATED,SIMULATED
21.0,16.0,16,-88.1614,200.3472,301.4986,-0.6256,1,SIMULATED,SIMULATED,SIMULATED,SIMULATED
21.0,16.0,63,78.7746,-54.9623,278.8446,0.0,1,SIMULATED,SIMULATED,SIMULATED,SIMULATED
21.0,16.0,44,368.4266,-229.3247,220.2979,1.3356,1,SIMULATED,SIMULATED,SIMULATED,SIMULATED
21.0,16.0,11,305.0551,240.6715,319.8374,0.0727,4,SIMULATED,SIMULATED,SIMULATED,SIMULATED
21.0,16.0,4,205.8313,834.6059,319.4544,-0.0586,4,SIMULATED,SIMULATED,SIMULATED,SIMULATED
21.0,16.0,77,16.1507,1461.2057,316.9264,0.0182,3,SIMULATED,SIMULATED,SIMULATED,SIMULATED
21.2,16.2,22,284.8119,-219.7408,0.0,0.0,1,SIMULATED,SIMULATED,SIMULATED,SIMULATED
21.2,16.2,55,-199.2211,423.9972,237.5998,1.1865,2,SIMULATED,SIMULATED,SIMULATED,SIMULATED
21.2,16.2,16,-92.201,216.378,296.1329,-0.7597,1,SIMULATED,SIMULATED,SIMULATED,SIMULATED
21.2,16.2,63,78.2062,-39.7454,279.1529,0.0437,1,SIMULATED,SIMULATED,SIMULATED,SIMULATED
21.2,16.2,44,355.9416,-230.8102,225.2195,0.6968,1,SIMULATED,SIMULATED,SIMULATED,SIMULATED
21.2,16.2,11,309.5515,223.4805,319.8374,0.0,4,SIMULATED,SIMULATED,SIMULATED,SIMULATED
21.2,16.2,4,209.7776,817.4039,317.7537,-0.2408,4,SIMULATED,SIMULATED,SIMULATED,SIMULATED
21.2,16.2,77,23.1712,1445.0537,316.9264,0.0,3,SIMULATED,SIMULATED,SIMULATED,SIMULATED
21.4,16.4,22,284.8119,-219.7408,0.0,0.0,1,SIMULATED,SIMULATED,SIMULATED,SIMULATED
21.4,16.4,55,-207.7178,434.4796,247.7686,1.4397,2,SIMULATED,SIMULATED,SIMULATED,SIMULATED
21.4,16.4,16,-94.8439,232.3837,290.3706,-0.8158,1,SIMULATED,SIMULATED,SIMULATED,SIMULATED
21.4,16.4,63,78.3913,-24.1636,279.1529,0.0,1,SIMULATED,SIMULATED,SIMULATED,SIMULATED
21.4,16.4,44,343.3772,-230.5541,225.5766,0.0506,1,SIMULATED,SIMULATED,SIMULATED,SIMULATED
21.4,16.4,11,314.0509,206.291,319.8374,0.0,4,SIMULATED,SIMULATED,SIMULATED,SIMULATED
21.4,16.4,4,213.7333,800.3058,315.9267,-0.2587,4,SIMULATED,SIMULATED,SIMULATED,SIMULATED
21.4,16.4,77,30.2039,1428.9131,316.9264,0.0,3,SIMULATED,SIMULATED,SIMULATED,SIMULATED
21.6,16.6,22,284.8119,-219.7408,0.0,0.0,1,SIMULATED,SIMULATED,SIMULATED,SIMULATED
21.6,16.6,55,-214.7909,446.7888,257.2844,1.3472,2,SIMULATED,SIMULATED,SIMULATED,SIMULATED
21.6,16.6,16,-96.1852,248.0996,282.8132,-1.07,1,SIMULATED,SIMULATED,SIMULATED,SIMULATED
21.6,16.6,63,76.8777,-8.5178,279.1529,0.0,1,SIMULATED,SIMULATED,SIMULATED,SIMULATED
21.6,16.6,44,330.3971,-229.2238,234.3091,1.2363,1,SIMULATED,SIMULATED,SIMULATED,SIMULATED
21.6,16.6,11,318.5155,189.0939,319.8374,-0.0,4,SIMULATED,SIMULATED,SIMULATED,SIMULATED
21.6,16.6,4,217.6614,783.4457,311.6303,-0.6083,4,SIMULATED,SIMULATED,SIMULATED,SIMULATED
21.6,16.6,77,37.2168,1412.7647,316.9264,0.0,3,SIMULATED,SIMULATED,SIMULATED,SIMULATED
21.8,16.8,22,284.8119,-219.7408,0.0,0.0,1,SIMULATED,SIMULATED,SIMULATED,SIMULATED
21.8,16.8,55,-220.5039,460.1489,264.5332,1.0263,2,SIMULATED,SIMULATED,SIMULATED,SIMULATED
21.8,16.8,16,-96.5252,263.4618,275.7535,-0.9995,1,SIMULATED,SIMULATED,SIMULATED,SIMULATED
21.8,16.8,63,72.2637,6.6636,279.1529,0.0,1,SIMULATED,SIMULATED,SIMULATED,SIMULATED
21.8,16.8,44,317.0049,-227.091,243.6424,1.3214,1,SIMULATED,SIMULATED,SIMULATED,SIMULATED
21.8,16.8,11,322.9068,171.8786,319.8374,0.0,4,SIMULATED,SIMULATED,SIMULATED,SIMULATED
21.8,16.8,4,221.5781,766.8113,307.6689,-0.5609,4,SIMULATED,SIMULATED,SIMULATED,SIMULATED
21.8,16.8,77,44.2324,1396.5377,318.271,0.1904,3,SIMULATED,SIMULATED,SIMULATED,SIMULATED
22.0,17.0,22,284.8119,-219.7408,0.0,0.0,1,SIMULATED,SIMULATED,SIMULATED,SIMULATED
22.0,17.0,55,-225.1153,474.3103,269.2274,0.6646,2,SIMULATED,SIMULATED,SIMULATED,SIMULATED
22.0,17.0,16,-96.3222,278.4225,268.5163,-1.0246,2,SIMULATED,SIMULATED,SIMULATED,SIMULATED
22.0,17.0,63,64.5739,20.3188,279.1529,0.0,1,SIMULATED,SIMULATED,SIMULATED,SIMULATED
22.0,17.0,44,303.3263,-223.993,251.9269,1.1729,1,SIMULATED,SIMULATED,SIMULATED,SIMULATED
22.0,17.0,11,327.1725,154.6351,319.8374,0.0,4,SIMULATED,SIMULATED,SIMULATED,SIMULATED
22.0,17.0,4,225.4825,750.3806,304.0311,-0.515,4,SIMULATED,SIMULATED,SIMULATED,SIMULATED
22.0,17.0,77,51.2123,1380.2412,319.2441,0.1378,3,SIMULATED,SIMULATED,SIMULATED,SIMULATED
22.2,17.2,22,284.8119,-219.7408,0.0,0.0,1,SIMULATED,SIMULATED,SIMULATED,SIMULATED
22.2,17.2,55,-228.6553,488.8309,270.6519,0.2017,2,SIMULATED,SIMULATED,SIMULATED,SIMULATED
22.2,17.2,16,-95.868,293.054,263.3121,-0.7368,2,SIMULATED,SIMULATED,SIMULATED,SIMULATED
22.2,17.2,63,55.4516,32.9671,277.9107,-0.1759,1,SIMULATED,SIMULATED,SIMULATED,SIMULATED
22.2,17.2,44,289.5269,-220.1979,257.167,0.7419,1,SIMULATED,SIMULATED,SIMULATED,SIMULATED
22.2,17.2,11,331.1943,137.3398,319.8374,0.0,4,SIMULATED,SIMULATED,SIMULATED,SIMULATED
22.2,17.2,4,229.3395,734.2083,299.2854,-0.6719,4,SIMULATED,SIMULATED,SIMULATED,SIMULATED
22.2,17.2,77,58.103,1363.8369,320.4,0.1636,3,SIMULATED,SIMULATED,SIMULATED,SIMULATED
22.4,17.4,22,284.8119,-219.7408,0.0,0.0,1,SIMULATED,SIMULATED,SIMULATED,SIMULATED
22.4,17.4,55,-231.2086,503.6749,271.8464,0.1691,2,SIMULATED,SIMULATED,SIMULATED,SIMULATED
22.4,17.4,16,-95.2613,307.4432,259.1065,-0.5954,2,SIMULATED,SIMULATED,SIMULATED,SIMULATED
22.4,17.4,63,45.8695,45.0766,277.6977,-0.0302,1,SIMULATED,SIMULATED,SIMULATED,SIMULATED
22.4,17.4,44,275.4886,-215.5543,265.8666,1.2317,1,SIMULATED,SIMULATED,SIMULATED,SIMULATED
22.4,17.4,11,334.7944,119.9498,319.8374,0.0,4,SIMULATED,SIMULATED,SIMULATED,SIMULATED
22.4,17.4,4,233.1802,718.1632,296.9451,-0.3313,4,SIMULATED,SIMULATED,SIMULATED,SIMULATED
22.4,17.4,77,64.8786,1347.386,320.4,0.0,3,SIMULATED,SIMULATED,SIMULATED,SIMULATED
22.6,17.6,22,284.8119,-219.7408,0.0,0.0,1,SIMULATED,SIMULATED,SIMULATED,SIMULATED
22.6,17.6,55,-233.366,518.884,276.9563,0.7235,2,SIMULATED,SIMULATED,SIMULATED,SIMULATED
22.6,17.6,16,-94.6714,321.6298,256.1771,-0.4147,2,SIMULATED,SIMULATED,SIMULATED,SIMULATED
22.6,17.6,63,36.0886,57.1509,279.2606,0.2213,1,SIMULATED,SIMULATED,SIMULATED,SIMULATED
22.6,17.6,44,261.3257,-210.1215,272.4349,0.9299,1,SIMULATED,SIMULATED,SIMULATED,SIMULATED
22.6,17.6,11,338.2551,102.5234,319.8374,0.0,4,SIMULATED,SIMULATED,SIMULATED,SIMULATED
22.6,17.6,4,236.9909,702.1559,296.1694,-0.1098,4,SIMULATED,SIMULATED,SIMULATED,SIMULATED
22.6,17.6,77,71.5868,1330.9015,320.4,0.0,3,SIMULATED,SIMULATED,SIMULATED,SIMULATED
22.8,17.8,22,284.8119,-219.7408,0.0,0.0,1,SIMULATED,SIMULATED,SIMULATED,SIMULATED
22.8,17.8,55,-235.2541,534.4685,282.782,0.8248,2,SIMULATED,SIMULATED,SIMULATED,SIMULATED
22.8,17.8,16,-94.5413,335.8729,256.9468,0.109,2,SIMULATED,SIMULATED,SIMULATED,SIMULATED
22.8,17.8,63,25.9166,69.1951,283.1625,0.5524,1,SIMULATED,SIMULATED,SIMULATED,SIMULATED
22.8,17.8,44,247.2403,-203.8216,277.399,0.7028,1,SIMULATED,SIMULATED,SIMULATED,SIMULATED
22.8,17.8,11,340.9092,85.05,318.899,-0.1329,4,SIMULATED,SIMULATED,SIMULATED,SIMULATED
22.8,17.8,4,240.7969,686.1975,295.2972,-0.1235,4,SIMULATED,SIMULATED,SIMULATED,SIMULATED
22.8,17.8,77,78.2058,1314.3869,320.4,0.0,3,SIMULATED,SIMULATED,SIMULATED,SIMULATED
23.0,18.0,22,284.8119,-219.7408,0.0,0.0,1,SIMULATED,SIMULATED,SIMULATED,SIMULATED
23.0,18.0,55,-237.0204,550.4476,289.5487,0.958,2,SIMULATED,SIMULATED,SIMULATED,SIMULATED
23.0,18.0,16,-94.9773,350.0054,255.4189,-0.2163,2,SIMULATED,SIMULATED,SIMULATED,SIMULATED
23.0,18.0,63,15.0856,81.1985,289.8015,0.9399,1,SIMULATED,SIMULATED,SIMULATED,SIMULATED
23.0,18.0,44,233.3127,-196.8303,280.1565,0.3904,1,SIMULATED,SIMULATED,SIMULATED,SIMULATED
23.0,18.0,11,342.589,67.6229,315.7122,-0.4512,1,SIMULATED,SIMULATED,SIMULATED,SIMULATED
23.0,18.0,4,244.5451,670.3847,292.5057,-0.3952,4,SIMULATED,SIMULATED,SIMULATED,SIMULATED
23.0,18.0,77,84.6374,1297.8125,320.4,0.0,3,SIMULATED,SIMULATED,SIMULATED,SIMULATED
23.2,18.2,22,284.8119,-219.7408,0.0,0.0,1,SIMULATED,SIMULATED,SIMULATED,SIMULATED
23.2,18.2,55,-238.6633,566.7968,295.8879,0.8975,2,SIMULATED,SIMULATED,SIMULATED,SIMULATED
23.2,18.2,16,-96.3892,363.8514,251.7542,-0.5188,2,SIMULATED,SIMULATED,SIMULATED,SIMULATED
23.2,18.2,63,3.6232,92.7217,291.3507,0.2193,1,SIMULATED,SIMULATED,SIMULATED,SIMULATED
23.2,18.2,44,219.632,-189.0289,283.0357,0.4076,1,SIMULATED,SIMULATED,SIMULATED,SIMULATED
23.2,18.2,11,343.4681,50.5158,308.4036,-1.0347,1,SIMULATED,SIMULATED,SIMULATED,SIMULATED
23.2,18.2,4,248.2553,654.704,290.0364,-0.3496,4,SIMULATED,SIMULATED,SIMULATED,SIMULATED
23.2,18.2,77,90.7436,1281.1222,320.4,0.0,3,SIMULATED,SIMULATED,SIMULATED,SIMULATED
23.4,18.4,22,284.8119,-219.7408,0.0,0.0,1,SIMULATED,SIMULATED,SIMULATED,SIMULATED
23.4,18.4,55,-240.2458,583.4908,301.9478,0.8579,2,SIMULATED,SIMULATED,SIMULATED,SIMULATED
23.4,18.4,16,-99.3465,377.0105,247.4447,-0.6101,2,SIMULATED,SIMULATED,SIMULATED,SIMULATED
23.4,18.4,63,-8.5568,103.7047,293.7884,0.3451,1,SIMULATED,SIMULATED,SIMULATED,SIMULATED
23.4,18.4,44,206.2555,-180.5141,285.0557,0.286,1,SIMULATED,SIMULATED,SIMULATED,SIMULATED
23.4,18.4,11,343.8271,33.7965,301.4498,-0.9845,1,SIMULATED,SIMULATED,SIMULATED,SIMULATED
23.4,18.4,4,251.9043,639.2575,285.6888,-0.6155,4,SIMULATED,SIMULATED,SIMULATED,SIMULATED
23.4,18.4,77,96.5751,1264.3145,320.4,0.0,3,SIMULATED,SIMULATED,SIMULATED,SIMULATED
23.6,18.6,22,284.8119,-219.7408,0.0,0.0,1,SIMULATED,SIMULATED,SIMULATED,SIMULATED
23.6,18.6,55,-241.714,600.3824,305.3349,0.4795,2,SIMULATED,SIMULATED,SIMULATED,SIMULATED
23.6,18.6,16,-105.5723,388.5653,242.2774,-0.7316,2,SIMULATED,SIMULATED,SIMULATED,SIMULATED
23.6,18.6,63,-21.3148,114.4304,299.4324,0.7991,1,SIMULATED,SIMULATED,SIMULATED,SIMULATED
23.6,18.6,44,193.0336,-171.3739,289.0874,0.5708,1,SIMULATED,SIMULATED,SIMULATED,SIMULATED
23.6,18.6,11,343.4852,17.3006,297.5447,-0.5529,1,SIMULATED,SIMULATED,SIMULATED,SIMULATED
23.6,18.6,4,255.4942,623.8941,283.8676,-0.2578,4,SIMULATED,SIMULATED,SIMULATED,SIMULATED
23.6,18.6,77,102.1214,1247.4263,320.4,0.0,3,SIMULATED,SIMULATED,SIMULATED,SIMULATED
23.8,18.8,22,284.8119,-219.7408,0.0,0.0,1,SIMULATED,SIMULATED,SIMULATED,SIMULATED
23.8,18.8,55,-243.0179,617.5114,309.4375,0.5808,2,SIMULATED,SIMULATED,SIMULATED,SIMULATED
23.8,18.8,16,-114.6928,397.2051,233.7237,-1.211,2,SIMULATED,SIMULATED,SIMULATED,SIMULATED
23.8,18.8,63,-34.2682,125.2565,304.0687,0.6564,1,SIMULATED,SIMULATED,SIMULATED,SIMULATED
23.8,18.8,44,179.8789,-161.7866,292.7333,0.5162,1,SIMULATED,SIMULATED,SIMULATED,SIMULATED
23.8,18.8,11,342.5613,0.9803,294.4777,-0.4342,1,SIMULATED,SIMULATED,SIMULATED,SIMULATED
23.8,18.8,4,258.9416,608.7063,280.0747,-0.537,4,SIMULATED,SIMULATED,SIMULATED,SIMULATED
23.8,18.8,77,107.4742,1230.4668,320.4,0.0,3,SIMULATED,SIMULATED,SIMULATED,SIMULATED
24.0,19.0,22,284.8119,-219.7408,0.0,0.0,1,SIMULATED,SIMULATED,SIMULATED,SIMULATED
24.0,19.0,55,-244.209,634.8184,312.3676,0.4148,2,SIMULATED,SIMULATED,SIMULATED,SIMULATED
24.0,19.0,16,-126.0171,401.8977,228.3621,-0.7591,2,SIMULATED,SIMULATED,SIMULATED,SIMULATED
24.0,19.0,63,-46.5032,136.9367,306.9178,0.4034,1,SIMULATED,SIMULATED,SIMULATED,SIMULATED
24.0,19.0,44,167.0403,-151.9668,290.8503,-0.2666,1,SIMULATED,SIMULATED,SIMULATED,SIMULATED
24.0,19.0,11,341.3051,-15.2459,293.1089,-0.1938,1,SIMULATED,SIMULATED,SIMULATED,SIMULATED
24.0,19.0,4,262.0532,593.5747,277.618,-0.3478,4,SIMULATED,SIMULATED,SIMULATED,SIMULATED
24.0,19.0,77,112.6024,1213.434,320.4,0.0,3,SIMULATED,SIMULATED,SIMULATED,SIMULATED
24.2,19.2,22,284.8119,-219.7408,0.0,0.0,1,SIMULATED,SIMULATED,SIMULATED,SIMULATED
24.2,19.2,55,-245.237,652.2614,314.8325,0.349,2,SIMULATED,SIMULATED,SIMULATED,SIMULATED
24.2,19.2,16,-138.0427,403.0633,222.5926,-0.8168,2,SIMULATED,SIMULATED,SIMULATED,SIMULATED
24.2,19.2,63,-57.7151,149.6982,309.0134,0.2967,1,SIMULATED,SIMULATED,SIMULATED,SIMULATED
24.2,19.2,44,154.4499,-142.081,288.0418,-0.3976,1,SIMULATED,SIMULATED,SIMULATED,SIMULATED
24.2,19.2,11,339.7843,-31.4564,293.1089,0.0,1,SIMULATED,SIMULATED,SIMULATED,SIMULATED
24.2,19.2,4,264.34,578.3187,275.2509,-0.3351,4,SIMULATED,SIMULATED,SIMULATED,SIMULATED
24.2,19.2,77,117.4991,1196.3445,320.4,0.0,3,SIMULATED,SIMULATED,SIMULATED,SIMULATED
24.4,19.4,22,284.8119,-219.7408,0.0,0.0,1,SIMULATED,SIMULATED,SIMULATED,SIMULATED
24.4,19.4,55,-246.0509,669.8452,316.9356,0.2978,2,SIMULATED,SIMULATED,SIMULATED,SIMULATED
24.4,19.4,16,-150.1813,402.6572,219.0554,-0.5008,2,SIMULATED,SIMULATED,SIMULATED,SIMULATED
24.4,19.4,63,-67.6674,163.477,308.9774,-0.0051,1,SIMULATED,SIMULATED,SIMULATED,SIMULATED
24.4,19.4,44,142.108,-132.2422,284.0377,-0.5669,1,SIMULATED,SIMULATED,SIMULATED,SIMULATED
24.4,19.4,11,338.0403,-47.5307,291.168,-0.2748,1,SIMULATED,SIMULATED,SIMULATED,SIMULATED
24.4,19.4,4,264.5265,562.8616,274.8992,-0.0498,4,SIMULATED,SIMULATED,SIMULATED,SIMULATED
24.4,19.4,77,122.1618,1179.1772,320.4,0.0,3,SIMULATED,SIMULATED,SIMULATED,SIMULATED
24.6,19.6,22,284.8119,-219.7408,0.0,0.0,1,SIMULATED,SIMULATED,SIMULATED,SIMULATED
24.6,19.6,55,-246.6969,687.4831,318.0383,0.1561,2,SIMULATED,SIMULATED,SIMULATED,SIMULATED
24.6,19.6,16,-162.3191,403.0324,216.5836,-0.35,2,SIMULATED,SIMULATED,SIMULATED,SIMULATED
24.6,19.6,63,-76.3115,177.9659,307.78,-0.1695,1,SIMULATED,SIMULATED,SIMULATED,SIMULATED
24.6,19.6,44,129.9603,-122.3966,281.4,-0.3734,1,SIMULATED,SIMULATED,SIMULATED,SIMULATED
24.6,19.6,11,336.3554,-63.1831,283.2978,-1.1143,1,SIMULATED,SIMULATED,SIMULATED,SIMULATED
24.6,19.6,4,260.9408,547.7398,274.4521,-0.0633,4,SIMULATED,SIMULATED,SIMULATED,SIMULATED
24.6,19.6,77,126.6136,1161.9571,320.4,0.0,3,SIMULATED,SIMULATED,SIMULATED,SIMULATED
24.8,19.8,22,284.8119,-219.7408,0.0,0.0,1,SIMULATED,SIMULATED,SIMULATED,SIMULATED
24.8,19.8,55,-247.11,705.1852,318.7902,0.1065,2,SIMULATED,SIMULATED,SIMULATED,SIMULATED
24.8,19.8,16,-174.384,405.4753,217.8806,0.1836,2,SIMULATED,SIMULATED,SIMULATED,SIMULATED
24.8,19.8,63,-83.2016,193.4124,304.6364,-0.4451,1,SIMULATED,SIMULATED,SIMULATED,SIMULATED
24.8,19.8,44,118.013,-112.4426,279.7051,-0.24,1,SIMULATED,SIMULATED,SIMULATED,SIMULATED
24.8,19.8,11,334.9277,-78.3947,274.8869,-1.1908,1,SIMULATED,SIMULATED,SIMULATED,SIMULATED
24.8,19.8,4,254.4161,533.889,274.4521,0.0,4,SIMULATED,SIMULATED,SIMULATED,SIMULATED
24.8,19.8,77,130.9255,1144.6946,320.4,0.0,3,SIMULATED,SIMULATED,SIMULATED,SIMULATED
25.0,20.0,22,284.8119,-219.7408,0.0,0.0,1,SIMULATED,SIMULATED,SIMULATED,SIMULATED
25.0,20.0,55,-247.31,722.9624,320.4,0.2279,2,SIMULATED,SIMULATED,SIMULATED,SIMULATED
25.0,20.0,16,-186.032,410.7059,225.6665,1.1023,2,SIMULATED,SIMULATED,SIMULATED,SIMULATED
25.0,20.0,63,-87.8793,209.0423,298.4583,-0.8747,1,SIMULATED,SIMULATED,SIMULATED,SIMULATED
25.0,20.0,44,106.5577,-101.9384,279.02,-0.097,1,SIMULATED,SIMULATED,SIMULATED,SIMULATED
25.0,20.0,11,333.9529,-93.2325,267.3236,-1.0708,1,SIMULATED,SIMULATED,SIMULATED,SIMULATED
25.0,20.0,4,248.7415,519.9255,274.4521,0.0,4,SIMULATED,SIMULATED,SIMULATED,SIMULATED
25.0,20.0,77,135.1617,1127.4109,320.4,0.0,4,SIMULATED,SIMULATED,SIMULATED,SIMULATED
25.2,20.2,22,284.8119,-219.7408,0.0,0.0,1,SIMULATED,SIMULATED,SIMULATED,SIMULATED
25.2,20.2,55,-247.2448,740.7544,320.4,0.0,2,SIMULATED,SIMULATED,SIMULATED,SIMULATED
25.2,20.2,16,-196.4782,418.7319,234.7855,1.2911,2,SIMULATED,SIMULATED,SIMULATED,SIMULATED
25.2,20.2,63,-91.2657,224.8212,292.7097,-0.8139,1,SIMULATED,SIMULATED,SIMULATED,SIMULATED
25.2,20.2,44,95.9088,-90.6643,278.604,-0.0589,1,SIMULATED,SIMULATED,SIMULATED,SIMULATED
25.2,20.2,11,333.8973,-107.8063,261.7531,-0.7887,1,SIMULATED,SIMULATED,SIMULATED,SIMULATED
25.2,20.2,4,245.5177,505.2665,274.4521,-0.0,4,SIMULATED,SIMULATED,SIMULATED,SIMULATED
25.2,20.2,77,139.3455,1110.1171,320.4,0.0,4,SIMULATED,SIMULATED,SIMULATED,SIMULATED
25.4,20.4,22,284.8119,-219.7408,0.0,0.0,1,SIMULATED,SIMULATED,SIMULATED,SIMULATED
25.4,20.4,55,-246.8974,758.5193,320.4,0.0,2,SIMULATED,SIMULATED,SIMULATED,SIMULATED
25.4,20.4,16,-205.9097,428.5889,243.5963,1.2474,2,SIMULATED,SIMULATED,SIMULATED,SIMULATED
25.4,20.4,63,-93.1519,240.5167,286.6604,-0.8564,1,SIMULATED,SIMULATED,SIMULATED,SIMULATED
25.4,20.4,44,86.4281,-78.3533,278.6345,0.0043,1,SIMULATED,SIMULATED,SIMULATED,SIMULATED
25.4,20.4,11,334.8818,-121.8817,253.3564,-1.1888,1,SIMULATED,SIMULATED,SIMULATED,SIMULATED
25.4,20.4,4,245.2034,490.2808,274.4521,0.0,4,SIMULATED,SIMULATED,SIMULATED,SIMULATED
25.4,20.4,77,143.4497,1092.7963,320.4,0.0,4,SIMULATED,SIMULATED,SIMULATED,SIMULATED
25.6,20.6,22,284.8119,-219.7408,0.0,0.0,1,SIMULATED,SIMULATED,SIMULATED,SIMULATED
25.6,20.6,55,-246.0999,776.2815,320.4,0.0,2,SIMULATED,SIMULATED,SIMULATED,SIMULATED
25.6,20.6,16,-213.7022,440.4927,253.4901,1.4008,2,SIMULATED,SIMULATED,SIMULATED,SIMULATED
25.6,20.6,63,-93.8861,255.8853,279.1187,-1.0678,1,SIMULATED,SIMULATED,SIMULATED,SIMULATED
25.6,20.6,44,79.5541,-64.4126,278.8446,0.0297,1,SIMULATED,SIMULATED,SIMULATED,SIMULATED
25.6,20.6,11,338.6543,-135.1449,245.9659,-1.0463,1,SIMULATED,SIMULATED,SIMULATED,SIMULATED
25.6,20.6,4,246.744,475.2356,274.4521,0.0,4,SIMULATED,SIMULATED,SIMULATED,SIMULATED
25.6,20.6,77,147.531,1075.4748,320.4,0.0,4,SIMULATED,SIMULATED,SIMULATED,SIMULATED
25.8,20.8,22,284.8119,-219.7408,0.0,0.0,1,SIMULATED,SIMULATED,SIMULATED,SIMULATED
25.8,20.8,55,-244.9624,794.028,320.4,0.0,2,SIMULATED,SIMULATED,SIMULATED,SIMULATED
25.8,20.8,16,-220.0788,453.6299,260.5406,0.9982,2,SIMULATED,SIMULATED,SIMULATED,SIMULATED
25.8,20.8,63,-93.9876,270.9306,271.7199,-1.0475,1,SIMULATED,SIMULATED,SIMULATED,SIMULATED
25.8,20.8,44,76.1779,-49.1899,279.0134,0.0239,1,SIMULATED,SIMULATED,SIMULATED,SIMULATED
25.8,20.8,11,344.9601,-146.8204,237.7619,-1.1615,1,SIMULATED,SIMULATED,SIMULATED,SIMULATED
25.8,20.8,4,249.3373,460.1953,275.5161,0.1506,4,SIMULATED,SIMULATED,SIMULATED,SIMULATED
25.8,20.8,77,151.5889,1058.1419,320.4,0.0,4,SIMULATED,SIMULATED,SIMULATED,SIMULATED
26.0,21.0,22,284.8119,-219.7408,0.0,0.0,1,SIMULATED,SIMULATED,SIMULATED,SIMULATED
26.0,21.0,55,-243.5539,811.7512,320.4,0.0,2,SIMULATED,SIMULATED,SIMULATED,SIMULATED
26.0,21.0,16,-225.1659,467.6311,267.0582,0.9228,2,SIMULATED,SIMULATED,SIMULATED,SIMULATED
26.0,21.0,63,-93.6111,285.7067,266.5048,-0.7383,2,SIMULATED,SIMULATED,SIMULATED,SIMULATED
26.0,21.0,44,76.4228,-33.688,279.1529,0.0198,1,SIMULATED,SIMULATED,SIMULATED,SIMULATED
26.0,21.0,11,353.0758,-156.6936,229.0991,-1.2265,1,SIMULATED,SIMULATED,SIMULATED,SIMULATED
26.0,21.0,4,252.72,445.1271,279.3284,0.5397,4,SIMULATED,SIMULATED,SIMULATED,SIMULATED
26.0,21.0,77,155.6314,1040.8096,320.4,0.0,4,SIMULATED,SIMULATED,SIMULATED,SIMULATED
26.2,21.2,22,284.8119,-219.7408,0.0,0.0,1,SIMULATED,SIMULATED,SIMULATED,SIMULATED
26.2,21.2,55,-241.8103,829.4528,320.4,0.0,2,SIMULATED,SIMULATED,SIMULATED,SIMULATED
26.2,21.2,16,-229.2955,482.1421,270.4248,0.4766,2,SIMULATED,SIMULATED,SIMULATED,SIMULATED
26.2,21.2,63,-93.0808,300.1691,260.8885,-0.7952,2,SIMULATED,SIMULATED,SIMULATED,SIMULATED
26.2,21.2,44,76.0824,-18.2206,279.1529,0.0,1,SIMULATED,SIMULATED,SIMULATED,SIMULATED
26.2,21.2,11,362.2502,-164.871,220.3235,-1.2424,1,SIMULATED,SIMULATED,SIMULATED,SIMULATED
26.2,21.2,4,256.5939,429.745,285.8067,0.9172,4,SIMULATED,SIMULATED,SIMULATED,SIMULATED
26.2,21.2,77,159.6767,1023.4736,320.4,0.0,4,SIMULATED,SIMULATED,SIMULATED,SIMULATED
26.4,21.4,22,284.8119,-219.7408,0.0,0.0,1,SIMULATED,SIMULATED,SIMULATED,SIMULATED
26.4,21.4,55,-239.8149,847.0614,319.1679,-0.1744,2,SIMULATED,SIMULATED,SIMULATED,SIMULATED
26.4,21.4,16,-232.1618,496.9978,270.6519,0.0322,2,SIMULATED,SIMULATED,SIMULATED,SIMULATED
26.4,21.4,63,-92.4431,314.4389,257.1308,-0.532,2,SIMULATED,SIMULATED,SIMULATED,SIMULATED
26.4,21.4,44,73.5442,-3.0496,279.1529,0.0,1,SIMULATED,SIMULATED,SIMULATED,SIMULATED
26.4,21.4,11,371.9434,-171.7096,212.7982,-1.0654,1,SIMULATED,SIMULATED,SIMULATED,SIMULATED
26.4,21.4,4,260.8435,414.1539,291.2775,0.7745,4,SIMULATED,SIMULATED,SIMULATED,SIMULATED
26.4,21.4,77,163.7288,1006.1417,320.4,0.0,4,SIMULATED,SIMULATED,SIMULATED,SIMULATED
26.6,21.6,22,284.8119,-219.7408,0.0,0.0,1,SIMULATED,SIMULATED,SIMULATED,SIMULATED
26.6,21.6,55,-237.4981,864.5167,317.4063,-0.2494,2,SIMULATED,SIMULATED,SIMULATED,SIMULATED
26.6,21.6,16,-234.4678,512.061,273.9303,0.4642,2,SIMULATED,SIMULATED,SIMULATED,SIMULATED
26.6,21.6,63,-92.0856,328.7149,256.0533,-0.1526,2,SIMULATED,SIMULATED,SIMULATED,SIMULATED
26.6,21.6,44,67.7696,11.1591,279.1529,0.0,1,SIMULATED,SIMULATED,SIMULATED,SIMULATED
26.6,21.6,11,381.5681,-178.0037,207.0713,-0.8108,1,SIMULATED,SIMULATED,SIMULATED,SIMULATED
26.6,21.6,4,265.3789,398.2896,297.0634,0.8192,4,SIMULATED,SIMULATED,SIMULATED,SIMULATED
26.6,21.6,77,167.772,988.8085,320.4,0.0,4,SIMULATED,SIMULATED,SIMULATED,SIMULATED
26.8,21.8,22,284.8119,-219.7408,0.0,0.0,1,SIMULATED,SIMULATED,SIMULATED,SIMULATED
26.8,21.8,55,-234.858,881.67,312.7277,-0.6624,2,SIMULATED,SIMULATED,SIMULATED,SIMULATED
26.8,21.8,16,-236.4521,527.4951,279.8179,0.8335,2,SIMULATED,SIMULATED,SIMULATED,SIMULATED
26.8,21.8,63,-92.1828,343.0432,256.8125,0.1075,2,SIMULATED,SIMULATED,SIMULATED,SIMULATED
26.8,21.8,44,59.5249,24.1394,278.1703,-0.1391,1,SIMULATED,SIMULATED,SIMULATED,SIMULATED
26.8,21.8,11,389.6669,-185.3138,201.6296,-0.7704,1,SIMULATED,SIMULATED,SIMULATED,SIMULATED
26.8,21.8,4,269.8885,382.2705,299.3426,0.3227,4,SIMULATED,SIMULATED,SIMULATED,SIMULATED
26.8,21.8,77,171.8191,971.4735,320.4,0.0,4,SIMULATED,SIMULATED,SIMULATED,SIMULATED
27.0,22.0,22,284.8119,-219.7408,0.0,0.0,1,SIMULATED,SIMULATED,SIMULATED,SIMULATED
27.0,22.0,55,-231.9248,898.428,306.6848,-0.8555,2,SIMULATED,SIMULATED,SIMULATED,SIMULATED
27.0,22.0,16,-238.27,543.3173,286.4932,0.9451,2,SIMULATED,SIMULATED,SIMULATED,SIMULATED
27.0,22.0,63,-93.0788,357.2754,254.8475,-0.2782,2,SIMULATED,SIMULATED,SIMULATED,SIMULATED
27.0,22.0,44,50.2525,36.3665,276.7665,-0.1988,1,SIMULATED,SIMULATED,SIMULATED,SIMULATED
27.0,22.0,11,392.6496,-195.5922,199.9602,-0.2363,1,SIMULATED,SIMULATED,SIMULATED,SIMULATED
27.0,22.0,4,274.3336,366.059,302.4956,0.4464,4,SIMULATED,SIMULATED,SIMULATED,SIMULATED
27.0,22.0,77,175.867,954.1392,320.4,0.0,4,SIMULATED,SIMULATED,SIMULATED,SIMULATED
27.2,22.2,22,284.8119,-219.7408,0.0,0.0,1,SIMULATED,SIMULATED,SIMULATED,SIMULATED
27.2,22.2,55,-228.7346,914.714,299.0765,-1.0772,2,SIMULATED,SIMULATED,SIMULATED,SIMULATED
27.2,22.2,16,-239.9578,559.5198,293.0157,0.9235,2,SIMULATED,SIMULATED,SIMULATED,SIMULATED
27.2,22.2,63,-95.1811,371.1057,249.3269,-0.7816,2,SIMULATED,SIMULATED,SIMULATED,SIMULATED
27.2,22.2,44,40.6043,48.4362,278.269,0.2127,1,SIMULATED,SIMULATED,SIMULATED,SIMULATED
27.2,22.2,11,392.0448,-206.4035,199.6403,-0.0453,1,SIMULATED,SIMULATED,SIMULATED,SIMULATED
27.2,22.2,4,278.7647,349.516,308.1495,0.8005,4,SIMULATED,SIMULATED,SIMULATED,SIMULATED
27.2,22.2,77,179.8944,936.8041,320.4,0.0,4,SIMULATED,SIMULATED,SIMULATED,SIMULATED
27.4,22.4,22,284.8119,-219.7408,0.0,0.0,1,SIMULATED,SIMULATED,SIMULATED,SIMULATED
27.4,22.4,55,-225.3526,930.6387,293.2271,-0.8282,2,SIMULATED,SIMULATED,SIMULATED,SIMULATED
27.4,22.4,16,-241.5726,576.0628,299.02,0.8501,2,SIMULATED,SIMULATED,SIMULATED,SIMULATED
27.4,22.4,63,-99.869,384.2334,244.3519,-0.7044,2,SIMULATED,SIMULATED,SIMULATED,SIMULATED
27.4,22.4,44,30.7011,60.485,280.9287,0.3766,1,SIMULATED,SIMULATED,SIMULATED,SIMULATED
27.4,22.4,11,387.0601,-216.2274,201.4516,0.2564,1,SIMULATED,SIMULATED,SIMULATED,SIMULATED
27.4,22.4,4,283.136,332.7257,312.1575,0.5675,4,SIMULATED,SIMULATED,SIMULATED,SIMULATED
27.4,22.4,77,183.8983,919.4607,320.4,0.0,4,SIMULATED,SIMULATED,SIMULATED,SIMULATED
27.6,22.6,22,284.8119,-219.7408,0.0,0.0,1,SIMULATED,SIMULATED,SIMULATED,SIMULATED
27.6,22.6,55,-221.8583,946.4006,290.7282,-0.3538,2,SIMULATED,SIMULATED,SIMULATED,SIMULATED
27.6,22.6,16,-243.0853,592.8133,302.6836,0.5187,2,SIMULATED,SIMULATED,SIMULATED,SIMULATED
27.6,22.6,63,-108.0025,395.1354,237.5648,-0.9609,2,SIMULATED,SIMULATED,SIMULATED,SIMULATED
27.6,22.6,44,20.339,72.5067,285.9645,0.713,1,SIMULATED,SIMULATED,SIMULATED,SIMULATED
27.6,22.6,11,378.6555,-224.0737,211.4998,1.4226,1,SIMULATED,SIMULATED,SIMULATED,SIMULATED
27.6,22.6,4,287.5013,315.705,316.2347,0.5772,4,SIMULATED,SIMULATED,SIMULATED,SIMULATED
27.6,22.6,77,187.9025,902.1165,320.4,0.0,4,SIMULATED,SIMULATED,SIMULATED,SIMULATED
27.8,22.8,22,284.8119,-219.7408,0.0,0.0,1,SIMULATED,SIMULATED,SIMULATED,SIMULATED
27.8,22.8,55,-218.2597,961.9772,287.8763,-0.4038,2,SIMULATED,SIMULATED,SIMULATED,SIMULATED
27.8,22.8,16,-244.4699,609.8027,306.6422,0.5604,2,SIMULATED,SIMULATED,SIMULATED,SIMULATED
27.8,22.8,63,-119.2325,402.4103,231.2981,-0.8872,2,SIMULATED,SIMULATED,SIMULATED,SIMULATED
27.8,22.8,44,9.3538,84.2872,290.4833,0.6398,1,SIMULATED,SIMULATED,SIMULATED,SIMULATED
27.8,22.8,11,367.5227,-228.468,220.8343,1.3216,1,SIMULATED,SIMULATED,SIMULATED,SIMULATED
27.8,22.8,4,291.8839,298.5765,318.214,0.2802,4,SIMULATED,SIMULATED,SIMULATED,SIMULATED
27.8,22.8,77,191.8867,884.77,320.4,0.0,4,SIMULATED,SIMULATED,SIMULATED,SIMULATED
28.0,23.0,22,284.8119,-219.7408,0.0,0.0,1,SIMULATED,SIMULATED,SIMULATED,SIMULATED
28.0,23.0,55,-214.6339,977.4467,286.0888,-0.2531,2,SIMULATED,SIMULATED,SIMULATED,SIMULATED
28.0,23.0,16,-245.6963,627.0686,311.4187,0.6763,2,SIMULATED,SIMULATED,SIMULATED,SIMULATED
28.0,23.0,63,-131.7563,405.3585,225.0967,-0.878,2,SIMULATED,SIMULATED,SIMULATED,SIMULATED
28.0,23.0,44,-2.3056,95.5084,291.6804,0.1695,1,SIMULATED,SIMULATED,SIMULATED,SIMULATED
28.0,23.0,11,355.1693,-229.8331,225.2195,0.6209,1,SIMULATED,SIMULATED,SIMULATED,SIMULATED
28.0,23.0,4,296.2659,281.4043,319.0387,0.1168,4,SIMULATED,SIMULATED,SIMULATED,SIMULATED
28.0,23.0,77,195.8673,867.4217,320.4,0.0,4,SIMULATED,SIMULATED,SIMULATED,SIMULATED
28.2,23.2,22,284.8119,-219.7408,0.0,0.0,1,SIMULATED,SIMULATED,SIMULATED,SIMULATED
28.2,23.2,55,-211.0556,992.6813,281.5946,-0.6363,2,SIMULATED,SIMULATED,SIMULATED,SIMULATED
28.2,23.2,16,-246.8176,644.4897,314.0581,0.3737,2,SIMULATED,SIMULATED,SIMULATED,SIMULATED
28.2,23.2,63,-144.1659,405.3933,220.2535,-0.6857,2,SIMULATED,SIMULATED,SIMULATED,SIMULATED
28.2,23.2,44,-14.6625,106.3008,295.7652,0.5783,1,SIMULATED,SIMULATED,SIMULATED,SIMULATED
28.2,23.2,11,342.6676,-229.5147,225.9701,0.1063,1,SIMULATED,SIMULATED,SIMULATED,SIMULATED
28.2,23.2,4,300.6937,264.2331,319.2446,0.0292,4,SIMULATED,SIMULATED,SIMULATED,SIMULATED
28.2,23.2,77,199.8295,850.0981,319.868,-0.0753,4,SIMULATED,SIMULATED,SIMULATED,SIMULATED
28.4,23.4,22,284.8119,-219.7408,0.0,0.0,1,SIMULATED,SIMULATED,SIMULATED,SIMULATED
28.4,23.4,55,-207.569,1007.6796,277.2253,-0.6186,2,SIMULATED,SIMULATED,SIMULATED,SIMULATED
28.4,23.4,16,-247.7114,662.054,316.2694,0.3131,2,SIMULATED,SIMULATED,SIMULATED,SIMULATED
28.4,23.4,63,-156.1331,405.1327,217.5028,-0.3895,2,SIMULATED,SIMULATED,SIMULATED,SIMULATED
28.4,23.4,44,-27.4919,116.9723,300.3701,0.652,1,SIMULATED,SIMULATED,SIMULATED,SIMULATED
28.4,23.4,11,329.7272,-228.1337,234.9191,1.267,1,SIMULATED,SIMULATED,SIMULATED,SIMULATED
28.4,23.4,4,305.1539,247.0347,319.8374,0.0839,4,SIMULATED,SIMULATED,SIMULATED,SIMULATED
28.4,23.4,77,203.779,832.808,319.2705,-0.0846,4,SIMULATED,SIMULATED,SIMULATED,SIMULATED
28.6,23.6,22,284.8119,-219.7408,0.0,0.0,1,SIMULATED,SIMULATED,SIMULATED,SIMULATED
28.6,23.6,55,-204.0302,1022.3748,272.2006,-0.7114,2,SIMULATED,SIMULATED,SIMULATED,SIMULATED
28.6,23.6,16,-248.4359,679.6602,317.0587,0.1118,2,SIMULATED,SIMULATED,SIMULATED,SIMULATED
28.6,23.6,63,-167.8458,406.4136,217.0611,-0.0625,2,SIMULATED,SIMULATED,SIMULATED,SIMULATED
28.6,23.6,44,-40.3428,128.1078,305.6732,0.7508,1,SIMULATED,SIMULATED,SIMULATED,SIMULATED
28.6,23.6,11,316.3662,-225.9604,244.19,1.3126,1,SIMULATED,SIMULATED,SIMULATED,SIMULATED
28.6,23.6,4,309.6424,229.8443,319.8374,0.0,4,SIMULATED,SIMULATED,SIMULATED,SIMULATED
28.6,23.6,77,207.7314,815.5994,317.7469,-0.2157,4,SIMULATED,SIMULATED,SIMULATED,SIMULATED
28.8,23.8,22,284.8119,-219.7408,0.0,0.0,1,SIMULATED,SIMULATED,SIMULATED,SIMULATED
28.8,23.8,55,-200.1494,1036.546,265.7907,-0.9075,2,SIMULATED,SIMULATED,SIMULATED,SIMULATED
28.8,23.8,16,-248.9434,697.3581,318.4157,0.1921,2,SIMULATED,SIMULATED,SIMULATED,SIMULATED
28.8,23.8,63,-179.2073,409.9926,220.9919,0.5565,2,SIMULATED,SIMULATED,SIMULATED,SIMULATED
28.8,23.8,44,-52.408,140.3033,308.198,0.3574,1,SIMULATED,SIMULATED,SIMULATED,SIMULATED
28.8,23.8,11,302.7344,-222.818,252.4023,1.1627,1,SIMULATED,SIMULATED,SIMULATED,SIMULATED
28.8,23.8,4,314.1431,212.6551,319.8374,0.0,4,SIMULATED,SIMULATED,SIMULATED,SIMULATED
28.8,23.8,77,211.6866,798.5116,315.6807,-0.2925,4,SIMULATED,SIMULATED,SIMULATED,SIMULATED
29.0,24.0,22,284.8119,-219.7408,0.0,0.0,1,SIMULATED,SIMULATED,SIMULATED,SIMULATED
29.0,24.0,55,-195.2585,1050.0806,261.0388,-0.6728,2,SIMULATED,SIMULATED,SIMULATED,SIMULATED
29.0,24.0,16,-249.2546,715.167,320.4,0.2809,2,SIMULATED,SIMULATED,SIMULATED,SIMULATED
29.0,24.0,63,-189.8415,416.3695,229.7127,1.2347,2,SIMULATED,SIMULATED,SIMULATED,SIMULATED
29.0,24.0,44,-63.2766,153.6737,309.3389,0.1615,1,SIMULATED,SIMULATED,SIMULATED,SIMULATED
29.0,24.0,11,288.9771,-218.9847,257.6159,0.7381,1,SIMULATED,SIMULATED,SIMULATED,SIMULATED
29.0,24.0,4,318.6284,195.4575,319.8374,0.0,4,SIMULATED,SIMULATED,SIMULATED,SIMULATED
29.0,24.0,77,215.613,781.6642,311.3584,-0.612,4,SIMULATED,SIMULATED,SIMULATED,SIMULATED
29.2,24.2,22,284.8119,-219.7408,0.0,0.0,1,SIMULATED,SIMULATED,SIMULATED,SIMULATED
29.2,24.2,55,-188.0604,1062.0477,257.5565,-0.493,2,SIMULATED,SIMULATED,SIMULATED,SIMULATED
29.2,24.2,16,-249.305,732.9839,320.4,0.0,2,SIMULATED,SIMULATED,SIMULATED,SIMULATED
29.2,24.2,63,-199.4633,425.0139,238.4663,1.2393,2,SIMULATED,SIMULATED,SIMULATED,SIMULATED
29.2,24.2,44,-72.8772,167.9273,308.5819,-0.1072,1,SIMULATED,SIMULATED,SIMULATED,SIMULATED
29.2,24.2,11,274.9661,-214.2966,266.5009,1.2579,1,SIMULATED,SIMULATED,SIMULATED,SIMULATED
29.2,24.2,4,323.0469,178.2417,319.8374,0.0,4,SIMULATED,SIMULATED,SIMULATED,SIMULATED
29.2,24.2,77,219.5306,765.0419,307.3368,-0.5694,4,SIMULATED,SIMULATED,SIMULATED,SIMULATED
29.4,24.4,22,284.8119,-219.7408,0.0,0.0,1,SIMULATED,SIMULATED,SIMULATED,SIMULATED
29.4,24.4,55,-176.9672,1070.0548,256.5027,-0.1492,2,SIMULATED,SIMULATED,SIMULATED,SIMULATED
29.4,24.4,16,-249.107,750.7914,320.4,0.0,2,SIMULATED,SIMULATED,SIMULATED,SIMULATED
29.4,24.4,63,-207.8706,435.6301,248.4501,1.4135,2,SIMULATED,SIMULATED,SIMULATED,SIMULATED
29.4,24.4,44,-80.7815,183.0217,306.1687,-0.3417,1,SIMULATED,SIMULATED,SIMULATED,SIMULATED
29.4,24.4,11,260.8511,-208.8358,272.8307,0.8962,1,SIMULATED,SIMULATED,SIMULATED,SIMULATED
29.4,24.4,4,327.3803,160.9963,319.8374,-0.0,4,SIMULATED,SIMULATED,SIMULATED,SIMULATED
29.4,24.4,77,223.4355,748.6193,303.8072,-0.4997,4,SIMULATED,SIMULATED,SIMULATED,SIMULATED
29.6,24.6,22,284.8119,-219.7408,0.0,0.0,1,SIMULATED,SIMULATED,SIMULATED,SIMULATED
29.6,24.6,55,-163.6607,1074.8452,256.5027,0.0,2,SIMULATED,SIMULATED,SIMULATED,SIMULATED
29.6,24.6,16,-248.4808,768.6082,320.4,0.0,2,SIMULATED,SIMULATED,SIMULATED,SIMULATED
29.6,24.6,63,-214.7823,447.9169,257.8539,1.3314,2,SIMULATED,SIMULATED,SIMULATED,SIMULATED
29.6,24.6,44,-87.0778,198.6256,302.2454,-0.5555,1,SIMULATED,SIMULATED,SIMULATED,SIMULATED
29.6,24.6,11,246.8103,-202.5104,277.6462,0.6818,1,SIMULATED,SIMULATED,SIMULATED,SIMULATED
29.6,24.6,4,331.5341,143.7153,319.8374,0.0,4,SIMULATED,SIMULATED,SIMULATED,SIMULATED
29.6,24.6,77,227.2906,732.4599,299.0118,-0.6789,4,SIMULATED,SIMULATED,SIMULATED,SIMULATED
29.8,24.8,22,284.8119,-219.7408,0.0,0.0,1,SIMULATED,SIMULATED,SIMULATED,SIMULATED
29.8,24.8,55,-150.3951,1080.4347,256.5027,0.0,2,SIMULATED,SIMULATED,SIMULATED,SIMULATED
29.8,24.8,16,-247.4912,786.4021,320.4,0.0,2,SIMULATED,SIMULATED,SIMULATED,SIMULATED
29.8,24.8,63,-220.3889,461.3546,264.9659,1.0069,2,SIMULATED,SIMULATED,SIMULATED,SIMULATED
29.8,24.8,44,-91.2725,214.6005,296.6685,-0.7896,1,SIMULATED,SIMULATED,SIMULATED,SIMULATED
29.8,24.8,11,232.9295,-195.4956,280.3857,0.3879,1,SIMULATED,SIMULATED,SIMULATED,SIMULATED
29.8,24.8,4,335.253,126.2994,319.8374,0.0,4,SIMULATED,SIMULATED,SIMULATED,SIMULATED
29.8,24.8,77,231.129,716.4184,296.9231,-0.2957,4,SIMULATED,SIMULATED,SIMULATED,SIMULATED
30.0,25.0,22,284.8119,-219.7408,0.0,0.0,1,SIMULATED,SIMULATED,SIMULATED,SIMULATED
30.0,25.0,55,-138.276,1088.1948,256.5027,0.0,2,SIMULATED,SIMULATED,SIMULATED,SIMULATED
30.0,25.0,16,-246.1957,804.1698,320.4,0.0,2,SIMULATED,SIMULATED,SIMULATED,SIMULATED
30.0,25.0,63,-224.9317,475.518,269.4336,0.6325,2,SIMULATED,SIMULATED,SIMULATED,SIMULATED
30.0,25.0,44,-94.1003,230.5475,290.822,-0.8277,1,SIMULATED,SIMULATED,SIMULATED,SIMULATED
30.0,25.0,11,219.3223,-187.6728,283.0964,0.3838,1,SIMULATED,SIMULATED,SIMULATED,SIMULATED
30.0,25.0,4,338.7506,108.8686,319.8374,0.0,4,SIMULATED,SIMULATED,SIMULATED,SIMULATED
30.0,25.0,77,234.9366,700.4206,296.0184,-0.1281,4,SIMULATED,SIMULATED,SIMULATED,SIMULATED
30.2,25.2,22,284.8119,-219.7408,0.0,0.0,1,SIMULATED,SIMULATED,SIMULATED,SIMULATED
30.2,25.2,55,-127.6854,1098.0095,256.5027,0.0,2,SIMULATED,SIMULATED,SIMULATED,SIMULATED
30.2,25.2,16,-244.5833,821.9148,320.4,0.0,2,SIMULATED,SIMULATED,SIMULATED,SIMULATED
30.2,25.2,63,-228.3741,490.0197,270.6519,0.1725,2,SIMULATED,SIMULATED,SIMULATED,SIMULATED
30.2,25.2,44,-95.5638,246.2683,283.6938,-1.0092,1,SIMULATED,SIMULATED,SIMULATED,SIMULATED
30.2,25.2,11,205.9869,-179.1322,285.4855,0.3382,1,SIMULATED,SIMULATED,SIMULATED,SIMULATED
30.2,25.2,4,341.8091,91.3667,318.899,-0.1329,4,SIMULATED,SIMULATED,SIMULATED,SIMULATED
30.2,25.2,77,238.7418,684.4632,295.2972,-0.1021,4,SIMULATED,SIMULATED,SIMULATED,SIMULATED
30.4,25.4,22,284.8119,-219.7408,0.0,0.0,1,SIMULATED,SIMULATED,SIMULATED,SIMULATED
30.4,25.4,55,-119.2874,1109.6756,256.599,0.0136,2,SIMULATED,SIMULATED,SIMULATED,SIMULATED
30.4,25.4,16,-242.7129,839.6258,320.2578,-0.0201,2,SIMULATED,SIMULATED,SIMULATED,SIMULATED
30.4,25.4,63,-230.8827,504.8669,272.1256,0.2086,2,SIMULATED,SIMULATED,SIMULATED,SIMULATED
30.4,25.4,44,-95.9922,261.6472,276.5479,-1.0117,1,SIMULATED,SIMULATED,SIMULATED,SIMULATED
30.4,25.4,11,192.7977,-169.9796,289.2665,0.5353,1,SIMULATED,SIMULATED,SIMULATED,SIMULATED
30.4,25.4,4,343.8648,73.7403,317.8314,-0.1511,1,SIMULATED,SIMULATED,SIMULATED,SIMULATED
30.4,25.4,77,242.4876,668.6574,292.3972,-0.4106,4,SIMULATED,SIMULATED,SIMULATED,SIMULATED
30.6,25.6,22,284.8119,-219.7408,0.0,0.0,1,SIMULATED,SIMULATED,SIMULATED,SIMULATED
30.6,25.6,55,-112.2554,1122.2946,258.8027,0.312,2,SIMULATED,SIMULATED,SIMULATED,SIMULATED
30.6,25.6,16,-240.517,857.233,319.0937,-0.1648,2,SIMULATED,SIMULATED,SIMULATED,SIMULATED
30.6,25.6,63,-233.0129,520.0836,277.2443,0.7247,2,SIMULATED,SIMULATED,SIMULATED,SIMULATED
30.6,25.6,44,-95.8721,276.6255,269.2389,-1.0348,2,SIMULATED,SIMULATED,SIMULATED,SIMULATED
30.6,25.6,11,179.6809,-160.3824,292.8187,0.5029,1,SIMULATED,SIMULATED,SIMULATED,SIMULATED
30.6,25.6,4,344.8573,56.4446,311.4338,-0.9058,1,SIMULATED,SIMULATED,SIMULATED,SIMULATED
30.6,25.6,77,246.1933,652.9937,289.7372,-0.3766,4,SIMULATED,SIMULATED,SIMULATED,SIMULATED
30.8,25.8,22,284.8119,-219.7408,0.0,0.0,1,SIMULATED,SIMULATED,SIMULATED,SIMULATED
30.8,25.8,55,-106.4983,1135.896,263.7411,0.6992,2,SIMULATED,SIMULATED,SIMULATED,SIMULATED
30.8,25.8,16,-238.0137,874.6329,316.0088,-0.4368,2,SIMULATED,SIMULATED,SIMULATED,SIMULATED
30.8,25.8,63,-234.8899,535.6865,283.1919,0.842,2,SIMULATED,SIMULATED,SIMULATED,SIMULATED
30.8,25.8,44,-95.4341,291.3076,264.3041,-0.6987,2,SIMULATED,SIMULATED,SIMULATED,SIMULATED
30.8,25.8,11,166.8708,-150.571,290.5432,-0.3222,1,SIMULATED,SIMULATED,SIMULATED,SIMULATED
30.8,25.8,4,345.4717,39.551,303.649,-1.1022,1,SIMULATED,SIMULATED,SIMULATED,SIMULATED
30.8,25.8,77,249.8422,637.5474,285.6888,-0.5732,4,SIMULATED,SIMULATED,SIMULATED,SIMULATED
31.0,26.0,22,284.8119,-219.7408,0.0,0.0,1,SIMULATED,SIMULATED,SIMULATED,SIMULATED
31.0,26.0,55,-101.6852,1150.1339,269.5789,0.8265,2,SIMULATED,SIMULATED,SIMULATED,SIMULATED
31.0,26.0,16,-235.1996,891.6537,310.2032,-0.8219,2,SIMULATED,SIMULATED,SIMULATED,SIMULATED
31.0,26.0,63,-236.6476,551.6909,290.0709,0.9739,2,SIMULATED,SIMULATED,SIMULATED,SIMULATED
31.0,26.0,44,-94.8385,305.7257,259.6829,-0.6543,2,SIMULATED,SIMULATED,SIMULATED,SIMULATED
31.0,26.0,11,154.2966,-140.6841,288.0233,-0.3568,1,SIMULATED,SIMULATED,SIMULATED,SIMULATED
31.0,26.0,4,345.4057,22.8786,299.1701,-0.6341,1,SIMULATED,SIMULATED,SIMULATED,SIMULATED
31.0,26.0,77,253.4177,622.2159,283.4948,-0.3106,4,SIMULATED,SIMULATED,SIMULATED,SIMULATED
31.2,26.2,22,284.8119,-219.7408,0.0,0.0,1,SIMULATED,SIMULATED,SIMULATED,SIMULATED
31.2,26.2,55,-97.4436,1164.9265,276.6833,1.0058,2,SIMULATED,SIMULATED,SIMULATED,SIMULATED
31.2,26.2,16,-232.0953,908.1706,302.2035,-1.1326,2,SIMULATED,SIMULATED,SIMULATED,SIMULATED
31.2,26.2,63,-238.2851,568.0666,296.4115,0.8977,2,SIMULATED,SIMULATED,SIMULATED,SIMULATED
31.2,26.2,44,-94.1999,319.9492,256.2886,-0.4806,2,SIMULATED,SIMULATED,SIMULATED,SIMULATED
31.2,26.2,11,141.9672,-130.8454,283.9983,-0.5699,1,SIMULATED,SIMULATED,SIMULATED,SIMULATED
31.2,26.2,4,344.6167,6.4295,295.7401,-0.4856,1,SIMULATED,SIMULATED,SIMULATED,SIMULATED
31.2,26.2,77,256.8408,607.0725,279.7235,-0.5339,4,SIMULATED,SIMULATED,SIMULATED,SIMULATED
31.4,26.4,22,284.8119,-219.7408,0.0,0.0,1,SIMULATED,SIMULATED,SIMULATED,SIMULATED
31.4,26.4,55,-93.4464,1180.1198,282.5005,0.8236,2,SIMULATED,SIMULATED,SIMULATED,SIMULATED
31.4,26.4,16,-228.7723,924.2594,295.3961,-0.9638,2,SIMULATED,SIMULATED,SIMULATED,SIMULATED
31.4,26.4,63,-239.8621,584.783,302.4721,0.8581,2,SIMULATED,SIMULATED,SIMULATED,SIMULATED
31.4,26.4,44,-94.0504,334.202,256.91,0.088,2,SIMULATED,SIMULATED,SIMULATED,SIMULATED
31.4,26.4,11,129.8288,-120.999,281.4,-0.3679,1,SIMULATED,SIMULATED,SIMULATED,SIMULATED
31.4,26.4,4,343.444,-9.8389,293.1089,-0.3725,1,SIMULATED,SIMULATED,SIMULATED,SIMULATED
31.4,26.4,77,259.9148,592.0022,277.3207,-0.3402,4,SIMULATED,SIMULATED,SIMULATED,SIMULATED
31.6,26.6,22,284.8119,-219.7408,0.0,0.0,1,SIMULATED,SIMULATED,SIMULATED,SIMULATED
31.6,26.6,55,-89.6014,1195.5611,286.1741,0.5201,2,SIMULATED,SIMULATED,SIMULATED,SIMULATED
31.6,26.6,16,-225.3381,940.0454,290.7287,-0.6608,2,SIMULATED,SIMULATED,SIMULATED,SIMULATED
31.6,26.6,63,-241.3229,601.7002,305.7743,0.4675,2,SIMULATED,SIMULATED,SIMULATED,SIMULATED
31.6,26.6,44,-94.3727,348.3839,255.7383,-0.1659,2,SIMULATED,SIMULATED,SIMULATED,SIMULATED
31.6,26.6,11,117.9237,-111.0493,279.5067,-0.2681,1,SIMULATED,SIMULATED,SIMULATED,SIMULATED
31.6,26.6,4,342.008,-26.0795,293.1089,0.0,1,SIMULATED,SIMULATED,SIMULATED,SIMULATED
31.6,26.6,77,262.0311,577.0096,275.2509,-0.2931,4,SIMULATED,SIMULATED,SIMULATED,SIMULATED
31.8,26.8,22,284.8119,-219.7408,0.0,0.0,1,SIMULATED,SIMULATED,SIMULATED,SIMULATED
31.8,26.8,55,-85.8704,1211.1939,289.1379,0.4196,2,SIMULATED,SIMULATED,SIMULATED,SIMULATED
31.8,26.8,16,-221.7676,955.7219,289.1869,-0.2183,2,SIMULATED,SIMULATED,SIMULATED,SIMULATED
31.8,26.8,63,-242.6126,618.8511,309.9201,0.587,2,SIMULATED,SIMULATED,SIMULATED,SIMULATED
31.8,26.8,44,-95.6763,362.2793,252.1606,-0.5065,2,SIMULATED,SIMULATED,SIMULATED,SIMULATED
31.8,26.8,11,106.6088,-100.5467,278.9292,-0.0818,1,SIMULATED,SIMULATED,SIMULATED,SIMULATED
31.8,26.8,4,340.3333,-42.2607,292.5112,-0.0846,1,SIMULATED,SIMULATED,SIMULATED,SIMULATED
31.8,26.8,77,262.0211,561.9947,274.7676,-0.0684,4,SIMULATED,SIMULATED,SIMULATED,SIMULATED
32.0,27.0,22,284.8119,-219.7408,0.0,0.0,1,SIMULATED,SIMULATED,SIMULATED,SIMULATED
32.0,27.0,55,-82.2959,1227.0,291.422,0.3234,2,SIMULATED,SIMULATED,SIMULATED,SIMULATED
32.0,27.0,16,-218.1445,971.264,287.2165,-0.279,2,SIMULATED,SIMULATED,SIMULATED,SIMULATED
32.0,27.0,63,-243.7967,636.1648,312.5306,0.3696,2,SIMULATED,SIMULATED,SIMULATED,SIMULATED
32.0,27.0,44,-98.3641,375.6929,247.5005,-0.6598,2,SIMULATED,SIMULATED,SIMULATED,SIMULATED
32.0,27.0,11,96.0482,-89.2787,278.604,-0.046,1,SIMULATED,SIMULATED,SIMULATED,SIMULATED
32.0,27.0,4,338.5878,-58.0621,286.332,-0.8748,1,SIMULATED,SIMULATED,SIMULATED,SIMULATED
32.0,27.0,77,258.2924,547.6175,274.4521,-0.0447,4,SIMULATED,SIMULATED,SIMULATED,SIMULATED
32.2,27.200000000000003,22,284.8119,-219.7408,0.0,0.0,1,SIMULATED,SIMULATED,SIMULATED,SIMULATED
32.2,27.200000000000003,55,-78.869,1243.1081,296.2564,0.6845,3,SIMULATED,SIMULATED,SIMULATED,SIMULATED
32.2,27.200000000000003,16,-214.5278,986.5919,283.5041,-0.5256,2,SIMULATED,SIMULATED,SIMULATED,SIMULATED
32.2,27.200000000000003,63,-244.8019,653.6065,314.9405,0.3412,2,SIMULATED,SIMULATED,SIMULATED,SIMULATED
32.2,27.200000000000003,44,-104.2598,387.5669,242.9382,-0.6459,2,SIMULATED,SIMULATED,SIMULATED,SIMULATED
32.2,27.200000000000003,11,86.7735,-77.0029,278.6669,0.0089,1,SIMULATED,SIMULATED,SIMULATED,SIMULATED
32.2,27.200000000000003,4,337.0772,-73.407,277.7165,-1.2198,1,SIMULATED,SIMULATED,SIMULATED,SIMULATED
32.2,27.200000000000003,77,251.7616,533.8745,274.4521,-0.0,4,SIMULATED,SIMULATED,SIMULATED,SIMULATED
32.4,27.4,22,284.8119,-219.7408,0.0,0.0,1,SIMULATED,SIMULATED,SIMULATED,SIMULATED
32.4,27.4,55,-75.7543,1259.6131,301.8441,0.7911,3,SIMULATED,SIMULATED,SIMULATED,SIMULATED
32.4,27.4,16,-211.0199,1001.7067,279.3543,-0.5875,2,SIMULATED,SIMULATED,SIMULATED,SIMULATED
32.4,27.4,63,-245.6093,671.1882,316.9356,0.2825,2,SIMULATED,SIMULATED,SIMULATED,SIMULATED
32.4,27.4,44,-113.1223,396.7679,234.8158,-1.15,2,SIMULATED,SIMULATED,SIMULATED,SIMULATED
32.4,27.4,11,80.1315,-63.144,278.8446,0.0251,1,SIMULATED,SIMULATED,SIMULATED,SIMULATED
32.4,27.4,4,335.9065,-88.3198,269.9097,-1.1053,1,SIMULATED,SIMULATED,SIMULATED,SIMULATED
32.4,27.4,77,246.1112,519.5942,274.4521,0.0,4,SIMULATED,SIMULATED,SIMULATED,SIMULATED
32.6,27.6,22,284.8119,-219.7408,0.0,0.0,1,SIMULATED,SIMULATED,SIMULATED,SIMULATED
32.6,27.6,55,-72.7741,1276.3641,306.096,0.602,3,SIMULATED,SIMULATED,SIMULATED,SIMULATED
32.6,27.6,16,-207.5101,1016.5362,274.1354,-0.7389,2,SIMULATED,SIMULATED,SIMULATED,SIMULATED
32.6,27.6,63,-246.2303,688.8268,318.2062,0.1799,2,SIMULATED,SIMULATED,SIMULATED,SIMULATED
32.6,27.6,44,-124.5016,402.0078,229.8855,-0.698,2,SIMULATED,SIMULATED,SIMULATED,SIMULATED
32.6,27.6,11,77.1846,-48.2234,279.0583,0.0303,1,SIMULATED,SIMULATED,SIMULATED,SIMULATED
32.6,27.6,4,335.4983,-102.8938,263.945,-0.8445,1,SIMULATED,SIMULATED,SIMULATED,SIMULATED
32.6,27.6,77,242.9808,504.4965,274.4521,-0.0,4,SIMULATED,SIMULATED,SIMULATED,SIMULATED
32.8,27.799999999999997,22,284.8119,-219.7408,0.0,0.0,1,SIMULATED,SIMULATED,SIMULATED,SIMULATED
32.8,27.799999999999997,55,-69.9108,1293.4674,311.9486,0.8286,3,SIMULATED,SIMULATED,SIMULATED,SIMULATED
32.8,27.799999999999997,16,-203.8735,1031.0236,268.3046,-0.8255,2,SIMULATED,SIMULATED,SIMULATED,SIMULATED
32.8,27.799999999999997,63,-246.6388,706.5395,319.0099,0.1138,2,SIMULATED,SIMULATED,SIMULATED,SIMULATED
32.8,27.799999999999997,44,-136.6122,403.5678,223.2212,-0.9435,2,SIMULATED,SIMULATED,SIMULATED,SIMULATED
32.8,27.799999999999997,11,77.4261,-32.7179,279.1529,0.0134,1,SIMULATED,SIMULATED,SIMULATED,SIMULATED
32.8,27.799999999999997,4,336.091,-117.0587,256.6042,-1.0393,1,SIMULATED,SIMULATED,SIMULATED,SIMULATED
32.8,27.799999999999997,77,242.8639,489.0336,274.4521,0.0,4,SIMULATED,SIMULATED,SIMULATED,SIMULATED
33.0,28.0,22,284.8119,-219.7408,0.0,0.0,1,SIMULATED,SIMULATED,SIMULATED,SIMULATED
33.0,28.0,55,-67.1457,1310.801,315.8639,0.5543,3,SIMULATED,SIMULATED,SIMULATED,SIMULATED
33.0,28.0,16,-199.4618,1044.9797,262.4577,-0.8278,2,SIMULATED,SIMULATED,SIMULATED,SIMULATED
33.0,28.0,63,-246.81,724.3063,320.4,0.1968,2,SIMULATED,SIMULATED,SIMULATED,SIMULATED
33.0,28.0,44,-148.7929,403.1964,219.7178,-0.496,2,SIMULATED,SIMULATED,SIMULATED,SIMULATED
33.0,28.0,11,76.9931,-17.1733,279.1529,0.0,1,SIMULATED,SIMULATED,SIMULATED,SIMULATED
33.0,28.0,4,338.733,-130.2177,248.4129,-1.1597,1,SIMULATED,SIMULATED,SIMULATED,SIMULATED
33.0,28.0,77,244.5357,473.7688,274.4521,0.0,4,SIMULATED,SIMULATED,SIMULATED,SIMULATED
33.2,28.200000000000003,22,284.8119,-219.7408,0.0,0.0,1,SIMULATED,SIMULATED,SIMULATED,SIMULATED
33.2,28.200000000000003,55,-64.6007,1328.3619,319.1167,0.4605,3,SIMULATED,SIMULATED,SIMULATED,SIMULATED
33.2,28.200000000000003,16,-193.2813,1058.1878,258.7385,-0.5266,2,SIMULATED,SIMULATED,SIMULATED,SIMULATED
33.2,28.200000000000003,63,-246.7344,742.0944,320.4,0.0,2,SIMULATED,SIMULATED,SIMULATED,SIMULATED
33.2,28.200000000000003,44,-160.8822,403.3961,216.5836,-0.4437,2,SIMULATED,SIMULATED,SIMULATED,SIMULATED
33.2,28.200000000000003,11,74.2562,-1.8472,279.1529,0.0,1,SIMULATED,SIMULATED,SIMULATED,SIMULATED
33.2,28.200000000000003,4,344.0567,-142.1645,240.4271,-1.1306,1,SIMULATED,SIMULATED,SIMULATED,SIMULATED
33.2,28.200000000000003,77,247.1998,458.5888,275.9219,0.2081,4,SIMULATED,SIMULATED,SIMULATED,SIMULATED
33.4,28.4,22,284.8119,-219.7408,0.0,0.0,1,SIMULATED,SIMULATED,SIMULATED,SIMULATED
33.4,28.4,55,-62.2561,1346.0194,320.4,0.1817,3,SIMULATED,SIMULATED,SIMULATED,SIMULATED
33.4,28.4,16,-183.4412,1068.8067,256.5027,-0.3165,2,SIMULATED,SIMULATED,SIMULATED,SIMULATED
33.4,28.4,63,-246.3461,759.843,320.4,0.0,2,SIMULATED,SIMULATED,SIMULATED,SIMULATED
33.4,28.4,44,-172.8542,405.5307,217.8806,0.1836,2,SIMULATED,SIMULATED,SIMULATED,SIMULATED
33.4,28.4,11,68.1829,12.5027,279.1529,0.0,1,SIMULATED,SIMULATED,SIMULATED,SIMULATED
33.4,28.4,4,351.425,-152.4219,231.7726,-1.2253,1,SIMULATED,SIMULATED,SIMULATED,SIMULATED
33.4,28.4,77,250.6767,443.4036,279.839,0.5546,4,SIMULATED,SIMULATED,SIMULATED,SIMULATED
33.6,28.6,22,284.8119,-219.7408,0.0,0.0,1,SIMULATED,SIMULATED,SIMULATED,SIMULATED
33.6,28.6,55,-60.2067,1363.7242,320.4,0.0,3,SIMULATED,SIMULATED,SIMULATED,SIMULATED
33.6,28.6,16,-170.2162,1074.7652,256.5027,0.0,2,SIMULATED,SIMULATED,SIMULATED,SIMULATED
33.6,28.6,63,-245.5228,777.5942,320.4,0.0,2,SIMULATED,SIMULATED,SIMULATED,SIMULATED
33.6,28.6,44,-184.4406,410.3896,224.5141,0.9392,2,SIMULATED,SIMULATED,SIMULATED,SIMULATED
33.6,28.6,11,59.7808,25.5051,278.0167,-0.1609,1,SIMULATED,SIMULATED,SIMULATED,SIMULATED
33.6,28.6,4,360.1764,-160.97,223.4184,-1.1828,1,SIMULATED,SIMULATED,SIMULATED,SIMULATED
33.6,28.6,77,254.5803,427.9681,286.3072,0.9158,4,SIMULATED,SIMULATED,SIMULATED,SIMULATED
33.8,28.799999999999997,22,284.8119,-219.7408,0.0,0.0,1,SIMULATED,SIMULATED,SIMULATED,SIMULATED
33.8,28.799999999999997,55,-58.519,1381.4618,320.4,0.0,3,SIMULATED,SIMULATED,SIMULATED,SIMULATED
33.8,28.799999999999997,16,-156.8727,1079.5564,256.5027,0.0,2,SIMULATED,SIMULATED,SIMULATED,SIMULATED
33.8,28.799999999999997,63,-244.3633,795.3308,320.4,0.0,2,SIMULATED,SIMULATED,SIMULATED,SIMULATED
33.8,28.799999999999997,44,-195.0145,418.0652,233.5361,1.2773,2,SIMULATED,SIMULATED,SIMULATED,SIMULATED
33.8,28.799999999999997,11,50.4447,37.7432,276.7767,-0.1756,1,SIMULATED,SIMULATED,SIMULATED,SIMULATED
33.8,28.799999999999997,4,369.5792,-168.0985,215.136,-1.1726,1,SIMULATED,SIMULATED,SIMULATED,SIMULATED
33.8,28.799999999999997,77,258.8703,412.313,291.7978,0.7773,4,SIMULATED,SIMULATED,SIMULATED,SIMULATED
34.0,29.0,22,284.8119,-219.7408,0.0,0.0,1,SIMULATED,SIMULATED,SIMULATED,SIMULATED
34.0,29.0,55,-57.2026,1399.2311,320.4,0.0,3,SIMULATED,SIMULATED,SIMULATED,SIMULATED
34.0,29.0,16,-144.4288,1086.185,256.5027,0.0,2,SIMULATED,SIMULATED,SIMULATED,SIMULATED
34.0,29.0,63,-242.928,813.0413,320.4,0.0,2,SIMULATED,SIMULATED,SIMULATED,SIMULATED
34.0,29.0,44,-204.5052,427.696,242.5405,1.2748,2,SIMULATED,SIMULATED,SIMULATED,SIMULATED
34.0,29.0,11,40.7694,49.8238,278.453,0.2373,1,SIMULATED,SIMULATED,SIMULATED,SIMULATED
34.0,29.0,4,379.2573,-174.4448,208.8812,-0.8856,1,SIMULATED,SIMULATED,SIMULATED,SIMULATED
34.0,29.0,77,263.4129,396.4345,297.3015,0.7792,4,SIMULATED,SIMULATED,SIMULATED,SIMULATED
34.2,29.200000000000003,22,284.8119,-219.7408,0.0,0.0,1,SIMULATED,SIMULATED,SIMULATED,SIMULATED
34.2,29.200000000000003,55,-56.2977,1417.0277,320.4,0.0,3,SIMULATED,SIMULATED,SIMULATED,SIMULATED
34.2,29.200000000000003,16,-133.3767,1094.8796,256.5027,0.0,2,SIMULATED,SIMULATED,SIMULATED,SIMULATED
34.2,29.200000000000003,63,-241.168,830.7348,320.4,0.0,2,SIMULATED,SIMULATED,SIMULATED,SIMULATED
34.2,29.200000000000003,44,-212.4321,439.3148,252.2102,1.369,2,SIMULATED,SIMULATED,SIMULATED,SIMULATED
34.2,29.200000000000003,11,30.8329,61.8815,281.0734,0.371,1,SIMULATED,SIMULATED,SIMULATED,SIMULATED
34.2,29.200000000000003,4,388.5274,-181.2451,203.0612,-0.824,1,SIMULATED,SIMULATED,SIMULATED,SIMULATED
34.2,29.200000000000003,77,267.9097,380.4187,299.5548,0.319,4,SIMULATED,SIMULATED,SIMULATED,SIMULATED
34.4,29.4,22,284.8119,-219.7408,0.0,0.0,1,SIMULATED,SIMULATED,SIMULATED,SIMULATED
34.4,29.4,55,-55.6863,1434.8321,320.4,0.0,3,SIMULATED,SIMULATED,SIMULATED,SIMULATED
34.4,29.4,16,-124.3455,1105.5733,256.5027,0.0,2,SIMULATED,SIMULATED,SIMULATED,SIMULATED
34.4,29.4,63,-239.1503,848.3213,319.1679,-0.1744,2,SIMULATED,SIMULATED,SIMULATED,SIMULATED
34.4,29.4,44,-218.9714,452.2607,260.0017,1.1031,2,SIMULATED,SIMULATED,SIMULATED,SIMULATED
34.4,29.4,11,20.4125,73.9254,286.4191,0.7568,1,SIMULATED,SIMULATED,SIMULATED,SIMULATED
34.4,29.4,4,393.8571,-191.5965,199.9602,-0.439,1,SIMULATED,SIMULATED,SIMULATED,SIMULATED
34.4,29.4,77,272.3507,364.2036,302.7031,0.4457,4,SIMULATED,SIMULATED,SIMULATED,SIMULATED
34.6,29.6,22,284.8119,-219.7408,0.0,0.0,1,SIMULATED,SIMULATED,SIMULATED,SIMULATED
34.6,29.6,55,-55.467,1452.5841,319.1744,-0.1735,3,SIMULATED,SIMULATED,SIMULATED,SIMULATED
34.6,29.6,16,-116.8338,1117.6568,257.7348,0.1744,2,SIMULATED,SIMULATED,SIMULATED,SIMULATED
34.6,29.6,63,-236.8122,865.7677,317.2678,-0.269,2,SIMULATED,SIMULATED,SIMULATED,SIMULATED
34.6,29.6,44,-224.14,466.1554,266.3768,0.9026,2,SIMULATED,SIMULATED,SIMULATED,SIMULATED
34.6,29.6,11,9.3381,85.7156,290.6845,0.6039,1,SIMULATED,SIMULATED,SIMULATED,SIMULATED
34.6,29.6,4,394.3827,-202.8823,199.2051,-0.1069,1,SIMULATED,SIMULATED,SIMULATED,SIMULATED
34.6,29.6,77,276.7748,347.6453,308.7083,0.8502,4,SIMULATED,SIMULATED,SIMULATED,SIMULATED
34.8,29.799999999999997,22,284.8119,-219.7408,0.0,0.0,1,SIMULATED,SIMULATED,SIMULATED,SIMULATED
34.8,29.799999999999997,55,-55.487,1470.1965,316.7131,-0.3485,3,SIMULATED,SIMULATED,SIMULATED,SIMULATED
34.8,29.799999999999997,16,-110.7575,1130.6005,260.2728,0.3593,2,SIMULATED,SIMULATED,SIMULATED,SIMULATED
34.8,29.799999999999997,63,-234.1518,882.8963,312.5053,-0.6743,2,SIMULATED,SIMULATED,SIMULATED,SIMULATED
34.8,29.799999999999997,44,-228.3707,480.5928,270.293,0.5545,2,SIMULATED,SIMULATED,SIMULATED,SIMULATED
34.8,29.799999999999997,11,-2.3895,96.9442,291.9251,0.1756,1,SIMULATED,SIMULATED,SIMULATED,SIMULATED
34.8,29.799999999999997,4,390.5949,-213.8524,200.4802,0.1805,1,SIMULATED,SIMULATED,SIMULATED,SIMULATED
34.8,29.799999999999997,77,281.1417,330.85,312.4698,0.5326,4,SIMULATED,SIMULATED,SIMULATED,SIMULATED
35.0,30.0,22,284.8119,-219.7408,0.0,0.0,1,SIMULATED,SIMULATED,SIMULATED,SIMULATED
35.0,30.0,55,-55.8428,1487.5747,312.323,-0.6216,3,SIMULATED,SIMULATED,SIMULATED,SIMULATED
35.0,30.0,16,-105.6334,1144.3894,266.1089,0.8263,2,SIMULATED,SIMULATED,SIMULATED,SIMULATED
35.0,30.0,63,-231.1955,899.6009,306.0304,-0.9167,2,SIMULATED,SIMULATED,SIMULATED,SIMULATED
35.0,30.0,44,-231.3671,495.3613,270.6519,0.0508,2,SIMULATED,SIMULATED,SIMULATED,SIMULATED
35.0,30.0,11,-14.8308,107.7447,296.1471,0.5977,1,SIMULATED,SIMULATED,SIMULATED,SIMULATED
35.0,30.0,4,382.9538,-223.0017,207.9357,1.0555,1,SIMULATED,SIMULATED,SIMULATED,SIMULATED
35.0,30.0,77,285.508,313.8137,316.5784,0.5817,4,SIMULATED,SIMULATED,SIMULATED,SIMULATED
35.2,30.200000000000003,22,284.8119,-219.7408,0.0,0.0,1,SIMULATED,SIMULATED,SIMULATED,SIMULATED
35.2,30.200000000000003,55,-56.8805,1504.6046,306.1816,-0.8695,3,SIMULATED,SIMULATED,SIMULATED,SIMULATED
35.2,30.200000000000003,16,-101.1929,1158.8952,273.8818,1.1005,2,SIMULATED,SIMULATED,SIMULATED,SIMULATED
35.2,30.200000000000003,63,-227.9894,915.8398,298.4748,-1.0697,2,SIMULATED,SIMULATED,SIMULATED,SIMULATED
35.2,30.200000000000003,44,-233.7294,510.3876,273.466,0.3984,2,SIMULATED,SIMULATED,SIMULATED,SIMULATED
35.2,30.200000000000003,11,-27.6824,118.4358,300.9178,0.6754,1,SIMULATED,SIMULATED,SIMULATED,SIMULATED
35.2,30.200000000000003,4,372.0059,-229.0893,218.4312,1.4859,1,SIMULATED,SIMULATED,SIMULATED,SIMULATED
35.2,30.200000000000003,77,289.8917,296.6732,318.491,0.2708,4,SIMULATED,SIMULATED,SIMULATED,SIMULATED
35.4,30.4,22,284.8119,-219.7408,0.0,0.0,1,SIMULATED,SIMULATED,SIMULATED,SIMULATED
35.4,30.4,55,-58.5294,1521.1966,299.8624,-0.8947,3,SIMULATED,SIMULATED,SIMULATED,SIMULATED
35.4,30.4,16,-97.1225,1173.9402,280.8369,0.9847,2,SIMULATED,SIMULATED,SIMULATED,SIMULATED
35.4,30.4,63,-224.6011,931.7317,292.7687,-0.8079,2,SIMULATED,SIMULATED,SIMULATED,SIMULATED
35.4,30.4,44,-235.7345,525.7611,278.9305,0.7737,2,SIMULATED,SIMULATED,SIMULATED,SIMULATED
35.4,30.4,11,-40.4648,129.5921,306.0011,0.7197,1,SIMULATED,SIMULATED,SIMULATED,SIMULATED
35.4,30.4,4,359.4877,-231.2525,225.2195,0.9611,1,SIMULATED,SIMULATED,SIMULATED,SIMULATED
35.4,30.4,77,294.2767,279.4979,319.0387,0.0775,4,SIMULATED,SIMULATED,SIMULATED,SIMULATED
35.6,30.6,22,284.8119,-219.7408,0.0,0.0,1,SIMULATED,SIMULATED,SIMULATED,SIMULATED
35.6,30.6,55,-60.839,1537.4055,293.9081,-0.843,3,SIMULATED,SIMULATED,SIMULATED,SIMULATED
35.6,30.6,16,-93.1918,1189.3346,286.1741,0.7556,2,SIMULATED,SIMULATED,SIMULATED,SIMULATED
35.6,30.6,63,-221.1018,947.4773,290.5222,-0.3181,2,SIMULATED,SIMULATED,SIMULATED,SIMULATED
35.6,30.6,44,-237.5649,541.5304,285.6639,0.9533,2,SIMULATED,SIMULATED,SIMULATED,SIMULATED
35.6,30.6,11,-52.4231,141.8039,308.4729,0.35,1,SIMULATED,SIMULATED,SIMULATED,SIMULATED
35.6,30.6,4,346.8505,-231.4403,225.2195,0.0,1,SIMULATED,SIMULATED,SIMULATED,SIMULATED
35.6,30.6,77,298.7091,262.3218,319.2446,0.0292,4,SIMULATED,SIMULATED,SIMULATED,SIMULATED
35.8,30.799999999999997,22,284.8119,-219.7408,0.0,0.0,1,SIMULATED,SIMULATED,SIMULATED,SIMULATED
35.8,30.799999999999997,55,-63.5813,1553.2827,289.6527,-0.6025,3,SIMULATED,SIMULATED,SIMULATED,SIMULATED
35.8,30.799999999999997,16,-89.4246,1204.8573,287.715,0.2182,2,SIMULATED,SIMULATED,SIMULATED,SIMULATED
35.8,30.799999999999997,63,-217.4996,963.0365,287.641,-0.4079,2,SIMULATED,SIMULATED,SIMULATED,SIMULATED
35.8,30.799999999999997,44,-239.2698,557.689,292.3679,0.9491,2,SIMULATED,SIMULATED,SIMULATED,SIMULATED
35.8,30.799999999999997,11,-63.1237,155.1699,309.4202,0.1341,1,SIMULATED,SIMULATED,SIMULATED,SIMULATED
35.8,30.799999999999997,4,333.9301,-230.364,231.5243,0.8926,1,SIMULATED,SIMULATED,SIMULATED,SIMULATED
35.8,30.799999999999997,77,303.1724,245.1206,319.8374,0.0839,4,SIMULATED,SIMULATED,SIMULATED,SIMULATED
36.0,31.0,22,284.8119,-219.7408,0.0,0.0,1,SIMULATED,SIMULATED,SIMULATED,SIMULATED
36.0,31.0,55,-66.4759,1568.7854,283.6253,-0.8534,3,SIMULATED,SIMULATED,SIMULATED,SIMULATED
36.0,31.0,16,-85.7779,1220.5219,289.6862,0.2791,2,SIMULATED,SIMULATED,SIMULATED,SIMULATED
36.0,31.0,63,-213.8727,978.4839,285.7527,-0.2673,2,SIMULATED,SIMULATED,SIMULATED,SIMULATED
36.0,31.0,44,-240.8892,574.1928,298.457,0.8621,2,SIMULATED,SIMULATED,SIMULATED,SIMULATED
36.0,31.0,11,-72.5786,169.4014,308.5819,-0.1187,1,SIMULATED,SIMULATED,SIMULATED,SIMULATED
36.0,31.0,4,320.6064,-228.4489,241.141,1.3615,1,SIMULATED,SIMULATED,SIMULATED,SIMULATED
36.0,31.0,77,307.6633,227.9272,319.8374,-0.0,4,SIMULATED,SIMULATED,SIMULATED,SIMULATED
36.2,31.200000000000003,22,284.8119,-219.7408,0.0,0.0,1,SIMULATED,SIMULATED,SIMULATED,SIMULATED
36.2,31.200000000000003,55,-69.5256,1583.9249,277.6344,-0.8482,3,SIMULATED,SIMULATED,SIMULATED,SIMULATED
36.2,31.200000000000003,16,-82.2986,1236.4855,294.408,0.6685,3,SIMULATED,SIMULATED,SIMULATED,SIMULATED
36.2,31.200000000000003,63,-210.3034,993.7066,281.3031,-0.63,2,SIMULATED,SIMULATED,SIMULATED,SIMULATED
36.2,31.200000000000003,44,-242.4171,590.9415,302.6565,0.5946,2,SIMULATED,SIMULATED,SIMULATED,SIMULATED
36.2,31.200000000000003,11,-80.3278,184.4496,306.0294,-0.3614,1,SIMULATED,SIMULATED,SIMULATED,SIMULATED
36.2,31.200000000000003,4,306.9523,-225.6039,249.755,1.2196,1,SIMULATED,SIMULATED,SIMULATED,SIMULATED
36.2,31.200000000000003,77,312.1641,210.738,319.8374,0.0,4,SIMULATED,SIMULATED,SIMULATED,SIMULATED
36.4,31.4,22,284.8119,-219.7408,0.0,0.0,1,SIMULATED,SIMULATED,SIMULATED,SIMULATED
36.4,31.4,55,-72.7576,1598.7036,272.0979,-0.7839,3,SIMULATED,SIMULATED,SIMULATED,SIMULATED
36.4,31.4,16,-79.0713,1252.7578,298.9749,0.6466,3,SIMULATED,SIMULATED,SIMULATED,SIMULATED
36.4,31.4,63,-206.8205,1008.6733,276.6843,-0.6539,2,SIMULATED,SIMULATED,SIMULATED,SIMULATED
36.4,31.4,44,-243.8198,607.9131,306.4406,0.5358,2,SIMULATED,SIMULATED,SIMULATED,SIMULATED
36.4,31.4,11,-86.4635,199.9734,301.8315,-0.5943,1,SIMULATED,SIMULATED,SIMULATED,SIMULATED
36.4,31.4,4,293.1671,-222.0403,255.1163,0.7591,1,SIMULATED,SIMULATED,SIMULATED,SIMULATED
36.4,31.4,77,316.6429,193.5472,319.8374,0.0,4,SIMULATED,SIMULATED,SIMULATED,SIMULATED
36.6,31.6,22,284.8119,-219.7408,0.0,0.0,1,SIMULATED,SIMULATED,SIMULATED,SIMULATED
36.6,31.6,55,-76.0488,1613.0716,265.2941,-0.9633,3,SIMULATED,SIMULATED,SIMULATED,SIMULATED
36.6,31.6,16,-76.0342,1269.3485,303.7937,0.6822,3,SIMULATED,SIMULATED,SIMULATED,SIMULATED
36.6,31.6,63,-203.2757,1023.3324,271.8221,-0.6884,2,SIMULATED,SIMULATED,SIMULATED,SIMULATED
36.6,31.6,44,-245.0608,625.1554,311.0892,0.6581,2,SIMULATED,SIMULATED,SIMULATED,SIMULATED
36.6,31.6,11,-90.5434,215.8759,296.3717,-0.773,1,SIMULATED,SIMULATED,SIMULATED,SIMULATED
36.6,31.6,4,279.2171,-217.5702,262.9691,1.1118,1,SIMULATED,SIMULATED,SIMULATED,SIMULATED
36.6,31.6,77,321.0532,176.3398,319.8374,0.0,4,SIMULATED,SIMULATED,SIMULATED,SIMULATED
36.8,31.799999999999997,22,284.8119,-219.7408,0.0,0.0,1,SIMULATED,SIMULATED,SIMULATED,SIMULATED
36.8,31.799999999999997,55,-79.1927,1627.03,257.7006,-1.0751,3,SIMULATED,SIMULATED,SIMULATED,SIMULATED
36.8,31.799999999999997,16,-73.1119,1286.293,309.6639,0.8311,3,SIMULATED,SIMULATED,SIMULATED,SIMULATED
36.8,31.799999999999997,63,-199.341,1037.4384,265.3806,-0.912,2,SIMULATED,SIMULATED,SIMULATED,SIMULATED
36.8,31.799999999999997,44,-246.1991,642.5505,313.6975,0.3693,2,SIMULATED,SIMULATED,SIMULATED,SIMULATED
36.8,31.799999999999997,11,-93.246,231.7301,290.5718,-0.8211,1,SIMULATED,SIMULATED,SIMULATED,SIMULATED
36.8,31.799999999999997,4,265.0963,-212.3659,269.9529,0.9888,1,SIMULATED,SIMULATED,SIMULATED,SIMULATED
36.8,31.799999999999997,77,325.3665,159.1159,319.8374,-0.0,4,SIMULATED,SIMULATED,SIMULATED,SIMULATED
37.0,32.0,22,284.8119,-219.7408,0.0,0.0,1,SIMULATED,SIMULATED,SIMULATED,SIMULATED
37.0,32.0,55,-82.0924,1640.5181,248.5032,-1.3022,3,SIMULATED,SIMULATED,SIMULATED,SIMULATED
37.0,32.0,16,-70.3017,1303.5518,314.8507,0.7343,3,SIMULATED,SIMULATED,SIMULATED,SIMULATED
37.0,32.0,63,-194.3625,1050.885,261.0388,-0.6147,2,SIMULATED,SIMULATED,SIMULATED,SIMULATED
37.0,32.0,44,-247.1196,660.0825,315.9089,0.3131,2,SIMULATED,SIMULATED,SIMULATED,SIMULATED
37.0,32.0,11,-94.6338,247.3669,283.2058,-1.0429,1,SIMULATED,SIMULATED,SIMULATED,SIMULATED
37.0,32.0,4,250.9084,-206.3205,276.2996,0.8986,1,SIMULATED,SIMULATED,SIMULATED,SIMULATED
37.0,32.0,77,329.4894,141.86,319.8374,0.0,4,SIMULATED,SIMULATED,SIMULATED,SIMULATED
37.2,32.2,22,284.8119,-219.7408,0.0,0.0,1,SIMULATED,SIMULATED,SIMULATED,SIMULATED
37.2,32.2,55,-84.7674,1653.5818,240.5264,-1.1293,3,SIMULATED,SIMULATED,SIMULATED,SIMULATED
37.2,32.2,16,-67.6622,1321.0052,318.1001,0.46,3,SIMULATED,SIMULATED,SIMULATED,SIMULATED
37.2,32.2,63,-186.9821,1062.5658,257.4018,-0.5149,2,SIMULATED,SIMULATED,SIMULATED,SIMULATED
37.2,32.2,44,-247.8622,677.6801,316.9356,0.1454,2,SIMULATED,SIMULATED,SIMULATED,SIMULATED
37.2,32.2,11,-95.0107,262.676,276.1077,-1.0049,1,SIMULATED,SIMULATED,SIMULATED,SIMULATED
37.2,32.2,4,236.9052,-199.4996,279.6043,0.4679,1,SIMULATED,SIMULATED,SIMULATED,SIMULATED
37.2,32.2,77,333.1704,124.4954,319.8374,0.0,4,SIMULATED,SIMULATED,SIMULATED,SIMULATED
37.4,32.4,22,284.8119,-219.7408,0.0,0.0,1,SIMULATED,SIMULATED,SIMULATED,SIMULATED
37.4,32.4,55,-86.8829,1666.141,229.9607,-1.4959,3,SIMULATED,SIMULATED,SIMULATED,SIMULATED
37.4,32.4,16,-65.2289,1338.6054,320.012,0.2707,3,SIMULATED,SIMULATED,SIMULATED,SIMULATED
37.4,32.4,63,-175.771,1070.0624,256.5027,-0.1273,2,SIMULATED,SIMULATED,SIMULATED,SIMULATED
37.4,32.4,44,-248.3942,695.3676,318.4157,0.2095,2,SIMULATED,SIMULATED,SIMULATED,SIMULATED
37.4,32.4,11,-94.8449,277.5858,268.8385,-1.0292,2,SIMULATED,SIMULATED,SIMULATED,SIMULATED
37.4,32.4,4,223.0923,-191.9241,282.5271,0.4138,1,SIMULATED,SIMULATED,SIMULATED,SIMULATED
37.4,32.4,77,336.6538,107.0812,319.8374,0.0,4,SIMULATED,SIMULATED,SIMULATED,SIMULATED
37.6,32.6,22,284.8119,-219.7408,0.0,0.0,1,SIMULATED,SIMULATED,SIMULATED,SIMULATED
37.6,32.6,55,-87.6118,1678.1756,220.3846,-1.3558,3,SIMULATED,SIMULATED,SIMULATED,SIMULATED
37.6,32.6,16,-63.0107,1356.2562,320.4,0.0549,3,SIMULATED,SIMULATED,SIMULATED,SIMULATED
37.6,32.6,63,-162.4695,1074.735,256.5027,0.0,2,SIMULATED,SIMULATED,SIMULATED,SIMULATED
37.6,32.6,44,-248.7356,713.155,320.0979,0.2382,2,SIMULATED,SIMULATED,SIMULATED,SIMULATED
37.6,32.6,11,-94.3984,292.2268,263.7544,-0.7198,2,SIMULATED,SIMULATED,SIMULATED,SIMULATED
37.6,32.6,4,209.6582,-183.619,283.4167,0.1259,1,SIMULATED,SIMULATED,SIMULATED,SIMULATED
37.6,32.6,77,339.6349,89.6742,318.899,-0.1329,4,SIMULATED,SIMULATED,SIMULATED,SIMULATED
37.8,32.8,22,284.8119,-219.7408,0.0,0.0,1,SIMULATED,SIMULATED,SIMULATED,SIMULATED
37.8,32.8,55,-85.4979,1689.2612,211.0936,-1.3154,3,SIMULATED,SIMULATED,SIMULATED,SIMULATED
37.8,32.8,16,-61.1854,1373.9417,320.4,0.0,3,SIMULATED,SIMULATED,SIMULATED,SIMULATED
37.8,32.8,63,-149.2017,1080.5178,256.5027,0.0,2,SIMULATED,SIMULATED,SIMULATED,SIMULATED
37.8,32.8,44,-248.81,730.9594,320.4,0.0428,2,SIMULATED,SIMULATED,SIMULATED,SIMULATED
37.8,32.8,11,-93.797,306.6197,259.3635,-0.6217,2,SIMULATED,SIMULATED,SIMULATED,SIMULATED
37.8,32.8,4,196.3597,-174.5919,288.2684,0.6869,1,SIMULATED,SIMULATED,SIMULATED,SIMULATED
37.8,32.8,77,341.5682,72.2244,317.7018,-0.1695,1,SIMULATED,SIMULATED,SIMULATED,SIMULATED
38.0,33.0,22,284.8119,-219.7408,0.0,0.0,1,SIMULATED,SIMULATED,SIMULATED,SIMULATED
38.0,33.0,55,-78.9646,1697.7474,204.8988,-0.8771,3,SIMULATED,SIMULATED,SIMULATED,SIMULATED
38.0,33.0,16,-59.7051,1391.6586,320.4,0.0,3,SIMULATED,SIMULATED,SIMULATED,SIMULATED
38.0,33.0,63,-137.1124,1088.4724,256.5027,0.0,2,SIMULATED,SIMULATED,SIMULATED,SIMULATED
38.0,33.0,44,-248.6405,748.7667,320.4,0.0,2,SIMULATED,SIMULATED,SIMULATED,SIMULATED
38.0,33.0,11,-93.1811,320.8571,256.2268,-0.4441,2,SIMULATED,SIMULATED,SIMULATED,SIMULATED
38.0,33.0,4,183.1643,-165.1053,292.0645,0.5375,1,SIMULATED,SIMULATED,SIMULATED,SIMULATED
38.0,33.0,77,342.5297,55.0105,310.7715,-0.9812,1,SIMULATED,SIMULATED,SIMULATED,SIMULATED
38.2,33.2,22,284.8119,-219.7408,0.0,0.0,1,SIMULATED,SIMULATED,SIMULATED,SIMULATED
38.2,33.2,55,-69.1121,1700.4219,201.7334,-0.4482,3,SIMULATED,SIMULATED,SIMULATED,SIMULATED
38.2,33.2,16,-58.6472,1409.3933,320.4,0.0,3,SIMULATED,SIMULATED,SIMULATED,SIMULATED
38.2,33.2,63,-126.6118,1098.5372,256.5027,0.0,2,SIMULATED,SIMULATED,SIMULATED,SIMULATED
38.2,33.2,44,-248.0726,766.5709,320.4,0.0,2,SIMULATED,SIMULATED,SIMULATED,SIMULATED
38.2,33.2,11,-93.0443,335.1344,256.9468,0.1019,2,SIMULATED,SIMULATED,SIMULATED,SIMULATED
38.2,33.2,4,170.2331,-155.3233,291.4386,-0.0886,1,SIMULATED,SIMULATED,SIMULATED,SIMULATED
38.2,33.2,77,343.0934,38.2342,303.1565,-1.0781,1,SIMULATED,SIMULATED,SIMULATED,SIMULATED
38.4,33.4,22,284.8119,-219.7408,0.0,0.0,1,SIMULATED,SIMULATED,SIMULATED,SIMULATED
38.4,33.4,55,-59.6947,1696.3397,199.3362,-0.3394,3,SIMULATED,SIMULATED,SIMULATED,SIMULATED
38.4,33.4,16,-57.9214,1427.1633,320.4,0.0,3,SIMULATED,SIMULATED,SIMULATED,SIMULATED
38.4,33.4,63,-118.2903,1110.3587,256.8445,0.0484,2,SIMULATED,SIMULATED,SIMULATED,SIMULATED
38.4,33.4,44,-247.1277,784.3563,320.4,0.0,2,SIMULATED,SIMULATED,SIMULATED,SIMULATED
38.4,33.4,11,-93.4304,349.3621,255.5541,-0.1972,2,SIMULATED,SIMULATED,SIMULATED,SIMULATED
38.4,33.4,4,157.6014,-145.4698,288.1273,-0.4688,1,SIMULATED,SIMULATED,SIMULATED,SIMULATED
38.4,33.4,77,342.9766,21.6686,298.8955,-0.6033,1,SIMULATED,SIMULATED,SIMULATED,SIMULATED
38.6,33.6,22,284.8119,-219.7408,0.0,0.0,1,SIMULATED,SIMULATED,SIMULATED,SIMULATED
38.6,33.6,55,-53.3439,1687.877,198.109,-0.1737,3,SIMULATED,SIMULATED,SIMULATED,SIMULATED
38.6,33.6,16,-57.5354,1444.9297,320.2693,-0.0185,3,SIMULATED,SIMULATED,SIMULATED,SIMULATED
38.6,33.6,63,-111.3091,1123.143,259.1355,0.3243,2,SIMULATED,SIMULATED,SIMULATED,SIMULATED
38.6,33.6,44,-245.8603,802.1148,320.4,-0.0,2,SIMULATED,SIMULATED,SIMULATED,SIMULATED
38.6,33.6,11,-94.8053,363.3175,251.9098,-0.516,2,SIMULATED,SIMULATED,SIMULATED,SIMULATED
38.6,33.6,4,145.2349,-135.6449,284.2201,-0.5532,1,SIMULATED,SIMULATED,SIMULATED,SIMULATED
38.6,33.6,77,342.1501,5.3039,295.6468,-0.46,1,SIMULATED,SIMULATED,SIMULATED,SIMULATED
38.8,33.8,22,284.8119,-219.7408,0.0,0.0,1,SIMULATED,SIMULATED,SIMULATED,SIMULATED
38.8,33.8,55,-49.1691,1677.6116,202.5678,0.6313,3,SIMULATED,SIMULATED,SIMULATED,SIMULATED
38.8,33.8,16,-57.4321,1462.6421,318.9521,-0.1865,3,SIMULATED,SIMULATED,SIMULATED,SIMULATED
38.8,33.8,63,-105.6438,1136.7999,264.1008,0.703,2,SIMULATED,SIMULATED,SIMULATED,SIMULATED
38.8,33.8,44,-244.2839,819.8549,320.4,0.0,2,SIMULATED,SIMULATED,SIMULATED,SIMULATED
38.8,33.8,11,-97.682,376.8643,247.4696,-0.6286,2,SIMULATED,SIMULATED,SIMULATED,SIMULATED
38.8,33.8,4,133.0299,-125.8036,281.9802,-0.3171,1,SIMULATED,SIMULATED,SIMULATED,SIMULATED
38.8,33.8,77,340.9524,-10.9082,293.1089,-0.3593,1,SIMULATED,SIMULATED,SIMULATED,SIMULATED
39.0,34.0,22,284.8119,-219.7408,0.0,0.0,1,SIMULATED,SIMULATED,SIMULATED,SIMULATED
39.0,34.0,55,-46.0144,1665.9922,218.8569,2.3062,3,SIMULATED,SIMULATED,SIMULATED,SIMULATED
39.0,34.0,16,-57.6224,1480.09,314.4269,-0.6407,3,SIMULATED,SIMULATED,SIMULATED,SIMULATED
39.0,34.0,63,-100.8718,1151.1163,270.1995,0.8634,2,SIMULATED,SIMULATED,SIMULATED,SIMULATED
39.0,34.0,44,-242.4374,837.5651,320.4,0.0,2,SIMULATED,SIMULATED,SIMULATED,SIMULATED
39.0,34.0,11,-103.9544,388.8741,242.6259,-0.6858,2,SIMULATED,SIMULATED,SIMULATED,SIMULATED
39.0,34.0,4,120.9608,-115.8898,280.6176,-0.1929,1,SIMULATED,SIMULATED,SIMULATED,SIMULATED
39.0,34.0,77,339.4985,-27.1061,293.1089,0.0,1,SIMULATED,SIMULATED,SIMULATED,SIMULATED
39.2,34.2,22,284.8119,-219.7408,0.0,0.0,1,SIMULATED,SIMULATED,SIMULATED,SIMULATED
39.2,34.2,55,-43.6929,1653.296,233.1812,2.028,3,SIMULATED,SIMULATED,SIMULATED,SIMULATED
39.2,34.2,16,-58.3588,1497.1893,309.0413,-0.7625,3,SIMULATED,SIMULATED,SIMULATED,SIMULATED
39.2,34.2,63,-96.6452,1165.9757,277.3024,1.0056,2,SIMULATED,SIMULATED,SIMULATED,SIMULATED
39.2,34.2,44,-240.286,855.1751,319.1679,-0.1744,2,SIMULATED,SIMULATED,SIMULATED,SIMULATED
39.2,34.2,11,-113.2895,398.0763,234.1781,-1.196,2,SIMULATED,SIMULATED,SIMULATED,SIMULATED
39.2,34.2,4,109.2821,-105.6066,279.4379,-0.167,1,SIMULATED,SIMULATED,SIMULATED,SIMULATED
39.2,34.2,77,337.8111,-43.2341,292.2067,-0.1277,1,SIMULATED,SIMULATED,SIMULATED,SIMULATED
39.4,34.4,22,284.8119,-219.7408,0.0,0.0,1,SIMULATED,SIMULATED,SIMULATED,SIMULATED
39.4,34.4,55,-42.1761,1639.6737,247.7424,2.0616,3,SIMULATED,SIMULATED,SIMULATED,SIMULATED
39.4,34.4,16,-59.7623,1513.9058,302.4396,-0.9347,3,SIMULATED,SIMULATED,SIMULATED,SIMULATED
39.4,34.4,63,-92.6507,1181.1911,283.0312,0.8111,2,SIMULATED,SIMULATED,SIMULATED,SIMULATED
39.4,34.4,44,-237.8301,872.6112,316.6801,-0.3522,2,SIMULATED,SIMULATED,SIMULATED,SIMULATED
39.4,34.4,11,-125.0187,403.1884,229.041,-0.7273,2,SIMULATED,SIMULATED,SIMULATED,SIMULATED
39.4,34.4,4,98.4442,-94.4399,278.604,-0.1181,1,SIMULATED,SIMULATED,SIMULATED,SIMULATED
39.4,34.4,77,336.0775,-59.0181,285.6441,-0.9291,1,SIMULATED,SIMULATED,SIMULATED,SIMULATED
39.6,34.6,22,284.8119,-219.7408,0.0,0.0,1,SIMULATED,SIMULATED,SIMULATED,SIMULATED
39.6,34.6,55,-40.6757,1625.2806,260.2882,1.7762,3,SIMULATED,SIMULATED,SIMULATED,SIMULATED
39.6,34.6,16,-61.7214,1530.2061,296.7354,-0.8076,3,SIMULATED,SIMULATED,SIMULATED,SIMULATED
39.6,34.6,63,-88.8212,1196.6437,286.1741,0.445,2,SIMULATED,SIMULATED,SIMULATED,SIMULATED
39.6,34.6,44,-235.0452,889.6788,311.1141,-0.788,2,SIMULATED,SIMULATED,SIMULATED,SIMULATED
39.6,34.6,11,-137.4067,404.5653,222.8282,-0.8796,2,SIMULATED,SIMULATED,SIMULATED,SIMULATED
39.6,34.6,4,88.4368,-82.4711,278.604,0.0,1,SIMULATED,SIMULATED,SIMULATED,SIMULATED
39.6,34.6,77,334.5791,-74.3554,277.075,-1.2132,1,SIMULATED,SIMULATED,SIMULATED,SIMULATED
39.8,34.8,22,284.8119,-219.7408,0.0,0.0,1,SIMULATED,SIMULATED,SIMULATED,SIMULATED
39.8,34.8,55,-38.8518,1610.28,271.6104,1.603,3,SIMULATED,SIMULATED,SIMULATED,SIMULATED
39.8,34.8,16,-64.3544,1546.1417,290.9703,-0.8162,3,SIMULATED,SIMULATED,SIMULATED,SIMULATED
39.8,34.8,63,-85.0963,1212.297,289.3932,0.4558,2,SIMULATED,SIMULATED,SIMULATED,SIMULATED
39.8,34.8,44,-231.9667,906.2349,302.9678,-1.1533,2,SIMULATED,SIMULATED,SIMULATED,SIMULATED
39.8,34.8,11,-149.5972,404.1732,219.3517,-0.4922,2,SIMULATED,SIMULATED,SIMULATED,SIMULATED
39.8,34.8,4,80.6031,-68.8698,278.8446,0.0341,1,SIMULATED,SIMULATED,SIMULATED,SIMULATED
39.8,34.8,77,333.4381,-89.3223,269.3424,-1.0948,1,SIMULATED,SIMULATED,SIMULATED,SIMULATED
40.0,35.0,22,284.8119,-219.7408,0.0,0.0,1,SIMULATED,SIMULATED,SIMULATED,SIMULATED
40.0,35.0,55,-35.83,1594.8395,281.6302,1.4186,3,SIMULATED,SIMULATED,SIMULATED,SIMULATED
40.0,35.0,16,-67.1485,1561.7687,286.1418,-0.6836,3,SIMULATED,SIMULATED,SIMULATED,SIMULATED
40.0,35.0,63,-81.5338,1228.1381,291.8497,0.3478,2,SIMULATED,SIMULATED,SIMULATED,SIMULATED
40.0,35.0,44,-228.6725,922.3483,295.8853,-1.0027,2,SIMULATED,SIMULATED,SIMULATED,SIMULATED
40.0,35.0,11,-161.5536,404.4655,216.5836,-0.3919,2,SIMULATED,SIMULATED,SIMULATED,SIMULATED
40.0,35.0,4,75.9025,-53.788,278.8446,0.0,1,SIMULATED,SIMULATED,SIMULATED,SIMULATED
40.0,35.0,77,333.0998,-104.0196,263.6442,-0.8067,1,SIMULATED,SIMULATED,SIMULATED,SIMULATED
40.2,35.2,22,284.8119,-219.7408,0.0,0.0,1,SIMULATED,SIMULATED,SIMULATED,SIMULATED
40.2,35.2,55,-31.5676,1579.1634,290.8326,1.3029,3,SIMULATED,SIMULATED,SIMULATED,SIMULATED
40.2,35.2,16,-70.1688,1577.0585,280.6875,-0.7722,3,SIMULATED,SIMULATED,SIMULATED,SIMULATED
40.2,35.2,63,-78.132,1244.3025,296.5704,0.6684,3,SIMULATED,SIMULATED,SIMULATED,SIMULATED
40.2,35.2,44,-225.2452,938.134,290.7287,-0.7301,2,SIMULATED,SIMULATED,SIMULATED,SIMULATED
40.2,35.2,11,-173.3157,406.6994,217.8806,0.1836,2,SIMULATED,SIMULATED,SIMULATED,SIMULATED
40.2,35.2,4,75.5713,-38.1067,279.1529,0.0437,1,SIMULATED,SIMULATED,SIMULATED,SIMULATED
40.2,35.2,77,333.7985,-118.3463,255.976,-1.0857,1,SIMULATED,SIMULATED,SIMULATED,SIMULATED
40.4,35.4,22,284.8119,-219.7408,0.0,0.0,1,SIMULATED,SIMULATED,SIMULATED,SIMULATED
40.4,35.4,55,-26.1742,1563.3666,299.9985,1.2977,3,SIMULATED,SIMULATED,SIMULATED,SIMULATED
40.4,35.4,16,-73.2982,1591.9607,274.2952,-0.905,3,SIMULATED,SIMULATED,SIMULATED,SIMULATED
40.4,35.4,63,-75.0296,1260.8096,302.0936,0.782,3,SIMULATED,SIMULATED,SIMULATED,SIMULATED
40.4,35.4,44,-221.6941,953.8263,289.4967,-0.1744,2,SIMULATED,SIMULATED,SIMULATED,SIMULATED
40.4,35.4,11,-184.679,411.6535,225.1967,1.0358,2,SIMULATED,SIMULATED,SIMULATED,SIMULATED
40.4,35.4,4,75.6527,-22.724,279.1529,0.0,1,SIMULATED,SIMULATED,SIMULATED,SIMULATED
40.4,35.4,77,336.8111,-132.0022,247.8701,-1.1476,1,SIMULATED,SIMULATED,SIMULATED,SIMULATED
40.6,35.6,22,284.8119,-219.7408,0.0,0.0,1,SIMULATED,SIMULATED,SIMULATED,SIMULATED
40.6,35.6,55,-20.0684,1547.4766,305.8479,0.8281,3,SIMULATED,SIMULATED,SIMULATED,SIMULATED
40.6,35.6,16,-76.5843,1606.4726,268.0928,-0.8781,3,SIMULATED,SIMULATED,SIMULATED,SIMULATED
40.6,35.6,63,-72.0551,1277.5948,306.6059,0.6389,3,SIMULATED,SIMULATED,SIMULATED,SIMULATED
40.6,35.6,44,-218.0753,969.3682,287.2165,-0.3228,2,SIMULATED,SIMULATED,SIMULATED,SIMULATED
40.6,35.6,11,-194.9639,419.3772,234.2886,1.2872,2,SIMULATED,SIMULATED,SIMULATED,SIMULATED
40.6,35.6,4,73.9831,-7.552,279.1529,-0.0,1,SIMULATED,SIMULATED,SIMULATED,SIMULATED
40.6,35.6,77,342.5152,-144.2696,239.8157,-1.1403,1,SIMULATED,SIMULATED,SIMULATED,SIMULATED
40.8,35.8,22,284.8119,-219.7408,0.0,0.0,1,SIMULATED,SIMULATED,SIMULATED,SIMULATED
40.8,35.8,55,-13.5183,1531.5461,309.6968,0.5449,3,SIMULATED,SIMULATED,SIMULATED,SIMULATED
40.8,35.8,16,-79.8187,1620.6237,261.1637,-0.981,3,SIMULATED,SIMULATED,SIMULATED,SIMULATED
40.8,35.8,63,-69.2023,1294.7251,312.2973,0.8058,3,SIMULATED,SIMULATED,SIMULATED,SIMULATED
40.8,35.8,44,-214.4494,984.7252,284.0395,-0.4498,2,SIMULATED,SIMULATED,SIMULATED,SIMULATED
40.8,35.8,11,-204.3087,429.0158,243.1281,1.2515,2,SIMULATED,SIMULATED,SIMULATED,SIMULATED
40.8,35.8,4,69.1861,6.8628,279.1529,0.0,1,SIMULATED,SIMULATED,SIMULATED,SIMULATED
40.8,35.8,77,350.2645,-154.7437,231.1457,-1.2275,1,SIMULATED,SIMULATED,SIMULATED,SIMULATED
41.0,36.0,22,284.8119,-219.7408,0.0,0.0,1,SIMULATED,SIMULATED,SIMULATED,SIMULATED
41.0,36.0,55,-6.8024,1515.5725,311.8487,0.3047,3,SIMULATED,SIMULATED,SIMULATED,SIMULATED
41.0,36.0,16,-82.8348,1634.3701,253.1648,-1.1325,3,SIMULATED,SIMULATED,SIMULATED,SIMULATED
41.0,36.0,63,-66.4457,1312.0738,315.8639,0.505,3,SIMULATED,SIMULATED,SIMULATED,SIMULATED
41.0,36.0,44,-210.9297,999.8655,279.8214,-0.5972,2,SIMULATED,SIMULATED,SIMULATED,SIMULATED
41.0,36.0,11,-212.0362,440.6167,252.9225,1.3867,2,SIMULATED,SIMULATED,SIMULATED,SIMULATED
41.0,36.0,4,61.4749,20.1162,279.1358,-0.0024,1,SIMULATED,SIMULATED,SIMULATED,SIMULATED
41.0,36.0,77,359.3529,-163.4117,222.6551,-1.2021,1,SIMULATED,SIMULATED,SIMULATED,SIMULATED
41.2,36.2,22,284.8119,-219.7408,0.0,0.0,1,SIMULATED,SIMULATED,SIMULATED,SIMULATED
41.2,36.2,55,-0.0116,1499.4904,314.1841,0.3306,3,SIMULATED,SIMULATED,SIMULATED,SIMULATED
41.2,36.2,16,-85.6065,1647.653,244.0697,-1.2877,3,SIMULATED,SIMULATED,SIMULATED,SIMULATED
41.2,36.2,63,-63.9172,1329.6421,319.2647,0.4815,3,SIMULATED,SIMULATED,SIMULATED,SIMULATED
41.2,36.2,44,-207.4324,1014.7156,274.5297,-0.7492,2,SIMULATED,SIMULATED,SIMULATED,SIMULATED
41.2,36.2,11,-218.4065,453.5113,260.3016,1.0447,2,SIMULATED,SIMULATED,SIMULATED,SIMULATED
41.2,36.2,4,52.3896,32.5007,277.7239,-0.1999,1,SIMULATED,SIMULATED,SIMULATED,SIMULATED
41.2,36.2,77,368.9996,-170.5966,214.5855,-1.1425,1,SIMULATED,SIMULATED,SIMULATED,SIMULATED
41.4,36.4,22,284.8119,-219.7408,0.0,0.0,1,SIMULATED,SIMULATED,SIMULATED,SIMULATED
41.4,36.4,55,6.8531,1483.3701,315.3396,0.1636,3,SIMULATED,SIMULATED,SIMULATED,SIMULATED
41.4,36.4,16,-88.0442,1660.4976,234.9029,-1.2978,3,SIMULATED,SIMULATED,SIMULATED,SIMULATED
41.4,36.4,63,-61.5889,1347.3082,320.4,0.1607,3,SIMULATED,SIMULATED,SIMULATED,SIMULATED
41.4,36.4,44,-203.841,1029.2478,269.1704,-0.7588,2,SIMULATED,SIMULATED,SIMULATED,SIMULATED
41.4,36.4,11,-223.4998,467.3855,266.756,0.9138,2,SIMULATED,SIMULATED,SIMULATED,SIMULATED
41.4,36.4,4,42.8164,44.5748,277.5727,-0.0214,1,SIMULATED,SIMULATED,SIMULATED,SIMULATED
41.4,36.4,77,378.7022,-176.9445,208.4637,-0.8667,1,SIMULATED,SIMULATED,SIMULATED,SIMULATED
41.6,36.6,22,284.8119,-219.7408,0.0,0.0,1,SIMULATED,SIMULATED,SIMULATED,SIMULATED
41.6,36.6,55,13.7897,1467.1838,316.9264,0.2247,3,SIMULATED,SIMULATED,SIMULATED,SIMULATED
41.6,36.6,16,-89.5492,1673.0134,225.0761,-1.3913,3,SIMULATED,SIMULATED,SIMULATED,SIMULATED
41.6,36.6,63,-59.5705,1365.0286,320.4,0.0,3,SIMULATED,SIMULATED,SIMULATED,SIMULATED
41.6,36.6,44,-199.5202,1043.2471,263.2564,-0.8373,2,SIMULATED,SIMULATED,SIMULATED,SIMULATED
41.6,36.6,11,-227.6492,481.7804,270.3663,0.5111,2,SIMULATED,SIMULATED,SIMULATED,SIMULATED
41.6,36.6,4,33.017,56.6323,280.0287,0.3477,1,SIMULATED,SIMULATED,SIMULATED,SIMULATED
41.6,36.6,77,387.462,-183.5612,202.4766,-0.8476,1,SIMULATED,SIMULATED,SIMULATED,SIMULATED
41.8,36.8,22,284.8119,-219.7408,0.0,0.0,1,SIMULATED,SIMULATED,SIMULATED,SIMULATED
41.8,36.8,55,20.7867,1451.0226,316.9264,0.0,3,SIMULATED,SIMULATED,SIMULATED,SIMULATED
41.8,36.8,16,-88.8294,1685.0674,213.3558,-1.6593,3,SIMULATED,SIMULATED,SIMULATED,SIMULATED
41.8,36.8,63,-57.9067,1382.7776,320.4,0.0,3,SIMULATED,SIMULATED,SIMULATED,SIMULATED
41.8,36.8,44,-193.7116,1056.5204,259.4436,-0.5398,2,SIMULATED,SIMULATED,SIMULATED,SIMULATED
41.8,36.8,11,-230.552,496.4867,270.6519,0.0404,2,SIMULATED,SIMULATED,SIMULATED,SIMULATED
41.8,36.8,4,22.8309,68.6379,283.8983,0.5478,1,SIMULATED,SIMULATED,SIMULATED,SIMULATED
41.8,36.8,77,391.6331,-192.843,199.9602,-0.3563,1,SIMULATED,SIMULATED,SIMULATED,SIMULATED
42.0,37.0,22,284.8119,-219.7408,0.0,0.0,1,SIMULATED,SIMULATED,SIMULATED,SIMULATED
42.0,37.0,55,27.8235,1434.8829,316.9264,0.0,3,SIMULATED,SIMULATED,SIMULATED,SIMULATED
42.0,37.0,16,-83.87,1695.7891,206.9969,-0.9003,3,SIMULATED,SIMULATED,SIMULATED,SIMULATED
42.0,37.0,63,-56.6248,1400.5744,320.4,0.0,3,SIMULATED,SIMULATED,SIMULATED,SIMULATED
42.0,37.0,44,-184.4187,1067.4313,256.6655,-0.3933,2,SIMULATED,SIMULATED,SIMULATED,SIMULATED
42.0,37.0,11,-232.8741,511.4935,273.6863,0.4296,2,SIMULATED,SIMULATED,SIMULATED,SIMULATED
42.0,37.0,4,12.0287,80.5001,289.8015,0.8358,1,SIMULATED,SIMULATED,SIMULATED,SIMULATED
42.0,37.0,77,391.9087,-203.4513,199.2051,-0.1069,1,SIMULATED,SIMULATED,SIMULATED,SIMULATED
42.2,37.2,22,284.8119,-219.7408,0.0,0.0,1,SIMULATED,SIMULATED,SIMULATED,SIMULATED
42.2,37.2,55,34.8436,1418.7377,316.9264,0.0,3,SIMULATED,SIMULATED,SIMULATED,SIMULATED
42.2,37.2,16,-73.9686,1702.1803,202.0785,-0.6963,3,SIMULATED,SIMULATED,SIMULATED,SIMULATED
42.2,37.2,63,-55.7451,1418.3779,320.4,0.0,3,SIMULATED,SIMULATED,SIMULATED,SIMULATED
42.2,37.2,44,-171.5677,1073.7548,256.5027,-0.023,2,SIMULATED,SIMULATED,SIMULATED,SIMULATED
42.2,37.2,11,-234.8649,526.8804,279.4233,0.8122,2,SIMULATED,SIMULATED,SIMULATED,SIMULATED
42.2,37.2,4,0.6021,91.8821,291.3507,0.2193,1,SIMULATED,SIMULATED,SIMULATED,SIMULATED
42.2,37.2,77,388.0805,-213.4112,200.6565,0.2055,1,SIMULATED,SIMULATED,SIMULATED,SIMULATED
42.4,37.4,22,284.8119,-219.7408,0.0,0.0,1,SIMULATED,SIMULATED,SIMULATED,SIMULATED
42.4,37.4,55,41.8624,1402.5371,317.8375,0.129,3,SIMULATED,SIMULATED,SIMULATED,SIMULATED
42.4,37.4,16,-62.6384,1700.5955,199.3362,-0.3883,3,SIMULATED,SIMULATED,SIMULATED,SIMULATED
42.4,37.4,63,-55.158,1436.2031,320.4,0.0,3,SIMULATED,SIMULATED,SIMULATED,SIMULATED
42.4,37.4,44,-158.1544,1078.4588,256.5027,0.0,2,SIMULATED,SIMULATED,SIMULATED,SIMULATED
42.4,37.4,11,-236.6869,542.6662,286.1244,0.9487,2,SIMULATED,SIMULATED,SIMULATED,SIMULATED
42.4,37.4,4,-11.5397,102.713,294.0643,0.3842,1,SIMULATED,SIMULATED,SIMULATED,SIMULATED
42.4,37.4,77,380.748,-221.6869,208.7194,1.1415,1,SIMULATED,SIMULATED,SIMULATED,SIMULATED
42.6,37.6,22,284.8119,-219.7408,0.0,0.0,1,SIMULATED,SIMULATED,SIMULATED,SIMULATED
42.6,37.6,55,48.8616,1386.2732,318.7534,0.1297,3,SIMULATED,SIMULATED,SIMULATED,SIMULATED
42.6,37.6,16,-54.158,1693.0434,199.3362,0.0,3,SIMULATED,SIMULATED,SIMULATED,SIMULATED
42.6,37.6,63,-54.955,1453.9379,319.1012,-0.1839,3,SIMULATED,SIMULATED,SIMULATED,SIMULATED
42.6,37.6,44,-145.5489,1084.9228,256.5027,0.0,2,SIMULATED,SIMULATED,SIMULATED,SIMULATED
42.6,37.6,11,-238.3807,558.8345,292.7277,0.9349,2,SIMULATED,SIMULATED,SIMULATED,SIMULATED
42.6,37.6,4,-24.2769,113.3747,299.4745,0.766,1,SIMULATED,SIMULATED,SIMULATED,SIMULATED
42.6,37.6,77,370.4734,-227.0179,218.8694,1.437,1,SIMULATED,SIMULATED,SIMULATED,SIMULATED
42.8,37.8,22,284.8119,-219.7408,0.0,0.0,1,SIMULATED,SIMULATED,SIMULATED,SIMULATED
42.8,37.8,55,55.7818,1369.9077,319.9792,0.1736,3,SIMULATED,SIMULATED,SIMULATED,SIMULATED
42.8,37.8,16,-48.9083,1683.0196,198.3173,-0.1443,3,SIMULATED,SIMULATED,SIMULATED,SIMULATED
42.8,37.8,63,-54.9985,1471.537,316.3168,-0.3942,3,SIMULATED,SIMULATED,SIMULATED,SIMULATED
42.8,37.8,44,-134.2593,1093.4414,256.5027,0.0,2,SIMULATED,SIMULATED,SIMULATED,SIMULATED
42.8,37.8,11,-239.997,575.3518,298.7696,0.8554,2,SIMULATED,SIMULATED,SIMULATED,SIMULATED
42.8,37.8,4,-37.2879,124.2879,304.3331,0.6879,1,SIMULATED,SIMULATED,SIMULATED,SIMULATED
42.8,37.8,77,358.3531,-228.9391,225.2195,0.899,1,SIMULATED,SIMULATED,SIMULATED,SIMULATED
43.0,38.0,22,284.8119,-219.7408,0.0,0.0,1,SIMULATED,SIMULATED,SIMULATED,SIMULATED
43.0,38.0,55,62.6072,1353.4785,320.4,0.0596,3,SIMULATED,SIMULATED,SIMULATED,SIMULATED
43.0,38.0,16,-45.3527,1671.6916,212.4541,2.0015,3,SIMULATED,SIMULATED,SIMULATED,SIMULATED
43.0,38.0,63,-55.3962,1488.9087,311.9379,-0.62,3,SIMULATED,SIMULATED,SIMULATED,SIMULATED
43.0,38.0,44,-124.8783,1103.9721,256.5027,0.0,2,SIMULATED,SIMULATED,SIMULATED,SIMULATED
43.0,38.0,11,-241.5155,592.0932,302.6565,0.5503,2,SIMULATED,SIMULATED,SIMULATED,SIMULATED
43.0,38.0,4,-49.5651,136.1785,306.992,0.3765,1,SIMULATED,SIMULATED,SIMULATED,SIMULATED
43.0,38.0,77,346.0179,-228.9932,225.2195,0.0,1,SIMULATED,SIMULATED,SIMULATED,SIMULATED
43.2,38.2,22,284.8119,-219.7408,0.0,0.0,1,SIMULATED,SIMULATED,SIMULATED,SIMULATED
43.2,38.2,55,69.33,1336.9994,320.4,0.0,3,SIMULATED,SIMULATED,SIMULATED,SIMULATED
43.2,38.2,16,-42.6732,1659.3131,226.4828,1.9862,3,SIMULATED,SIMULATED,SIMULATED,SIMULATED
43.2,38.2,63,-56.5028,1505.9308,305.6453,-0.8909,3,SIMULATED,SIMULATED,SIMULATED,SIMULATED
43.2,38.2,44,-117.2314,1116.0168,257.7348,0.1744,2,SIMULATED,SIMULATED,SIMULATED,SIMULATED
43.2,38.2,11,-242.907,609.0618,306.5525,0.5516,2,SIMULATED,SIMULATED,SIMULATED,SIMULATED
43.2,38.2,4,-60.8424,149.2861,309.0134,0.2862,1,SIMULATED,SIMULATED,SIMULATED,SIMULATED
43.2,38.2,77,333.2514,-227.8623,232.2711,0.9984,1,SIMULATED,SIMULATED,SIMULATED,SIMULATED
43.4,38.4,22,284.8119,-219.7408,0.0,0.0,1,SIMULATED,SIMULATED,SIMULATED,SIMULATED
43.4,38.4,55,75.9921,1320.4963,320.4,-0.0,3,SIMULATED,SIMULATED,SIMULATED,SIMULATED
43.4,38.4,16,-40.8187,1645.9597,241.4705,2.1219,3,SIMULATED,SIMULATED,SIMULATED,SIMULATED
43.4,38.4,63,-58.1693,1522.5051,299.4407,-0.8784,3,SIMULATED,SIMULATED,SIMULATED,SIMULATED
43.4,38.4,44,-110.9009,1128.9285,260.0627,0.3296,2,SIMULATED,SIMULATED,SIMULATED,SIMULATED
43.4,38.4,11,-244.1391,626.3065,311.272,0.6682,2,SIMULATED,SIMULATED,SIMULATED,SIMULATED
43.4,38.4,4,-70.8156,163.3893,308.8048,-0.0295,1,SIMULATED,SIMULATED,SIMULATED,SIMULATED
43.4,38.4,77,320.03,-225.9071,241.8128,1.3509,1,SIMULATED,SIMULATED,SIMULATED,SIMULATED
43.6,38.6,22,284.8119,-219.7408,0.0,0.0,1,SIMULATED,SIMULATED,SIMULATED,SIMULATED
43.6,38.6,55,82.5081,1303.9448,320.4,0.0,3,SIMULATED,SIMULATED,SIMULATED,SIMULATED
43.6,38.6,16,-39.3949,1631.8724,254.9204,1.9042,3,SIMULATED,SIMULATED,SIMULATED,SIMULATED
43.6,38.6,63,-60.5385,1538.7017,293.3919,-0.8564,3,SIMULATED,SIMULATED,SIMULATED,SIMULATED
43.6,38.6,44,-105.6702,1142.6622,265.2973,0.7411,2,SIMULATED,SIMULATED,SIMULATED,SIMULATED
43.6,38.6,11,-245.2672,643.7039,313.8976,0.3717,2,SIMULATED,SIMULATED,SIMULATED,SIMULATED
43.6,38.6,4,-79.4299,178.3152,307.3756,-0.2023,1,SIMULATED,SIMULATED,SIMULATED,SIMULATED
43.6,38.6,77,306.5057,-223.023,250.3383,1.207,1,SIMULATED,SIMULATED,SIMULATED,SIMULATED
43.8,38.8,22,284.8119,-219.7408,0.0,0.0,1,SIMULATED,SIMULATED,SIMULATED,SIMULATED
43.8,38.8,55,88.7388,1287.2972,320.4,0.0,3,SIMULATED,SIMULATED,SIMULATED,SIMULATED
43.8,38.8,16,-37.7396,1617.0985,267.6448,1.8015,3,SIMULATED,SIMULATED,SIMULATED,SIMULATED
43.8,38.8,63,-63.3053,1554.5721,289.4197,-0.5624,3,SIMULATED,SIMULATED,SIMULATED,SIMULATED
43.8,38.8,44,-101.1723,1157.1283,273.2026,1.1192,2,SIMULATED,SIMULATED,SIMULATED,SIMULATED
43.8,38.8,11,-246.1741,661.2334,316.1089,0.3131,2,SIMULATED,SIMULATED,SIMULATED,SIMULATED
43.8,38.8,4,-86.2801,193.8944,304.0433,-0.4718,1,SIMULATED,SIMULATED,SIMULATED,SIMULATED
43.8,38.8,77,292.8349,-219.4298,255.6671,0.7544,1,SIMULATED,SIMULATED,SIMULATED,SIMULATED
44.0,39.0,22,284.8119,-219.7408,0.0,0.0,1,SIMULATED,SIMULATED,SIMULATED,SIMULATED
44.0,39.0,55,94.6571,1270.5274,320.4,0.0,3,SIMULATED,SIMULATED,SIMULATED,SIMULATED
44.0,39.0,16,-35.3603,1601.9611,277.636,1.4145,3,SIMULATED,SIMULATED,SIMULATED,SIMULATED
44.0,39.0,63,-66.214,1570.0573,283.2371,-0.8753,3,SIMULATED,SIMULATED,SIMULATED,SIMULATED
44.0,39.0,44,-97.0788,1172.1372,280.2979,1.0045,2,SIMULATED,SIMULATED,SIMULATED,SIMULATED
44.0,39.0,11,-246.9038,678.8229,316.946,0.1185,2,SIMULATED,SIMULATED,SIMULATED,SIMULATED
44.0,39.0,4,-90.8746,209.8693,297.958,-0.8616,1,SIMULATED,SIMULATED,SIMULATED,SIMULATED
44.0,39.0,77,278.9319,-214.9359,263.7473,1.144,1,SIMULATED,SIMULATED,SIMULATED,SIMULATED
44.2,39.2,22,284.8119,-219.7408,0.0,0.0,1,SIMULATED,SIMULATED,SIMULATED,SIMULATED
44.2,39.2,55,100.3308,1253.6655,320.4,0.0,3,SIMULATED,SIMULATED,SIMULATED,SIMULATED
44.2,39.2,16,-31.5814,1586.5336,287.1373,1.3452,3,SIMULATED,SIMULATED,SIMULATED,SIMULATED
44.2,39.2,63,-69.2823,1585.1723,277.093,-0.8699,3,SIMULATED,SIMULATED,SIMULATED,SIMULATED
44.2,39.2,44,-93.1317,1187.5113,285.8447,0.7853,2,SIMULATED,SIMULATED,SIMULATED,SIMULATED
44.2,39.2,11,-247.4221,696.4988,318.4157,0.2081,2,SIMULATED,SIMULATED,SIMULATED,SIMULATED
44.2,39.2,4,-94.1818,225.8402,292.0337,-0.8387,1,SIMULATED,SIMULATED,SIMULATED,SIMULATED
44.2,39.2,77,264.8952,-209.708,270.6196,0.973,1,SIMULATED,SIMULATED,SIMULATED,SIMULATED
44.4,39.4,22,284.8119,-219.7408,0.0,0.0,1,SIMULATED,SIMULATED,SIMULATED,SIMULATED
44.4,39.4,55,105.7285,1236.7204,320.4,0.0,3,SIMULATED,SIMULATED,SIMULATED,SIMULATED
44.4,39.4,16,-26.7083,1570.8784,296.1339,1.2737,3,SIMULATED,SIMULATED,SIMULATED,SIMULATED
44.4,39.4,63,-72.5221,1599.9244,271.5568,-0.7838,3,SIMULATED,SIMULATED,SIMULATED,SIMULATED
44.4,39.4,44,-89.3495,1203.0154,287.3568,0.2141,2,SIMULATED,SIMULATED,SIMULATED,SIMULATED
44.4,39.4,11,-247.7462,714.2811,320.2805,0.264,2,SIMULATED,SIMULATED,SIMULATED,SIMULATED
44.4,39.4,4,-95.9678,241.7432,285.8326,-0.8779,1,SIMULATED,SIMULATED,SIMULATED,SIMULATED
44.4,39.4,77,250.8618,-203.6482,276.5939,0.8458,1,SIMULATED,SIMULATED,SIMULATED,SIMULATED
44.6,39.6,22,284.8119,-219.7408,0.0,0.0,1,SIMULATED,SIMULATED,SIMULATED,SIMULATED
44.6,39.6,55,110.953,1219.7235,320.4,0.0,3,SIMULATED,SIMULATED,SIMULATED,SIMULATED
44.6,39.6,16,-20.9366,1555.108,303.0302,0.9764,3,SIMULATED,SIMULATED,SIMULATED,SIMULATED
44.6,39.6,63,-75.8093,1614.2669,264.8144,-0.9546,3,SIMULATED,SIMULATED,SIMULATED,SIMULATED
44.6,39.6,44,-85.6844,1218.6809,289.6862,0.3298,2,SIMULATED,SIMULATED,SIMULATED,SIMULATED
44.6,39.6,11,-247.81,732.0761,320.4,0.0169,2,SIMULATED,SIMULATED,SIMULATED,SIMULATED
44.6,39.6,4,-96.6126,257.2525,278.4568,-1.0443,1,SIMULATED,SIMULATED,SIMULATED,SIMULATED
44.6,39.6,77,236.953,-196.825,279.7008,0.4399,1,SIMULATED,SIMULATED,SIMULATED,SIMULATED
44.8,39.8,22,284.8119,-219.7408,0.0,0.0,1,SIMULATED,SIMULATED,SIMULATED,SIMULATED
44.8,39.8,55,115.9468,1202.6447,320.4,0.0,3,SIMULATED,SIMULATED,SIMULATED,SIMULATED
44.8,39.8,16,-14.5508,1539.2362,308.4982,0.7741,3,SIMULATED,SIMULATED,SIMULATED,SIMULATED
44.8,39.8,63,-78.9364,1628.1936,257.1574,-1.0841,3,SIMULATED,SIMULATED,SIMULATED,SIMULATED
44.8,39.8,44,-82.1856,1234.6192,293.8351,0.5874,3,SIMULATED,SIMULATED,SIMULATED,SIMULATED
44.8,39.8,11,-247.6221,749.8667,320.4,0.0,2,SIMULATED,SIMULATED,SIMULATED,SIMULATED
44.8,39.8,4,-96.6694,272.3422,270.9755,-1.0592,2,SIMULATED,SIMULATED,SIMULATED,SIMULATED
44.8,39.8,77,223.2883,-189.2538,282.7413,0.4305,1,SIMULATED,SIMULATED,SIMULATED,SIMULATED
45.0,40.0,22,284.8119,-219.7408,0.0,0.0,1,SIMULATED,SIMULATED,SIMULATED,SIMULATED
45.0,40.0,55,120.6699,1185.4996,320.4,0.0,3,SIMULATED,SIMULATED,SIMULATED,SIMULATED
45.0,40.0,16,-7.8813,1523.281,311.3638,0.4057,3,SIMULATED,SIMULATED,SIMULATED,SIMULATED
45.0,40.0,63,-81.8172,1641.6403,247.7846,-1.327,3,SIMULATED,SIMULATED,SIMULATED,SIMULATED
45.0,40.0,44,-78.921,1250.8591,298.3921,0.6452,3,SIMULATED,SIMULATED,SIMULATED,SIMULATED
45.0,40.0,11,-247.0231,767.6412,320.4,0.0,2,SIMULATED,SIMULATED,SIMULATED,SIMULATED
45.0,40.0,4,-96.2698,287.1449,266.1943,-0.6769,2,SIMULATED,SIMULATED,SIMULATED,SIMULATED
45.0,40.0,77,209.9647,-180.9468,283.6137,0.1235,1,SIMULATED,SIMULATED,SIMULATED,SIMULATED
45.2,40.2,22,284.8119,-219.7408,0.0,0.0,1,SIMULATED,SIMULATED,SIMULATED,SIMULATED
45.2,40.2,55,125.2096,1168.3059,320.4,0.0,3,SIMULATED,SIMULATED,SIMULATED,SIMULATED
45.2,40.2,16,-1.0965,1507.1994,314.1841,0.3993,3,SIMULATED,SIMULATED,SIMULATED,SIMULATED
45.2,40.2,63,-84.4531,1654.6512,239.7088,-1.1434,3,SIMULATED,SIMULATED,SIMULATED,SIMULATED
45.2,40.2,44,-75.8685,1267.4222,303.269,0.6905,3,SIMULATED,SIMULATED,SIMULATED,SIMULATED
45.2,40.2,11,-246.055,785.4034,320.4,0.0,2,SIMULATED,SIMULATED,SIMULATED,SIMULATED
45.2,40.2,4,-95.7193,301.632,260.649,-0.7851,2,SIMULATED,SIMULATED,SIMULATED,SIMULATED
45.2,40.2,77,196.7563,-171.9306,288.4864,0.6899,1,SIMULATED,SIMULATED,SIMULATED,SIMULATED
45.4,40.4,22,284.8119,-219.7408,0.0,0.0,1,SIMULATED,SIMULATED,SIMULATED,SIMULATED
45.4,40.4,55,129.5588,1151.0515,320.4,0.0,3,SIMULATED,SIMULATED,SIMULATED,SIMULATED
45.4,40.4,16,5.7224,1491.1197,314.4451,0.037,3,SIMULATED,SIMULATED,SIMULATED,SIMULATED
45.4,40.4,63,-86.5079,1667.1448,229.4714,-1.4494,3,SIMULATED,SIMULATED,SIMULATED,SIMULATED
45.4,40.4,44,-72.9349,1284.3336,309.0329,0.816,3,SIMULATED,SIMULATED,SIMULATED,SIMULATED
45.4,40.4,11,-244.7747,803.1496,320.4,0.0,2,SIMULATED,SIMULATED,SIMULATED,SIMULATED
45.4,40.4,4,-95.0812,315.8914,256.9128,-0.529,2,SIMULATED,SIMULATED,SIMULATED,SIMULATED
45.4,40.4,77,183.6115,-162.4474,292.2423,0.5318,1,SIMULATED,SIMULATED,SIMULATED,SIMULATED
45.6,40.6,22,284.8119,-219.7408,0.0,0.0,1,SIMULATED,SIMULATED,SIMULATED,SIMULATED
45.6,40.6,55,133.8172,1133.7703,320.4,0.0,4,SIMULATED,SIMULATED,SIMULATED,SIMULATED
45.6,40.6,16,12.6418,1474.9322,316.9264,0.3513,3,SIMULATED,SIMULATED,SIMULATED,SIMULATED
45.6,40.6,63,-87.0847,1679.0758,219.4217,-1.4228,3,SIMULATED,SIMULATED,SIMULATED,SIMULATED
45.6,40.6,44,-70.1197,1301.558,314.2048,0.7322,3,SIMULATED,SIMULATED,SIMULATED,SIMULATED
45.6,40.6,11,-243.1815,820.8684,320.4,0.0,2,SIMULATED,SIMULATED,SIMULATED,SIMULATED
45.6,40.6,4,-94.7769,330.0777,256.2638,-0.0919,2,SIMULATED,SIMULATED,SIMULATED,SIMULATED
45.6,40.6,77,170.7382,-152.6793,291.3058,-0.1326,1,SIMULATED,SIMULATED,SIMULATED,SIMULATED
45.8,40.8,22,284.8119,-219.7408,0.0,0.0,1,SIMULATED,SIMULATED,SIMULATED,SIMULATED
45.8,40.8,55,138.0199,1116.4768,320.4,0.0,4,SIMULATED,SIMULATED,SIMULATED,SIMULATED
45.8,40.8,16,19.6045,1458.7655,316.9264,0.0,3,SIMULATED,SIMULATED,SIMULATED,SIMULATED
45.8,40.8,63,-84.7033,1689.8433,209.8895,-1.3496,3,SIMULATED,SIMULATED,SIMULATED,SIMULATED
45.8,40.8,44,-67.4449,1318.9811,317.4755,0.4631,3,SIMULATED,SIMULATED,SIMULATED,SIMULATED
45.8,40.8,11,-241.3227,838.5663,320.3846,-0.0022,2,SIMULATED,SIMULATED,SIMULATED,SIMULATED
45.8,40.8,4,-94.9281,344.2779,256.5485,0.0403,2,SIMULATED,SIMULATED,SIMULATED,SIMULATED
45.8,40.8,77,158.1368,-142.8323,288.1045,-0.4532,1,SIMULATED,SIMULATED,SIMULATED,SIMULATED
46.0,41.0,22,284.8119,-219.7408,0.0,0.0,1,SIMULATED,SIMULATED,SIMULATED,SIMULATED
46.0,41.0,55,142.1446,1099.1661,320.4,0.0,4,SIMULATED,SIMULATED,SIMULATED,SIMULATED
46.0,41.0,16,26.6312,1442.6229,316.9264,0.0,3,SIMULATED,SIMULATED,SIMULATED,SIMULATED
46.0,41.0,63,-77.986,1697.8591,204.8988,-0.7066,3,SIMULATED,SIMULATED,SIMULATED,SIMULATED
46.0,41.0,44,-64.991,1336.5768,319.8855,0.3412,3,SIMULATED,SIMULATED,SIMULATED,SIMULATED
46.0,41.0,11,-239.1501,856.1507,319.1679,-0.1723,2,SIMULATED,SIMULATED,SIMULATED,SIMULATED
46.0,41.0,4,-95.9013,358.2745,254.1871,-0.3343,2,SIMULATED,SIMULATED,SIMULATED,SIMULATED
46.0,41.0,77,145.7818,-133.0111,284.1715,-0.5568,1,SIMULATED,SIMULATED,SIMULATED,SIMULATED
46.2,41.2,22,284.8119,-219.7408,0.0,0.0,1,SIMULATED,SIMULATED,SIMULATED,SIMULATED
46.2,41.2,55,146.2422,1081.8455,320.4,0.0,4,SIMULATED,SIMULATED,SIMULATED,SIMULATED
46.2,41.2,16,33.6621,1426.48,316.9264,0.0,3,SIMULATED,SIMULATED,SIMULATED,SIMULATED
46.2,41.2,63,-68.3375,1699.8363,201.4423,-0.4894,3,SIMULATED,SIMULATED,SIMULATED,SIMULATED
46.2,41.2,44,-62.7521,1354.2302,320.4,0.0728,3,SIMULATED,SIMULATED,SIMULATED,SIMULATED
46.2,41.2,11,-236.6687,873.5427,316.4475,-0.3852,2,SIMULATED,SIMULATED,SIMULATED,SIMULATED
46.2,41.2,4,-98.099,371.7312,248.6333,-0.7863,2,SIMULATED,SIMULATED,SIMULATED,SIMULATED
46.2,41.2,77,133.6195,-123.1875,281.6489,-0.3572,1,SIMULATED,SIMULATED,SIMULATED,SIMULATED
46.4,41.4,22,284.8119,-219.7408,0.0,0.0,1,SIMULATED,SIMULATED,SIMULATED,SIMULATED
46.4,41.4,55,150.2994,1064.5154,320.4,0.0,4,SIMULATED,SIMULATED,SIMULATED,SIMULATED
46.4,41.4,16,40.6718,1410.327,316.9264,-0.0,3,SIMULATED,SIMULATED,SIMULATED,SIMULATED
46.4,41.4,63,-59.4736,1695.4359,199.3362,-0.2982,3,SIMULATED,SIMULATED,SIMULATED,SIMULATED
46.4,41.4,44,-60.8856,1371.9213,320.4,0.0,3,SIMULATED,SIMULATED,SIMULATED,SIMULATED
46.4,41.4,11,-233.8715,890.5604,310.6035,-0.8274,2,SIMULATED,SIMULATED,SIMULATED,SIMULATED
46.4,41.4,4,-102.8293,384.0489,243.8532,-0.6768,2,SIMULATED,SIMULATED,SIMULATED,SIMULATED
46.4,41.4,77,121.6237,-113.2974,280.3766,-0.1801,1,SIMULATED,SIMULATED,SIMULATED,SIMULATED
46.6,41.6,22,284.8119,-219.7408,0.0,0.0,1,SIMULATED,SIMULATED,SIMULATED,SIMULATED
46.6,41.6,55,154.3578,1047.1868,320.4,0.0,4,SIMULATED,SIMULATED,SIMULATED,SIMULATED
46.6,41.6,16,47.6812,1394.0912,318.271,0.1904,3,SIMULATED,SIMULATED,SIMULATED,SIMULATED
46.6,41.6,63,-53.4151,1686.9142,197.9916,-0.1904,3,SIMULATED,SIMULATED,SIMULATED,SIMULATED
46.6,41.6,44,-59.3629,1389.645,320.4,0.0,3,SIMULATED,SIMULATED,SIMULATED,SIMULATED
46.6,41.6,11,-230.7826,907.0728,302.5393,-1.1417,2,SIMULATED,SIMULATED,SIMULATED,SIMULATED
46.6,41.6,4,-110.6909,393.9337,237.118,-0.9536,2,SIMULATED,SIMULATED,SIMULATED,SIMULATED
46.6,41.6,77,110.0321,-103.0408,279.3275,-0.1485,1,SIMULATED,SIMULATED,SIMULATED,SIMULATED
46.8,41.8,22,284.8119,-219.7408,0.0,0.0,1,SIMULATED,SIMULATED,SIMULATED,SIMULATED
46.8,41.8,55,158.3896,1029.8471,320.4,0.0,4,SIMULATED,SIMULATED,SIMULATED,SIMULATED
46.8,41.8,16,54.6459,1377.7735,319.2441,0.1378,3,SIMULATED,SIMULATED,SIMULATED,SIMULATED
46.8,41.8,63,-49.3776,1676.6357,203.8334,0.8271,3,SIMULATED,SIMULATED,SIMULATED,SIMULATED
46.8,41.8,44,-58.2536,1407.3977,320.4,0.0,3,SIMULATED,SIMULATED,SIMULATED,SIMULATED
46.8,41.8,11,-227.4768,923.1501,295.611,-0.9809,2,SIMULATED,SIMULATED,SIMULATED,SIMULATED
46.8,41.8,4,-121.2585,400.2799,230.5825,-0.9253,2,SIMULATED,SIMULATED,SIMULATED,SIMULATED
46.8,41.8,77,99.3788,-91.9355,278.604,-0.1024,1,SIMULATED,SIMULATED,SIMULATED,SIMULATED
47.0,42.0,22,284.8119,-219.7408,0.0,0.0,1,SIMULATED,SIMULATED,SIMULATED,SIMULATED
47.0,42.0,55,162.4458,1012.5161,320.4,0.0,4,SIMULATED,SIMULATED,SIMULATED,SIMULATED
47.0,42.0,16,61.5219,1361.3488,320.4,0.1636,3,SIMULATED,SIMULATED,SIMULATED,SIMULATED
47.0,42.0,63,-46.3114,1664.9522,219.9875,2.2871,3,SIMULATED,SIMULATED,SIMULATED,SIMULATED
47.0,42.0,44,-57.4896,1425.1726,320.4,0.0,3,SIMULATED,SIMULATED,SIMULATED,SIMULATED
47.0,42.0,11,-224.0467,938.9313,290.7287,-0.6912,2,SIMULATED,SIMULATED,SIMULATED,SIMULATED
47.0,42.0,4,-133.0707,402.7298,224.7607,-0.8242,2,SIMULATED,SIMULATED,SIMULATED,SIMULATED
47.0,42.0,77,89.6499,-80.0891,278.604,0.0,1,SIMULATED,SIMULATED,SIMULATED,SIMULATED
47.2,42.2,22,284.8119,-219.7408,0.0,0.0,1,SIMULATED,SIMULATED,SIMULATED,SIMULATED
47.2,42.2,55,166.4964,995.1843,320.4,0.0,4,SIMULATED,SIMULATED,SIMULATED,SIMULATED
47.2,42.2,16,68.2801,1344.8742,320.4,0.0,3,SIMULATED,SIMULATED,SIMULATED,SIMULATED
47.2,42.2,63,-44.0288,1652.2148,234.2006,2.0123,3,SIMULATED,SIMULATED,SIMULATED,SIMULATED
47.2,42.2,44,-57.061,1442.955,320.4,0.0,3,SIMULATED,SIMULATED,SIMULATED,SIMULATED
47.2,42.2,11,-220.4881,954.5996,289.323,-0.199,2,SIMULATED,SIMULATED,SIMULATED,SIMULATED
47.2,42.2,4,-145.1741,402.6442,220.0479,-0.6672,2,SIMULATED,SIMULATED,SIMULATED,SIMULATED
47.2,42.2,77,82.3335,-66.8502,278.8446,0.0341,1,SIMULATED,SIMULATED,SIMULATED,SIMULATED
47.4,42.4,22,284.8119,-219.7408,0.0,0.0,1,SIMULATED,SIMULATED,SIMULATED,SIMULATED
47.4,42.4,55,170.535,977.8469,320.4,0.0,4,SIMULATED,SIMULATED,SIMULATED,SIMULATED
47.4,42.4,16,74.9783,1328.377,320.4,0.0,3,SIMULATED,SIMULATED,SIMULATED,SIMULATED
47.4,42.4,63,-42.5653,1638.5509,248.8631,2.0759,3,SIMULATED,SIMULATED,SIMULATED,SIMULATED
47.4,42.4,44,-56.9364,1460.6762,319.1012,-0.1839,3,SIMULATED,SIMULATED,SIMULATED,SIMULATED
47.4,42.4,11,-216.8676,970.1387,287.2165,-0.2982,2,SIMULATED,SIMULATED,SIMULATED,SIMULATED
47.4,42.4,4,-157.3002,402.4641,216.7663,-0.4646,2,SIMULATED,SIMULATED,SIMULATED,SIMULATED
47.4,42.4,77,78.1336,-52.315,278.8616,0.0024,1,SIMULATED,SIMULATED,SIMULATED,SIMULATED
47.6,42.6,22,284.8119,-219.7408,0.0,0.0,1,SIMULATED,SIMULATED,SIMULATED,SIMULATED
47.6,42.6,55,174.5821,960.5132,320.4,0.0,4,SIMULATED,SIMULATED,SIMULATED,SIMULATED
47.6,42.6,16,81.584,1311.8437,320.4,-0.0,3,SIMULATED,SIMULATED,SIMULATED,SIMULATED
47.6,42.6,63,-41.0471,1624.106,261.1505,1.7396,3,SIMULATED,SIMULATED,SIMULATED,SIMULATED
47.6,42.6,44,-57.0897,1478.1571,314.8444,-0.6027,3,SIMULATED,SIMULATED,SIMULATED,SIMULATED
47.6,42.6,11,-213.2465,985.4811,283.7394,-0.4923,2,SIMULATED,SIMULATED,SIMULATED,SIMULATED
47.6,42.6,4,-169.469,403.987,217.3859,0.0877,2,SIMULATED,SIMULATED,SIMULATED,SIMULATED
47.6,42.6,77,78.0176,-37.0281,279.1529,0.0412,1,SIMULATED,SIMULATED,SIMULATED,SIMULATED
47.8,42.8,22,284.8119,-219.7408,0.0,0.0,1,SIMULATED,SIMULATED,SIMULATED,SIMULATED
47.8,42.8,55,178.6228,943.1794,320.4,0.0,4,SIMULATED,SIMULATED,SIMULATED,SIMULATED
47.8,42.8,16,87.9703,1295.2102,320.4,0.0,3,SIMULATED,SIMULATED,SIMULATED,SIMULATED
47.8,42.8,63,-39.1608,1609.0348,272.0976,1.5499,3,SIMULATED,SIMULATED,SIMULATED,SIMULATED
47.8,42.8,44,-57.7306,1495.3246,309.7357,-0.7233,3,SIMULATED,SIMULATED,SIMULATED,SIMULATED
47.8,42.8,11,-209.7325,1000.6111,279.5596,-0.5918,2,SIMULATED,SIMULATED,SIMULATED,SIMULATED
47.8,42.8,4,-181.3416,407.9898,221.3396,0.5598,2,SIMULATED,SIMULATED,SIMULATED,SIMULATED
47.8,42.8,77,77.9775,-21.4036,279.1529,0.0,1,SIMULATED,SIMULATED,SIMULATED,SIMULATED
48.0,43.0,22,284.8119,-219.7408,0.0,0.0,1,SIMULATED,SIMULATED,SIMULATED,SIMULATED
48.0,43.0,55,182.6325,925.8385,320.4,0.0,4,SIMULATED,SIMULATED,SIMULATED,SIMULATED
48.0,43.0,16,94.0165,1278.4448,320.4,0.0,3,SIMULATED,SIMULATED,SIMULATED,SIMULATED
48.0,43.0,63,-36.0467,1593.5595,282.4423,1.4646,3,SIMULATED,SIMULATED,SIMULATED,SIMULATED
48.0,43.0,44,-59.0902,1512.0955,303.1203,-0.9366,3,SIMULATED,SIMULATED,SIMULATED,SIMULATED
48.0,43.0,11,-206.2309,1015.4377,274.3086,-0.7434,2,SIMULATED,SIMULATED,SIMULATED,SIMULATED
48.0,43.0,4,-192.3879,414.9004,230.3095,1.27,2,SIMULATED,SIMULATED,SIMULATED,SIMULATED
48.0,43.0,77,76.0126,-5.8116,279.1529,0.0,1,SIMULATED,SIMULATED,SIMULATED,SIMULATED
48.2,43.2,22,284.8119,-219.7408,0.0,0.0,1,SIMULATED,SIMULATED,SIMULATED,SIMULATED
48.2,43.2,55,186.6346,908.4939,320.4,0.0,4,SIMULATED,SIMULATED,SIMULATED,SIMULATED
48.2,43.2,16,99.8009,1261.5935,320.4,0.0,3,SIMULATED,SIMULATED,SIMULATED,SIMULATED
48.2,43.2,63,-31.653,1577.8256,291.6554,1.3044,3,SIMULATED,SIMULATED,SIMULATED,SIMULATED
48.2,43.2,44,-60.9405,1528.4759,297.3474,-0.8173,3,SIMULATED,SIMULATED,SIMULATED,SIMULATED
48.2,43.2,11,-202.6243,1029.9054,268.6851,-0.7962,2,SIMULATED,SIMULATED,SIMULATED,SIMULATED
48.2,43.2,4,-202.2878,424.1178,239.5142,1.3032,2,SIMULATED,SIMULATED,SIMULATED,SIMULATED
48.2,43.2,77,70.7841,9.0062,279.1529,0.0,1,SIMULATED,SIMULATED,SIMULATED,SIMULATED
48.4,43.4,22,284.8119,-219.7408,0.0,0.0,1,SIMULATED,SIMULATED,SIMULATED,SIMULATED
48.4,43.4,55,190.6282,891.1492,320.4,0.0,4,SIMULATED,SIMULATED,SIMULATED,SIMULATED
48.4,43.4,16,105.3183,1244.6588,320.4,0.0,3,SIMULATED,SIMULATED,SIMULATED,SIMULATED
48.4,43.4,63,-26.2101,1561.9887,300.7329,1.2852,3,SIMULATED,SIMULATED,SIMULATED,SIMULATED
48.4,43.4,44,-63.5544,1544.4407,291.3163,-0.8539,3,SIMULATED,SIMULATED,SIMULATED,SIMULATED
48.4,43.4,11,-198.2747,1043.808,262.8086,-0.832,2,SIMULATED,SIMULATED,SIMULATED,SIMULATED
48.4,43.4,4,-210.8242,435.2175,249.2688,1.381,2,SIMULATED,SIMULATED,SIMULATED,SIMULATED
48.4,43.4,77,62.7786,22.4432,278.8813,-0.0384,1,SIMULATED,SIMULATED,SIMULATED,SIMULATED
48.6,43.6,22,284.8119,-219.7408,0.0,0.0,1,SIMULATED,SIMULATED,SIMULATED,SIMULATED
48.6,43.6,55,194.61,873.8002,320.4,0.0,4,SIMULATED,SIMULATED,SIMULATED,SIMULATED
48.6,43.6,16,110.6347,1227.6577,320.4,0.0,3,SIMULATED,SIMULATED,SIMULATED,SIMULATED
48.6,43.6,63,-20.0354,1546.0562,306.5073,0.8175,3,SIMULATED,SIMULATED,SIMULATED,SIMULATED
48.6,43.6,44,-66.3377,1560.1302,286.8913,-0.6265,3,SIMULATED,SIMULATED,SIMULATED,SIMULATED
48.6,43.6,11,-192.3868,1056.7862,259.0483,-0.5324,2,SIMULATED,SIMULATED,SIMULATED,SIMULATED
48.6,43.6,4,-217.7805,447.9745,258.5426,1.313,2,SIMULATED,SIMULATED,SIMULATED,SIMULATED
48.6,43.6,77,53.5715,34.885,277.4715,-0.1996,1,SIMULATED,SIMULATED,SIMULATED,SIMULATED
48.8,43.8,22,284.8119,-219.7408,0.0,0.0,1,SIMULATED,SIMULATED,SIMULATED,SIMULATED
48.8,43.8,55,198.5763,856.4694,320.0345,-0.0517,4,SIMULATED,SIMULATED,SIMULATED,SIMULATED
48.8,43.8,16,115.7339,1210.5875,320.4,0.0,3,SIMULATED,SIMULATED,SIMULATED,SIMULATED
48.8,43.8,63,-13.463,1530.1196,309.984,0.4922,3,SIMULATED,SIMULATED,SIMULATED,SIMULATED
48.8,43.8,44,-69.3332,1575.458,281.3255,-0.788,3,SIMULATED,SIMULATED,SIMULATED,SIMULATED
48.8,43.8,11,-183.095,1067.1838,256.5454,-0.3544,2,SIMULATED,SIMULATED,SIMULATED,SIMULATED
48.8,43.8,4,-223.3719,461.7293,265.2824,0.9542,2,SIMULATED,SIMULATED,SIMULATED,SIMULATED
48.8,43.8,77,43.9659,46.9766,277.6566,0.0262,1,SIMULATED,SIMULATED,SIMULATED,SIMULATED
49.0,44.0,22,284.8119,-219.7408,0.0,0.0,1,SIMULATED,SIMULATED,SIMULATED,SIMULATED
49.0,44.0,55,202.5419,839.1482,319.868,-0.0236,4,SIMULATED,SIMULATED,SIMULATED,SIMULATED
49.0,44.0,16,120.5783,1193.4466,320.4,0.0,3,SIMULATED,SIMULATED,SIMULATED,SIMULATED
49.0,44.0,63,-6.7321,1514.1213,312.3359,0.333,3,SIMULATED,SIMULATED,SIMULATED,SIMULATED
49.0,44.0,44,-72.4515,1590.4007,274.8682,-0.9142,3,SIMULATED,SIMULATED,SIMULATED,SIMULATED
49.0,44.0,11,-170.3832,1073.1142,256.5027,-0.006,2,SIMULATED,SIMULATED,SIMULATED,SIMULATED
49.0,44.0,4,-227.8908,476.083,269.6808,0.6227,2,SIMULATED,SIMULATED,SIMULATED,SIMULATED
49.0,44.0,77,34.1117,59.0718,280.3791,0.3854,1,SIMULATED,SIMULATED,SIMULATED,SIMULATED
49.2,44.2,22,284.8119,-219.7408,0.0,0.0,1,SIMULATED,SIMULATED,SIMULATED,SIMULATED
49.2,44.2,55,206.4728,821.9334,317.7807,-0.2955,4,SIMULATED,SIMULATED,SIMULATED,SIMULATED
49.2,44.2,16,125.2152,1176.252,320.4,0.0,3,SIMULATED,SIMULATED,SIMULATED,SIMULATED
49.2,44.2,63,0.0622,1498.0393,314.1841,0.2617,3,SIMULATED,SIMULATED,SIMULATED,SIMULATED
49.2,44.2,44,-75.7247,1604.9678,268.8814,-0.8476,3,SIMULATED,SIMULATED,SIMULATED,SIMULATED
49.2,44.2,11,-156.9301,1077.898,256.5027,0.0,2,SIMULATED,SIMULATED,SIMULATED,SIMULATED
49.2,44.2,4,-231.2721,490.8404,270.6519,0.1375,2,SIMULATED,SIMULATED,SIMULATED,SIMULATED
49.2,44.2,77,23.8462,71.1328,284.4502,0.5764,1,SIMULATED,SIMULATED,SIMULATED,SIMULATED
49.4,44.4,22,284.8119,-219.7408,0.0,0.0,1,SIMULATED,SIMULATED,SIMULATED,SIMULATED
49.4,44.4,55,210.439,804.7799,316.9045,-0.124,4,SIMULATED,SIMULATED,SIMULATED,SIMULATED
49.4,44.4,16,129.6275,1158.9941,320.4,0.0,3,SIMULATED,SIMULATED,SIMULATED,SIMULATED
49.4,44.4,63,6.937,1481.9031,315.6532,0.208,3,SIMULATED,SIMULATED,SIMULATED,SIMULATED
49.4,44.4,44,-78.9811,1619.1648,262.1198,-0.9573,3,SIMULATED,SIMULATED,SIMULATED,SIMULATED
49.4,44.4,11,-144.2596,1084.5342,256.5027,0.0,2,SIMULATED,SIMULATED,SIMULATED,SIMULATED
49.4,44.4,4,-233.7544,505.8031,272.4463,0.254,2,SIMULATED,SIMULATED,SIMULATED,SIMULATED
49.4,44.4,77,12.9428,83.0254,289.8131,0.7593,1,SIMULATED,SIMULATED,SIMULATED,SIMULATED
49.6,44.6,22,284.8119,-219.7408,0.0,0.0,1,SIMULATED,SIMULATED,SIMULATED,SIMULATED
49.6,44.6,55,214.3747,787.8431,312.9461,-0.5604,4,SIMULATED,SIMULATED,SIMULATED,SIMULATED
49.6,44.6,16,133.9267,1141.7152,320.4,0.0,4,SIMULATED,SIMULATED,SIMULATED,SIMULATED
49.6,44.6,63,13.8778,1465.7172,316.9264,0.1803,3,SIMULATED,SIMULATED,SIMULATED,SIMULATED
49.6,44.6,44,-82.0249,1632.9736,254.4472,-1.0863,3,SIMULATED,SIMULATED,SIMULATED,SIMULATED
49.6,44.6,11,-132.9219,1093.2837,256.5027,0.0,2,SIMULATED,SIMULATED,SIMULATED,SIMULATED
49.6,44.6,4,-235.8632,521.1089,277.5894,0.7282,2,SIMULATED,SIMULATED,SIMULATED,SIMULATED
49.6,44.6,77,1.36,94.4464,291.3507,0.2177,1,SIMULATED,SIMULATED,SIMULATED,SIMULATED
49.8,44.8,22,284.8119,-219.7408,0.0,0.0,1,SIMULATED,SIMULATED,SIMULATED,SIMULATED
49.8,44.8,55,218.2955,771.1281,308.9852,-0.5608,4,SIMULATED,SIMULATED,SIMULATED,SIMULATED
49.8,44.8,16,138.1526,1124.4219,320.4,0.0,4,SIMULATED,SIMULATED,SIMULATED,SIMULATED
49.8,44.8,63,20.8806,1449.5563,316.9264,0.0,3,SIMULATED,SIMULATED,SIMULATED,SIMULATED
49.8,44.8,44,-84.8171,1646.2821,244.6828,-1.3824,3,SIMULATED,SIMULATED,SIMULATED,SIMULATED
49.8,44.8,11,-123.5401,1104.1223,256.5027,0.0,2,SIMULATED,SIMULATED,SIMULATED,SIMULATED
49.8,44.8,4,-237.7312,536.7718,283.6829,0.8627,2,SIMULATED,SIMULATED,SIMULATED,SIMULATED
49.8,44.8,77,-10.9021,105.3332,294.5029,0.4463,1,SIMULATED,SIMULATED,SIMULATED,SIMULATED
50.0,45.0,22,284.8119,-219.7408,0.0,0.0,1,SIMULATED,SIMULATED,SIMULATED,SIMULATED
50.0,45.0,55,222.2031,754.643,304.919,-0.5757,4,SIMULATED,SIMULATED,SIMULATED,SIMULATED
50.0,45.0,16,142.3183,1107.1101,320.4,0.0,4,SIMULATED,SIMULATED,SIMULATED,SIMULATED
50.0,45.0,63,27.9164,1433.4172,316.9264,0.0,3,SIMULATED,SIMULATED,SIMULATED,SIMULATED
50.0,45.0,44,-87.2988,1659.1646,235.9408,-1.2377,3,SIMULATED,SIMULATED,SIMULATED,SIMULATED
50.0,45.0,11,-115.9103,1116.278,257.7348,0.1744,2,SIMULATED,SIMULATED,SIMULATED,SIMULATED
50.0,45.0,4,-239.4822,552.8415,290.6965,0.993,2,SIMULATED,SIMULATED,SIMULATED,SIMULATED
50.0,45.0,77,-23.6901,116.0069,299.5067,0.7084,1,SIMULATED,SIMULATED,SIMULATED,SIMULATED
50.2,45.2,22,284.8119,-219.7408,0.0,0.0,1,SIMULATED,SIMULATED,SIMULATED,SIMULATED
50.2,45.2,55,226.0751,738.4116,300.3701,-0.644,4,SIMULATED,SIMULATED,SIMULATED,SIMULATED
50.2,45.2,16,146.4236,1089.7903,320.4,0.0,4,SIMULATED,SIMULATED,SIMULATED,SIMULATED
50.2,45.2,63,34.935,1417.2712,316.9264,0.0,3,SIMULATED,SIMULATED,SIMULATED,SIMULATED
50.2,45.2,44,-88.9599,1671.679,226.3856,-1.3528,3,SIMULATED,SIMULATED,SIMULATED,SIMULATED
50.2,45.2,11,-109.6345,1129.3758,260.1802,0.3462,2,SIMULATED,SIMULATED,SIMULATED,SIMULATED
50.2,45.2,4,-241.1146,569.2671,297.0272,0.8963,2,SIMULATED,SIMULATED,SIMULATED,SIMULATED
50.2,45.2,77,-36.5572,126.8918,304.6054,0.7219,1,SIMULATED,SIMULATED,SIMULATED,SIMULATED
50.4,45.4,22,284.8119,-219.7408,0.0,0.0,1,SIMULATED,SIMULATED,SIMULATED,SIMULATED
50.4,45.4,55,229.922,722.3404,297.4314,-0.4161,4,SIMULATED,SIMULATED,SIMULATED,SIMULATED
50.4,45.4,16,150.4943,1072.4584,320.4,0.0,4,SIMULATED,SIMULATED,SIMULATED,SIMULATED
50.4,45.4,63,41.9553,1401.0604,318.0347,0.1569,3,SIMULATED,SIMULATED,SIMULATED,SIMULATED
50.4,45.4,44,-88.5892,1683.6967,214.6485,-1.6617,3,SIMULATED,SIMULATED,SIMULATED,SIMULATED
50.4,45.4,11,-104.4348,1143.2253,265.7261,0.7852,2,SIMULATED,SIMULATED,SIMULATED,SIMULATED
50.4,45.4,4,-242.6825,586.0178,302.6565,0.797,2,SIMULATED,SIMULATED,SIMULATED,SIMULATED
50.4,45.4,77,-48.6965,138.7562,307.3026,0.3819,1,SIMULATED,SIMULATED,SIMULATED,SIMULATED
50.6,45.6,22,284.8119,-219.7408,0.0,0.0,1,SIMULATED,SIMULATED,SIMULATED,SIMULATED
50.6,45.6,55,233.7429,706.3059,296.7353,-0.0986,4,SIMULATED,SIMULATED,SIMULATED,SIMULATED
50.6,45.6,16,154.5563,1055.1295,320.4,0.0,4,SIMULATED,SIMULATED,SIMULATED,SIMULATED
50.6,45.6,63,48.9543,1384.7881,318.9137,0.1244,3,SIMULATED,SIMULATED,SIMULATED,SIMULATED
50.6,45.6,44,-84.2451,1694.4727,207.4352,-1.0213,3,SIMULATED,SIMULATED,SIMULATED,SIMULATED
50.6,45.6,11,-99.9488,1157.7688,273.5838,1.1125,2,SIMULATED,SIMULATED,SIMULATED,SIMULATED
50.6,45.6,4,-244.1327,602.964,305.9293,0.4634,2,SIMULATED,SIMULATED,SIMULATED,SIMULATED
50.6,45.6,77,-59.7592,151.7746,309.0741,0.2508,1,SIMULATED,SIMULATED,SIMULATED,SIMULATED
50.8,45.8,22,284.8119,-219.7408,0.0,0.0,1,SIMULATED,SIMULATED,SIMULATED,SIMULATED
50.8,45.8,55,237.5461,690.3463,295.2972,-0.2036,4,SIMULATED,SIMULATED,SIMULATED,SIMULATED
50.8,45.8,16,158.5926,1037.7911,320.4,0.0,4,SIMULATED,SIMULATED,SIMULATED,SIMULATED
50.8,45.8,63,55.8668,1368.4114,320.1832,0.1797,3,SIMULATED,SIMULATED,SIMULATED,SIMULATED
50.8,45.8,44,-75.2292,1701.2644,202.0785,-0.7584,3,SIMULATED,SIMULATED,SIMULATED,SIMULATED
50.8,45.8,11,-95.8633,1172.8238,280.6531,1.0009,2,SIMULATED,SIMULATED,SIMULATED,SIMULATED
50.8,45.8,4,-245.412,620.1628,310.2534,0.6122,2,SIMULATED,SIMULATED,SIMULATED,SIMULATED
50.8,45.8,77,-69.4717,165.7432,308.6707,-0.0571,1,SIMULATED,SIMULATED,SIMULATED,SIMULATED
51.0,46.0,22,284.8119,-219.7408,0.0,0.0,1,SIMULATED,SIMULATED,SIMULATED,SIMULATED
51.0,46.0,55,241.313,674.4883,293.4239,-0.2652,4,SIMULATED,SIMULATED,SIMULATED,SIMULATED
51.0,46.0,16,162.6417,1020.459,320.4,0.0,4,SIMULATED,SIMULATED,SIMULATED,SIMULATED
51.0,46.0,63,62.6783,1351.9815,320.4,0.0307,3,SIMULATED,SIMULATED,SIMULATED,SIMULATED
51.0,46.0,44,-64.0592,1700.7257,199.3362,-0.3883,3,SIMULATED,SIMULATED,SIMULATED,SIMULATED
51.0,46.0,11,-91.9213,1188.2309,286.1741,0.7816,2,SIMULATED,SIMULATED,SIMULATED,SIMULATED
51.0,46.0,4,-246.5908,637.5047,312.7826,0.3581,2,SIMULATED,SIMULATED,SIMULATED,SIMULATED
51.0,46.0,77,-77.7516,180.4334,307.0613,-0.2278,1,SIMULATED,SIMULATED,SIMULATED,SIMULATED
51.2,46.2,22,284.8119,-219.7408,0.0,0.0,1,SIMULATED,SIMULATED,SIMULATED,SIMULATED
51.2,46.2,55,245.0387,658.7449,291.2107,-0.3133,4,SIMULATED,SIMULATED,SIMULATED,SIMULATED
51.2,46.2,16,166.6929,1003.1261,320.4,0.0,4,SIMULATED,SIMULATED,SIMULATED,SIMULATED
51.2,46.2,63,69.3975,1335.5023,320.4,0.0,3,SIMULATED,SIMULATED,SIMULATED,SIMULATED
51.2,46.2,44,-55.3365,1693.7397,199.3362,0.0,3,SIMULATED,SIMULATED,SIMULATED,SIMULATED
51.2,46.2,11,-88.1443,1203.759,287.5592,0.1961,2,SIMULATED,SIMULATED,SIMULATED,SIMULATED
51.2,46.2,4,-247.573,655.001,315.0653,0.3232,2,SIMULATED,SIMULATED,SIMULATED,SIMULATED
51.2,46.2,77,-84.3722,195.7919,303.5824,-0.4925,1,SIMULATED,SIMULATED,SIMULATED,SIMULATED
51.4,46.4,22,284.8119,-219.7408,0.0,0.0,1,SIMULATED,SIMULATED,SIMULATED,SIMULATED
51.4,46.4,55,248.7044,643.235,286.8764,-0.6136,4,SIMULATED,SIMULATED,SIMULATED,SIMULATED
51.4,46.4,16,170.732,985.7888,320.4,0.0,4,SIMULATED,SIMULATED,SIMULATED,SIMULATED
51.4,46.4,63,76.0484,1319.0027,320.4,0.0,3,SIMULATED,SIMULATED,SIMULATED,SIMULATED
51.4,46.4,44,-49.8975,1684.0581,198.3173,-0.1443,3,SIMULATED,SIMULATED,SIMULATED,SIMULATED
51.4,46.4,11,-84.4867,1219.4365,289.6862,0.3011,2,SIMULATED,SIMULATED,SIMULATED,SIMULATED
51.4,46.4,4,-248.3735,672.5962,316.9356,0.2648,2,SIMULATED,SIMULATED,SIMULATED,SIMULATED
51.4,46.4,77,-88.8265,211.6015,297.6274,-0.8431,1,SIMULATED,SIMULATED,SIMULATED,SIMULATED
51.6,46.6,22,284.8119,-219.7408,0.0,0.0,1,SIMULATED,SIMULATED,SIMULATED,SIMULATED
51.6,46.6,55,252.331,627.8073,285.3105,-0.2217,4,SIMULATED,SIMULATED,SIMULATED,SIMULATED
51.6,46.6,16,174.7818,968.4566,320.4,0.0,4,SIMULATED,SIMULATED,SIMULATED,SIMULATED
51.6,46.6,63,82.5536,1302.4467,320.4,0.0,3,SIMULATED,SIMULATED,SIMULATED,SIMULATED
51.6,46.6,44,-46.2019,1672.8997,210.3795,1.7078,3,SIMULATED,SIMULATED,SIMULATED,SIMULATED
51.6,46.6,11,-80.9937,1235.4072,294.1588,0.6332,3,SIMULATED,SIMULATED,SIMULATED,SIMULATED
51.6,46.6,4,-248.9678,690.2974,318.4003,0.2074,2,SIMULATED,SIMULATED,SIMULATED,SIMULATED
51.6,46.6,77,-91.9711,227.3642,291.6301,-0.8491,1,SIMULATED,SIMULATED,SIMULATED,SIMULATED
51.8,46.8,22,284.8119,-219.7408,0.0,0.0,1,SIMULATED,SIMULATED,SIMULATED,SIMULATED
51.8,46.8,55,255.8278,612.5838,281.2607,-0.5734,4,SIMULATED,SIMULATED,SIMULATED,SIMULATED
51.8,46.8,16,178.8307,951.1223,320.4,0.0,4,SIMULATED,SIMULATED,SIMULATED,SIMULATED
51.8,46.8,63,88.7483,1285.7985,320.4,0.0,3,SIMULATED,SIMULATED,SIMULATED,SIMULATED
51.8,46.8,44,-43.4263,1660.6478,225.5548,2.1485,3,SIMULATED,SIMULATED,SIMULATED,SIMULATED
51.8,46.8,11,-77.7459,1251.6925,298.6963,0.6424,3,SIMULATED,SIMULATED,SIMULATED,SIMULATED
51.8,46.8,4,-249.3713,708.034,319.2638,0.1223,2,SIMULATED,SIMULATED,SIMULATED,SIMULATED
51.8,46.8,77,-93.648,243.0429,285.2703,-0.9004,1,SIMULATED,SIMULATED,SIMULATED,SIMULATED
52.0,47.0,22,284.8119,-219.7408,0.0,0.0,1,SIMULATED,SIMULATED,SIMULATED,SIMULATED
52.0,47.0,55,259.0405,597.4874,278.2736,-0.4229,4,SIMULATED,SIMULATED,SIMULATED,SIMULATED
52.0,47.0,16,182.8507,933.7809,320.4,0.0,4,SIMULATED,SIMULATED,SIMULATED,SIMULATED
52.0,47.0,63,94.6422,1269.0288,320.4,0.0,3,SIMULATED,SIMULATED,SIMULATED,SIMULATED
52.0,47.0,44,-41.4794,1647.4261,239.8932,2.03,3,SIMULATED,SIMULATED,SIMULATED,SIMULATED
52.0,47.0,11,-74.6996,1268.2849,303.5603,0.6886,3,SIMULATED,SIMULATED,SIMULATED,SIMULATED
52.0,47.0,4,-249.51,725.8588,320.4,0.1609,2,SIMULATED,SIMULATED,SIMULATED,SIMULATED
52.0,47.0,77,-94.2333,258.4135,277.97,-1.0336,1,SIMULATED,SIMULATED,SIMULATED,SIMULATED
52.2,47.2,22,284.8119,-219.7408,0.0,0.0,1,SIMULATED,SIMULATED,SIMULATED,SIMULATED
52.2,47.2,55,261.635,582.478,275.4169,-0.4045,4,SIMULATED,SIMULATED,SIMULATED,SIMULATED
52.2,47.2,16,186.8536,916.4365,320.4,0.0,4,SIMULATED,SIMULATED,SIMULATED,SIMULATED
52.2,47.2,63,100.2837,1252.1785,320.4,0.0,3,SIMULATED,SIMULATED,SIMULATED,SIMULATED
52.2,47.2,44,-40.0659,1633.4115,253.43,1.9165,3,SIMULATED,SIMULATED,SIMULATED,SIMULATED
52.2,47.2,11,-71.7705,1285.2261,309.3889,0.8252,3,SIMULATED,SIMULATED,SIMULATED,SIMULATED
52.2,47.2,4,-249.4223,743.6677,320.4,0.0,2,SIMULATED,SIMULATED,SIMULATED,SIMULATED
52.2,47.2,77,-94.2553,273.4038,270.5326,-1.053,2,SIMULATED,SIMULATED,SIMULATED,SIMULATED
52.4,47.4,22,284.8119,-219.7408,0.0,0.0,1,SIMULATED,SIMULATED,SIMULATED,SIMULATED
52.4,47.4,55,262.6284,567.4003,275.0449,-0.0527,4,SIMULATED,SIMULATED,SIMULATED,SIMULATED
52.4,47.4,16,190.8579,899.0915,320.4,0.0,4,SIMULATED,SIMULATED,SIMULATED,SIMULATED
52.4,47.4,63,105.6762,1235.2226,320.4,-0.0,3,SIMULATED,SIMULATED,SIMULATED,SIMULATED
52.4,47.4,44,-38.4253,1618.7067,266.4978,1.8501,3,SIMULATED,SIMULATED,SIMULATED,SIMULATED
52.4,47.4,11,-68.9569,1302.477,314.5692,0.7334,3,SIMULATED,SIMULATED,SIMULATED,SIMULATED
52.4,47.4,4,-248.9844,761.4982,320.4,0.0,2,SIMULATED,SIMULATED,SIMULATED,SIMULATED
52.4,47.4,77,-93.839,288.153,265.9477,-0.6491,2,SIMULATED,SIMULATED,SIMULATED,SIMULATED
52.6,47.6,22,284.8119,-219.7408,0.0,0.0,1,SIMULATED,SIMULATED,SIMULATED,SIMULATED
52.6,47.6,55,260.2713,552.6804,274.4521,-0.0839,4,SIMULATED,SIMULATED,SIMULATED,SIMULATED
52.6,47.6,16,194.8388,881.7425,320.4,0.0,4,SIMULATED,SIMULATED,SIMULATED,SIMULATED
52.6,47.6,63,110.8737,1218.2269,320.4,0.0,3,SIMULATED,SIMULATED,SIMULATED,SIMULATED
52.6,47.6,44,-36.2143,1603.583,276.0468,1.3519,3,SIMULATED,SIMULATED,SIMULATED,SIMULATED
52.6,47.6,11,-66.2982,1319.9427,317.8279,0.4614,3,SIMULATED,SIMULATED,SIMULATED,SIMULATED
52.6,47.6,4,-248.1282,779.3007,320.4,0.0,2,SIMULATED,SIMULATED,SIMULATED,SIMULATED
52.6,47.6,77,-93.2748,302.5946,260.4589,-0.7771,2,SIMULATED,SIMULATED,SIMULATED,SIMULATED
52.8,47.8,22,284.8119,-219.7408,0.0,0.0,1,SIMULATED,SIMULATED,SIMULATED,SIMULATED
52.8,47.8,55,254.3758,538.8267,274.4521,0.0,4,SIMULATED,SIMULATED,SIMULATED,SIMULATED
52.8,47.8,16,198.8156,864.3967,320.3086,-0.0129,4,SIMULATED,SIMULATED,SIMULATED,SIMULATED
52.8,47.8,63,115.8586,1201.1486,320.4,0.0,3,SIMULATED,SIMULATED,SIMULATED,SIMULATED
52.8,47.8,44,-32.54,1588.1343,286.4538,1.4734,3,SIMULATED,SIMULATED,SIMULATED,SIMULATED
52.8,47.8,11,-63.8541,1337.5545,319.9569,0.3014,3,SIMULATED,SIMULATED,SIMULATED,SIMULATED
52.8,47.8,4,-246.9397,797.0808,320.4,0.0,2,SIMULATED,SIMULATED,SIMULATED,SIMULATED
52.8,47.8,77,-92.6364,316.8428,256.7396,-0.5266,2,SIMULATED,SIMULATED,SIMULATED,SIMULATED
53.0,48.0,22,284.8119,-219.7408,0.0,0.0,1,SIMULATED,SIMULATED,SIMULATED,SIMULATED
53.0,48.0,55,248.1209,524.7904,274.4521,0.0,4,SIMULATED,SIMULATED,SIMULATED,SIMULATED
53.0,48.0,16,202.7791,847.0744,319.868,-0.0624,4,SIMULATED,SIMULATED,SIMULATED,SIMULATED
53.0,48.0,63,120.5577,1184.0051,320.4,0.0,3,SIMULATED,SIMULATED,SIMULATED,SIMULATED
53.0,48.0,44,-27.772,1572.4791,295.1576,1.2323,3,SIMULATED,SIMULATED,SIMULATED,SIMULATED
53.0,48.0,11,-61.6251,1355.2194,320.4,0.0627,3,SIMULATED,SIMULATED,SIMULATED,SIMULATED
53.0,48.0,4,-245.4675,814.8444,320.4,0.0,2,SIMULATED,SIMULATED,SIMULATED,SIMULATED
53.0,48.0,77,-92.3701,331.1307,256.431,-0.0437,2,SIMULATED,SIMULATED,SIMULATED,SIMULATED
53.2,48.2,22,284.8119,-219.7408,0.0,0.0,1,SIMULATED,SIMULATED,SIMULATED,SIMULATED
53.2,48.2,55,243.9901,509.9524,274.4521,0.0,4,SIMULATED,SIMULATED,SIMULATED,SIMULATED
53.2,48.2,16,206.7177,829.8073,318.7637,-0.1564,4,SIMULATED,SIMULATED,SIMULATED,SIMULATED
53.2,48.2,63,125.0723,1166.8135,320.4,0.0,3,SIMULATED,SIMULATED,SIMULATED,SIMULATED
53.2,48.2,44,-22.0637,1556.6647,303.0302,1.1146,3,SIMULATED,SIMULATED,SIMULATED,SIMULATED
53.2,48.2,11,-59.7791,1372.9332,320.4,0.0,3,SIMULATED,SIMULATED,SIMULATED,SIMULATED
53.2,48.2,4,-243.6845,832.57,320.4,0.0,2,SIMULATED,SIMULATED,SIMULATED,SIMULATED
53.2,48.2,77,-92.5669,345.4188,256.3388,-0.0131,2,SIMULATED,SIMULATED,SIMULATED,SIMULATED
53.4,48.4,22,284.8119,-219.7408,0.0,0.0,1,SIMULATED,SIMULATED,SIMULATED,SIMULATED
53.4,48.4,55,242.8075,494.5783,274.4521,0.0,4,SIMULATED,SIMULATED,SIMULATED,SIMULATED
53.4,48.4,16,210.6804,812.6101,317.7281,-0.1466,4,SIMULATED,SIMULATED,SIMULATED,SIMULATED
53.4,48.4,63,129.4128,1149.5599,320.4,0.0,3,SIMULATED,SIMULATED,SIMULATED,SIMULATED
53.4,48.4,44,-15.7324,1540.7777,308.1169,0.7202,3,SIMULATED,SIMULATED,SIMULATED,SIMULATED
53.4,48.4,11,-58.2779,1390.68,320.4,0.0,3,SIMULATED,SIMULATED,SIMULATED,SIMULATED
53.4,48.4,4,-241.6304,850.2053,319.1679,-0.1744,2,SIMULATED,SIMULATED,SIMULATED,SIMULATED
53.4,48.4,77,-93.6244,359.552,253.6627,-0.3789,2,SIMULATED,SIMULATED,SIMULATED,SIMULATED
53.6,48.6,22,284.8119,-219.7408,0.0,0.0,1,SIMULATED,SIMULATED,SIMULATED,SIMULATED
53.6,48.6,55,243.9808,479.3016,274.4521,0.0,4,SIMULATED,SIMULATED,SIMULATED,SIMULATED
53.6,48.6,16,214.6309,795.5648,314.9695,-0.3906,4,SIMULATED,SIMULATED,SIMULATED,SIMULATED
53.6,48.6,63,133.6684,1132.279,320.4,0.0,4,SIMULATED,SIMULATED,SIMULATED,SIMULATED
53.6,48.6,44,-9.0706,1524.8167,311.3638,0.4597,3,SIMULATED,SIMULATED,SIMULATED,SIMULATED
53.6,48.6,11,-57.1939,1408.4586,320.4,0.0,3,SIMULATED,SIMULATED,SIMULATED,SIMULATED
53.6,48.6,4,-239.2638,867.6826,317.1307,-0.2884,2,SIMULATED,SIMULATED,SIMULATED,SIMULATED
53.6,48.6,77,-96.011,373.2787,248.0825,-0.79,2,SIMULATED,SIMULATED,SIMULATED,SIMULATED
53.8,48.8,22,284.8119,-219.7408,0.0,0.0,1,SIMULATED,SIMULATED,SIMULATED,SIMULATED
53.8,48.8,55,246.3668,464.1572,274.984,0.0753,4,SIMULATED,SIMULATED,SIMULATED,SIMULATED
53.8,48.8,16,218.5507,778.7608,310.6092,-0.6173,4,SIMULATED,SIMULATED,SIMULATED,SIMULATED
53.8,48.8,63,137.8664,1114.986,320.4,0.0,4,SIMULATED,SIMULATED,SIMULATED,SIMULATED
53.8,48.8,44,-2.2863,1508.7346,314.1841,0.3993,3,SIMULATED,SIMULATED,SIMULATED,SIMULATED
53.8,48.8,11,-56.4484,1426.255,320.4,0.0,3,SIMULATED,SIMULATED,SIMULATED,SIMULATED
53.8,48.8,4,-236.5708,884.8408,312.2481,-0.6913,2,SIMULATED,SIMULATED,SIMULATED,SIMULATED
53.8,48.8,77,-101.173,386.0451,243.6198,-0.6318,2,SIMULATED,SIMULATED,SIMULATED,SIMULATED
54.0,49.0,22,284.8119,-219.7408,0.0,0.0,1,SIMULATED,SIMULATED,SIMULATED,SIMULATED
54.0,49.0,55,249.5511,449.0372,277.3828,0.3396,4,SIMULATED,SIMULATED,SIMULATED,SIMULATED
54.0,49.0,16,222.4662,762.1972,306.422,-0.5928,4,SIMULATED,SIMULATED,SIMULATED,SIMULATED
54.0,49.0,63,141.9841,1097.6761,320.4,0.0,4,SIMULATED,SIMULATED,SIMULATED,SIMULATED
54.0,49.0,44,4.5238,1492.6595,314.2785,0.0134,3,SIMULATED,SIMULATED,SIMULATED,SIMULATED
54.0,49.0,11,-56.045,1444.0574,320.3915,-0.0012,3,SIMULATED,SIMULATED,SIMULATED,SIMULATED
54.0,49.0,4,-233.5739,901.5628,305.2737,-0.9874,2,SIMULATED,SIMULATED,SIMULATED,SIMULATED
54.0,49.0,77,-109.9184,396.4021,236.7599,-0.9712,2,SIMULATED,SIMULATED,SIMULATED,SIMULATED
54.2,49.2,22,284.8119,-219.7408,0.0,0.0,1,SIMULATED,SIMULATED,SIMULATED,SIMULATED
54.2,49.2,55,253.322,433.6857,284.1755,0.9617,4,SIMULATED,SIMULATED,SIMULATED,SIMULATED
54.2,49.2,16,226.3611,745.8388,302.7096,-0.5256,4,SIMULATED,SIMULATED,SIMULATED,SIMULATED
54.2,49.2,63,146.0798,1080.3557,320.4,0.0,4,SIMULATED,SIMULATED,SIMULATED,SIMULATED
54.2,49.2,44,11.439,1476.4687,316.9264,0.3749,3,SIMULATED,SIMULATED,SIMULATED,SIMULATED
54.2,49.2,11,-55.9339,1461.7909,319.1012,-0.1827,3,SIMULATED,SIMULATED,SIMULATED,SIMULATED
54.2,49.2,4,-230.3371,917.8097,297.7792,-1.0611,2,SIMULATED,SIMULATED,SIMULATED,SIMULATED
54.2,49.2,77,-121.3286,402.864,230.5111,-0.8847,2,SIMULATED,SIMULATED,SIMULATED,SIMULATED
54.4,49.4,22,284.8119,-219.7408,0.0,0.0,1,SIMULATED,SIMULATED,SIMULATED,SIMULATED
54.4,49.4,55,257.4528,418.0903,289.9842,0.8224,4,SIMULATED,SIMULATED,SIMULATED,SIMULATED
54.4,49.4,16,230.2091,729.7225,298.2639,-0.6294,4,SIMULATED,SIMULATED,SIMULATED,SIMULATED
54.4,49.4,63,150.135,1063.0258,320.4,0.0,4,SIMULATED,SIMULATED,SIMULATED,SIMULATED
54.4,49.4,44,18.3946,1460.2964,316.9264,-0.0,3,SIMULATED,SIMULATED,SIMULATED,SIMULATED
54.4,49.4,11,-56.1085,1479.2774,314.6071,-0.6363,3,SIMULATED,SIMULATED,SIMULATED,SIMULATED
54.4,49.4,4,-226.9343,933.6974,292.2388,-0.7844,2,SIMULATED,SIMULATED,SIMULATED,SIMULATED
54.4,49.4,77,-133.8968,405.1732,224.4834,-0.8534,2,SIMULATED,SIMULATED,SIMULATED,SIMULATED
54.6,49.6,22,284.8119,-219.7408,0.0,0.0,1,SIMULATED,SIMULATED,SIMULATED,SIMULATED
54.6,49.6,55,261.9494,402.275,295.8286,0.8274,4,SIMULATED,SIMULATED,SIMULATED,SIMULATED
54.6,49.6,16,234.0435,713.6809,296.8631,-0.1983,4,SIMULATED,SIMULATED,SIMULATED,SIMULATED
54.6,49.6,63,154.1897,1045.6976,320.4,0.0,4,SIMULATED,SIMULATED,SIMULATED,SIMULATED
54.6,49.6,44,25.419,1444.1521,316.9264,0.0,3,SIMULATED,SIMULATED,SIMULATED,SIMULATED
54.6,49.6,11,-56.8065,1496.4719,309.341,-0.7456,3,SIMULATED,SIMULATED,SIMULATED,SIMULATED
54.6,49.6,4,-223.4245,949.446,290.284,-0.2768,2,SIMULATED,SIMULATED,SIMULATED,SIMULATED
54.6,49.6,77,-146.2218,405.0021,220.0479,-0.628,2,SIMULATED,SIMULATED,SIMULATED,SIMULATED
54.8,49.8,22,284.8119,-219.7408,0.0,0.0,1,SIMULATED,SIMULATED,SIMULATED,SIMULATED
54.8,49.8,55,266.4684,386.3298,298.396,0.3635,4,SIMULATED,SIMULATED,SIMULATED,SIMULATED
54.8,49.8,16,237.8448,697.7047,295.6058,-0.178,4,SIMULATED,SIMULATED,SIMULATED,SIMULATED
54.8,49.8,63,158.2249,1028.3575,320.4,0.0,4,SIMULATED,SIMULATED,SIMULATED,SIMULATED
54.8,49.8,44,32.451,1428.0099,316.9264,0.0,3,SIMULATED,SIMULATED,SIMULATED,SIMULATED
54.8,49.8,11,-58.1937,1513.2446,302.7334,-0.9355,3,SIMULATED,SIMULATED,SIMULATED,SIMULATED
54.8,49.8,4,-219.8134,965.0048,287.3689,-0.4127,2,SIMULATED,SIMULATED,SIMULATED,SIMULATED
54.8,49.8,77,-158.1677,404.8892,216.5836,-0.4905,2,SIMULATED,SIMULATED,SIMULATED,SIMULATED
55.0,50.0,22,284.8119,-219.7408,0.0,0.0,1,SIMULATED,SIMULATED,SIMULATED,SIMULATED
55.0,50.0,55,270.9225,370.222,300.9881,0.367,4,SIMULATED,SIMULATED,SIMULATED,SIMULATED
55.0,50.0,16,241.6445,681.7585,295.0399,-0.0801,4,SIMULATED,SIMULATED,SIMULATED,SIMULATED
55.0,50.0,63,162.2801,1011.0266,320.4,0.0,4,SIMULATED,SIMULATED,SIMULATED,SIMULATED
55.0,50.0,44,39.4627,1411.8585,316.9264,0.0,3,SIMULATED,SIMULATED,SIMULATED,SIMULATED
55.0,50.0,11,-60.116,1529.6607,296.9995,-0.8118,3,SIMULATED,SIMULATED,SIMULATED,SIMULATED
55.0,50.0,4,-216.1815,980.443,285.3641,-0.2838,2,SIMULATED,SIMULATED,SIMULATED,SIMULATED
55.0,50.0,77,-169.8669,406.5362,217.6638,0.1529,2,SIMULATED,SIMULATED,SIMULATED,SIMULATED
55.2,50.2,22,284.8119,-219.7408,0.0,0.0,1,SIMULATED,SIMULATED,SIMULATED,SIMULATED
55.2,50.2,55,275.3465,353.8142,305.989,0.708,4,SIMULATED,SIMULATED,SIMULATED,SIMULATED
55.2,50.2,16,245.3851,665.967,292.102,-0.4159,4,SIMULATED,SIMULATED,SIMULATED,SIMULATED
55.2,50.2,63,166.329,993.695,320.4,0.0,4,SIMULATED,SIMULATED,SIMULATED,SIMULATED
55.2,50.2,44,46.476,1395.6258,318.271,0.1904,3,SIMULATED,SIMULATED,SIMULATED,SIMULATED
55.2,50.2,11,-62.7436,1545.6254,291.1196,-0.8325,3,SIMULATED,SIMULATED,SIMULATED,SIMULATED
55.2,50.2,4,-212.6264,995.6357,280.966,-0.6227,2,SIMULATED,SIMULATED,SIMULATED,SIMULATED
55.2,50.2,77,-181.1717,410.5607,221.9403,0.6055,2,SIMULATED,SIMULATED,SIMULATED,SIMULATED
55.4,50.4,22,284.8119,-219.7408,0.0,0.0,1,SIMULATED,SIMULATED,SIMULATED,SIMULATED
55.4,50.4,55,279.7173,337.1586,310.072,0.5781,4,SIMULATED,SIMULATED,SIMULATED,SIMULATED
55.4,50.4,16,249.0791,650.3474,288.9017,-0.4531,4,SIMULATED,SIMULATED,SIMULATED,SIMULATED
55.4,50.4,63,170.37,976.3573,320.4,0.0,4,SIMULATED,SIMULATED,SIMULATED,SIMULATED
55.4,50.4,44,53.4502,1379.3155,319.2441,0.1378,3,SIMULATED,SIMULATED,SIMULATED,SIMULATED
55.4,50.4,11,-65.5318,1561.2978,286.4652,-0.659,3,SIMULATED,SIMULATED,SIMULATED,SIMULATED
55.4,50.4,4,-209.1438,1010.5795,276.0587,-0.6948,2,SIMULATED,SIMULATED,SIMULATED,SIMULATED
55.4,50.4,77,-191.7691,417.433,230.9342,1.2734,2,SIMULATED,SIMULATED,SIMULATED,SIMULATED
55.6,50.6,22,284.8119,-219.7408,0.0,0.0,1,SIMULATED,SIMULATED,SIMULATED,SIMULATED
55.6,50.6,55,284.0722,320.2298,314.685,0.6531,4,SIMULATED,SIMULATED,SIMULATED,SIMULATED
55.6,50.6,16,252.728,634.8984,285.6888,-0.4549,4,SIMULATED,SIMULATED,SIMULATED,SIMULATED
55.6,50.6,63,174.4169,959.0237,320.4,-0.0,4,SIMULATED,SIMULATED,SIMULATED,SIMULATED
55.6,50.6,44,60.3354,1362.8979,320.4,0.1636,3,SIMULATED,SIMULATED,SIMULATED,SIMULATED
55.6,50.6,11,-68.5502,1576.6259,281.0053,-0.773,3,SIMULATED,SIMULATED,SIMULATED,SIMULATED
55.6,50.6,4,-205.582,1025.2398,271.3546,-0.666,2,SIMULATED,SIMULATED,SIMULATED,SIMULATED
55.6,50.6,77,-201.217,426.5171,240.4318,1.3447,2,SIMULATED,SIMULATED,SIMULATED,SIMULATED
55.8,50.8,22,284.8119,-219.7408,0.0,0.0,1,SIMULATED,SIMULATED,SIMULATED,SIMULATED
55.8,50.8,55,288.4464,303.1645,317.1303,0.3462,4,SIMULATED,SIMULATED,SIMULATED,SIMULATED
55.8,50.8,16,256.2757,619.6065,282.5056,-0.4507,4,SIMULATED,SIMULATED,SIMULATED,SIMULATED
55.8,50.8,63,178.4555,941.69,320.4,0.0,4,SIMULATED,SIMULATED,SIMULATED,SIMULATED
55.8,50.8,44,67.1044,1346.4315,320.4,0.0,3,SIMULATED,SIMULATED,SIMULATED,SIMULATED
55.8,50.8,11,-71.6778,1591.5596,274.5417,-0.9151,3,SIMULATED,SIMULATED,SIMULATED,SIMULATED
55.8,50.8,4,-201.5309,1039.4619,264.9081,-0.9127,2,SIMULATED,SIMULATED,SIMULATED,SIMULATED
55.8,50.8,77,-209.3562,437.4288,249.9857,1.3526,2,SIMULATED,SIMULATED,SIMULATED,SIMULATED
56.0,51.0,22,284.8119,-219.7408,0.0,0.0,1,SIMULATED,SIMULATED,SIMULATED,SIMULATED
56.0,51.0,55,292.8214,285.987,319.0387,0.2702,4,SIMULATED,SIMULATED,SIMULATED,SIMULATED
56.0,51.0,16,259.6558,604.4806,278.7674,-0.5293,4,SIMULATED,SIMULATED,SIMULATED,SIMULATED
56.0,51.0,63,182.4628,924.3494,320.4,0.0,4,SIMULATED,SIMULATED,SIMULATED,SIMULATED
56.0,51.0,44,73.8106,1329.9404,320.4,0.0,3,SIMULATED,SIMULATED,SIMULATED,SIMULATED
56.0,51.0,11,-74.9624,1606.1136,268.432,-0.865,3,SIMULATED,SIMULATED,SIMULATED,SIMULATED
56.0,51.0,4,-196.3324,1053.1231,261.0388,-0.5478,2,SIMULATED,SIMULATED,SIMULATED,SIMULATED
56.0,51.0,77,-216.073,450.0061,258.9676,1.2716,2,SIMULATED,SIMULATED,SIMULATED,SIMULATED
56.2,51.2,22,284.8119,-219.7408,0.0,0.0,1,SIMULATED,SIMULATED,SIMULATED,SIMULATED
56.2,51.2,55,297.2385,268.8077,319.2446,0.0292,4,SIMULATED,SIMULATED,SIMULATED,SIMULATED
56.2,51.2,16,262.6297,589.3517,276.5115,-0.3194,4,SIMULATED,SIMULATED,SIMULATED,SIMULATED
56.2,51.2,63,186.4654,907.0048,320.4,0.0,4,SIMULATED,SIMULATED,SIMULATED,SIMULATED
56.2,51.2,44,80.4227,1313.4118,320.4,0.0,3,SIMULATED,SIMULATED,SIMULATED,SIMULATED
56.2,51.2,11,-78.2043,1620.2757,261.575,-0.9708,3,SIMULATED,SIMULATED,SIMULATED,SIMULATED
56.2,51.2,4,-188.0136,1065.2693,257.2231,-0.5402,2,SIMULATED,SIMULATED,SIMULATED,SIMULATED
56.2,51.2,77,-221.4742,463.5939,265.5573,0.933,2,SIMULATED,SIMULATED,SIMULATED,SIMULATED
56.4,51.4,22,284.8119,-219.7408,0.0,0.0,1,SIMULATED,SIMULATED,SIMULATED,SIMULATED
56.4,51.4,55,301.6906,251.6143,319.6643,0.0594,4,SIMULATED,SIMULATED,SIMULATED,SIMULATED
56.4,51.4,16,264.4469,574.0729,275.2063,-0.1848,4,SIMULATED,SIMULATED,SIMULATED,SIMULATED
56.4,51.4,63,190.4569,889.6604,320.4,0.0,4,SIMULATED,SIMULATED,SIMULATED,SIMULATED
56.4,51.4,44,86.8368,1296.7985,320.4,-0.0,3,SIMULATED,SIMULATED,SIMULATED,SIMULATED
56.4,51.4,11,-81.2299,1634.038,253.7164,-1.1126,3,SIMULATED,SIMULATED,SIMULATED,SIMULATED
56.4,51.4,4,-175.6564,1073.0186,256.5027,-0.102,2,SIMULATED,SIMULATED,SIMULATED,SIMULATED
56.4,51.4,77,-225.8886,477.8427,269.8954,0.6142,2,SIMULATED,SIMULATED,SIMULATED,SIMULATED
56.6,51.6,22,284.8119,-219.7408,0.0,0.0,1,SIMULATED,SIMULATED,SIMULATED,SIMULATED
56.6,51.6,55,306.1711,234.418,319.8374,0.0245,4,SIMULATED,SIMULATED,SIMULATED,SIMULATED
56.6,51.6,16,263.7566,558.6639,274.4521,-0.1068,4,SIMULATED,SIMULATED,SIMULATED,SIMULATED
56.6,51.6,63,194.4388,872.3113,320.4,0.0,4,SIMULATED,SIMULATED,SIMULATED,SIMULATED
56.6,51.6,44,92.9194,1280.0585,320.4,0.0,3,SIMULATED,SIMULATED,SIMULATED,SIMULATED
56.6,51.6,11,-84.0079,1647.3197,244.3335,-1.3284,3,SIMULATED,SIMULATED,SIMULATED,SIMULATED
56.6,51.6,4,-162.2004,1077.6969,256.5027,0.0,2,SIMULATED,SIMULATED,SIMULATED,SIMULATED
56.6,51.6,77,-229.1129,492.4035,270.6519,0.1071,2,SIMULATED,SIMULATED,SIMULATED,SIMULATED
56.8,51.8,22,284.8119,-219.7408,0.0,0.0,1,SIMULATED,SIMULATED,SIMULATED,SIMULATED
56.8,51.8,55,310.6717,217.2286,319.8374,0.0,4,SIMULATED,SIMULATED,SIMULATED,SIMULATED
56.8,51.8,16,259.1036,543.9108,274.4521,0.0,4,SIMULATED,SIMULATED,SIMULATED,SIMULATED
56.8,51.8,63,198.4031,854.9834,319.9842,-0.0589,4,SIMULATED,SIMULATED,SIMULATED,SIMULATED
56.8,51.8,44,98.731,1263.2253,320.4,0.0,3,SIMULATED,SIMULATED,SIMULATED,SIMULATED
56.8,51.8,11,-86.4586,1660.1495,235.3494,-1.272,3,SIMULATED,SIMULATED,SIMULATED,SIMULATED
56.8,51.8,4,-149.3971,1083.4888,256.5027,0.0,2,SIMULATED,SIMULATED,SIMULATED,SIMULATED
56.8,51.8,77,-231.5564,507.3224,272.711,0.2915,2,SIMULATED,SIMULATED,SIMULATED,SIMULATED
57.0,52.0,22,284.8119,-219.7408,0.0,0.0,1,SIMULATED,SIMULATED,SIMULATED,SIMULATED
57.0,52.0,55,315.1691,200.0387,319.8374,0.0,4,SIMULATED,SIMULATED,SIMULATED,SIMULATED
57.0,52.0,16,252.5398,530.182,274.4521,0.0,4,SIMULATED,SIMULATED,SIMULATED,SIMULATED
57.0,52.0,63,202.3671,837.6624,319.868,-0.0164,4,SIMULATED,SIMULATED,SIMULATED,SIMULATED
57.0,52.0,44,104.2666,1246.3024,320.4,0.0,3,SIMULATED,SIMULATED,SIMULATED,SIMULATED
57.0,52.0,11,-88.0136,1672.5241,225.6394,-1.3747,3,SIMULATED,SIMULATED,SIMULATED,SIMULATED
57.0,52.0,4,-137.7921,1091.3712,256.5027,0.0,2,SIMULATED,SIMULATED,SIMULATED,SIMULATED
57.0,52.0,77,-233.6306,522.5903,277.8887,0.7331,2,SIMULATED,SIMULATED,SIMULATED,SIMULATED
57.2,52.2,22,284.8119,-219.7408,0.0,0.0,1,SIMULATED,SIMULATED,SIMULATED,SIMULATED
57.2,52.2,55,319.6037,182.8373,319.8374,0.0,4,SIMULATED,SIMULATED,SIMULATED,SIMULATED
57.2,52.2,16,247.3261,516.0403,274.4521,0.0,4,SIMULATED,SIMULATED,SIMULATED,SIMULATED
57.2,52.2,63,206.3031,820.4474,317.7733,-0.2966,4,SIMULATED,SIMULATED,SIMULATED,SIMULATED
57.2,52.2,44,109.6046,1229.3149,320.4,0.0,3,SIMULATED,SIMULATED,SIMULATED,SIMULATED
57.2,52.2,11,-87.4653,1684.2299,213.9119,-1.6604,3,SIMULATED,SIMULATED,SIMULATED,SIMULATED
57.2,52.2,4,-127.9148,1101.2143,256.5027,0.0,2,SIMULATED,SIMULATED,SIMULATED,SIMULATED
57.2,52.2,77,-235.4833,538.2497,284.1088,0.8806,2,SIMULATED,SIMULATED,SIMULATED,SIMULATED
57.4,52.4,22,284.8119,-219.7408,0.0,0.0,1,SIMULATED,SIMULATED,SIMULATED,SIMULATED
57.4,52.4,55,323.9643,165.6172,319.8374,0.0,4,SIMULATED,SIMULATED,SIMULATED,SIMULATED
57.4,52.4,16,244.9654,501.2076,274.4521,0.0,4,SIMULATED,SIMULATED,SIMULATED,SIMULATED
57.4,52.4,63,210.2663,803.3084,316.6373,-0.1608,4,SIMULATED,SIMULATED,SIMULATED,SIMULATED
57.4,52.4,44,114.7215,1212.2614,320.4,0.0,3,SIMULATED,SIMULATED,SIMULATED,SIMULATED
57.4,52.4,11,-83.0097,1694.4437,207.1854,-0.9523,3,SIMULATED,SIMULATED,SIMULATED,SIMULATED
57.4,52.4,4,-119.9439,1112.8428,257.1281,0.0885,2,SIMULATED,SIMULATED,SIMULATED,SIMULATED
57.4,52.4,77,-237.2194,554.3169,291.1475,0.9965,2,SIMULATED,SIMULATED,SIMULATED,SIMULATED
57.6,52.6,22,284.8119,-219.7408,0.0,0.0,1,SIMULATED,SIMULATED,SIMULATED,SIMULATED
57.6,52.6,55,328.1643,148.3643,319.8374,0.0,4,SIMULATED,SIMULATED,SIMULATED,SIMULATED
57.6,52.6,16,245.2474,486.1301,274.4521,0.0,4,SIMULATED,SIMULATED,SIMULATED,SIMULATED
57.6,52.6,63,214.2004,786.3913,312.5735,-0.5754,4,SIMULATED,SIMULATED,SIMULATED,SIMULATED
57.6,52.6,44,119.5959,1195.1325,320.4,0.0,3,SIMULATED,SIMULATED,SIMULATED,SIMULATED
57.6,52.6,11,-74.2105,1700.5647,202.0785,-0.723,3,SIMULATED,SIMULATED,SIMULATED,SIMULATED
57.6,52.6,4,-113.2419,1125.4285,259.5197,0.3386,2,SIMULATED,SIMULATED,SIMULATED,SIMULATED
57.6,52.6,77,-238.8476,570.7534,297.3964,0.8847,2,SIMULATED,SIMULATED,SIMULATED,SIMULATED
57.8,52.8,22,284.8119,-219.7408,0.0,0.0,1,SIMULATED,SIMULATED,SIMULATED,SIMULATED
57.8,52.8,55,332.0413,131.059,319.8374,0.0,4,SIMULATED,SIMULATED,SIMULATED,SIMULATED
57.8,52.8,16,247.1631,471.0546,274.5431,0.0129,4,SIMULATED,SIMULATED,SIMULATED,SIMULATED
57.8,52.8,63,218.1208,769.6952,308.6256,-0.5589,4,SIMULATED,SIMULATED,SIMULATED,SIMULATED
57.8,52.8,44,124.2477,1177.9466,320.4,0.0,3,SIMULATED,SIMULATED,SIMULATED,SIMULATED
57.8,52.8,11,-63.8112,1699.5115,199.3362,-0.3883,3,SIMULATED,SIMULATED,SIMULATED,SIMULATED
57.8,52.8,4,-107.7453,1138.9409,264.3848,0.6888,2,SIMULATED,SIMULATED,SIMULATED,SIMULATED
57.8,52.8,77,-240.4034,587.4856,302.6565,0.7447,2,SIMULATED,SIMULATED,SIMULATED,SIMULATED
58.0,53.0,22,284.8119,-219.7408,0.0,0.0,1,SIMULATED,SIMULATED,SIMULATED,SIMULATED
58.0,53.0,55,335.5426,113.6393,319.8374,-0.0,4,SIMULATED,SIMULATED,SIMULATED,SIMULATED
58.0,53.0,16,250.0253,456.0064,277.0284,0.3519,4,SIMULATED,SIMULATED,SIMULATED,SIMULATED
58.0,53.0,63,222.028,753.2229,304.6764,-0.5591,4,SIMULATED,SIMULATED,SIMULATED,SIMULATED
58.0,53.0,44,128.6825,1160.7013,320.4,0.0,3,SIMULATED,SIMULATED,SIMULATED,SIMULATED
58.0,53.0,11,-55.6775,1692.5519,199.3362,0.0,3,SIMULATED,SIMULATED,SIMULATED,SIMULATED
58.0,53.0,4,-103.0764,1153.1767,270.9122,0.9241,2,SIMULATED,SIMULATED,SIMULATED,SIMULATED
58.0,53.0,77,-241.8395,604.416,306.0614,0.4821,2,SIMULATED,SIMULATED,SIMULATED,SIMULATED
58.2,53.2,22,284.8119,-219.7408,0.0,0.0,1,SIMULATED,SIMULATED,SIMULATED,SIMULATED
58.2,53.2,55,338.8541,96.2191,319.6855,-0.0215,4,SIMULATED,SIMULATED,SIMULATED,SIMULATED
58.2,53.2,16,253.5904,440.8156,281.3571,0.6128,4,SIMULATED,SIMULATED,SIMULATED,SIMULATED
58.2,53.2,63,225.8957,737.0076,300.0738,-0.6516,4,SIMULATED,SIMULATED,SIMULATED,SIMULATED
58.2,53.2,44,132.99,1143.4284,320.4,0.0,3,SIMULATED,SIMULATED,SIMULATED,SIMULATED
58.2,53.2,11,-50.5155,1682.9879,198.3173,-0.1443,3,SIMULATED,SIMULATED,SIMULATED,SIMULATED
58.2,53.2,4,-98.899,1168.009,278.0133,1.0054,2,SIMULATED,SIMULATED,SIMULATED,SIMULATED
58.2,53.2,77,-243.1075,621.6074,310.4692,0.6241,2,SIMULATED,SIMULATED,SIMULATED,SIMULATED
58.4,53.4,22,284.8119,-219.7408,0.0,0.0,1,SIMULATED,SIMULATED,SIMULATED,SIMULATED
58.4,53.4,55,341.1287,78.7437,318.335,-0.1912,1,SIMULATED,SIMULATED,SIMULATED,SIMULATED
58.4,53.4,16,257.5469,425.3448,287.675,0.8945,4,SIMULATED,SIMULATED,SIMULATED,SIMULATED
58.4,53.4,63,229.7409,720.9459,297.2775,-0.3959,4,SIMULATED,SIMULATED,SIMULATED,SIMULATED
58.4,53.4,44,137.2211,1126.1365,320.4,0.0,4,SIMULATED,SIMULATED,SIMULATED,SIMULATED
58.4,53.4,11,-46.9566,1671.8695,211.6085,1.8818,3,SIMULATED,SIMULATED,SIMULATED,SIMULATED
58.4,53.4,4,-94.9196,1183.2409,283.6989,0.805,2,SIMULATED,SIMULATED,SIMULATED,SIMULATED
58.4,53.4,77,-244.2776,638.9464,313.0188,0.361,2,SIMULATED,SIMULATED,SIMULATED,SIMULATED
58.6,53.6,22,284.8119,-219.7408,0.0,0.0,1,SIMULATED,SIMULATED,SIMULATED,SIMULATED
58.6,53.6,55,342.4276,61.4679,313.1497,-0.7341,1,SIMULATED,SIMULATED,SIMULATED,SIMULATED
58.6,53.6,16,261.9056,409.6722,293.2197,0.785,4,SIMULATED,SIMULATED,SIMULATED,SIMULATED
58.6,53.6,63,233.5591,704.9175,296.6024,-0.0956,4,SIMULATED,SIMULATED,SIMULATED,SIMULATED
58.6,53.6,44,141.3972,1108.8303,320.4,0.0,4,SIMULATED,SIMULATED,SIMULATED,SIMULATED
58.6,53.6,11,-44.2592,1659.6532,226.0853,2.0496,3,SIMULATED,SIMULATED,SIMULATED,SIMULATED
58.6,53.6,4,-91.1032,1198.6755,286.4224,0.3856,2,SIMULATED,SIMULATED,SIMULATED,SIMULATED
58.6,53.6,77,-245.2392,656.4182,315.2303,0.3131,2,SIMULATED,SIMULATED,SIMULATED,SIMULATED
58.8,53.8,22,284.8119,-219.7408,0.0,0.0,1,SIMULATED,SIMULATED,SIMULATED,SIMULATED
58.8,53.8,55,343.1634,44.541,305.4112,-1.0956,1,SIMULATED,SIMULATED,SIMULATED,SIMULATED
58.8,53.8,16,266.4543,393.754,297.9045,0.6633,4,SIMULATED,SIMULATED,SIMULATED,SIMULATED
58.8,53.8,63,237.3637,688.9577,295.2972,-0.1848,4,SIMULATED,SIMULATED,SIMULATED,SIMULATED
58.8,53.8,44,145.5019,1091.5102,320.4,0.0,4,SIMULATED,SIMULATED,SIMULATED,SIMULATED
58.8,53.8,11,-42.38,1646.4493,240.8114,2.0849,3,SIMULATED,SIMULATED,SIMULATED,SIMULATED
58.8,53.8,4,-87.3946,1214.3237,289.6862,0.4621,2,SIMULATED,SIMULATED,SIMULATED,SIMULATED
58.8,53.8,77,-246.0245,673.9942,316.9356,0.2414,2,SIMULATED,SIMULATED,SIMULATED,SIMULATED
59.0,54.0,22,284.8119,-219.7408,0.0,0.0,1,SIMULATED,SIMULATED,SIMULATED,SIMULATED
59.0,54.0,55,343.3237,27.9211,300.0074,-0.7651,1,SIMULATED,SIMULATED,SIMULATED,SIMULATED
59.0,54.0,16,270.936,377.7203,299.5548,0.2336,4,SIMULATED,SIMULATED,SIMULATED,SIMULATED
59.0,54.0,63,241.1239,673.1162,293.1256,-0.3075,4,SIMULATED,SIMULATED,SIMULATED,SIMULATED
59.0,54.0,44,149.5786,1074.1815,320.4,0.0,4,SIMULATED,SIMULATED,SIMULATED,SIMULATED
59.0,54.0,11,-40.9616,1632.3926,254.2829,1.9073,3,SIMULATED,SIMULATED,SIMULATED,SIMULATED
59.0,54.0,4,-83.859,1230.1599,292.341,0.3759,3,SIMULATED,SIMULATED,SIMULATED,SIMULATED
59.0,54.0,77,-246.6011,691.6597,318.4157,0.2095,2,SIMULATED,SIMULATED,SIMULATED,SIMULATED
59.2,54.2,22,284.8119,-219.7408,0.0,0.0,1,SIMULATED,SIMULATED,SIMULATED,SIMULATED
59.2,54.2,55,342.6978,11.5163,296.1078,-0.5521,1,SIMULATED,SIMULATED,SIMULATED,SIMULATED
59.2,54.2,16,275.3698,361.4574,303.3113,0.5318,4,SIMULATED,SIMULATED,SIMULATED,SIMULATED
59.2,54.2,63,244.8454,657.3901,290.8905,-0.3164,4,SIMULATED,SIMULATED,SIMULATED,SIMULATED
59.2,54.2,44,153.6382,1056.8514,320.4,0.0,4,SIMULATED,SIMULATED,SIMULATED,SIMULATED
59.2,54.2,11,-39.3107,1617.6402,267.1758,1.8254,3,SIMULATED,SIMULATED,SIMULATED,SIMULATED
59.2,54.2,4,-80.5034,1246.285,296.9881,0.6579,3,SIMULATED,SIMULATED,SIMULATED,SIMULATED
59.2,54.2,77,-246.9999,709.3997,319.4788,0.1505,2,SIMULATED,SIMULATED,SIMULATED,SIMULATED
59.4,54.4,22,284.8119,-219.7408,0.0,0.0,1,SIMULATED,SIMULATED,SIMULATED,SIMULATED
59.4,54.4,55,341.6409,-4.7099,293.1089,-0.4246,1,SIMULATED,SIMULATED,SIMULATED,SIMULATED
59.4,54.4,16,279.7801,344.8508,309.1633,0.8285,4,SIMULATED,SIMULATED,SIMULATED,SIMULATED
59.4,54.4,63,248.5058,641.9003,286.5051,-0.6209,4,SIMULATED,SIMULATED,SIMULATED,SIMULATED
59.4,54.4,44,157.6781,1039.5148,320.4,0.0,4,SIMULATED,SIMULATED,SIMULATED,SIMULATED
59.4,54.4,11,-36.9836,1602.3876,276.9574,1.3849,3,SIMULATED,SIMULATED,SIMULATED,SIMULATED
59.4,54.4,4,-77.4156,1262.7864,302.3746,0.7626,3,SIMULATED,SIMULATED,SIMULATED,SIMULATED
59.4,54.4,77,-247.11,727.1736,320.4,0.1304,2,SIMULATED,SIMULATED,SIMULATED,SIMULATED
59.6,54.6,22,284.8119,-219.7408,0.0,0.0,1,SIMULATED,SIMULATED,SIMULATED,SIMULATED
59.6,54.6,55,340.2821,-20.9236,293.1089,0.0,1,SIMULATED,SIMULATED,SIMULATED,SIMULATED
59.6,54.6,16,284.1421,328.0096,313.0606,0.5518,4,SIMULATED,SIMULATED,SIMULATED,SIMULATED
59.6,54.6,63,252.1243,626.4944,284.918,-0.2247,4,SIMULATED,SIMULATED,SIMULATED,SIMULATED
59.6,54.6,44,161.7252,1022.1816,320.4,0.0,4,SIMULATED,SIMULATED,SIMULATED,SIMULATED
59.6,54.6,11,-33.2308,1586.8741,286.8454,1.3999,3,SIMULATED,SIMULATED,SIMULATED,SIMULATED
59.6,54.6,4,-74.4528,1279.5831,307.1993,0.6831,3,SIMULATED,SIMULATED,SIMULATED,SIMULATED
59.6,54.6,77,-247.0034,744.9532,320.4,0.0,2,SIMULATED,SIMULATED,SIMULATED,SIMULATED
59.8,54.8,22,284.8119,-219.7408,0.0,0.0,1,SIMULATED,SIMULATED,SIMULATED,SIMULATED
59.8,54.8,55,338.6829,-37.1112,293.1089,0.0,1,SIMULATED,SIMULATED,SIMULATED,SIMULATED
59.8,54.8,16,288.5089,310.9728,316.5784,0.498,4,SIMULATED,SIMULATED,SIMULATED,SIMULATED
59.8,54.8,63,255.6109,611.2843,281.0357,-0.5496,4,SIMULATED,SIMULATED,SIMULATED,SIMULATED
59.8,54.8,44,165.7764,1004.8486,320.4,0.0,4,SIMULATED,SIMULATED,SIMULATED,SIMULATED
59.8,54.8,11,-28.3824,1571.1532,295.717,1.256,3,SIMULATED,SIMULATED,SIMULATED,SIMULATED
59.8,54.8,4,-71.6182,1296.7091,312.703,0.7792,3,SIMULATED,SIMULATED,SIMULATED,SIMULATED
59.8,54.8,77,-246.5357,762.7198,320.4,0.0,2,SIMULATED,SIMULATED,SIMULATED,SIMULATED
60.0,55.0,22,284.8119,-219.7408,0.0,0.0,1,SIMULATED,SIMULATED,SIMULATED,SIMULATED
60.0,55.0,55,336.9255,-53.0545,288.7506,-0.617,1,SIMULATED,SIMULATED,SIMULATED,SIMULATED
60.0,55.0,16,292.8897,293.8149,318.7165,0.3027,4,SIMULATED,SIMULATED,SIMULATED,SIMULATED
60.0,55.0,63,258.7892,596.2031,278.2736,-0.3911,4,SIMULATED,SIMULATED,SIMULATED,SIMULATED
60.0,55.0,44,169.8182,987.5129,320.4,-0.0,4,SIMULATED,SIMULATED,SIMULATED,SIMULATED
60.0,55.0,11,-22.6203,1555.3153,303.0302,1.0354,3,SIMULATED,SIMULATED,SIMULATED,SIMULATED
60.0,55.0,4,-68.8858,1314.0279,315.8639,0.4475,3,SIMULATED,SIMULATED,SIMULATED,SIMULATED
60.0,55.0,77,-245.656,780.4741,320.4,0.0,2,SIMULATED,SIMULATED,SIMULATED,SIMULATED
60.2,55.2,22,284.8119,-219.7408,0.0,0.0,1,SIMULATED,SIMULATED,SIMULATED,SIMULATED
60.2,55.2,55,335.3244,-68.559,280.2734,-1.2002,1,SIMULATED,SIMULATED,SIMULATED,SIMULATED
60.2,55.2,16,297.2789,276.6439,319.076,0.0509,4,SIMULATED,SIMULATED,SIMULATED,SIMULATED
60.2,55.2,63,261.3018,581.2121,275.2509,-0.428,4,SIMULATED,SIMULATED,SIMULATED,SIMULATED
60.2,55.2,44,173.8665,970.1798,320.4,0.0,4,SIMULATED,SIMULATED,SIMULATED,SIMULATED
60.2,55.2,11,-16.2435,1539.401,308.3354,0.7511,3,SIMULATED,SIMULATED,SIMULATED,SIMULATED
60.2,55.2,4,-66.3723,1331.5839,319.4109,0.5022,3,SIMULATED,SIMULATED,SIMULATED,SIMULATED
60.2,55.2,77,-244.4481,798.2125,320.4,0.0,2,SIMULATED,SIMULATED,SIMULATED,SIMULATED
60.4,55.4,22,284.8119,-219.7408,0.0,0.0,1,SIMULATED,SIMULATED,SIMULATED,SIMULATED
60.4,55.4,55,334.0039,-83.6488,272.136,-1.1521,1,SIMULATED,SIMULATED,SIMULATED,SIMULATED
60.4,55.4,16,301.7187,259.4724,319.2555,0.0254,4,SIMULATED,SIMULATED,SIMULATED,SIMULATED
60.4,55.4,63,262.105,566.2005,275.0449,-0.0292,4,SIMULATED,SIMULATED,SIMULATED,SIMULATED
60.4,55.4,44,177.915,952.8466,320.4,0.0,4,SIMULATED,SIMULATED,SIMULATED,SIMULATED
60.4,55.4,11,-9.5748,1523.4374,311.3638,0.4288,3,SIMULATED,SIMULATED,SIMULATED,SIMULATED
60.4,55.4,4,-64.0685,1349.2187,320.4,0.14,3,SIMULATED,SIMULATED,SIMULATED,SIMULATED
60.4,55.4,77,-242.9529,815.9241,320.4,0.0,2,SIMULATED,SIMULATED,SIMULATED,SIMULATED
60.6,55.6,22,284.8119,-219.7408,0.0,0.0,1,SIMULATED,SIMULATED,SIMULATED,SIMULATED
60.6,55.6,55,333.2923,-98.4212,265.0775,-0.9993,1,SIMULATED,SIMULATED,SIMULATED,SIMULATED
60.6,55.6,16,306.187,242.2765,319.8374,0.0824,4,SIMULATED,SIMULATED,SIMULATED,SIMULATED
60.6,55.6,63,259.4285,551.6789,274.4521,-0.0839,4,SIMULATED,SIMULATED,SIMULATED,SIMULATED
60.6,55.6,44,181.939,935.5061,320.4,0.0,4,SIMULATED,SIMULATED,SIMULATED,SIMULATED
60.6,55.6,11,-2.79,1507.3552,314.1841,0.3993,3,SIMULATED,SIMULATED,SIMULATED,SIMULATED
60.6,55.6,4,-62.0951,1366.8793,320.4,0.0,3,SIMULATED,SIMULATED,SIMULATED,SIMULATED
60.6,55.6,77,-241.1564,833.6177,320.4,0.0,2,SIMULATED,SIMULATED,SIMULATED,SIMULATED
60.8,55.8,22,284.8119,-219.7408,0.0,0.0,1,SIMULATED,SIMULATED,SIMULATED,SIMULATED
60.8,55.8,55,333.6185,-112.8717,259.1087,-0.8451,1,SIMULATED,SIMULATED,SIMULATED,SIMULATED
60.8,55.8,16,310.6814,225.0868,319.8374,0.0,4,SIMULATED,SIMULATED,SIMULATED,SIMULATED
60.8,55.8,63,253.3779,537.9427,274.4521,0.0,4,SIMULATED,SIMULATED,SIMULATED,SIMULATED
60.8,55.8,44,185.9425,918.162,320.4,0.0,4,SIMULATED,SIMULATED,SIMULATED,SIMULATED
60.8,55.8,11,4.0268,1491.2735,314.374,0.0269,3,SIMULATED,SIMULATED,SIMULATED,SIMULATED
60.8,55.8,4,-60.4664,1384.5762,320.4,0.0,3,SIMULATED,SIMULATED,SIMULATED,SIMULATED
60.8,55.8,77,-239.0824,851.2035,319.1679,-0.1744,2,SIMULATED,SIMULATED,SIMULATED,SIMULATED
61.0,56.0,22,284.8119,-219.7408,0.0,0.0,1,SIMULATED,SIMULATED,SIMULATED,SIMULATED
61.0,56.0,55,335.4275,-126.8304,250.3995,-1.233,1,SIMULATED,SIMULATED,SIMULATED,SIMULATED
61.0,56.0,16,315.1814,207.897,319.8374,0.0,4,SIMULATED,SIMULATED,SIMULATED,SIMULATED
61.0,56.0,63,247.2414,523.821,274.4521,-0.0,4,SIMULATED,SIMULATED,SIMULATED,SIMULATED
61.0,56.0,44,189.9471,900.8185,320.4,0.0,4,SIMULATED,SIMULATED,SIMULATED,SIMULATED
61.0,56.0,11,10.9458,1475.0814,316.9264,0.3614,3,SIMULATED,SIMULATED,SIMULATED,SIMULATED
61.0,56.0,4,-59.234,1402.3037,320.4,0.0,3,SIMULATED,SIMULATED,SIMULATED,SIMULATED
61.0,56.0,77,-236.7014,868.6345,317.0146,-0.3049,2,SIMULATED,SIMULATED,SIMULATED,SIMULATED
61.2,56.2,22,284.8119,-219.7408,0.0,0.0,1,SIMULATED,SIMULATED,SIMULATED,SIMULATED
61.2,56.2,55,340.1576,-139.6205,243.0585,-1.0393,1,SIMULATED,SIMULATED,SIMULATED,SIMULATED
61.2,56.2,16,319.651,190.6963,319.8374,0.0,4,SIMULATED,SIMULATED,SIMULATED,SIMULATED
61.2,56.2,63,243.3088,508.8346,274.4521,0.0,4,SIMULATED,SIMULATED,SIMULATED,SIMULATED
61.2,56.2,44,193.9295,883.469,320.4,0.0,4,SIMULATED,SIMULATED,SIMULATED,SIMULATED
61.2,56.2,11,17.9078,1458.9068,316.9264,0.0,3,SIMULATED,SIMULATED,SIMULATED,SIMULATED
61.2,56.2,4,-58.3834,1420.0626,320.4,0.0,3,SIMULATED,SIMULATED,SIMULATED,SIMULATED
61.2,56.2,77,-233.9937,885.7346,312.0303,-0.7057,2,SIMULATED,SIMULATED,SIMULATED,SIMULATED
61.4,56.4,22,284.8119,-219.7408,0.0,0.0,1,SIMULATED,SIMULATED,SIMULATED,SIMULATED
61.4,56.4,55,347.1827,-150.9005,234.407,-1.2249,1,SIMULATED,SIMULATED,SIMULATED,SIMULATED
61.4,56.4,16,324.0492,173.4761,319.8374,0.0,4,SIMULATED,SIMULATED,SIMULATED,SIMULATED
61.4,56.4,63,242.3606,493.348,274.4521,0.0,4,SIMULATED,SIMULATED,SIMULATED,SIMULATED
61.4,56.4,44,197.9087,866.1204,320.3758,-0.0034,4,SIMULATED,SIMULATED,SIMULATED,SIMULATED
61.4,56.4,11,24.9343,1442.7617,316.9264,0.0,3,SIMULATED,SIMULATED,SIMULATED,SIMULATED
61.4,56.4,4,-57.8349,1437.8256,320.4,0.0,3,SIMULATED,SIMULATED,SIMULATED,SIMULATED
61.4,56.4,77,-230.9822,902.3582,304.6329,-1.0473,2,SIMULATED,SIMULATED,SIMULATED,SIMULATED
61.6,56.6,22,284.8119,-219.7408,0.0,0.0,1,SIMULATED,SIMULATED,SIMULATED,SIMULATED
61.6,56.6,55,355.8942,-160.148,226.4553,-1.1258,1,SIMULATED,SIMULATED,SIMULATED,SIMULATED
61.6,56.6,16,328.3318,156.2204,319.8374,-0.0,4,SIMULATED,SIMULATED,SIMULATED,SIMULATED
61.6,56.6,63,243.6363,478.0387,274.4521,0.0,4,SIMULATED,SIMULATED,SIMULATED,SIMULATED
61.6,56.6,44,201.8715,848.7976,319.868,-0.0719,4,SIMULATED,SIMULATED,SIMULATED,SIMULATED
61.6,56.6,11,31.9653,1426.6199,316.9264,-0.0,3,SIMULATED,SIMULATED,SIMULATED,SIMULATED
61.6,56.6,4,-57.6477,1455.5377,319.1012,-0.1839,3,SIMULATED,SIMULATED,SIMULATED,SIMULATED
61.6,56.6,77,-227.7372,918.5226,297.1901,-1.0537,2,SIMULATED,SIMULATED,SIMULATED,SIMULATED
61.8,56.8,22,284.8119,-219.7408,0.0,0.0,1,SIMULATED,SIMULATED,SIMULATED,SIMULATED
61.8,56.8,55,365.3346,-167.8583,217.4203,-1.2792,1,SIMULATED,SIMULATED,SIMULATED,SIMULATED
61.8,56.8,16,332.3889,138.8987,319.8374,0.0,4,SIMULATED,SIMULATED,SIMULATED,SIMULATED
61.8,56.8,63,246.0953,462.8767,274.984,0.0753,4,SIMULATED,SIMULATED,SIMULATED,SIMULATED
61.8,56.8,44,205.8159,831.5176,319.0283,-0.1189,4,SIMULATED,SIMULATED,SIMULATED,SIMULATED
61.8,56.8,11,38.9752,1410.4692,316.9264,0.0,3,SIMULATED,SIMULATED,SIMULATED,SIMULATED
61.8,56.8,4,-57.7119,1473.0764,315.9367,-0.448,3,SIMULATED,SIMULATED,SIMULATED,SIMULATED
61.8,56.8,77,-224.3324,934.3586,291.79,-0.7645,2,SIMULATED,SIMULATED,SIMULATED,SIMULATED
62.0,57.0,22,284.8119,-219.7408,0.0,0.0,1,SIMULATED,SIMULATED,SIMULATED,SIMULATED
62.0,57.0,55,375.0872,-174.3626,210.5803,-0.9684,1,SIMULATED,SIMULATED,SIMULATED,SIMULATED
62.0,57.0,16,336.0184,121.4856,319.8374,0.0,4,SIMULATED,SIMULATED,SIMULATED,SIMULATED
62.0,57.0,63,249.3431,447.7172,277.9134,0.4147,4,SIMULATED,SIMULATED,SIMULATED,SIMULATED
62.0,57.0,44,209.7727,814.3164,317.7379,-0.1827,4,SIMULATED,SIMULATED,SIMULATED,SIMULATED
62.0,57.0,11,45.9849,1394.2377,318.271,0.1904,3,SIMULATED,SIMULATED,SIMULATED,SIMULATED
62.0,57.0,4,-58.156,1490.3362,311.4876,-0.6299,3,SIMULATED,SIMULATED,SIMULATED,SIMULATED
62.0,57.0,77,-220.8199,950.0718,290.0823,-0.2418,2,SIMULATED,SIMULATED,SIMULATED,SIMULATED
62.2,57.2,22,284.8119,-219.7408,0.0,0.0,1,SIMULATED,SIMULATED,SIMULATED,SIMULATED
62.2,57.2,55,384.4938,-180.6816,205.1167,-0.7735,1,SIMULATED,SIMULATED,SIMULATED,SIMULATED
62.2,57.2,16,339.485,104.0545,319.8374,0.0,4,SIMULATED,SIMULATED,SIMULATED,SIMULATED
62.2,57.2,63,253.1475,432.3381,284.6125,0.9485,4,SIMULATED,SIMULATED,SIMULATED,SIMULATED
62.2,57.2,44,213.7257,797.2492,315.3566,-0.3371,4,SIMULATED,SIMULATED,SIMULATED,SIMULATED
62.2,57.2,11,52.9506,1377.9304,319.2441,0.1378,3,SIMULATED,SIMULATED,SIMULATED,SIMULATED
62.2,57.2,4,-59.3314,1507.1748,305.0181,-0.9159,3,SIMULATED,SIMULATED,SIMULATED,SIMULATED
62.2,57.2,77,-217.2076,965.6129,287.2165,-0.4057,2,SIMULATED,SIMULATED,SIMULATED,SIMULATED
62.4,57.4,22,284.8119,-219.7408,0.0,0.0,1,SIMULATED,SIMULATED,SIMULATED,SIMULATED
62.4,57.4,55,390.8939,-188.7701,200.7272,-0.6215,1,SIMULATED,SIMULATED,SIMULATED,SIMULATED
62.4,57.4,16,342.2536,86.4816,318.899,-0.1329,4,SIMULATED,SIMULATED,SIMULATED,SIMULATED
62.4,57.4,63,257.315,416.7212,290.3162,0.8075,4,SIMULATED,SIMULATED,SIMULATED,SIMULATED
62.4,57.4,44,217.6488,780.4232,311.0001,-0.6168,4,SIMULATED,SIMULATED,SIMULATED,SIMULATED
62.4,57.4,11,59.8276,1361.5158,320.4,0.1636,3,SIMULATED,SIMULATED,SIMULATED,SIMULATED
62.4,57.4,4,-61.0134,1523.6789,298.9476,-0.8595,3,SIMULATED,SIMULATED,SIMULATED,SIMULATED
62.4,57.4,77,-213.5768,981.0199,285.0337,-0.309,2,SIMULATED,SIMULATED,SIMULATED,SIMULATED
62.6,57.6,22,284.8119,-219.7408,0.0,0.0,1,SIMULATED,SIMULATED,SIMULATED,SIMULATED
62.6,57.6,55,392.3011,-199.5043,199.9294,-0.1129,1,SIMULATED,SIMULATED,SIMULATED,SIMULATED
62.6,57.6,16,344.0107,68.9546,316.3574,-0.3598,1,SIMULATED,SIMULATED,SIMULATED,SIMULATED
62.6,57.6,63,261.8282,400.8818,296.262,0.8418,4,SIMULATED,SIMULATED,SIMULATED,SIMULATED
62.6,57.6,44,221.5649,763.8307,306.8993,-0.5806,4,SIMULATED,SIMULATED,SIMULATED,SIMULATED
62.6,57.6,11,66.587,1345.053,320.4,0.0,3,SIMULATED,SIMULATED,SIMULATED,SIMULATED
62.6,57.6,4,-63.4462,1539.6842,292.7882,-0.872,3,SIMULATED,SIMULATED,SIMULATED,SIMULATED
62.6,57.6,77,-210.0283,996.2103,280.6795,-0.6165,2,SIMULATED,SIMULATED,SIMULATED,SIMULATED
62.8,57.8,22,284.8119,-219.7408,0.0,0.0,1,SIMULATED,SIMULATED,SIMULATED,SIMULATED
62.8,57.8,55,390.1545,-209.8204,200.0181,0.0126,1,SIMULATED,SIMULATED,SIMULATED,SIMULATED
62.8,57.8,16,344.903,51.7875,309.0801,-1.0303,1,SIMULATED,SIMULATED,SIMULATED,SIMULATED
62.8,57.8,63,266.3451,384.9233,298.6549,0.3388,4,SIMULATED,SIMULATED,SIMULATED,SIMULATED
62.8,57.8,44,225.465,747.4391,303.2998,-0.5096,4,SIMULATED,SIMULATED,SIMULATED,SIMULATED
62.8,57.8,11,73.2861,1328.5645,320.4,0.0,3,SIMULATED,SIMULATED,SIMULATED,SIMULATED
62.8,57.8,4,-66.2123,1555.4811,288.8377,-0.5593,3,SIMULATED,SIMULATED,SIMULATED,SIMULATED
62.8,57.8,77,-206.549,1011.1087,275.527,-0.7295,2,SIMULATED,SIMULATED,SIMULATED,SIMULATED
63.0,58.0,22,284.8119,-219.7408,0.0,0.0,1,SIMULATED,SIMULATED,SIMULATED,SIMULATED
63.0,58.0,55,384.1652,-218.999,205.3803,0.7592,1,SIMULATED,SIMULATED,SIMULATED,SIMULATED
63.0,58.0,16,345.3182,34.9772,301.899,-1.0167,1,SIMULATED,SIMULATED,SIMULATED,SIMULATED
63.0,58.0,63,270.7937,368.7895,301.4956,0.4022,4,SIMULATED,SIMULATED,SIMULATED,SIMULATED
63.0,58.0,44,229.3166,731.3009,298.654,-0.6577,4,SIMULATED,SIMULATED,SIMULATED,SIMULATED
63.0,58.0,11,79.8925,1312.0382,320.4,0.0,3,SIMULATED,SIMULATED,SIMULATED,SIMULATED
63.0,58.0,4,-69.1287,1570.901,282.7885,-0.8564,3,SIMULATED,SIMULATED,SIMULATED,SIMULATED
63.0,58.0,77,-202.9896,1025.714,270.8015,-0.669,2,SIMULATED,SIMULATED,SIMULATED,SIMULATED
63.2,58.2,22,284.8119,-219.7408,0.0,0.0,1,SIMULATED,SIMULATED,SIMULATED,SIMULATED
63.2,58.2,55,374.6913,-225.7352,215.2518,1.3976,1,SIMULATED,SIMULATED,SIMULATED,SIMULATED
63.2,58.2,16,345.0383,18.3773,297.9002,-0.5661,1,SIMULATED,SIMULATED,SIMULATED,SIMULATED
63.2,58.2,63,275.218,352.3506,306.5822,0.7202,4,SIMULATED,SIMULATED,SIMULATED,SIMULATED
63.2,58.2,44,233.1532,715.2586,296.8944,-0.2491,4,SIMULATED,SIMULATED,SIMULATED,SIMULATED
63.2,58.2,11,86.2826,1295.4344,320.4,-0.0,3,SIMULATED,SIMULATED,SIMULATED,SIMULATED
63.2,58.2,4,-72.2056,1585.9248,276.4675,-0.8949,3,SIMULATED,SIMULATED,SIMULATED,SIMULATED
63.2,58.2,77,-198.9166,1039.7266,264.5097,-0.8908,2,SIMULATED,SIMULATED,SIMULATED,SIMULATED
63.4,58.4,22,284.8119,-219.7408,0.0,0.0,1,SIMULATED,SIMULATED,SIMULATED,SIMULATED
63.4,58.4,55,363.0716,-228.6546,222.5907,1.039,1,SIMULATED,SIMULATED,SIMULATED,SIMULATED
63.4,58.4,16,344.1403,1.9972,294.8273,-0.4351,1,SIMULATED,SIMULATED,SIMULATED,SIMULATED
63.4,58.4,63,279.5871,335.6651,310.6446,0.5752,4,SIMULATED,SIMULATED,SIMULATED,SIMULATED
63.4,58.4,44,236.9575,699.2701,295.821,-0.152,4,SIMULATED,SIMULATED,SIMULATED,SIMULATED
63.4,58.4,11,92.3343,1278.7073,320.4,0.0,3,SIMULATED,SIMULATED,SIMULATED,SIMULATED
63.4,58.4,4,-75.4463,1600.609,270.9317,-0.7838,3,SIMULATED,SIMULATED,SIMULATED,SIMULATED
63.4,58.4,77,-193.7119,1053.1289,260.7782,-0.5283,2,SIMULATED,SIMULATED,SIMULATED,SIMULATED
63.6,58.6,22,284.8119,-219.7408,0.0,0.0,1,SIMULATED,SIMULATED,SIMULATED,SIMULATED
63.6,58.6,55,350.7577,-229.3682,225.2195,0.3722,1,SIMULATED,SIMULATED,SIMULATED,SIMULATED
63.6,58.6,16,342.8966,-14.2441,293.1089,-0.2433,1,SIMULATED,SIMULATED,SIMULATED,SIMULATED
63.6,58.6,63,283.9441,318.7137,315.1105,0.6323,4,SIMULATED,SIMULATED,SIMULATED,SIMULATED
63.6,58.6,44,240.7622,683.3118,295.2972,-0.0742,4,SIMULATED,SIMULATED,SIMULATED,SIMULATED
63.6,58.6,11,98.1234,1261.8842,320.4,0.0,3,SIMULATED,SIMULATED,SIMULATED,SIMULATED
63.6,58.6,4,-78.7278,1614.9167,264.2602,-0.9445,3,SIMULATED,SIMULATED,SIMULATED,SIMULATED
63.6,58.6,77,-185.6387,1064.1695,257.0745,-0.5244,2,SIMULATED,SIMULATED,SIMULATED,SIMULATED
63.8,58.8,22,284.8119,-219.7408,0.0,0.0,1,SIMULATED,SIMULATED,SIMULATED,SIMULATED
63.8,58.8,55,338.1513,-228.612,228.6729,0.4889,1,SIMULATED,SIMULATED,SIMULATED,SIMULATED
63.8,58.8,16,341.3854,-30.4747,293.1089,0.0,1,SIMULATED,SIMULATED,SIMULATED,SIMULATED
63.8,58.8,63,288.3203,301.6326,317.4279,0.3281,4,SIMULATED,SIMULATED,SIMULATED,SIMULATED
63.8,58.8,44,244.5055,667.5125,292.2553,-0.4307,4,SIMULATED,SIMULATED,SIMULATED,SIMULATED
63.8,58.8,11,103.6441,1244.9681,320.4,0.0,3,SIMULATED,SIMULATED,SIMULATED,SIMULATED
63.8,58.8,4,-81.8417,1628.8345,256.5298,-1.0945,3,SIMULATED,SIMULATED,SIMULATED,SIMULATED
63.8,58.8,77,-173.852,1071.1229,256.5027,-0.081,2,SIMULATED,SIMULATED,SIMULATED,SIMULATED
64.0,59.0,22,284.8119,-219.7408,0.0,0.0,1,SIMULATED,SIMULATED,SIMULATED,SIMULATED
64.0,59.0,55,325.0667,-226.9472,238.3239,1.3664,1,SIMULATED,SIMULATED,SIMULATED,SIMULATED
64.0,59.0,16,339.6537,-46.5873,291.4408,-0.2362,1,SIMULATED,SIMULATED,SIMULATED,SIMULATED
64.0,59.0,63,292.6976,284.4549,319.0387,0.2281,4,SIMULATED,SIMULATED,SIMULATED,SIMULATED
64.0,59.0,44,248.2058,651.8692,289.3459,-0.4119,4,SIMULATED,SIMULATED,SIMULATED,SIMULATED
64.0,59.0,11,108.9647,1227.9889,320.4,0.0,3,SIMULATED,SIMULATED,SIMULATED,SIMULATED
64.0,59.0,4,-84.7069,1642.263,246.9545,-1.3557,3,SIMULATED,SIMULATED,SIMULATED,SIMULATED
64.0,59.0,77,-160.3923,1075.8047,256.5027,0.0,2,SIMULATED,SIMULATED,SIMULATED,SIMULATED
64.2,59.2,22,284.8119,-219.7408,0.0,0.0,1,SIMULATED,SIMULATED,SIMULATED,SIMULATED
64.2,59.2,55,311.6401,-224.4197,247.2475,1.2634,1,SIMULATED,SIMULATED,SIMULATED,SIMULATED
64.2,59.2,16,337.9575,-62.2605,283.914,-1.0656,1,SIMULATED,SIMULATED,SIMULATED,SIMULATED
64.2,59.2,63,297.1182,267.2754,319.2446,0.0292,4,SIMULATED,SIMULATED,SIMULATED,SIMULATED
64.2,59.2,44,251.8547,636.4227,285.6888,-0.5178,4,SIMULATED,SIMULATED,SIMULATED,SIMULATED
64.2,59.2,11,114.0686,1210.9416,320.4,0.0,3,SIMULATED,SIMULATED,SIMULATED,SIMULATED
64.2,59.2,4,-87.315,1655.3022,238.7642,-1.1596,3,SIMULATED,SIMULATED,SIMULATED,SIMULATED
64.2,59.2,77,-147.3292,1081.8846,256.5027,0.0,2,SIMULATED,SIMULATED,SIMULATED,SIMULATED
64.4,59.400000000000006,22,284.8119,-219.7408,0.0,0.0,1,SIMULATED,SIMULATED,SIMULATED,SIMULATED
64.4,59.400000000000006,55,297.9822,-221.0669,253.8389,0.9332,1,SIMULATED,SIMULATED,SIMULATED,SIMULATED
64.4,59.400000000000006,16,336.5136,-77.4809,275.4616,-1.1967,1,SIMULATED,SIMULATED,SIMULATED,SIMULATED
64.4,59.400000000000006,63,301.5734,250.0776,319.7427,0.0705,4,SIMULATED,SIMULATED,SIMULATED,SIMULATED
64.4,59.400000000000006,44,255.4175,621.1062,283.007,-0.3797,4,SIMULATED,SIMULATED,SIMULATED,SIMULATED
64.4,59.400000000000006,11,118.9184,1193.8251,320.4,0.0,3,SIMULATED,SIMULATED,SIMULATED,SIMULATED
64.4,59.400000000000006,4,-89.3247,1667.9249,228.9062,-1.3957,3,SIMULATED,SIMULATED,SIMULATED,SIMULATED
64.4,59.400000000000006,77,-135.4892,1090.1276,256.5027,0.0,2,SIMULATED,SIMULATED,SIMULATED,SIMULATED
64.6,59.599999999999994,22,284.8119,-219.7408,0.0,0.0,1,SIMULATED,SIMULATED,SIMULATED,SIMULATED
64.6,59.599999999999994,55,284.1887,-216.9082,260.4048,0.9296,1,SIMULATED,SIMULATED,SIMULATED,SIMULATED
64.6,59.599999999999994,16,335.4996,-92.2856,267.8538,-1.0771,1,SIMULATED,SIMULATED,SIMULATED,SIMULATED
64.6,59.599999999999994,63,306.0566,232.881,319.8374,0.0134,4,SIMULATED,SIMULATED,SIMULATED,SIMULATED
64.6,59.599999999999994,44,258.8216,605.9636,279.264,-0.5299,4,SIMULATED,SIMULATED,SIMULATED,SIMULATED
64.6,59.599999999999994,11,123.5587,1176.6453,320.4,0.0,3,SIMULATED,SIMULATED,SIMULATED,SIMULATED
64.6,59.599999999999994,4,-89.7067,1680.29,218.2519,-1.5084,3,SIMULATED,SIMULATED,SIMULATED,SIMULATED
64.6,59.599999999999994,77,-125.3942,1100.51,256.5027,0.0,2,SIMULATED,SIMULATED,SIMULATED,SIMULATED
64.8,59.8,22,284.8119,-219.7408,0.0,0.0,1,SIMULATED,SIMULATED,SIMULATED,SIMULATED
64.8,59.8,55,270.1782,-211.9813,268.1029,1.0899,1,SIMULATED,SIMULATED,SIMULATED,SIMULATED
64.8,59.8,16,335.3702,-106.7748,262.2497,-0.7934,1,SIMULATED,SIMULATED,SIMULATED,SIMULATED
64.8,59.8,63,310.5572,215.6916,319.8374,-0.0,4,SIMULATED,SIMULATED,SIMULATED,SIMULATED
64.8,59.8,44,261.8674,590.8725,276.9319,-0.3302,4,SIMULATED,SIMULATED,SIMULATED,SIMULATED
64.8,59.8,11,127.9763,1159.4093,320.4,0.0,3,SIMULATED,SIMULATED,SIMULATED,SIMULATED
64.8,59.8,4,-86.7867,1691.8329,208.9895,-1.3114,3,SIMULATED,SIMULATED,SIMULATED,SIMULATED
64.8,59.8,77,-117.3444,1112.5138,257.364,0.1219,2,SIMULATED,SIMULATED,SIMULATED,SIMULATED
65.0,60.0,22,284.8119,-219.7408,0.0,0.0,1,SIMULATED,SIMULATED,SIMULATED,SIMULATED
65.0,60.0,55,256.0571,-206.2702,274.9823,0.974,1,SIMULATED,SIMULATED,SIMULATED,SIMULATED
65.0,60.0,16,336.2715,-120.7739,254.0496,-1.161,1,SIMULATED,SIMULATED,SIMULATED,SIMULATED
65.0,60.0,63,315.0528,198.5063,319.8374,0.0,4,SIMULATED,SIMULATED,SIMULATED,SIMULATED
65.0,60.0,44,263.8368,575.6573,275.2509,-0.238,4,SIMULATED,SIMULATED,SIMULATED,SIMULATED
65.0,60.0,11,132.2779,1142.1399,320.4,0.0,3,SIMULATED,SIMULATED,SIMULATED,SIMULATED
65.0,60.0,4,-78.5214,1700.6472,204.8988,-0.5792,3,SIMULATED,SIMULATED,SIMULATED,SIMULATED
65.0,60.0,77,-110.6163,1125.4157,259.6631,0.3255,2,SIMULATED,SIMULATED,SIMULATED,SIMULATED
65.2,60.2,22,284.8119,-219.7408,0.0,0.0,1,SIMULATED,SIMULATED,SIMULATED,SIMULATED
65.2,60.2,55,242.0996,-199.6988,279.0746,0.5794,1,SIMULATED,SIMULATED,SIMULATED,SIMULATED
65.2,60.2,16,339.7405,-133.7389,246.4658,-1.0737,1,SIMULATED,SIMULATED,SIMULATED,SIMULATED
65.2,60.2,63,319.4814,181.3009,319.8374,0.0,4,SIMULATED,SIMULATED,SIMULATED,SIMULATED
65.2,60.2,44,263.5384,560.3187,274.5953,-0.0928,4,SIMULATED,SIMULATED,SIMULATED,SIMULATED
65.2,60.2,11,136.5048,1124.8501,320.4,0.0,4,SIMULATED,SIMULATED,SIMULATED,SIMULATED
65.2,60.2,4,-66.9889,1702.3585,200.8662,-0.5709,3,SIMULATED,SIMULATED,SIMULATED,SIMULATED
65.2,60.2,77,-105.1224,1139.1472,264.6188,0.7016,2,SIMULATED,SIMULATED,SIMULATED,SIMULATED
65.4,60.400000000000006,22,284.8119,-219.7408,0.0,0.0,1,SIMULATED,SIMULATED,SIMULATED,SIMULATED
65.4,60.400000000000006,55,228.3107,-192.4124,281.6734,0.3679,1,SIMULATED,SIMULATED,SIMULATED,SIMULATED
65.4,60.400000000000006,16,345.6872,-145.2323,238.3129,-1.1543,1,SIMULATED,SIMULATED,SIMULATED,SIMULATED
65.4,60.400000000000006,63,323.8339,164.0816,319.8374,0.0,4,SIMULATED,SIMULATED,SIMULATED,SIMULATED
65.4,60.400000000000006,44,259.2993,545.6058,274.4521,-0.0203,4,SIMULATED,SIMULATED,SIMULATED,SIMULATED
65.4,60.400000000000006,11,140.6731,1107.5482,320.4,0.0,4,SIMULATED,SIMULATED,SIMULATED,SIMULATED
65.4,60.400000000000006,4,-56.8942,1696.6939,199.3362,-0.2166,3,SIMULATED,SIMULATED,SIMULATED,SIMULATED
65.4,60.400000000000006,77,-100.4595,1153.558,271.4996,0.9742,2,SIMULATED,SIMULATED,SIMULATED,SIMULATED
65.6,60.599999999999994,22,284.8119,-219.7408,0.0,0.0,1,SIMULATED,SIMULATED,SIMULATED,SIMULATED
65.6,60.599999999999994,55,214.8542,-184.3257,283.3641,0.2394,1,SIMULATED,SIMULATED,SIMULATED,SIMULATED
65.6,60.599999999999994,16,353.5631,-155.0316,229.6212,-1.2306,1,SIMULATED,SIMULATED,SIMULATED,SIMULATED
65.6,60.599999999999994,63,328.016,146.8302,319.8374,0.0,4,SIMULATED,SIMULATED,SIMULATED,SIMULATED
65.6,60.599999999999994,44,252.7239,531.8411,274.4521,0.0,4,SIMULATED,SIMULATED,SIMULATED,SIMULATED
65.6,60.599999999999994,11,144.7783,1090.2279,320.4,0.0,4,SIMULATED,SIMULATED,SIMULATED,SIMULATED
65.6,60.599999999999994,4,-50.5514,1687.2181,197.9916,-0.1904,3,SIMULATED,SIMULATED,SIMULATED,SIMULATED
65.6,60.599999999999994,77,-96.286,1168.498,278.5992,1.0052,2,SIMULATED,SIMULATED,SIMULATED,SIMULATED
65.8,60.8,22,284.8119,-219.7408,0.0,0.0,1,SIMULATED,SIMULATED,SIMULATED,SIMULATED
65.8,60.8,55,201.571,-175.528,287.4033,0.5719,1,SIMULATED,SIMULATED,SIMULATED,SIMULATED
65.8,60.8,16,362.5533,-163.1826,220.9313,-1.2303,1,SIMULATED,SIMULATED,SIMULATED,SIMULATED
65.8,60.8,63,331.8415,129.5308,319.8374,0.0,4,SIMULATED,SIMULATED,SIMULATED,SIMULATED
65.8,60.8,44,247.274,517.6684,274.4521,0.0,4,SIMULATED,SIMULATED,SIMULATED,SIMULATED
65.8,60.8,11,148.8505,1072.9018,320.4,0.0,4,SIMULATED,SIMULATED,SIMULATED,SIMULATED
65.8,60.8,4,-46.4877,1676.406,205.328,1.0387,3,SIMULATED,SIMULATED,SIMULATED,SIMULATED
65.8,60.8,77,-92.3067,1183.7982,284.2493,0.7999,2,SIMULATED,SIMULATED,SIMULATED,SIMULATED
66.0,61.0,22,284.8119,-219.7408,0.0,0.0,1,SIMULATED,SIMULATED,SIMULATED,SIMULATED
66.0,61.0,55,188.3919,-166.2182,290.7936,0.48,1,SIMULATED,SIMULATED,SIMULATED,SIMULATED
66.0,61.0,16,372.101,-170.0141,213.2677,-1.085,1,SIMULATED,SIMULATED,SIMULATED,SIMULATED
66.0,61.0,63,335.3417,112.1113,319.8374,0.0,4,SIMULATED,SIMULATED,SIMULATED,SIMULATED
66.0,61.0,44,244.5589,502.8265,274.4521,0.0,4,SIMULATED,SIMULATED,SIMULATED,SIMULATED
66.0,61.0,11,152.9119,1055.5706,320.4,0.0,4,SIMULATED,SIMULATED,SIMULATED,SIMULATED
66.0,61.0,4,-43.4347,1664.3598,221.6149,2.3059,3,SIMULATED,SIMULATED,SIMULATED,SIMULATED
66.0,61.0,77,-88.4934,1199.2739,286.6621,0.3416,2,SIMULATED,SIMULATED,SIMULATED,SIMULATED
66.2,61.2,22,284.8119,-219.7408,0.0,0.0,1,SIMULATED,SIMULATED,SIMULATED,SIMULATED
66.2,61.2,55,175.4173,-156.5269,292.0094,0.1721,1,SIMULATED,SIMULATED,SIMULATED,SIMULATED
66.2,61.2,16,381.7552,-176.3207,207.437,-0.8255,1,SIMULATED,SIMULATED,SIMULATED,SIMULATED
66.2,61.2,63,338.576,94.7415,319.4574,-0.0538,4,SIMULATED,SIMULATED,SIMULATED,SIMULATED
66.2,61.2,44,244.6368,487.6488,274.4521,-0.0,4,SIMULATED,SIMULATED,SIMULATED,SIMULATED
66.2,61.2,11,156.9491,1038.2356,320.4,0.0,4,SIMULATED,SIMULATED,SIMULATED,SIMULATED
66.2,61.2,4,-41.2146,1651.3754,235.4332,1.9564,3,SIMULATED,SIMULATED,SIMULATED,SIMULATED
66.2,61.2,77,-84.791,1214.9482,289.6862,0.4282,2,SIMULATED,SIMULATED,SIMULATED,SIMULATED
66.4,61.400000000000006,22,284.8119,-219.7408,0.0,0.0,1,SIMULATED,SIMULATED,SIMULATED,SIMULATED
66.4,61.400000000000006,55,162.7465,-146.712,288.7945,-0.4552,1,SIMULATED,SIMULATED,SIMULATED,SIMULATED
66.4,61.400000000000006,16,390.4701,-183.8232,201.6296,-0.8222,1,SIMULATED,SIMULATED,SIMULATED,SIMULATED
66.4,61.400000000000006,63,340.7937,77.259,318.197,-0.1784,1,SIMULATED,SIMULATED,SIMULATED,SIMULATED
66.4,61.400000000000006,44,246.4338,472.5614,274.4521,0.0,4,SIMULATED,SIMULATED,SIMULATED,SIMULATED
66.4,61.400000000000006,11,160.9977,1020.9015,320.4,0.0,4,SIMULATED,SIMULATED,SIMULATED,SIMULATED
66.4,61.400000000000006,4,-39.7536,1637.5455,249.9564,2.0562,3,SIMULATED,SIMULATED,SIMULATED,SIMULATED
66.4,61.400000000000006,77,-81.2588,1230.8375,292.7242,0.4301,3,SIMULATED,SIMULATED,SIMULATED,SIMULATED
66.6,61.599999999999994,22,284.8119,-219.7408,0.0,0.0,1,SIMULATED,SIMULATED,SIMULATED,SIMULATED
66.6,61.599999999999994,55,150.2917,-136.8647,285.9535,-0.4022,1,SIMULATED,SIMULATED,SIMULATED,SIMULATED
66.6,61.599999999999994,16,394.1036,-194.7242,199.9602,-0.2363,1,SIMULATED,SIMULATED,SIMULATED,SIMULATED
66.6,61.599999999999994,63,341.9913,60.0323,312.7396,-0.7727,1,SIMULATED,SIMULATED,SIMULATED,SIMULATED
66.6,61.599999999999994,44,249.1846,457.4892,276.4528,0.2833,4,SIMULATED,SIMULATED,SIMULATED,SIMULATED
66.6,61.599999999999994,11,165.0489,1003.5686,320.4,-0.0,4,SIMULATED,SIMULATED,SIMULATED,SIMULATED
66.6,61.599999999999994,4,-38.2148,1623.0764,262.2961,1.747,3,SIMULATED,SIMULATED,SIMULATED,SIMULATED
66.6,61.599999999999994,77,-77.9162,1247.0433,297.3482,0.6547,3,SIMULATED,SIMULATED,SIMULATED,SIMULATED
66.8,61.8,22,284.8119,-219.7408,0.0,0.0,1,SIMULATED,SIMULATED,SIMULATED,SIMULATED
66.8,61.8,55,138.0159,-127.0247,283.2656,-0.3806,1,SIMULATED,SIMULATED,SIMULATED,SIMULATED
66.8,61.8,16,393.6703,-205.9893,199.3989,-0.0795,1,SIMULATED,SIMULATED,SIMULATED,SIMULATED
66.8,61.8,63,342.6935,43.1426,304.9294,-1.1058,1,SIMULATED,SIMULATED,SIMULATED,SIMULATED
66.8,61.8,44,252.6999,442.3181,280.5673,0.5825,4,SIMULATED,SIMULATED,SIMULATED,SIMULATED
66.8,61.8,11,169.0887,986.2339,320.4,0.0,4,SIMULATED,SIMULATED,SIMULATED,SIMULATED
66.8,61.8,4,-36.2761,1608.1139,272.677,1.4697,3,SIMULATED,SIMULATED,SIMULATED,SIMULATED
66.8,61.8,77,-74.8329,1263.5801,302.604,0.7441,3,SIMULATED,SIMULATED,SIMULATED,SIMULATED
67.0,62.0,22,284.8119,-219.7408,0.0,0.0,1,SIMULATED,SIMULATED,SIMULATED,SIMULATED
67.0,62.0,55,125.9228,-117.1354,281.4,-0.2641,1,SIMULATED,SIMULATED,SIMULATED,SIMULATED
67.0,62.0,16,388.754,-216.445,201.1373,0.2461,1,SIMULATED,SIMULATED,SIMULATED,SIMULATED
67.0,62.0,63,342.7915,26.5581,299.7767,-0.7295,1,SIMULATED,SIMULATED,SIMULATED,SIMULATED
67.0,62.0,44,256.6268,426.8738,286.9634,0.9056,4,SIMULATED,SIMULATED,SIMULATED,SIMULATED
67.0,62.0,11,173.1381,968.9002,320.4,0.0,4,SIMULATED,SIMULATED,SIMULATED,SIMULATED
67.0,62.0,4,-33.1034,1592.8272,283.4377,1.5235,3,SIMULATED,SIMULATED,SIMULATED,SIMULATED
67.0,62.0,77,-71.8726,1280.426,307.6837,0.7192,3,SIMULATED,SIMULATED,SIMULATED,SIMULATED
67.2,62.2,22,284.8119,-219.7408,0.0,0.0,1,SIMULATED,SIMULATED,SIMULATED,SIMULATED
67.2,62.2,55,114.1598,-107.0834,279.4696,-0.2733,1,SIMULATED,SIMULATED,SIMULATED,SIMULATED
67.2,62.2,16,380.2043,-224.8413,210.7334,1.3586,1,SIMULATED,SIMULATED,SIMULATED,SIMULATED
67.2,62.2,63,342.1221,10.1768,296.0065,-0.5338,1,SIMULATED,SIMULATED,SIMULATED,SIMULATED
67.2,62.2,44,260.9467,411.2195,292.48,0.781,4,SIMULATED,SIMULATED,SIMULATED,SIMULATED
67.2,62.2,11,177.1873,951.5666,320.4,0.0,4,SIMULATED,SIMULATED,SIMULATED,SIMULATED
67.2,62.2,4,-28.6253,1577.2654,292.6244,1.3006,3,SIMULATED,SIMULATED,SIMULATED,SIMULATED
67.2,62.2,77,-69.0423,1297.5957,313.0342,0.7575,3,SIMULATED,SIMULATED,SIMULATED,SIMULATED
67.4,62.400000000000006,22,284.8119,-219.7408,0.0,0.0,1,SIMULATED,SIMULATED,SIMULATED,SIMULATED
67.4,62.400000000000006,55,103.2014,-96.2678,278.604,-0.1226,1,SIMULATED,SIMULATED,SIMULATED,SIMULATED
67.4,62.400000000000006,16,368.7505,-229.7638,220.1876,1.3385,1,SIMULATED,SIMULATED,SIMULATED,SIMULATED
67.4,62.400000000000006,63,341.0349,-6.0359,293.1089,-0.4102,1,SIMULATED,SIMULATED,SIMULATED,SIMULATED
67.4,62.400000000000006,44,265.4927,395.3221,297.6136,0.7268,4,SIMULATED,SIMULATED,SIMULATED,SIMULATED
67.4,62.400000000000006,11,181.2079,934.228,320.4,0.0,4,SIMULATED,SIMULATED,SIMULATED,SIMULATED
67.4,62.400000000000006,4,-23.1497,1561.488,301.6068,1.2717,3,SIMULATED,SIMULATED,SIMULATED,SIMULATED
67.4,62.400000000000006,77,-66.32,1314.9714,316.2714,0.4583,3,SIMULATED,SIMULATED,SIMULATED,SIMULATED
67.6,62.599999999999994,22,284.8119,-219.7408,0.0,0.0,1,SIMULATED,SIMULATED,SIMULATED,SIMULATED
67.6,62.599999999999994,55,92.9556,-84.8276,278.604,0.0,1,SIMULATED,SIMULATED,SIMULATED,SIMULATED
67.6,62.599999999999994,16,356.1093,-231.3053,225.2195,0.7124,1,SIMULATED,SIMULATED,SIMULATED,SIMULATED
67.6,62.599999999999994,63,339.6591,-22.2417,293.1089,0.0,1,SIMULATED,SIMULATED,SIMULATED,SIMULATED
67.6,62.599999999999994,44,269.9833,379.2946,299.5548,0.2748,4,SIMULATED,SIMULATED,SIMULATED,SIMULATED
67.6,62.599999999999994,11,185.2109,916.8841,320.4,0.0,4,SIMULATED,SIMULATED,SIMULATED,SIMULATED
67.6,62.599999999999994,4,-16.9464,1545.622,307.1113,0.7793,3,SIMULATED,SIMULATED,SIMULATED,SIMULATED
67.6,62.599999999999994,77,-63.8135,1332.5553,319.5324,0.4617,3,SIMULATED,SIMULATED,SIMULATED,SIMULATED
67.8,62.8,22,284.8119,-219.7408,0.0,0.0,1,SIMULATED,SIMULATED,SIMULATED,SIMULATED
67.8,62.8,55,84.5361,-72.1109,278.8446,0.0341,1,SIMULATED,SIMULATED,SIMULATED,SIMULATED
67.8,62.8,16,343.5074,-231.0618,225.4957,0.0391,1,SIMULATED,SIMULATED,SIMULATED,SIMULATED
67.8,62.8,63,338.0374,-38.4185,293.1089,0.0,1,SIMULATED,SIMULATED,SIMULATED,SIMULATED
67.8,62.8,44,274.4226,363.0554,302.9726,0.4839,4,SIMULATED,SIMULATED,SIMULATED,SIMULATED
67.8,62.8,11,189.2158,899.5411,320.4,0.0,4,SIMULATED,SIMULATED,SIMULATED,SIMULATED
67.8,62.8,4,-10.3611,1529.7025,310.3561,0.4594,3,SIMULATED,SIMULATED,SIMULATED,SIMULATED
67.8,62.8,77,-61.5235,1350.2295,320.4,0.1228,3,SIMULATED,SIMULATED,SIMULATED,SIMULATED
68.0,63.0,22,284.8119,-219.7408,0.0,0.0,1,SIMULATED,SIMULATED,SIMULATED,SIMULATED
68.0,63.0,55,78.9611,-57.8604,278.8446,0.0,1,SIMULATED,SIMULATED,SIMULATED,SIMULATED
68.0,63.0,16,330.499,-229.7401,234.1837,1.23,1,SIMULATED,SIMULATED,SIMULATED,SIMULATED
68.0,63.0,63,336.2817,-54.3245,288.0969,-0.7096,1,SIMULATED,SIMULATED,SIMULATED,SIMULATED
68.0,63.0,44,278.8435,346.455,309.1633,0.8765,4,SIMULATED,SIMULATED,SIMULATED,SIMULATED
68.0,63.0,11,193.1966,882.1919,320.4,0.0,4,SIMULATED,SIMULATED,SIMULATED,SIMULATED
68.0,63.0,4,-3.6165,1513.6843,312.9126,0.362,3,SIMULATED,SIMULATED,SIMULATED,SIMULATED
68.0,63.0,77,-59.5759,1367.9464,320.4,0.0,3,SIMULATED,SIMULATED,SIMULATED,SIMULATED
68.2,63.2,22,284.8119,-219.7408,0.0,0.0,1,SIMULATED,SIMULATED,SIMULATED,SIMULATED
68.2,63.2,55,77.6945,-42.7496,279.1529,0.0437,1,SIMULATED,SIMULATED,SIMULATED,SIMULATED
68.2,63.2,16,317.0843,-227.6133,243.5298,1.3232,1,SIMULATED,SIMULATED,SIMULATED,SIMULATED
68.2,63.2,63,334.7052,-69.8001,279.5638,-1.2081,1,SIMULATED,SIMULATED,SIMULATED,SIMULATED
68.2,63.2,44,283.2088,329.6346,312.7555,0.5086,4,SIMULATED,SIMULATED,SIMULATED,SIMULATED
68.2,63.2,11,197.1742,864.846,320.3373,-0.0089,4,SIMULATED,SIMULATED,SIMULATED,SIMULATED
68.2,63.2,4,3.1789,1497.6098,314.1841,0.18,3,SIMULATED,SIMULATED,SIMULATED,SIMULATED
68.2,63.2,77,-57.97,1385.6985,320.4,0.0,3,SIMULATED,SIMULATED,SIMULATED,SIMULATED
68.4,63.400000000000006,22,284.8119,-219.7408,0.0,0.0,1,SIMULATED,SIMULATED,SIMULATED,SIMULATED
68.4,63.400000000000006,55,77.9249,-27.2367,279.1529,0.0,1,SIMULATED,SIMULATED,SIMULATED,SIMULATED
68.4,63.400000000000006,16,303.3779,-224.5205,251.8291,1.175,1,SIMULATED,SIMULATED,SIMULATED,SIMULATED
68.4,63.400000000000006,63,333.4237,-84.8734,271.5182,-1.1391,1,SIMULATED,SIMULATED,SIMULATED,SIMULATED
68.4,63.400000000000006,44,287.5753,312.5977,316.5784,0.5412,4,SIMULATED,SIMULATED,SIMULATED,SIMULATED
68.4,63.400000000000006,11,201.1375,847.523,319.868,-0.0664,4,SIMULATED,SIMULATED,SIMULATED,SIMULATED
68.4,63.400000000000006,4,10.0627,1481.4617,316.0245,0.2606,3,SIMULATED,SIMULATED,SIMULATED,SIMULATED
68.4,63.400000000000006,77,-56.7656,1403.4861,320.4,0.0,3,SIMULATED,SIMULATED,SIMULATED,SIMULATED
68.6,63.599999999999994,22,284.8119,-219.7408,0.0,0.0,1,SIMULATED,SIMULATED,SIMULATED,SIMULATED
68.6,63.599999999999994,55,76.88,-11.6261,279.1529,0.0,1,SIMULATED,SIMULATED,SIMULATED,SIMULATED
68.6,63.599999999999994,16,289.5541,-220.729,257.0746,0.7427,1,SIMULATED,SIMULATED,SIMULATED,SIMULATED
68.6,63.599999999999994,63,332.794,-99.6639,264.7632,-0.9564,1,SIMULATED,SIMULATED,SIMULATED,SIMULATED
68.6,63.599999999999994,44,291.958,295.4464,318.6225,0.2894,4,SIMULATED,SIMULATED,SIMULATED,SIMULATED
68.6,63.599999999999994,11,205.0782,830.2523,318.8766,-0.1404,4,SIMULATED,SIMULATED,SIMULATED,SIMULATED
68.6,63.599999999999994,4,17.0048,1465.2848,316.9264,0.1277,3,SIMULATED,SIMULATED,SIMULATED,SIMULATED
68.6,63.599999999999994,77,-55.9353,1421.2868,320.4,0.0,3,SIMULATED,SIMULATED,SIMULATED,SIMULATED
68.8,63.8,22,284.8119,-219.7408,0.0,0.0,1,SIMULATED,SIMULATED,SIMULATED,SIMULATED
68.8,63.8,55,73.113,3.6736,279.1529,0.0,1,SIMULATED,SIMULATED,SIMULATED,SIMULATED
68.8,63.8,16,275.5048,-216.0883,265.7362,1.2263,1,SIMULATED,SIMULATED,SIMULATED,SIMULATED
68.8,63.8,63,333.1964,-114.1046,258.4137,-0.899,1,SIMULATED,SIMULATED,SIMULATED,SIMULATED
68.8,63.8,44,296.3448,278.2743,319.0387,0.0589,4,SIMULATED,SIMULATED,SIMULATED,SIMULATED
68.8,63.8,11,209.0393,813.0489,317.7323,-0.162,4,SIMULATED,SIMULATED,SIMULATED,SIMULATED
68.8,63.8,4,24.0093,1449.1362,316.9264,0.0,3,SIMULATED,SIMULATED,SIMULATED,SIMULATED
68.8,63.8,77,-55.4162,1439.1067,320.4,0.0,3,SIMULATED,SIMULATED,SIMULATED,SIMULATED
69.0,64.0,22,284.8119,-219.7408,0.0,0.0,1,SIMULATED,SIMULATED,SIMULATED,SIMULATED
69.0,64.0,55,65.7696,17.4497,279.1529,0.0,1,SIMULATED,SIMULATED,SIMULATED,SIMULATED
69.0,64.0,16,261.3105,-210.6577,272.3232,0.9326,1,SIMULATED,SIMULATED,SIMULATED,SIMULATED
69.0,64.0,63,335.26,-128.0942,249.8482,-1.2127,1,SIMULATED,SIMULATED,SIMULATED,SIMULATED
69.0,64.0,44,300.7803,261.1033,319.2446,0.0292,4,SIMULATED,SIMULATED,SIMULATED,SIMULATED
69.0,64.0,11,212.9916,795.9915,315.1538,-0.3651,4,SIMULATED,SIMULATED,SIMULATED,SIMULATED
69.0,64.0,4,31.0448,1432.995,316.9264,0.0,3,SIMULATED,SIMULATED,SIMULATED,SIMULATED
69.0,64.0,77,-55.2448,1456.8482,319.1012,-0.1839,3,SIMULATED,SIMULATED,SIMULATED,SIMULATED
69.2,64.2,22,284.8119,-219.7408,0.0,0.0,1,SIMULATED,SIMULATED,SIMULATED,SIMULATED
69.2,64.2,55,56.9439,30.2453,277.9906,-0.1646,1,SIMULATED,SIMULATED,SIMULATED,SIMULATED
69.2,64.2,16,247.2041,-204.3579,277.3477,0.7114,1,SIMULATED,SIMULATED,SIMULATED,SIMULATED
69.2,64.2,63,340.1747,-140.8569,242.3056,-1.0679,1,SIMULATED,SIMULATED,SIMULATED,SIMULATED
69.2,64.2,44,305.2458,243.9057,319.8374,0.0839,4,SIMULATED,SIMULATED,SIMULATED,SIMULATED
69.2,64.2,11,216.913,779.1769,310.7759,-0.6198,4,SIMULATED,SIMULATED,SIMULATED,SIMULATED
69.2,64.2,4,38.063,1416.8458,316.9264,0.0,3,SIMULATED,SIMULATED,SIMULATED,SIMULATED
69.2,64.2,77,-55.3263,1474.4071,315.6571,-0.4876,3,SIMULATED,SIMULATED,SIMULATED,SIMULATED
69.4,64.4,22,284.8119,-219.7408,0.0,0.0,1,SIMULATED,SIMULATED,SIMULATED,SIMULATED
69.4,64.4,55,47.3789,42.3822,277.9499,-0.0058,1,SIMULATED,SIMULATED,SIMULATED,SIMULATED
69.4,64.4,16,233.2553,-197.3657,280.1089,0.3909,1,SIMULATED,SIMULATED,SIMULATED,SIMULATED
69.4,64.4,63,347.5188,-152.0478,233.5989,-1.2327,1,SIMULATED,SIMULATED,SIMULATED,SIMULATED
69.4,64.4,44,309.7382,226.7149,319.8374,-0.0,4,SIMULATED,SIMULATED,SIMULATED,SIMULATED
69.4,64.4,11,220.8298,762.5969,306.6256,-0.5876,4,SIMULATED,SIMULATED,SIMULATED,SIMULATED
69.4,64.4,4,45.0876,1400.617,318.2682,0.19,3,SIMULATED,SIMULATED,SIMULATED,SIMULATED
69.4,64.4,77,-55.8095,1491.71,311.0874,-0.647,3,SIMULATED,SIMULATED,SIMULATED,SIMULATED
69.6,64.6,22,284.8119,-219.7408,0.0,0.0,1,SIMULATED,SIMULATED,SIMULATED,SIMULATED
69.6,64.6,55,37.6909,54.4211,277.8903,-0.0084,1,SIMULATED,SIMULATED,SIMULATED,SIMULATED
69.6,64.6,16,219.5449,-189.5605,283.0231,0.4126,1,SIMULATED,SIMULATED,SIMULATED,SIMULATED
69.6,64.6,63,356.3476,-161.2086,225.6168,-1.1301,1,SIMULATED,SIMULATED,SIMULATED,SIMULATED
69.6,64.6,44,314.2388,209.5255,319.8374,0.0,4,SIMULATED,SIMULATED,SIMULATED,SIMULATED
69.6,64.6,11,224.7274,746.2224,302.9613,-0.5188,4,SIMULATED,SIMULATED,SIMULATED,SIMULATED
69.6,64.6,4,52.0911,1384.3218,319.1035,0.1183,3,SIMULATED,SIMULATED,SIMULATED,SIMULATED
69.6,64.6,77,-57.0586,1508.6427,304.4969,-0.9331,3,SIMULATED,SIMULATED,SIMULATED,SIMULATED
69.8,64.8,22,284.8119,-219.7408,0.0,0.0,1,SIMULATED,SIMULATED,SIMULATED,SIMULATED
69.8,64.8,55,27.6356,66.4299,281.6823,0.5369,1,SIMULATED,SIMULATED,SIMULATED,SIMULATED
69.8,64.8,16,206.1488,-181.0441,284.9666,0.2752,1,SIMULATED,SIMULATED,SIMULATED,SIMULATED
69.8,64.8,63,365.8808,-168.8383,216.7896,-1.2497,1,SIMULATED,SIMULATED,SIMULATED,SIMULATED
69.8,64.8,44,318.7134,192.3277,319.8374,0.0,4,SIMULATED,SIMULATED,SIMULATED,SIMULATED
69.8,64.8,11,228.5771,730.0957,298.4303,-0.6415,4,SIMULATED,SIMULATED,SIMULATED,SIMULATED
69.8,64.8,4,59.0029,1367.914,320.4,0.1836,3,SIMULATED,SIMULATED,SIMULATED,SIMULATED
69.8,64.8,77,-58.7606,1525.1583,298.5377,-0.8437,3,SIMULATED,SIMULATED,SIMULATED,SIMULATED
70.0,65.0,22,284.8119,-219.7408,0.0,0.0,1,SIMULATED,SIMULATED,SIMULATED,SIMULATED
70.0,65.0,55,16.9318,78.4817,289.4433,1.0988,1,SIMULATED,SIMULATED,SIMULATED,SIMULATED
70.0,65.0,16,192.9136,-171.9019,289.0502,0.5782,1,SIMULATED,SIMULATED,SIMULATED,SIMULATED
70.0,65.0,63,375.6351,-175.3149,210.1111,-0.9455,1,SIMULATED,SIMULATED,SIMULATED,SIMULATED
70.0,65.0,44,323.1186,175.1115,319.8374,0.0,4,SIMULATED,SIMULATED,SIMULATED,SIMULATED
70.0,65.0,11,232.4122,714.0552,296.8764,-0.22,4,SIMULATED,SIMULATED,SIMULATED,SIMULATED
70.0,65.0,4,65.8097,1351.4549,320.4,0.0,3,SIMULATED,SIMULATED,SIMULATED,SIMULATED
70.0,65.0,77,-61.2842,1541.2723,292.2865,-0.885,3,SIMULATED,SIMULATED,SIMULATED,SIMULATED
70.2,65.2,22,284.8119,-219.7408,0.0,0.0,1,SIMULATED,SIMULATED,SIMULATED,SIMULATED
70.2,65.2,55,5.6065,90.1188,291.2383,0.2541,1,SIMULATED,SIMULATED,SIMULATED,SIMULATED
70.2,65.2,16,179.744,-162.3116,292.7029,0.5171,1,SIMULATED,SIMULATED,SIMULATED,SIMULATED
70.2,65.2,63,384.9616,-181.6495,204.6374,-0.775,1,SIMULATED,SIMULATED,SIMULATED,SIMULATED
70.2,65.2,44,327.4187,157.8655,319.8374,0.0,4,SIMULATED,SIMULATED,SIMULATED,SIMULATED
70.2,65.2,11,236.2145,698.0735,295.6976,-0.1669,4,SIMULATED,SIMULATED,SIMULATED,SIMULATED
70.2,65.2,4,72.5276,1334.9682,320.4,0.0,3,SIMULATED,SIMULATED,SIMULATED,SIMULATED
70.2,65.2,77,-64.0576,1557.0586,288.342,-0.5585,3,SIMULATED,SIMULATED,SIMULATED,SIMULATED
70.4,65.4,22,284.8119,-219.7408,0.0,0.0,1,SIMULATED,SIMULATED,SIMULATED,SIMULATED
70.4,65.4,55,-6.4133,101.1785,293.229,0.2818,1,SIMULATED,SIMULATED,SIMULATED,SIMULATED
70.4,65.4,16,166.897,-152.4882,290.9142,-0.2532,1,SIMULATED,SIMULATED,SIMULATED,SIMULATED
70.4,65.4,63,390.6514,-189.7954,200.2897,-0.6155,1,SIMULATED,SIMULATED,SIMULATED,SIMULATED
70.4,65.4,44,331.5129,140.5639,319.8374,0.0,4,SIMULATED,SIMULATED,SIMULATED,SIMULATED
70.4,65.4,11,240.017,682.1207,295.2081,-0.0693,4,SIMULATED,SIMULATED,SIMULATED,SIMULATED
70.4,65.4,4,79.1747,1318.447,320.4,0.0,3,SIMULATED,SIMULATED,SIMULATED,SIMULATED
70.4,65.4,77,-66.9966,1572.4977,282.416,-0.839,3,SIMULATED,SIMULATED,SIMULATED,SIMULATED
70.6,65.6,22,284.8119,-219.7408,0.0,0.0,1,SIMULATED,SIMULATED,SIMULATED,SIMULATED
70.6,65.6,55,-19.086,111.942,298.7493,0.7816,1,SIMULATED,SIMULATED,SIMULATED,SIMULATED
70.6,65.6,16,154.3006,-142.6006,288.0456,-0.4061,1,SIMULATED,SIMULATED,SIMULATED,SIMULATED
70.6,65.6,63,391.8121,-200.3131,199.6808,-0.0862,1,SIMULATED,SIMULATED,SIMULATED,SIMULATED
70.6,65.6,44,335.1743,123.1673,319.8374,-0.0,4,SIMULATED,SIMULATED,SIMULATED,SIMULATED
70.6,65.6,11,243.7586,666.3266,292.1671,-0.4305,4,SIMULATED,SIMULATED,SIMULATED,SIMULATED
70.6,65.6,4,85.6777,1301.8549,320.4,0.0,3,SIMULATED,SIMULATED,SIMULATED,SIMULATED
70.6,65.6,77,-70.0952,1587.5271,275.9801,-0.9112,3,SIMULATED,SIMULATED,SIMULATED,SIMULATED
70.8,65.8,22,284.8119,-219.7408,0.0,0.0,1,SIMULATED,SIMULATED,SIMULATED,SIMULATED
70.8,65.8,55,-32.0345,122.7327,303.527,0.6764,1,SIMULATED,SIMULATED,SIMULATED,SIMULATED
70.8,65.8,16,141.9544,-132.7603,284.0459,-0.5663,1,SIMULATED,SIMULATED,SIMULATED,SIMULATED
70.8,65.8,63,389.3165,-210.4384,200.0149,0.0473,1,SIMULATED,SIMULATED,SIMULATED,SIMULATED
70.8,65.8,44,338.6473,105.7393,319.8374,-0.0,4,SIMULATED,SIMULATED,SIMULATED,SIMULATED
70.8,65.8,11,247.4553,650.6968,289.1025,-0.4339,4,SIMULATED,SIMULATED,SIMULATED,SIMULATED
70.8,65.8,4,91.8553,1285.1435,320.4,0.0,3,SIMULATED,SIMULATED,SIMULATED,SIMULATED
70.8,65.8,77,-73.3481,1602.2075,270.4116,-0.7884,3,SIMULATED,SIMULATED,SIMULATED,SIMULATED
71.0,66.0,22,284.8119,-219.7408,0.0,0.0,1,SIMULATED,SIMULATED,SIMULATED,SIMULATED
71.0,66.0,55,-44.4979,134.2278,306.9178,0.4801,1,SIMULATED,SIMULATED,SIMULATED,SIMULATED
71.0,66.0,16,129.8032,-122.9137,281.4,-0.3746,1,SIMULATED,SIMULATED,SIMULATED,SIMULATED
71.0,66.0,63,383.1286,-219.2717,206.0061,0.8482,1,SIMULATED,SIMULATED,SIMULATED,SIMULATED
71.0,66.0,44,341.5486,88.2261,318.899,-0.1329,4,SIMULATED,SIMULATED,SIMULATED,SIMULATED
71.0,66.0,11,251.1041,635.2503,285.6888,-0.4833,4,SIMULATED,SIMULATED,SIMULATED,SIMULATED
71.0,66.0,4,97.7382,1268.3233,320.4,0.0,3,SIMULATED,SIMULATED,SIMULATED,SIMULATED
71.0,66.0,77,-76.6266,1616.4937,263.7991,-0.9362,3,SIMULATED,SIMULATED,SIMULATED,SIMULATED
71.2,66.2,22,284.8119,-219.7408,0.0,0.0,1,SIMULATED,SIMULATED,SIMULATED,SIMULATED
71.2,66.2,55,-56.0243,146.7827,309.0134,0.2967,1,SIMULATED,SIMULATED,SIMULATED,SIMULATED
71.2,66.2,16,117.8417,-112.9542,279.7464,-0.2341,1,SIMULATED,SIMULATED,SIMULATED,SIMULATED
71.2,66.2,63,373.7379,-225.6362,216.2525,1.4507,1,SIMULATED,SIMULATED,SIMULATED,SIMULATED
71.2,66.2,44,343.3847,70.6765,317.2806,-0.2291,1,SIMULATED,SIMULATED,SIMULATED,SIMULATED
71.2,66.2,11,254.6564,619.9545,282.7037,-0.4226,4,SIMULATED,SIMULATED,SIMULATED,SIMULATED
71.2,66.2,4,103.3648,1251.4109,320.4,0.0,3,SIMULATED,SIMULATED,SIMULATED,SIMULATED
71.2,66.2,77,-79.7207,1630.365,256.0077,-1.1031,3,SIMULATED,SIMULATED,SIMULATED,SIMULATED
71.4,66.4,22,284.8119,-219.7408,0.0,0.0,1,SIMULATED,SIMULATED,SIMULATED,SIMULATED
71.4,66.4,55,-66.3318,160.4659,309.3302,0.0449,1,SIMULATED,SIMULATED,SIMULATED,SIMULATED
71.4,66.4,16,106.3364,-102.43,279.0389,-0.1002,1,SIMULATED,SIMULATED,SIMULATED,SIMULATED
71.4,66.4,63,361.993,-228.2914,222.927,0.945,1,SIMULATED,SIMULATED,SIMULATED,SIMULATED
71.4,66.4,44,344.3133,53.4732,309.9474,-1.0382,1,SIMULATED,SIMULATED,SIMULATED,SIMULATED
71.4,66.4,11,258.0433,604.8367,278.9783,-0.5274,4,SIMULATED,SIMULATED,SIMULATED,SIMULATED
71.4,66.4,4,108.7536,1234.4402,320.4,0.0,3,SIMULATED,SIMULATED,SIMULATED,SIMULATED
71.4,66.4,77,-82.5622,1643.729,246.2638,-1.3795,3,SIMULATED,SIMULATED,SIMULATED,SIMULATED
71.6,66.6,22,284.8119,-219.7408,0.0,0.0,1,SIMULATED,SIMULATED,SIMULATED,SIMULATED
71.6,66.6,55,-75.2531,174.9858,308.5819,-0.1059,1,SIMULATED,SIMULATED,SIMULATED,SIMULATED
71.6,66.6,16,95.6568,-91.1409,278.604,-0.0616,1,SIMULATED,SIMULATED,SIMULATED,SIMULATED
71.6,66.6,63,349.7523,-228.8347,225.2195,0.3246,1,SIMULATED,SIMULATED,SIMULATED,SIMULATED
71.6,66.6,44,344.8055,36.652,302.5438,-1.0482,1,SIMULATED,SIMULATED,SIMULATED,SIMULATED
71.6,66.6,11,261.042,589.7906,276.69,-0.324,4,SIMULATED,SIMULATED,SIMULATED,SIMULATED
71.6,66.6,4,113.9366,1217.3892,320.4,0.0,3,SIMULATED,SIMULATED,SIMULATED,SIMULATED
71.6,66.6,77,-85.1243,1656.6726,237.9821,-1.1725,3,SIMULATED,SIMULATED,SIMULATED,SIMULATED
71.8,66.8,22,284.8119,-219.7408,0.0,0.0,1,SIMULATED,SIMULATED,SIMULATED,SIMULATED
71.8,66.8,55,-82.352,190.2521,305.2639,-0.4698,1,SIMULATED,SIMULATED,SIMULATED,SIMULATED
71.8,66.8,16,86.1074,-78.7869,278.6278,0.0034,1,SIMULATED,SIMULATED,SIMULATED,SIMULATED
71.8,66.8,63,337.1439,-228.0047,229.4328,0.5965,1,SIMULATED,SIMULATED,SIMULATED,SIMULATED
71.8,66.8,44,344.6176,20.0495,298.4105,-0.5852,1,SIMULATED,SIMULATED,SIMULATED,SIMULATED
71.8,66.8,11,262.9081,574.6642,275.2322,-0.2064,4,SIMULATED,SIMULATED,SIMULATED,SIMULATED
71.8,66.8,4,118.9071,1200.274,320.4,0.0,3,SIMULATED,SIMULATED,SIMULATED,SIMULATED
71.8,66.8,77,-87.057,1669.1437,228.4359,-1.3515,3,SIMULATED,SIMULATED,SIMULATED,SIMULATED
72.0,67.0,22,284.8119,-219.7408,0.0,0.0,1,SIMULATED,SIMULATED,SIMULATED,SIMULATED
72.0,67.0,55,-87.5846,205.8472,299.6197,-0.7991,1,SIMULATED,SIMULATED,SIMULATED,SIMULATED
72.0,67.0,16,79.1621,-64.7831,278.8446,0.0307,1,SIMULATED,SIMULATED,SIMULATED,SIMULATED
72.0,67.0,63,324.0481,-226.2858,239.0825,1.3662,1,SIMULATED,SIMULATED,SIMULATED,SIMULATED
72.0,67.0,44,343.7608,3.6608,295.329,-0.4363,1,SIMULATED,SIMULATED,SIMULATED,SIMULATED
72.0,67.0,11,262.3957,559.5894,274.4883,-0.1053,4,SIMULATED,SIMULATED,SIMULATED,SIMULATED
72.0,67.0,4,123.6013,1183.1001,320.4,0.0,3,SIMULATED,SIMULATED,SIMULATED,SIMULATED
72.0,67.0,77,-87.2321,1680.9274,217.2784,-1.5797,3,SIMULATED,SIMULATED,SIMULATED,SIMULATED
72.2,67.2,22,284.8119,-219.7408,0.0,0.0,1,SIMULATED,SIMULATED,SIMULATED,SIMULATED
72.2,67.2,55,-91.2319,221.6891,294.1027,-0.7811,1,SIMULATED,SIMULATED,SIMULATED,SIMULATED
72.2,67.2,16,75.6765,-49.3891,279.004,0.0226,1,SIMULATED,SIMULATED,SIMULATED,SIMULATED
72.2,67.2,63,310.6323,-223.6811,247.9368,1.2536,1,SIMULATED,SIMULATED,SIMULATED,SIMULATED
72.2,67.2,44,342.5255,-12.5874,293.1089,-0.3143,1,SIMULATED,SIMULATED,SIMULATED,SIMULATED
72.2,67.2,11,258.0252,545.1428,274.4521,-0.0051,4,SIMULATED,SIMULATED,SIMULATED,SIMULATED
72.2,67.2,4,128.1003,1165.8575,320.4,0.0,3,SIMULATED,SIMULATED,SIMULATED,SIMULATED
72.2,67.2,77,-84.3306,1691.4251,208.5659,-1.2335,3,SIMULATED,SIMULATED,SIMULATED,SIMULATED
72.4,67.4,22,284.8119,-219.7408,0.0,0.0,1,SIMULATED,SIMULATED,SIMULATED,SIMULATED
72.4,67.4,55,-93.3623,237.4852,288.3663,-0.8121,1,SIMULATED,SIMULATED,SIMULATED,SIMULATED
72.4,67.4,16,75.9221,-33.889,279.1529,0.0211,1,SIMULATED,SIMULATED,SIMULATED,SIMULATED
72.4,67.4,63,296.9881,-220.2872,254.1119,0.8743,1,SIMULATED,SIMULATED,SIMULATED,SIMULATED
72.4,67.4,44,341.0426,-28.812,293.1089,0.0,1,SIMULATED,SIMULATED,SIMULATED,SIMULATED
72.4,67.4,11,251.4398,531.4063,274.4521,0.0,4,SIMULATED,SIMULATED,SIMULATED,SIMULATED
72.4,67.4,4,132.4351,1148.5861,320.4,0.0,3,SIMULATED,SIMULATED,SIMULATED,SIMULATED
72.4,67.4,77,-76.7602,1698.8123,204.6781,-0.5504,3,SIMULATED,SIMULATED,SIMULATED,SIMULATED
72.6,67.6,22,284.8119,-219.7408,0.0,0.0,1,SIMULATED,SIMULATED,SIMULATED,SIMULATED
72.6,67.6,55,-94.3303,252.957,280.5242,-1.1103,1,SIMULATED,SIMULATED,SIMULATED,SIMULATED
72.6,67.6,16,75.5955,-18.453,279.1529,0.0,1,SIMULATED,SIMULATED,SIMULATED,SIMULATED
72.6,67.6,63,283.2062,-216.062,261.0551,0.983,1,SIMULATED,SIMULATED,SIMULATED,SIMULATED
72.6,67.6,44,339.3327,-44.9414,291.8324,-0.1807,1,SIMULATED,SIMULATED,SIMULATED,SIMULATED
72.6,67.6,11,246.0457,517.0742,274.4521,0.0,4,SIMULATED,SIMULATED,SIMULATED,SIMULATED
72.6,67.6,4,136.6868,1131.2964,320.4,0.0,4,SIMULATED,SIMULATED,SIMULATED,SIMULATED
72.6,67.6,77,-66.6548,1699.8487,200.234,-0.6292,3,SIMULATED,SIMULATED,SIMULATED,SIMULATED
72.8,67.8,22,284.8119,-219.7408,0.0,0.0,1,SIMULATED,SIMULATED,SIMULATED,SIMULATED
72.8,67.8,55,-94.5245,268.1058,273.2986,-1.023,1,SIMULATED,SIMULATED,SIMULATED,SIMULATED
72.8,67.8,16,73.1107,-3.3708,279.1529,0.0,1,SIMULATED,SIMULATED,SIMULATED,SIMULATED
72.8,67.8,63,269.2424,-211.095,268.4157,1.0421,1,SIMULATED,SIMULATED,SIMULATED,SIMULATED
72.8,67.8,44,337.6179,-60.6662,284.7986,-0.9958,1,SIMULATED,SIMULATED,SIMULATED,SIMULATED
72.8,67.8,11,243.5073,501.971,274.4521,0.0,4,SIMULATED,SIMULATED,SIMULATED,SIMULATED
72.8,67.8,4,140.8839,1113.9971,320.4,0.0,4,SIMULATED,SIMULATED,SIMULATED,SIMULATED
72.8,67.8,77,-58.1167,1694.4763,199.3362,-0.1271,3,SIMULATED,SIMULATED,SIMULATED,SIMULATED
73.0,68.0,22,284.8119,-219.7408,0.0,0.0,1,SIMULATED,SIMULATED,SIMULATED,SIMULATED
73.0,68.0,55,-94.1933,282.9265,267.1437,-0.8714,2,SIMULATED,SIMULATED,SIMULATED,SIMULATED
73.0,68.0,16,67.4172,10.7506,279.1529,0.0,1,SIMULATED,SIMULATED,SIMULATED,SIMULATED
73.0,68.0,63,255.1701,-205.336,275.4384,0.9943,1,SIMULATED,SIMULATED,SIMULATED,SIMULATED
73.0,68.0,44,336.147,-75.9373,276.2865,-1.2051,1,SIMULATED,SIMULATED,SIMULATED,SIMULATED
73.0,68.0,11,243.6899,486.6621,274.4521,-0.0,4,SIMULATED,SIMULATED,SIMULATED,SIMULATED
73.0,68.0,4,144.9969,1096.6731,320.4,0.0,4,SIMULATED,SIMULATED,SIMULATED,SIMULATED
73.0,68.0,77,-52.4041,1685.4906,198.0631,-0.1802,3,SIMULATED,SIMULATED,SIMULATED,SIMULATED
73.2,68.2,22,284.8119,-219.7408,0.0,0.0,1,SIMULATED,SIMULATED,SIMULATED,SIMULATED
73.2,68.2,55,-93.6999,297.4306,261.381,-0.8159,2,SIMULATED,SIMULATED,SIMULATED,SIMULATED
73.2,68.2,16,59.2291,23.6892,278.2141,-0.1329,1,SIMULATED,SIMULATED,SIMULATED,SIMULATED
73.2,68.2,63,241.2145,-198.6809,279.3219,0.5498,1,SIMULATED,SIMULATED,SIMULATED,SIMULATED
73.2,68.2,44,335.0697,-90.8001,268.615,-1.0861,1,SIMULATED,SIMULATED,SIMULATED,SIMULATED
73.2,68.2,11,245.5792,471.5085,274.4618,0.0014,4,SIMULATED,SIMULATED,SIMULATED,SIMULATED
73.2,68.2,4,149.0918,1079.3461,320.4,0.0,4,SIMULATED,SIMULATED,SIMULATED,SIMULATED
73.2,68.2,77,-48.5305,1674.8689,206.5893,1.2071,3,SIMULATED,SIMULATED,SIMULATED,SIMULATED
73.4,68.4,22,284.8119,-219.7408,0.0,0.0,1,SIMULATED,SIMULATED,SIMULATED,SIMULATED
73.4,68.4,55,-93.0655,311.7216,257.6208,-0.5324,2,SIMULATED,SIMULATED,SIMULATED,SIMULATED
73.4,68.4,16,49.9808,35.9025,276.8099,-0.1988,1,SIMULATED,SIMULATED,SIMULATED,SIMULATED
73.4,68.4,63,227.4678,-191.3442,281.9005,0.3651,1,SIMULATED,SIMULATED,SIMULATED,SIMULATED
73.4,68.4,44,334.8324,-105.3649,262.9628,-0.8002,1,SIMULATED,SIMULATED,SIMULATED,SIMULATED
73.4,68.4,11,248.4104,456.3609,276.7828,0.3286,4,SIMULATED,SIMULATED,SIMULATED,SIMULATED
73.4,68.4,4,153.1451,1062.0149,320.4,0.0,4,SIMULATED,SIMULATED,SIMULATED,SIMULATED
73.4,68.4,77,-45.6082,1662.9634,222.9727,2.3195,3,SIMULATED,SIMULATED,SIMULATED,SIMULATED
73.6,68.6,22,284.8119,-219.7408,0.0,0.0,1,SIMULATED,SIMULATED,SIMULATED,SIMULATED
73.6,68.6,55,-92.6163,325.9615,255.8897,-0.2451,2,SIMULATED,SIMULATED,SIMULATED,SIMULATED
73.6,68.6,16,40.3407,47.9667,278.2313,0.2012,1,SIMULATED,SIMULATED,SIMULATED,SIMULATED
73.6,68.6,63,214.0559,-183.223,283.3781,0.2092,1,SIMULATED,SIMULATED,SIMULATED,SIMULATED
73.6,68.6,44,335.6284,-119.4666,255.0447,-1.121,1,SIMULATED,SIMULATED,SIMULATED,SIMULATED
73.6,68.6,11,251.9621,441.1451,281.0201,0.5999,4,SIMULATED,SIMULATED,SIMULATED,SIMULATED
73.6,68.6,4,157.1974,1044.6793,320.4,0.0,4,SIMULATED,SIMULATED,SIMULATED,SIMULATED
73.6,68.6,77,-43.4862,1650.0938,236.603,1.9298,3,SIMULATED,SIMULATED,SIMULATED,SIMULATED
73.8,68.8,22,284.8119,-219.7408,0.0,0.0,1,SIMULATED,SIMULATED,SIMULATED,SIMULATED
73.8,68.8,55,-92.6213,340.2662,256.9468,0.1497,2,SIMULATED,SIMULATED,SIMULATED,SIMULATED
73.8,68.8,16,30.4484,60.0087,280.8949,0.3771,1,SIMULATED,SIMULATED,SIMULATED,SIMULATED
73.8,68.8,63,200.7991,-174.3922,287.6334,0.6025,1,SIMULATED,SIMULATED,SIMULATED,SIMULATED
73.8,68.8,44,338.8333,-132.647,247.1836,-1.113,1,SIMULATED,SIMULATED,SIMULATED,SIMULATED
73.8,68.8,11,255.9102,425.6694,287.3714,0.8992,4,SIMULATED,SIMULATED,SIMULATED,SIMULATED
73.8,68.8,4,161.2348,1027.346,320.4,0.0,4,SIMULATED,SIMULATED,SIMULATED,SIMULATED
73.8,68.8,77,-42.0421,1636.2533,250.855,2.0178,3,SIMULATED,SIMULATED,SIMULATED,SIMULATED
74.0,69.0,22,284.8119,-219.7408,0.0,0.0,1,SIMULATED,SIMULATED,SIMULATED,SIMULATED
74.0,69.0,55,-93.286,354.5164,255.2418,-0.2414,2,SIMULATED,SIMULATED,SIMULATED,SIMULATED
74.0,69.0,16,20.1041,72.0193,285.8713,0.7046,1,SIMULATED,SIMULATED,SIMULATED,SIMULATED
74.0,69.0,63,187.6233,-165.0547,291.2012,0.5051,1,SIMULATED,SIMULATED,SIMULATED,SIMULATED
74.0,69.0,44,344.6049,-144.4597,239.081,-1.1471,1,SIMULATED,SIMULATED,SIMULATED,SIMULATED
74.0,69.0,11,260.2584,409.9796,292.904,0.7833,4,SIMULATED,SIMULATED,SIMULATED,SIMULATED
74.0,69.0,4,165.2894,1010.0131,320.4,0.0,4,SIMULATED,SIMULATED,SIMULATED,SIMULATED
74.0,69.0,77,-40.4736,1621.6838,263.3974,1.7757,3,SIMULATED,SIMULATED,SIMULATED,SIMULATED
74.2,69.2,22,284.8119,-219.7408,0.0,0.0,1,SIMULATED,SIMULATED,SIMULATED,SIMULATED
74.2,69.2,55,-95.13,368.4191,250.7852,-0.6309,2,SIMULATED,SIMULATED,SIMULATED,SIMULATED
74.2,69.2,16,9.1487,83.7854,290.442,0.6471,1,SIMULATED,SIMULATED,SIMULATED,SIMULATED
74.2,69.2,63,174.6894,-155.3487,291.8269,0.0886,1,SIMULATED,SIMULATED,SIMULATED,SIMULATED
74.2,69.2,44,352.3432,-154.4775,230.3923,-1.2301,1,SIMULATED,SIMULATED,SIMULATED,SIMULATED
74.2,69.2,11,264.806,394.0726,297.8076,0.6942,4,SIMULATED,SIMULATED,SIMULATED,SIMULATED
74.2,69.2,4,169.3371,992.6781,320.4,0.0,4,SIMULATED,SIMULATED,SIMULATED,SIMULATED
74.2,69.2,77,-38.4594,1606.5851,273.167,1.3832,3,SIMULATED,SIMULATED,SIMULATED,SIMULATED
74.4,69.4,22,284.8119,-219.7408,0.0,0.0,1,SIMULATED,SIMULATED,SIMULATED,SIMULATED
74.4,69.4,55,-99.1633,381.6771,246.0688,-0.6677,2,SIMULATED,SIMULATED,SIMULATED,SIMULATED
74.4,69.4,16,-2.488,94.9968,291.6302,0.1682,1,SIMULATED,SIMULATED,SIMULATED,SIMULATED
74.4,69.4,63,162.0554,-145.5354,288.4001,-0.4852,1,SIMULATED,SIMULATED,SIMULATED,SIMULATED
74.4,69.4,44,361.3114,-162.8152,221.8039,-1.2159,1,SIMULATED,SIMULATED,SIMULATED,SIMULATED
74.4,69.4,11,269.2895,378.049,299.5548,0.2474,4,SIMULATED,SIMULATED,SIMULATED,SIMULATED
74.4,69.4,4,173.3797,975.3451,320.4,0.0,4,SIMULATED,SIMULATED,SIMULATED,SIMULATED
74.4,69.4,77,-35.0981,1591.0282,284.2795,1.5733,3,SIMULATED,SIMULATED,SIMULATED,SIMULATED
74.6,69.6,22,284.8119,-219.7408,0.0,0.0,1,SIMULATED,SIMULATED,SIMULATED,SIMULATED
74.6,69.6,55,-106.5891,393.0832,239.4316,-0.9397,2,SIMULATED,SIMULATED,SIMULATED,SIMULATED
74.6,69.6,16,-14.8171,105.7784,295.6868,0.5743,1,SIMULATED,SIMULATED,SIMULATED,SIMULATED
74.6,69.6,63,149.6352,-135.7013,285.3977,-0.4251,1,SIMULATED,SIMULATED,SIMULATED,SIMULATED
74.6,69.6,44,370.8603,-169.791,213.9418,-1.1131,1,SIMULATED,SIMULATED,SIMULATED,SIMULATED
74.6,69.6,11,273.7231,361.8054,303.1401,0.5076,4,SIMULATED,SIMULATED,SIMULATED,SIMULATED
74.6,69.6,4,177.4264,958.0111,320.4,0.0,4,SIMULATED,SIMULATED,SIMULATED,SIMULATED
74.6,69.6,77,-30.5155,1575.3338,293.2781,1.274,3,SIMULATED,SIMULATED,SIMULATED,SIMULATED
74.8,69.8,22,284.8119,-219.7408,0.0,0.0,1,SIMULATED,SIMULATED,SIMULATED,SIMULATED
74.8,69.8,55,-117.1357,400.9697,233.4198,-0.8511,2,SIMULATED,SIMULATED,SIMULATED,SIMULATED
74.8,69.8,16,-27.6421,116.446,300.2577,0.6471,1,SIMULATED,SIMULATED,SIMULATED,SIMULATED
74.8,69.8,63,137.3885,-125.8743,282.9278,-0.3497,1,SIMULATED,SIMULATED,SIMULATED,SIMULATED
74.8,69.8,44,380.5304,-176.1029,207.9622,-0.8466,1,SIMULATED,SIMULATED,SIMULATED,SIMULATED
74.8,69.8,11,278.1357,345.2096,309.1633,0.8528,4,SIMULATED,SIMULATED,SIMULATED,SIMULATED
74.8,69.8,4,181.4636,940.6733,320.4,0.0,4,SIMULATED,SIMULATED,SIMULATED,SIMULATED
74.8,69.8,77,-24.9366,1559.4352,302.3404,1.283,3,SIMULATED,SIMULATED,SIMULATED,SIMULATED
75.0,70.0,22,284.8119,-219.7408,0.0,0.0,1,SIMULATED,SIMULATED,SIMULATED,SIMULATED
75.0,70.0,55,-129.5196,404.6883,225.8601,-1.0703,2,SIMULATED,SIMULATED,SIMULATED,SIMULATED
75.0,70.0,16,-40.5193,127.5881,305.606,0.7572,1,SIMULATED,SIMULATED,SIMULATED,SIMULATED
75.0,70.0,63,125.303,-115.9771,281.3066,-0.2295,1,SIMULATED,SIMULATED,SIMULATED,SIMULATED
75.0,70.0,44,389.4288,-183.1748,201.7711,-0.8765,1,SIMULATED,SIMULATED,SIMULATED,SIMULATED
75.0,70.0,11,282.4976,328.3831,312.9304,0.5333,4,SIMULATED,SIMULATED,SIMULATED,SIMULATED
75.0,70.0,4,185.4693,923.3279,320.4,0.0,4,SIMULATED,SIMULATED,SIMULATED,SIMULATED
75.0,70.0,77,-18.6835,1543.518,307.375,0.7128,3,SIMULATED,SIMULATED,SIMULATED,SIMULATED
75.2,70.2,22,284.8119,-219.7408,0.0,0.0,1,SIMULATED,SIMULATED,SIMULATED,SIMULATED
75.2,70.2,55,-141.917,404.9849,221.5497,-0.6103,2,SIMULATED,SIMULATED,SIMULATED,SIMULATED
75.2,70.2,16,-52.6228,139.7968,308.1416,0.359,1,SIMULATED,SIMULATED,SIMULATED,SIMULATED
75.2,70.2,63,113.6003,-105.8948,279.4696,-0.2601,1,SIMULATED,SIMULATED,SIMULATED,SIMULATED
75.2,70.2,44,393.4819,-193.5845,199.9602,-0.2564,1,SIMULATED,SIMULATED,SIMULATED,SIMULATED
75.2,70.2,11,286.8644,311.3461,316.5784,0.5165,4,SIMULATED,SIMULATED,SIMULATED,SIMULATED
75.2,70.2,4,189.4723,905.9842,320.4,0.0,4,SIMULATED,SIMULATED,SIMULATED,SIMULATED
75.2,70.2,77,-12.0669,1527.5624,310.6652,0.4658,3,SIMULATED,SIMULATED,SIMULATED,SIMULATED
75.4,70.4,22,284.8119,-219.7408,0.0,0.0,1,SIMULATED,SIMULATED,SIMULATED,SIMULATED
75.4,70.4,55,-154.0256,404.61,218.5678,-0.4222,2,SIMULATED,SIMULATED,SIMULATED,SIMULATED
75.4,70.4,16,-63.5471,153.1941,309.3223,0.1672,1,SIMULATED,SIMULATED,SIMULATED,SIMULATED
75.4,70.4,63,102.7299,-95.0416,278.604,-0.1226,1,SIMULATED,SIMULATED,SIMULATED,SIMULATED
75.4,70.4,44,393.3877,-204.7855,199.2051,-0.1069,1,SIMULATED,SIMULATED,SIMULATED,SIMULATED
75.4,70.4,11,291.2453,294.1934,318.6764,0.297,4,SIMULATED,SIMULATED,SIMULATED,SIMULATED
75.4,70.4,4,193.4622,888.6353,320.4,0.0,4,SIMULATED,SIMULATED,SIMULATED,SIMULATED
75.4,70.4,77,-5.3052,1511.5144,313.3918,0.386,3,SIMULATED,SIMULATED,SIMULATED,SIMULATED
75.6,70.6,22,284.8119,-219.7408,0.0,0.0,1,SIMULATED,SIMULATED,SIMULATED,SIMULATED
75.6,70.6,55,-165.8195,405.4939,216.7234,-0.2611,2,SIMULATED,SIMULATED,SIMULATED,SIMULATED
75.6,70.6,16,-73.1689,167.4431,308.5819,-0.1048,1,SIMULATED,SIMULATED,SIMULATED,SIMULATED
75.6,70.6,63,92.6264,-83.5558,278.604,0.0,1,SIMULATED,SIMULATED,SIMULATED,SIMULATED
75.6,70.6,44,389.0311,-215.1692,200.8866,0.2381,1,SIMULATED,SIMULATED,SIMULATED,SIMULATED
75.6,70.6,11,295.634,277.0192,319.0582,0.0541,4,SIMULATED,SIMULATED,SIMULATED,SIMULATED
75.6,70.6,4,197.4442,871.2866,320.4,0.0,4,SIMULATED,SIMULATED,SIMULATED,SIMULATED
75.6,70.6,77,1.4954,1495.4359,314.1841,0.1122,3,SIMULATED,SIMULATED,SIMULATED,SIMULATED
75.8,70.8,22,284.8119,-219.7408,0.0,0.0,1,SIMULATED,SIMULATED,SIMULATED,SIMULATED
75.8,70.8,55,-177.3981,408.6348,220.3128,0.5082,2,SIMULATED,SIMULATED,SIMULATED,SIMULATED
75.8,70.8,16,-81.1437,182.6083,306.2075,-0.3362,1,SIMULATED,SIMULATED,SIMULATED,SIMULATED
75.8,70.8,63,84.4773,-70.7985,278.8446,0.0341,1,SIMULATED,SIMULATED,SIMULATED,SIMULATED
75.8,70.8,44,380.938,-223.7047,209.6662,1.243,1,SIMULATED,SIMULATED,SIMULATED,SIMULATED
75.8,70.8,11,300.0725,259.8465,319.2446,0.0264,4,SIMULATED,SIMULATED,SIMULATED,SIMULATED
75.8,70.8,4,201.4071,853.9599,319.9246,-0.0673,4,SIMULATED,SIMULATED,SIMULATED,SIMULATED
75.8,70.8,77,8.3908,1479.2682,316.3329,0.3042,3,SIMULATED,SIMULATED,SIMULATED,SIMULATED
76.0,71.0,22,284.8119,-219.7408,0.0,0.0,1,SIMULATED,SIMULATED,SIMULATED,SIMULATED
76.0,71.0,55,-188.3565,414.6532,228.5473,1.1658,2,SIMULATED,SIMULATED,SIMULATED,SIMULATED
76.0,71.0,16,-87.4845,198.2588,302.3301,-0.549,1,SIMULATED,SIMULATED,SIMULATED,SIMULATED
76.0,71.0,63,79.1147,-56.5558,278.8446,0.0,1,SIMULATED,SIMULATED,SIMULATED,SIMULATED
76.0,71.0,44,369.8243,-228.955,219.3988,1.3779,1,SIMULATED,SIMULATED,SIMULATED,SIMULATED
76.0,71.0,11,304.5402,242.6477,319.8374,0.0839,4,SIMULATED,SIMULATED,SIMULATED,SIMULATED
76.0,71.0,4,205.3683,836.6414,319.7501,-0.0247,4,SIMULATED,SIMULATED,SIMULATED,SIMULATED
76.0,71.0,77,15.3393,1463.0865,316.9264,0.084,3,SIMULATED,SIMULATED,SIMULATED,SIMULATED
76.2,71.2,22,284.8119,-219.7408,0.0,0.0,1,SIMULATED,SIMULATED,SIMULATED,SIMULATED
76.2,71.2,55,-198.2177,423.067,236.5396,1.1315,2,SIMULATED,SIMULATED,SIMULATED,SIMULATED
76.2,71.2,16,-91.7094,214.2724,296.7293,-0.793,1,SIMULATED,SIMULATED,SIMULATED,SIMULATED
76.2,71.2,63,78.1924,-41.534,279.1529,0.0437,1,SIMULATED,SIMULATED,SIMULATED,SIMULATED
76.2,71.2,44,357.3659,-230.7276,225.2195,0.8241,1,SIMULATED,SIMULATED,SIMULATED,SIMULATED
76.2,71.2,11,309.0341,225.456,319.8374,0.0,4,SIMULATED,SIMULATED,SIMULATED,SIMULATED
76.2,71.2,4,209.3077,819.4372,317.7646,-0.2811,4,SIMULATED,SIMULATED,SIMULATED,SIMULATED
76.2,71.2,77,22.3525,1446.9313,316.9264,0.0,3,SIMULATED,SIMULATED,SIMULATED,SIMULATED
76.4,71.4,22,284.8119,-219.7408,0.0,0.0,1,SIMULATED,SIMULATED,SIMULATED,SIMULATED
76.4,71.4,55,-206.9395,433.285,246.7342,1.4433,2,SIMULATED,SIMULATED,SIMULATED,SIMULATED
76.4,71.4,16,-94.5681,230.2673,290.8732,-0.8291,1,SIMULATED,SIMULATED,SIMULATED,SIMULATED
76.4,71.4,63,78.4116,-26.0165,279.1529,0.0,1,SIMULATED,SIMULATED,SIMULATED,SIMULATED
76.4,71.4,44,344.7957,-230.6301,225.2195,0.0,1,SIMULATED,SIMULATED,SIMULATED,SIMULATED
76.4,71.4,11,313.5343,208.2668,319.8374,-0.0,4,SIMULATED,SIMULATED,SIMULATED,SIMULATED
76.4,71.4,4,213.2672,802.3159,316.3224,-0.2042,4,SIMULATED,SIMULATED,SIMULATED,SIMULATED
76.4,71.4,77,29.3864,1430.7913,316.9264,0.0,3,SIMULATED,SIMULATED,SIMULATED,SIMULATED
76.6,71.6,22,284.8119,-219.7408,0.0,0.0,1,SIMULATED,SIMULATED,SIMULATED,SIMULATED
76.6,71.6,55,-214.1021,445.4915,256.5091,1.3839,2,SIMULATED,SIMULATED,SIMULATED,SIMULATED
76.6,71.6,16,-96.0488,246.0242,283.7937,-1.0023,1,SIMULATED,SIMULATED,SIMULATED,SIMULATED
76.6,71.6,63,77.1771,-10.3465,279.1529,0.0,1,SIMULATED,SIMULATED,SIMULATED,SIMULATED
76.6,71.6,44,331.8695,-229.405,233.1753,1.1264,1,SIMULATED,SIMULATED,SIMULATED,SIMULATED
76.6,71.6,11,318.005,191.0713,319.8374,0.0,4,SIMULATED,SIMULATED,SIMULATED,SIMULATED
76.6,71.6,4,217.198,785.4292,312.1344,-0.5929,4,SIMULATED,SIMULATED,SIMULATED,SIMULATED
76.6,71.6,77,36.4018,1414.644,316.9264,0.0,3,SIMULATED,SIMULATED,SIMULATED,SIMULATED
76.8,71.8,22,284.8119,-219.7408,0.0,0.0,1,SIMULATED,SIMULATED,SIMULATED,SIMULATED
76.8,71.8,55,-220.0095,458.7076,263.5437,0.9959,2,SIMULATED,SIMULATED,SIMULATED,SIMULATED
76.8,71.8,16,-96.4884,261.4314,276.638,-1.0131,1,SIMULATED,SIMULATED,SIMULATED,SIMULATED
76.8,71.8,63,73.0502,4.9858,279.1529,0.0,1,SIMULATED,SIMULATED,SIMULATED,SIMULATED
76.8,71.8,44,318.5207,-227.3632,242.6246,1.3378,1,SIMULATED,SIMULATED,SIMULATED,SIMULATED
76.8,71.8,11,322.4048,173.8581,319.8374,-0.0,4,SIMULATED,SIMULATED,SIMULATED,SIMULATED
76.8,71.8,4,221.1157,768.7647,308.2019,-0.5568,4,SIMULATED,SIMULATED,SIMULATED,SIMULATED
76.8,71.8,77,43.4223,1398.419,318.271,0.1904,3,SIMULATED,SIMULATED,SIMULATED,SIMULATED
77.0,72.0,22,284.8119,-219.7408,0.0,0.0,1,SIMULATED,SIMULATED,SIMULATED,SIMULATED
77.0,72.0,55,-224.7033,472.8268,268.9426,0.7644,2,SIMULATED,SIMULATED,SIMULATED,SIMULATED
77.0,72.0,16,-96.3775,276.4373,269.3209,-1.0359,2,SIMULATED,SIMULATED,SIMULATED,SIMULATED
77.0,72.0,63,65.5526,18.7453,279.1529,0.0,1,SIMULATED,SIMULATED,SIMULATED,SIMULATED
77.0,72.0,44,304.8696,-224.3718,251.0431,1.1919,1,SIMULATED,SIMULATED,SIMULATED,SIMULATED
77.0,72.0,11,326.6916,156.6198,319.8374,0.0,4,SIMULATED,SIMULATED,SIMULATED,SIMULATED
77.0,72.0,4,225.021,752.3136,304.3907,-0.5396,4,SIMULATED,SIMULATED,SIMULATED,SIMULATED
77.0,72.0,77,50.4138,1382.1275,319.2441,0.1378,3,SIMULATED,SIMULATED,SIMULATED,SIMULATED
77.2,72.2,22,284.8119,-219.7408,0.0,0.0,1,SIMULATED,SIMULATED,SIMULATED,SIMULATED
77.2,72.2,55,-228.3655,487.3188,270.6519,0.242,2,SIMULATED,SIMULATED,SIMULATED,SIMULATED
77.2,72.2,16,-95.9412,291.1308,264.4166,-0.6943,2,SIMULATED,SIMULATED,SIMULATED,SIMULATED
77.2,72.2,63,56.591,31.509,277.959,-0.169,1,SIMULATED,SIMULATED,SIMULATED,SIMULATED
77.2,72.2,44,291.0912,-220.6752,256.3326,0.7489,1,SIMULATED,SIMULATED,SIMULATED,SIMULATED
77.2,72.2,11,330.7581,139.3348,319.8374,0.0,4,SIMULATED,SIMULATED,SIMULATED,SIMULATED
77.2,72.2,4,228.8838,736.116,299.7247,-0.6606,4,SIMULATED,SIMULATED,SIMULATED,SIMULATED
77.2,72.2,77,57.3157,1365.7279,320.4,0.1636,3,SIMULATED,SIMULATED,SIMULATED,SIMULATED
77.4,72.4,22,284.8119,-219.7408,0.0,0.0,1,SIMULATED,SIMULATED,SIMULATED,SIMULATED
77.4,72.4,55,-230.9634,502.1431,271.4607,0.1145,2,SIMULATED,SIMULATED,SIMULATED,SIMULATED
77.4,72.4,16,-95.3467,305.5561,259.7482,-0.6609,2,SIMULATED,SIMULATED,SIMULATED,SIMULATED
77.4,72.4,63,47.0177,43.6364,277.85,-0.0154,1,SIMULATED,SIMULATED,SIMULATED,SIMULATED
77.4,72.4,44,277.0979,-216.1051,264.6876,1.1829,1,SIMULATED,SIMULATED,SIMULATED,SIMULATED
77.4,72.4,11,334.3962,121.9528,319.8374,0.0,4,SIMULATED,SIMULATED,SIMULATED,SIMULATED
77.4,72.4,4,232.7268,720.0644,297.0962,-0.3721,4,SIMULATED,SIMULATED,SIMULATED,SIMULATED
77.4,72.4,77,64.1044,1349.2823,320.4,0.0,3,SIMULATED,SIMULATED,SIMULATED,SIMULATED
77.6,72.6,22,284.8119,-219.7408,0.0,0.0,1,SIMULATED,SIMULATED,SIMULATED,SIMULATED
77.6,72.6,55,-233.1662,517.2959,276.2434,0.6771,2,SIMULATED,SIMULATED,SIMULATED,SIMULATED
77.6,72.6,16,-94.7079,319.78,256.3012,-0.488,2,SIMULATED,SIMULATED,SIMULATED,SIMULATED
77.6,72.6,63,37.2933,55.6895,278.3242,0.0671,1,SIMULATED,SIMULATED,SIMULATED,SIMULATED
77.6,72.6,44,262.969,-210.7773,271.425,0.9539,1,SIMULATED,SIMULATED,SIMULATED,SIMULATED
77.6,72.6,11,337.8645,104.5278,319.8374,0.0,4,SIMULATED,SIMULATED,SIMULATED,SIMULATED
77.6,72.6,4,236.5419,704.0443,296.4109,-0.097,4,SIMULATED,SIMULATED,SIMULATED,SIMULATED
77.6,72.6,77,70.8171,1332.7997,320.4,0.0,3,SIMULATED,SIMULATED,SIMULATED,SIMULATED
77.8,72.8,22,284.8119,-219.7408,0.0,0.0,1,SIMULATED,SIMULATED,SIMULATED,SIMULATED
77.8,72.8,55,-235.0691,532.8465,282.2096,0.8447,2,SIMULATED,SIMULATED,SIMULATED,SIMULATED
77.8,72.8,16,-94.5516,334.0118,256.8797,0.0819,2,SIMULATED,SIMULATED,SIMULATED,SIMULATED
77.8,72.8,63,27.1867,67.7237,282.2656,0.558,1,SIMULATED,SIMULATED,SIMULATED,SIMULATED
77.8,72.8,44,248.8536,-204.5845,276.9495,0.7822,1,SIMULATED,SIMULATED,SIMULATED,SIMULATED
77.8,72.8,11,340.6746,87.0786,318.899,-0.1329,4,SIMULATED,SIMULATED,SIMULATED,SIMULATED
77.8,72.8,4,240.3474,688.0877,295.2972,-0.1577,4,SIMULATED,SIMULATED,SIMULATED,SIMULATED
77.8,72.8,77,77.4492,1316.2904,320.4,0.0,3,SIMULATED,SIMULATED,SIMULATED,SIMULATED
78.0,73.0,22,284.8119,-219.7408,0.0,0.0,1,SIMULATED,SIMULATED,SIMULATED,SIMULATED
78.0,73.0,55,-236.8465,548.7836,288.8194,0.9358,2,SIMULATED,SIMULATED,SIMULATED,SIMULATED
78.0,73.0,16,-94.8656,348.1751,255.7763,-0.1562,2,SIMULATED,SIMULATED,SIMULATED,SIMULATED
78.0,73.0,63,16.431,79.7653,289.8015,1.0669,1,SIMULATED,SIMULATED,SIMULATED,SIMULATED
78.0,73.0,44,234.904,-197.6735,279.8174,0.406,1,SIMULATED,SIMULATED,SIMULATED,SIMULATED
78.0,73.0,11,342.4603,69.5969,316.7515,-0.304,1,SIMULATED,SIMULATED,SIMULATED,SIMULATED
78.0,73.0,4,244.1014,672.2591,292.7746,-0.3572,4,SIMULATED,SIMULATED,SIMULATED,SIMULATED
78.0,73.0,77,83.9145,1299.729,320.4,0.0,3,SIMULATED,SIMULATED,SIMULATED,SIMULATED
78.2,73.2,22,284.8119,-219.7408,0.0,0.0,1,SIMULATED,SIMULATED,SIMULATED,SIMULATED
78.2,73.2,55,-238.4964,565.0914,295.1567,0.8972,2,SIMULATED,SIMULATED,SIMULATED,SIMULATED
78.2,73.2,16,-96.1475,362.0292,252.2555,-0.4985,2,SIMULATED,SIMULATED,SIMULATED,SIMULATED
78.2,73.2,63,5.025,91.3724,291.3167,0.2145,1,SIMULATED,SIMULATED,SIMULATED,SIMULATED
78.2,73.2,44,221.1783,-189.9643,282.9222,0.4396,1,SIMULATED,SIMULATED,SIMULATED,SIMULATED
78.2,73.2,11,343.3665,52.4394,309.4504,-1.0337,1,SIMULATED,SIMULATED,SIMULATED,SIMULATED
78.2,73.2,4,247.818,656.5531,290.5138,-0.3201,4,SIMULATED,SIMULATED,SIMULATED,SIMULATED
78.2,73.2,77,90.062,1283.0429,320.4,0.0,3,SIMULATED,SIMULATED,SIMULATED,SIMULATED
78.4,73.4,22,284.8119,-219.7408,0.0,0.0,1,SIMULATED,SIMULATED,SIMULATED,SIMULATED
78.4,73.4,55,-240.0855,581.7438,301.2155,0.8578,2,SIMULATED,SIMULATED,SIMULATED,SIMULATED
78.4,73.4,16,-98.8044,375.392,247.5067,-0.6723,2,SIMULATED,SIMULATED,SIMULATED,SIMULATED
78.4,73.4,63,-7.0607,102.4124,293.4518,0.3023,1,SIMULATED,SIMULATED,SIMULATED,SIMULATED
78.4,73.4,44,207.7955,-181.5425,284.2526,0.1884,1,SIMULATED,SIMULATED,SIMULATED,SIMULATED
78.4,73.4,11,343.8128,35.6825,302.1743,-1.0301,1,SIMULATED,SIMULATED,SIMULATED,SIMULATED
78.4,73.4,4,251.4725,641.0858,286.0682,-0.6294,4,SIMULATED,SIMULATED,SIMULATED,SIMULATED
78.4,73.4,77,95.911,1266.2522,320.4,0.0,3,SIMULATED,SIMULATED,SIMULATED,SIMULATED
78.6,73.6,22,284.8119,-219.7408,0.0,0.0,1,SIMULATED,SIMULATED,SIMULATED,SIMULATED
78.6,73.6,55,-241.5642,598.5988,304.6956,0.4927,2,SIMULATED,SIMULATED,SIMULATED,SIMULATED
78.6,73.6,16,-104.5642,387.13,242.9817,-0.6407,2,SIMULATED,SIMULATED,SIMULATED,SIMULATED
78.6,73.6,63,-19.7967,113.1771,299.3577,0.8362,1,SIMULATED,SIMULATED,SIMULATED,SIMULATED
78.6,73.6,44,194.5591,-172.4562,288.7527,0.6371,1,SIMULATED,SIMULATED,SIMULATED,SIMULATED
78.6,73.6,11,343.5736,19.1526,298.1181,-0.5743,1,SIMULATED,SIMULATED,SIMULATED,SIMULATED
78.6,73.6,4,255.0801,625.6929,284.4561,-0.2282,4,SIMULATED,SIMULATED,SIMULATED,SIMULATED
78.6,73.6,77,101.4963,1249.377,320.4,0.0,3,SIMULATED,SIMULATED,SIMULATED,SIMULATED
78.8,73.8,22,284.8119,-219.7408,0.0,0.0,1,SIMULATED,SIMULATED,SIMULATED,SIMULATED
78.8,73.8,55,-242.8872,615.6888,308.7629,0.5758,2,SIMULATED,SIMULATED,SIMULATED,SIMULATED
78.8,73.8,16,-113.2507,396.2537,234.9463,-1.1376,2,SIMULATED,SIMULATED,SIMULATED,SIMULATED
78.8,73.8,63,-32.7456,123.9807,303.7458,0.6213,1,SIMULATED,SIMULATED,SIMULATED,SIMULATED
78.8,73.8,44,181.3935,-162.9172,292.4598,0.5249,1,SIMULATED,SIMULATED,SIMULATED,SIMULATED
78.8,73.8,11,342.6952,2.7982,295.0415,-0.4356,1,SIMULATED,SIMULATED,SIMULATED,SIMULATED
78.8,73.8,4,258.5559,610.48,280.629,-0.5418,4,SIMULATED,SIMULATED,SIMULATED,SIMULATED
78.8,73.8,77,106.8754,1232.4153,320.4,0.0,3,SIMULATED,SIMULATED,SIMULATED,SIMULATED
79.0,74.0,22,284.8119,-219.7408,0.0,0.0,1,SIMULATED,SIMULATED,SIMULATED,SIMULATED
79.0,74.0,55,-244.088,632.9825,312.1398,0.4781,2,SIMULATED,SIMULATED,SIMULATED,SIMULATED
79.0,74.0,16,-124.4745,401.4815,230.0582,-0.692,2,SIMULATED,SIMULATED,SIMULATED,SIMULATED
79.0,74.0,63,-45.0975,135.5331,306.9178,0.4491,1,SIMULATED,SIMULATED,SIMULATED,SIMULATED
79.0,74.0,44,168.5186,-153.111,291.1433,-0.1864,1,SIMULATED,SIMULATED,SIMULATED,SIMULATED
79.0,74.0,11,341.4556,-13.4358,293.1089,-0.2736,1,SIMULATED,SIMULATED,SIMULATED,SIMULATED
79.0,74.0,4,261.7104,595.3305,278.0871,-0.3599,4,SIMULATED,SIMULATED,SIMULATED,SIMULATED
79.0,74.0,77,112.0221,1215.3984,320.4,0.0,3,SIMULATED,SIMULATED,SIMULATED,SIMULATED
79.2,74.2,22,284.8119,-219.7408,0.0,0.0,1,SIMULATED,SIMULATED,SIMULATED,SIMULATED
79.2,74.2,55,-245.1472,650.4152,314.6815,0.3599,2,SIMULATED,SIMULATED,SIMULATED,SIMULATED
79.2,74.2,16,-136.4487,403.0683,223.3016,-0.9566,2,SIMULATED,SIMULATED,SIMULATED,SIMULATED
79.2,74.2,63,-56.4747,148.1467,309.0134,0.2967,1,SIMULATED,SIMULATED,SIMULATED,SIMULATED
79.2,74.2,44,155.9138,-143.2404,288.0767,-0.4342,1,SIMULATED,SIMULATED,SIMULATED,SIMULATED
79.2,74.2,11,339.9584,-29.6419,293.1089,0.0,1,SIMULATED,SIMULATED,SIMULATED,SIMULATED
79.2,74.2,4,264.1674,580.1711,275.2509,-0.4016,4,SIMULATED,SIMULATED,SIMULATED,SIMULATED
79.2,74.2,77,116.9557,1198.3195,320.4,0.0,3,SIMULATED,SIMULATED,SIMULATED,SIMULATED
79.4,74.4,22,284.8119,-219.7408,0.0,0.0,1,SIMULATED,SIMULATED,SIMULATED,SIMULATED
79.4,74.4,55,-245.97,667.9986,316.9356,0.3191,2,SIMULATED,SIMULATED,SIMULATED,SIMULATED
79.4,74.4,16,-148.615,402.7032,219.7927,-0.4968,2,SIMULATED,SIMULATED,SIMULATED,SIMULATED
79.4,74.4,63,-66.604,161.813,309.1876,0.0247,1,SIMULATED,SIMULATED,SIMULATED,SIMULATED
79.4,74.4,44,143.5598,-133.4101,284.1121,-0.5613,1,SIMULATED,SIMULATED,SIMULATED,SIMULATED
79.4,74.4,11,338.2379,-45.7432,291.608,-0.2125,1,SIMULATED,SIMULATED,SIMULATED,SIMULATED
79.4,74.4,4,264.7143,564.6326,275.0449,-0.0292,4,SIMULATED,SIMULATED,SIMULATED,SIMULATED
79.4,74.4,77,121.6358,1181.1568,320.4,0.0,3,SIMULATED,SIMULATED,SIMULATED,SIMULATED
79.6,74.6,22,284.8119,-219.7408,0.0,0.0,1,SIMULATED,SIMULATED,SIMULATED,SIMULATED
79.6,74.6,55,-246.6505,685.6223,317.8035,0.1229,2,SIMULATED,SIMULATED,SIMULATED,SIMULATED
79.6,74.6,16,-160.7732,402.8832,216.5836,-0.4543,2,SIMULATED,SIMULATED,SIMULATED,SIMULATED
79.6,74.6,63,-75.4863,176.3794,308.2725,-0.1296,1,SIMULATED,SIMULATED,SIMULATED,SIMULATED
79.6,74.6,44,131.4041,-123.5743,281.4,-0.384,1,SIMULATED,SIMULATED,SIMULATED,SIMULATED
79.6,74.6,11,336.5327,-61.4489,284.2917,-1.0358,1,SIMULATED,SIMULATED,SIMULATED,SIMULATED
79.6,74.6,4,261.573,549.5117,274.4521,-0.0839,4,SIMULATED,SIMULATED,SIMULATED,SIMULATED
79.6,74.6,77,126.11,1163.9426,320.4,-0.0,3,SIMULATED,SIMULATED,SIMULATED,SIMULATED
79.8,74.8,22,284.8119,-219.7408,0.0,0.0,1,SIMULATED,SIMULATED,SIMULATED,SIMULATED
79.8,74.8,55,-247.0699,703.3072,318.483,0.0962,2,SIMULATED,SIMULATED,SIMULATED,SIMULATED
79.8,74.8,16,-172.8224,405.0073,217.8806,0.1836,2,SIMULATED,SIMULATED,SIMULATED,SIMULATED
79.8,74.8,63,-82.425,191.6547,305.1,-0.4492,1,SIMULATED,SIMULATED,SIMULATED,SIMULATED
79.8,74.8,44,119.4121,-113.6413,280.0802,-0.1869,1,SIMULATED,SIMULATED,SIMULATED,SIMULATED
79.8,74.8,11,335.0754,-76.7095,275.8138,-1.2003,1,SIMULATED,SIMULATED,SIMULATED,SIMULATED
79.8,74.8,4,255.1917,535.4921,274.4521,0.0,4,SIMULATED,SIMULATED,SIMULATED,SIMULATED
79.8,74.8,77,130.4336,1146.6829,320.4,0.0,3,SIMULATED,SIMULATED,SIMULATED,SIMULATED
80.0,75.0,22,284.8119,-219.7408,0.0,0.0,1,SIMULATED,SIMULATED,SIMULATED,SIMULATED
80.0,75.0,55,-247.31,721.0839,320.4,0.2714,2,SIMULATED,SIMULATED,SIMULATED,SIMULATED
80.0,75.0,16,-184.5311,409.8705,224.3612,0.9175,2,SIMULATED,SIMULATED,SIMULATED,SIMULATED
80.0,75.0,63,-87.4162,207.2169,299.1484,-0.8426,1,SIMULATED,SIMULATED,SIMULATED,SIMULATED
80.0,75.0,44,107.8261,-103.2614,279.1918,-0.1258,1,SIMULATED,SIMULATED,SIMULATED,SIMULATED
80.0,75.0,11,334.031,-91.5902,268.1788,-1.081,1,SIMULATED,SIMULATED,SIMULATED,SIMULATED
80.0,75.0,4,249.3036,521.5754,274.4521,0.0,4,SIMULATED,SIMULATED,SIMULATED,SIMULATED
80.0,75.0,77,134.6777,1129.4013,320.4,0.0,4,SIMULATED,SIMULATED,SIMULATED,SIMULATED
80.2,75.2,22,284.8119,-219.7408,0.0,0.0,1,SIMULATED,SIMULATED,SIMULATED,SIMULATED
80.2,75.2,55,-247.2593,738.876,320.4,0.0,2,SIMULATED,SIMULATED,SIMULATED,SIMULATED
80.2,75.2,16,-195.2242,417.5788,233.3815,1.2771,2,SIMULATED,SIMULATED,SIMULATED,SIMULATED
80.2,75.2,63,-90.9529,223.0107,293.5374,-0.7944,1,SIMULATED,SIMULATED,SIMULATED,SIMULATED
80.2,75.2,44,97.1486,-92.0516,278.604,-0.0832,1,SIMULATED,SIMULATED,SIMULATED,SIMULATED
80.2,75.2,11,333.8545,-106.2072,262.5542,-0.7963,1,SIMULATED,SIMULATED,SIMULATED,SIMULATED
80.2,75.2,4,245.7734,507.0289,274.4521,0.0,4,SIMULATED,SIMULATED,SIMULATED,SIMULATED
80.2,75.2,77,138.8729,1112.1039,320.4,0.0,4,SIMULATED,SIMULATED,SIMULATED,SIMULATED
80.4,75.4,22,284.8119,-219.7408,0.0,0.0,1,SIMULATED,SIMULATED,SIMULATED,SIMULATED
80.4,75.4,55,-246.9696,756.6423,320.4,0.0,2,SIMULATED,SIMULATED,SIMULATED,SIMULATED
80.4,75.4,16,-204.771,427.2352,242.4198,1.2796,2,SIMULATED,SIMULATED,SIMULATED,SIMULATED
80.4,75.4,63,-92.9812,238.7439,287.6741,-0.8301,1,SIMULATED,SIMULATED,SIMULATED,SIMULATED
80.4,75.4,44,87.4209,-79.9511,278.604,0.0,1,SIMULATED,SIMULATED,SIMULATED,SIMULATED
80.4,75.4,11,334.7178,-120.3529,254.4745,-1.1439,1,SIMULATED,SIMULATED,SIMULATED,SIMULATED
80.4,75.4,4,245.1197,492.0508,274.4521,0.0,4,SIMULATED,SIMULATED,SIMULATED,SIMULATED
80.4,75.4,77,142.9771,1094.7893,320.4,0.0,4,SIMULATED,SIMULATED,SIMULATED,SIMULATED
80.6,75.6,22,284.8119,-219.7408,0.0,0.0,1,SIMULATED,SIMULATED,SIMULATED,SIMULATED
80.6,75.6,55,-246.2089,774.4062,320.4,0.0,2,SIMULATED,SIMULATED,SIMULATED,SIMULATED
80.6,75.6,16,-212.7676,438.8983,252.0638,1.3654,2,SIMULATED,SIMULATED,SIMULATED,SIMULATED
80.6,75.6,63,-93.853,254.151,279.9538,-1.093,1,SIMULATED,SIMULATED,SIMULATED,SIMULATED
80.6,75.6,44,80.2226,-66.121,278.8446,0.0341,1,SIMULATED,SIMULATED,SIMULATED,SIMULATED
80.6,75.6,11,338.1374,-133.6936,246.7723,-1.0905,1,SIMULATED,SIMULATED,SIMULATED,SIMULATED
80.6,75.6,4,246.4924,476.9721,274.4521,0.0,4,SIMULATED,SIMULATED,SIMULATED,SIMULATED
80.6,75.6,77,147.0654,1077.4695,320.4,0.0,4,SIMULATED,SIMULATED,SIMULATED,SIMULATED
80.8,75.8,22,284.8119,-219.7408,0.0,0.0,1,SIMULATED,SIMULATED,SIMULATED,SIMULATED
80.8,75.8,55,-245.0992,792.1623,320.4,0.0,2,SIMULATED,SIMULATED,SIMULATED,SIMULATED
80.8,75.8,16,-219.3596,451.8912,259.9401,1.1151,2,SIMULATED,SIMULATED,SIMULATED,SIMULATED
80.8,75.8,63,-94.0095,269.2482,272.658,-1.0329,1,SIMULATED,SIMULATED,SIMULATED,SIMULATED
80.8,75.8,44,76.2632,-51.0904,278.9285,0.0119,1,SIMULATED,SIMULATED,SIMULATED,SIMULATED
80.8,75.8,11,344.1406,-145.6316,238.6409,-1.1512,1,SIMULATED,SIMULATED,SIMULATED,SIMULATED
80.8,75.8,4,249.0079,461.9756,274.984,0.0753,4,SIMULATED,SIMULATED,SIMULATED,SIMULATED
80.8,75.8,77,151.1205,1060.1359,320.4,0.0,4,SIMULATED,SIMULATED,SIMULATED,SIMULATED
81.0,76.0,22,284.8119,-219.7408,0.0,0.0,1,SIMULATED,SIMULATED,SIMULATED,SIMULATED
81.0,76.0,55,-243.7169,809.8932,320.4,-0.0,2,SIMULATED,SIMULATED,SIMULATED,SIMULATED
81.0,76.0,16,-224.5506,465.8084,266.2988,0.9003,2,SIMULATED,SIMULATED,SIMULATED,SIMULATED
81.0,76.0,63,-93.6601,284.046,266.8844,-0.8174,2,SIMULATED,SIMULATED,SIMULATED,SIMULATED
81.0,76.0,44,76.3786,-35.5076,279.1529,0.0318,1,SIMULATED,SIMULATED,SIMULATED,SIMULATED
81.0,76.0,11,352.1112,-155.6828,229.9415,-1.2316,1,SIMULATED,SIMULATED,SIMULATED,SIMULATED
81.0,76.0,4,252.3004,446.9121,278.5344,0.5027,4,SIMULATED,SIMULATED,SIMULATED,SIMULATED
81.0,76.0,77,155.1681,1042.8058,320.4,0.0,4,SIMULATED,SIMULATED,SIMULATED,SIMULATED
81.2,76.2,22,284.8119,-219.7408,0.0,0.0,1,SIMULATED,SIMULATED,SIMULATED,SIMULATED
81.2,76.2,55,-241.999,827.5913,320.4,0.0,2,SIMULATED,SIMULATED,SIMULATED,SIMULATED
81.2,76.2,16,-228.8037,480.2738,270.2779,0.5634,2,SIMULATED,SIMULATED,SIMULATED,SIMULATED
81.2,76.2,63,-93.1528,298.5256,261.1811,-0.8075,2,SIMULATED,SIMULATED,SIMULATED,SIMULATED
81.2,76.2,44,76.1931,-20.0566,279.1529,0.0,1,SIMULATED,SIMULATED,SIMULATED,SIMULATED
81.2,76.2,11,361.2097,-164.0225,221.3042,-1.2229,1,SIMULATED,SIMULATED,SIMULATED,SIMULATED
81.2,76.2,4,256.128,431.5673,285.124,0.9329,4,SIMULATED,SIMULATED,SIMULATED,SIMULATED
81.2,76.2,77,159.2097,1025.468,320.4,0.0,4,SIMULATED,SIMULATED,SIMULATED,SIMULATED
81.4,76.4,22,284.8119,-219.7408,0.0,0.0,1,SIMULATED,SIMULATED,SIMULATED,SIMULATED
81.4,76.4,55,-240.0349,845.2102,319.4254,-0.138,2,SIMULATED,SIMULATED,SIMULATED,SIMULATED
81.4,76.4,16,-231.8245,495.0783,270.6519,0.053,2,SIMULATED,SIMULATED,SIMULATED,SIMULATED
81.4,76.4,63,-92.5158,312.809,257.3974,-0.5357,2,SIMULATED,SIMULATED,SIMULATED,SIMULATED
81.4,76.4,44,74.0037,-4.8305,279.1529,0.0,1,SIMULATED,SIMULATED,SIMULATED,SIMULATED
81.4,76.4,11,370.8597,-170.9906,213.5558,-1.097,1,SIMULATED,SIMULATED,SIMULATED,SIMULATED
81.4,76.4,4,260.3194,416.0055,290.7048,0.7901,4,SIMULATED,SIMULATED,SIMULATED,SIMULATED
81.4,76.4,77,163.263,1008.1364,320.4,0.0,4,SIMULATED,SIMULATED,SIMULATED,SIMULATED
81.6,76.6,22,284.8119,-219.7408,0.0,0.0,1,SIMULATED,SIMULATED,SIMULATED,SIMULATED
81.6,76.6,55,-237.757,862.7021,317.8134,-0.2282,2,SIMULATED,SIMULATED,SIMULATED,SIMULATED
81.6,76.6,16,-234.1969,510.1196,273.4208,0.392,2,SIMULATED,SIMULATED,SIMULATED,SIMULATED
81.6,76.6,63,-92.1023,327.0621,255.8167,-0.2238,2,SIMULATED,SIMULATED,SIMULATED,SIMULATED
81.6,76.6,44,68.6089,9.5225,279.1529,0.0,1,SIMULATED,SIMULATED,SIMULATED,SIMULATED
81.6,76.6,11,380.5169,-177.2949,207.6615,-0.8345,1,SIMULATED,SIMULATED,SIMULATED,SIMULATED
81.6,76.6,4,264.8435,400.1594,296.6922,0.8477,4,SIMULATED,SIMULATED,SIMULATED,SIMULATED
81.6,76.6,77,167.3086,990.8037,320.4,0.0,4,SIMULATED,SIMULATED,SIMULATED,SIMULATED
81.8,76.8,22,284.8119,-219.7408,0.0,0.0,1,SIMULATED,SIMULATED,SIMULATED,SIMULATED
81.8,76.8,55,-235.1501,879.8756,313.151,-0.6601,2,SIMULATED,SIMULATED,SIMULATED,SIMULATED
81.8,76.8,16,-236.2055,525.4951,278.8292,0.7657,2,SIMULATED,SIMULATED,SIMULATED,SIMULATED
81.8,76.8,63,-92.1417,341.3822,256.9468,0.16,2,SIMULATED,SIMULATED,SIMULATED,SIMULATED
81.8,76.8,44,60.5637,22.6484,278.5676,-0.0829,1,SIMULATED,SIMULATED,SIMULATED,SIMULATED
81.8,76.8,11,388.9573,-184.2633,201.6296,-0.854,1,SIMULATED,SIMULATED,SIMULATED,SIMULATED
81.8,76.8,4,269.3618,384.1718,298.9571,0.3207,4,SIMULATED,SIMULATED,SIMULATED,SIMULATED
81.8,76.8,77,171.3538,973.4683,320.4,0.0,4,SIMULATED,SIMULATED,SIMULATED,SIMULATED
82.0,77.0,22,284.8119,-219.7408,0.0,0.0,1,SIMULATED,SIMULATED,SIMULATED,SIMULATED
82.0,77.0,55,-232.2516,896.6904,307.5836,-0.7882,2,SIMULATED,SIMULATED,SIMULATED,SIMULATED
82.0,77.0,16,-238.0379,541.2639,285.5693,0.9543,2,SIMULATED,SIMULATED,SIMULATED,SIMULATED
82.0,77.0,63,-92.9066,355.6679,255.1967,-0.2478,2,SIMULATED,SIMULATED,SIMULATED,SIMULATED
82.0,77.0,44,51.3592,34.9529,277.1605,-0.1992,1,SIMULATED,SIMULATED,SIMULATED,SIMULATED
82.0,77.0,11,392.5791,-194.3264,199.9602,-0.2363,1,SIMULATED,SIMULATED,SIMULATED,SIMULATED
82.0,77.0,4,273.812,367.9784,302.088,0.4433,4,SIMULATED,SIMULATED,SIMULATED,SIMULATED
82.0,77.0,77,175.4006,956.1338,320.4,0.0,4,SIMULATED,SIMULATED,SIMULATED,SIMULATED
82.2,77.2,22,284.8119,-219.7408,0.0,0.0,1,SIMULATED,SIMULATED,SIMULATED,SIMULATED
82.2,77.2,55,-229.0857,913.028,299.9028,-1.0874,2,SIMULATED,SIMULATED,SIMULATED,SIMULATED
82.2,77.2,16,-239.7455,557.4239,292.2939,0.9521,2,SIMULATED,SIMULATED,SIMULATED,SIMULATED
82.2,77.2,63,-94.86,369.5705,250.1933,-0.7084,2,SIMULATED,SIMULATED,SIMULATED,SIMULATED
82.2,77.2,44,41.7434,47.0241,277.9268,0.1085,1,SIMULATED,SIMULATED,SIMULATED,SIMULATED
82.2,77.2,11,392.2866,-205.2305,199.2508,-0.1004,1,SIMULATED,SIMULATED,SIMULATED,SIMULATED
82.2,77.2,4,278.2415,351.4853,307.2746,0.7343,4,SIMULATED,SIMULATED,SIMULATED,SIMULATED
82.2,77.2,77,179.4334,938.7999,320.4,0.0,4,SIMULATED,SIMULATED,SIMULATED,SIMULATED
82.4,77.4,22,284.8119,-219.7408,0.0,0.0,1,SIMULATED,SIMULATED,SIMULATED,SIMULATED
82.4,77.4,55,-225.707,928.9928,293.8565,-0.856,2,SIMULATED,SIMULATED,SIMULATED,SIMULATED
82.4,77.4,16,-241.3657,573.9262,298.3927,0.8635,2,SIMULATED,SIMULATED,SIMULATED,SIMULATED
82.4,77.4,63,-99.1555,382.8247,245.3719,-0.6826,2,SIMULATED,SIMULATED,SIMULATED,SIMULATED
82.4,77.4,44,31.8801,59.0836,280.6215,0.3815,1,SIMULATED,SIMULATED,SIMULATED,SIMULATED
82.4,77.4,11,387.8296,-215.1636,201.0287,0.2517,1,SIMULATED,SIMULATED,SIMULATED,SIMULATED
82.4,77.4,4,282.6141,334.7438,311.313,0.5718,4,SIMULATED,SIMULATED,SIMULATED,SIMULATED
82.4,77.4,77,183.4379,921.4566,320.4,0.0,4,SIMULATED,SIMULATED,SIMULATED,SIMULATED
82.6,77.6,22,284.8119,-219.7408,0.0,0.0,1,SIMULATED,SIMULATED,SIMULATED,SIMULATED
82.6,77.6,55,-222.2308,944.7551,290.7287,-0.4428,2,SIMULATED,SIMULATED,SIMULATED,SIMULATED
82.6,77.6,16,-242.8957,590.6788,302.6565,0.6037,2,SIMULATED,SIMULATED,SIMULATED,SIMULATED
82.6,77.6,63,-106.9494,394.1232,238.4868,-0.9748,2,SIMULATED,SIMULATED,SIMULATED,SIMULATED
82.6,77.6,44,21.5905,71.106,285.1183,0.6366,1,SIMULATED,SIMULATED,SIMULATED,SIMULATED
82.6,77.6,11,379.8029,-223.3046,210.2676,1.308,1,SIMULATED,SIMULATED,SIMULATED,SIMULATED
82.6,77.6,4,286.9758,317.7582,315.6072,0.608,4,SIMULATED,SIMULATED,SIMULATED,SIMULATED
82.6,77.6,77,187.4415,904.1123,320.4,0.0,4,SIMULATED,SIMULATED,SIMULATED,SIMULATED
82.8,77.8,22,284.8119,-219.7408,0.0,0.0,1,SIMULATED,SIMULATED,SIMULATED,SIMULATED
82.8,77.8,55,-218.6384,960.3517,288.2025,-0.3577,2,SIMULATED,SIMULATED,SIMULATED,SIMULATED
82.8,77.8,16,-244.3009,607.6539,306.4177,0.5325,2,SIMULATED,SIMULATED,SIMULATED,SIMULATED
82.8,77.8,63,-117.9283,401.9291,232.5676,-0.838,2,SIMULATED,SIMULATED,SIMULATED,SIMULATED
82.8,77.8,44,10.6775,82.9453,290.1088,0.7065,1,SIMULATED,SIMULATED,SIMULATED,SIMULATED
82.8,77.8,11,368.8835,-228.1738,219.7946,1.3488,1,SIMULATED,SIMULATED,SIMULATED,SIMULATED
82.8,77.8,4,291.3553,300.6541,317.7752,0.3069,4,SIMULATED,SIMULATED,SIMULATED,SIMULATED
82.8,77.8,77,191.4287,886.7664,320.4,0.0,4,SIMULATED,SIMULATED,SIMULATED,SIMULATED
83.0,78.0,22,284.8119,-219.7408,0.0,0.0,1,SIMULATED,SIMULATED,SIMULATED,SIMULATED
83.0,78.0,55,-215.0148,975.8483,286.5548,-0.2333,2,SIMULATED,SIMULATED,SIMULATED,SIMULATED
83.0,78.0,16,-245.544,624.8982,311.0517,0.6561,2,SIMULATED,SIMULATED,SIMULATED,SIMULATED
83.0,78.0,63,-130.3924,405.2556,225.4981,-1.0009,2,SIMULATED,SIMULATED,SIMULATED,SIMULATED
83.0,78.0,44,-0.8943,94.2102,291.3507,0.1758,1,SIMULATED,SIMULATED,SIMULATED,SIMULATED
83.0,78.0,11,356.5811,-229.7898,225.2195,0.7681,1,SIMULATED,SIMULATED,SIMULATED,SIMULATED
83.0,78.0,4,295.7341,283.4811,319.0387,0.1789,4,SIMULATED,SIMULATED,SIMULATED,SIMULATED
83.0,78.0,77,195.4108,869.4175,320.4,0.0,4,SIMULATED,SIMULATED,SIMULATED,SIMULATED
83.2,78.2,22,284.8119,-219.7408,0.0,0.0,1,SIMULATED,SIMULATED,SIMULATED,SIMULATED
83.2,78.2,55,-211.4233,991.1028,281.9987,-0.645,2,SIMULATED,SIMULATED,SIMULATED,SIMULATED
83.2,78.2,16,-246.6846,642.2957,313.6564,0.3688,2,SIMULATED,SIMULATED,SIMULATED,SIMULATED
83.2,78.2,63,-142.8427,405.454,221.0308,-0.6325,2,SIMULATED,SIMULATED,SIMULATED,SIMULATED
83.2,78.2,44,-13.1712,105.0463,295.0568,0.5247,1,SIMULATED,SIMULATED,SIMULATED,SIMULATED
83.2,78.2,11,344.1463,-229.5939,225.2195,0.0,1,SIMULATED,SIMULATED,SIMULATED,SIMULATED
83.2,78.2,4,300.1568,266.3083,319.2446,0.0292,4,SIMULATED,SIMULATED,SIMULATED,SIMULATED
83.2,78.2,77,199.3723,852.0943,319.8759,-0.0742,4,SIMULATED,SIMULATED,SIMULATED,SIMULATED
83.4,78.4,22,284.8119,-219.7408,0.0,0.0,1,SIMULATED,SIMULATED,SIMULATED,SIMULATED
83.4,78.4,55,-207.932,1006.1428,277.9754,-0.5696,2,SIMULATED,SIMULATED,SIMULATED,SIMULATED
83.4,78.4,16,-247.6079,659.8312,315.8677,0.3131,2,SIMULATED,SIMULATED,SIMULATED,SIMULATED
83.4,78.4,63,-154.8984,405.11,218.3636,-0.3776,2,SIMULATED,SIMULATED,SIMULATED,SIMULATED
83.4,78.4,44,-25.9563,115.6869,299.5467,0.6357,1,SIMULATED,SIMULATED,SIMULATED,SIMULATED
83.4,78.4,11,331.262,-228.3227,233.7372,1.2059,1,SIMULATED,SIMULATED,SIMULATED,SIMULATED
83.4,78.4,4,304.6146,249.1097,319.8342,0.0835,4,SIMULATED,SIMULATED,SIMULATED,SIMULATED
83.4,78.4,77,203.3283,834.7893,319.5583,-0.045,4,SIMULATED,SIMULATED,SIMULATED,SIMULATED
83.6,78.6,22,284.8119,-219.7408,0.0,0.0,1,SIMULATED,SIMULATED,SIMULATED,SIMULATED
83.6,78.6,55,-204.397,1020.8689,272.7253,-0.7433,2,SIMULATED,SIMULATED,SIMULATED,SIMULATED
83.6,78.6,16,-248.3534,677.4345,316.9356,0.1512,2,SIMULATED,SIMULATED,SIMULATED,SIMULATED
83.6,78.6,63,-166.5792,406.1576,216.7828,-0.2238,2,SIMULATED,SIMULATED,SIMULATED,SIMULATED
83.6,78.6,44,-38.8565,126.7159,305.0683,0.7817,1,SIMULATED,SIMULATED,SIMULATED,SIMULATED
83.6,78.6,11,317.9463,-226.2441,243.1289,1.3297,1,SIMULATED,SIMULATED,SIMULATED,SIMULATED
83.6,78.6,4,309.0995,231.9184,319.8374,0.0005,4,SIMULATED,SIMULATED,SIMULATED,SIMULATED
83.6,78.6,77,207.274,817.5785,317.7575,-0.255,4,SIMULATED,SIMULATED,SIMULATED,SIMULATED
83.8,78.8,22,284.8119,-219.7408,0.0,0.0,1,SIMULATED,SIMULATED,SIMULATED,SIMULATED
83.8,78.8,55,-200.609,1035.1005,266.3866,-0.8974,2,SIMULATED,SIMULATED,SIMULATED,SIMULATED
83.8,78.8,16,-248.8883,695.1279,318.4157,0.2095,2,SIMULATED,SIMULATED,SIMULATED,SIMULATED
83.8,78.8,63,-178.0073,409.4554,220.5872,0.5386,2,SIMULATED,SIMULATED,SIMULATED,SIMULATED
83.8,78.8,44,-51.017,138.7779,307.6907,0.3713,1,SIMULATED,SIMULATED,SIMULATED,SIMULATED
83.8,78.8,11,304.3433,-223.2129,251.4811,1.1825,1,SIMULATED,SIMULATED,SIMULATED,SIMULATED
83.8,78.8,4,313.6001,214.7291,319.8374,0.0,4,SIMULATED,SIMULATED,SIMULATED,SIMULATED
83.8,78.8,77,211.2312,800.4692,316.0659,-0.2395,4,SIMULATED,SIMULATED,SIMULATED,SIMULATED
84.0,79.0,22,284.8119,-219.7408,0.0,0.0,1,SIMULATED,SIMULATED,SIMULATED,SIMULATED
84.0,79.0,55,-195.8351,1048.7124,261.0388,-0.7571,2,SIMULATED,SIMULATED,SIMULATED,SIMULATED
84.0,79.0,16,-249.2334,712.921,320.0604,0.2329,2,SIMULATED,SIMULATED,SIMULATED,SIMULATED
84.0,79.0,63,-188.7567,415.5603,229.0182,1.1937,2,SIMULATED,SIMULATED,SIMULATED,SIMULATED
84.0,79.0,44,-62.0631,151.9933,309.1889,0.2121,1,SIMULATED,SIMULATED,SIMULATED,SIMULATED
84.0,79.0,11,290.6079,-219.4822,256.7461,0.7454,1,SIMULATED,SIMULATED,SIMULATED,SIMULATED
84.0,79.0,4,318.0925,197.5334,319.8374,-0.0,4,SIMULATED,SIMULATED,SIMULATED,SIMULATED
84.0,79.0,77,215.1611,783.5984,311.7841,-0.6062,4,SIMULATED,SIMULATED,SIMULATED,SIMULATED
84.2,79.2,22,284.8119,-219.7408,0.0,0.0,1,SIMULATED,SIMULATED,SIMULATED,SIMULATED
84.2,79.2,55,-189.0194,1060.8899,257.7977,-0.4589,2,SIMULATED,SIMULATED,SIMULATED,SIMULATED
84.2,79.2,16,-249.31,730.73,320.4,0.0481,2,SIMULATED,SIMULATED,SIMULATED,SIMULATED
84.2,79.2,63,-198.5795,424.0842,237.2467,1.165,2,SIMULATED,SIMULATED,SIMULATED,SIMULATED
84.2,79.2,44,-71.7555,166.16,308.5819,-0.0859,1,SIMULATED,SIMULATED,SIMULATED,SIMULATED
84.2,79.2,11,276.6242,-214.886,265.2719,1.2071,1,SIMULATED,SIMULATED,SIMULATED,SIMULATED
84.2,79.2,4,322.5198,180.3198,319.8374,0.0,4,SIMULATED,SIMULATED,SIMULATED,SIMULATED
84.2,79.2,77,219.0797,766.9467,307.8566,-0.556,4,SIMULATED,SIMULATED,SIMULATED,SIMULATED
84.4,79.4,22,284.8119,-219.7408,0.0,0.0,1,SIMULATED,SIMULATED,SIMULATED,SIMULATED
84.4,79.4,55,-178.329,1069.4178,256.5027,-0.1833,2,SIMULATED,SIMULATED,SIMULATED,SIMULATED
84.4,79.4,16,-249.1442,748.5456,320.4,0.0,2,SIMULATED,SIMULATED,SIMULATED,SIMULATED
84.4,79.4,63,-207.0648,434.3933,247.4576,1.4456,2,SIMULATED,SIMULATED,SIMULATED,SIMULATED
84.4,79.4,44,-79.9419,181.157,306.667,-0.2711,1,SIMULATED,SIMULATED,SIMULATED,SIMULATED
84.4,79.4,11,262.5246,-209.528,271.9255,0.942,1,SIMULATED,SIMULATED,SIMULATED,SIMULATED
84.4,79.4,4,326.8668,163.0878,319.8374,0.0,4,SIMULATED,SIMULATED,SIMULATED,SIMULATED
84.4,79.4,77,222.9855,750.5042,304.1578,-0.5237,4,SIMULATED,SIMULATED,SIMULATED,SIMULATED
84.6,79.6,22,284.8119,-219.7408,0.0,0.0,1,SIMULATED,SIMULATED,SIMULATED,SIMULATED
84.6,79.6,55,-165.0785,1074.3452,256.5027,0.0,2,SIMULATED,SIMULATED,SIMULATED,SIMULATED
84.6,79.6,16,-248.5825,766.3644,320.4,0.0,2,SIMULATED,SIMULATED,SIMULATED,SIMULATED
84.6,79.6,63,-214.1422,446.6332,257.0512,1.3583,2,SIMULATED,SIMULATED,SIMULATED,SIMULATED
84.6,79.6,44,-86.4602,196.7203,303.0041,-0.5186,1,SIMULATED,SIMULATED,SIMULATED,SIMULATED
84.6,79.6,11,248.4814,-203.3039,277.1705,0.7426,1,SIMULATED,SIMULATED,SIMULATED,SIMULATED
84.6,79.6,4,331.037,145.8009,319.8374,0.0,4,SIMULATED,SIMULATED,SIMULATED,SIMULATED
84.6,79.6,77,226.8444,734.3213,299.4402,-0.6679,4,SIMULATED,SIMULATED,SIMULATED,SIMULATED
84.8,79.8,22,284.8119,-219.7408,0.0,0.0,1,SIMULATED,SIMULATED,SIMULATED,SIMULATED
84.8,79.8,55,-151.7785,1079.7456,256.5027,0.0,2,SIMULATED,SIMULATED,SIMULATED,SIMULATED
84.8,79.8,16,-247.6419,784.161,320.4,0.0,2,SIMULATED,SIMULATED,SIMULATED,SIMULATED
84.8,79.8,63,-219.8823,459.8778,264.2356,1.0172,2,SIMULATED,SIMULATED,SIMULATED,SIMULATED
84.8,79.8,44,-90.824,212.6795,297.2126,-0.8199,1,SIMULATED,SIMULATED,SIMULATED,SIMULATED
84.8,79.8,11,234.586,-196.3733,279.9397,0.3921,1,SIMULATED,SIMULATED,SIMULATED,SIMULATED
84.8,79.8,4,334.8262,128.4005,319.8374,0.0,4,SIMULATED,SIMULATED,SIMULATED,SIMULATED
84.8,79.8,77,230.6854,718.2785,296.9575,-0.3515,4,SIMULATED,SIMULATED,SIMULATED,SIMULATED
85.0,80.0,22,284.8119,-219.7408,0.0,0.0,1,SIMULATED,SIMULATED,SIMULATED,SIMULATED
85.0,80.0,55,-139.4961,1087.2547,256.5027,0.0,2,SIMULATED,SIMULATED,SIMULATED,SIMULATED
85.0,80.0,16,-246.376,801.9235,320.4,0.0,2,SIMULATED,SIMULATED,SIMULATED,SIMULATED
85.0,80.0,63,-224.5096,473.998,269.1418,0.6946,2,SIMULATED,SIMULATED,SIMULATED,SIMULATED
85.0,80.0,44,-93.8487,228.6166,291.2805,-0.8399,1,SIMULATED,SIMULATED,SIMULATED,SIMULATED
85.0,80.0,11,220.932,-188.6465,282.9783,0.4302,1,SIMULATED,SIMULATED,SIMULATED,SIMULATED
85.0,80.0,4,338.3256,110.9789,319.8374,0.0,4,SIMULATED,SIMULATED,SIMULATED,SIMULATED
85.0,80.0,77,234.4973,702.2682,296.2547,-0.0995,4,SIMULATED,SIMULATED,SIMULATED,SIMULATED
85.2,80.2,22,284.8119,-219.7408,0.0,0.0,1,SIMULATED,SIMULATED,SIMULATED,SIMULATED
85.2,80.2,55,-128.7284,1096.84,256.5027,0.0,2,SIMULATED,SIMULATED,SIMULATED,SIMULATED
85.2,80.2,16,-244.8035,819.6743,320.4,0.0,2,SIMULATED,SIMULATED,SIMULATED,SIMULATED
85.2,80.2,63,-228.0771,488.4703,270.6519,0.2138,2,SIMULATED,SIMULATED,SIMULATED,SIMULATED
85.2,80.2,44,-95.4393,244.3749,284.5884,-0.9475,1,SIMULATED,SIMULATED,SIMULATED,SIMULATED
85.2,80.2,11,207.59,-180.2028,284.6494,0.2366,1,SIMULATED,SIMULATED,SIMULATED,SIMULATED
85.2,80.2,4,341.4953,93.4712,319.1912,-0.0915,4,SIMULATED,SIMULATED,SIMULATED,SIMULATED
85.2,80.2,77,238.3034,686.311,295.2972,-0.1356,4,SIMULATED,SIMULATED,SIMULATED,SIMULATED
85.4,80.4,22,284.8119,-219.7408,0.0,0.0,1,SIMULATED,SIMULATED,SIMULATED,SIMULATED
85.4,80.4,55,-120.0677,1108.3843,256.5027,0.0,2,SIMULATED,SIMULATED,SIMULATED,SIMULATED
85.4,80.4,16,-242.9592,837.3911,320.4,0.0,2,SIMULATED,SIMULATED,SIMULATED,SIMULATED
85.4,80.4,63,-230.6431,503.3003,271.7304,0.1527,2,SIMULATED,SIMULATED,SIMULATED,SIMULATED
85.4,80.4,44,-95.9586,259.7949,277.3548,-1.0241,1,SIMULATED,SIMULATED,SIMULATED,SIMULATED
85.4,80.4,11,194.384,-171.1059,288.918,0.6043,1,SIMULATED,SIMULATED,SIMULATED,SIMULATED
85.4,80.4,4,343.6655,75.8958,318.0353,-0.1636,1,SIMULATED,SIMULATED,SIMULATED,SIMULATED
85.4,80.4,77,242.0524,670.4962,292.567,-0.3865,4,SIMULATED,SIMULATED,SIMULATED,SIMULATED
85.6,80.6,22,284.8119,-219.7408,0.0,0.0,1,SIMULATED,SIMULATED,SIMULATED,SIMULATED
85.6,80.6,55,-112.9444,1120.9239,258.3465,0.261,2,SIMULATED,SIMULATED,SIMULATED,SIMULATED
85.6,80.6,16,-240.8111,855.0114,319.1679,-0.1744,2,SIMULATED,SIMULATED,SIMULATED,SIMULATED
85.6,80.6,63,-232.8099,518.4699,276.7598,0.7121,2,SIMULATED,SIMULATED,SIMULATED,SIMULATED
85.6,80.6,44,-95.9225,274.8143,269.973,-1.0451,2,SIMULATED,SIMULATED,SIMULATED,SIMULATED
85.6,80.6,11,181.2422,-161.5589,292.5949,0.5206,1,SIMULATED,SIMULATED,SIMULATED,SIMULATED
85.6,80.6,4,344.7624,58.5031,312.2608,-0.8176,1,SIMULATED,SIMULATED,SIMULATED,SIMULATED
85.6,80.6,77,245.7649,654.807,290.2056,-0.3343,4,SIMULATED,SIMULATED,SIMULATED,SIMULATED
85.8,80.8,22,284.8119,-219.7408,0.0,0.0,1,SIMULATED,SIMULATED,SIMULATED,SIMULATED
85.8,80.8,55,-107.0739,1134.3796,262.8773,0.6415,2,SIMULATED,SIMULATED,SIMULATED,SIMULATED
85.8,80.8,16,-238.3598,872.4647,316.7004,-0.3494,2,SIMULATED,SIMULATED,SIMULATED,SIMULATED
85.8,80.8,63,-234.7018,534.0384,282.6103,0.8283,2,SIMULATED,SIMULATED,SIMULATED,SIMULATED
85.8,80.8,44,-95.4985,289.5486,265.3118,-0.6599,2,SIMULATED,SIMULATED,SIMULATED,SIMULATED
85.8,80.8,11,168.3984,-151.7534,291.0424,-0.2198,1,SIMULATED,SIMULATED,SIMULATED,SIMULATED
85.8,80.8,4,345.4278,41.5811,304.3669,-1.1176,1,SIMULATED,SIMULATED,SIMULATED,SIMULATED
85.8,80.8,77,249.4141,639.3599,285.7107,-0.6364,4,SIMULATED,SIMULATED,SIMULATED,SIMULATED
86.0,81.0,22,284.8119,-219.7408,0.0,0.0,1,SIMULATED,SIMULATED,SIMULATED,SIMULATED
86.0,81.0,55,-102.1758,1148.553,268.7238,0.8277,2,SIMULATED,SIMULATED,SIMULATED,SIMULATED
86.0,81.0,16,-235.5766,889.548,311.2198,-0.7759,2,SIMULATED,SIMULATED,SIMULATED,SIMULATED
86.0,81.0,63,-236.4709,550.0002,289.3298,0.9514,2,SIMULATED,SIMULATED,SIMULATED,SIMULATED
86.0,81.0,44,-94.9148,304.0007,260.2217,-0.7206,2,SIMULATED,SIMULATED,SIMULATED,SIMULATED
86.0,81.0,11,155.8094,-141.8821,288.0594,-0.4223,1,SIMULATED,SIMULATED,SIMULATED,SIMULATED
86.0,81.0,4,345.453,24.8899,299.5075,-0.688,1,SIMULATED,SIMULATED,SIMULATED,SIMULATED
86.0,81.0,77,253.0072,623.9993,284.0781,-0.2311,4,SIMULATED,SIMULATED,SIMULATED,SIMULATED
86.2,81.2,22,284.8119,-219.7408,0.0,0.0,1,SIMULATED,SIMULATED,SIMULATED,SIMULATED
86.2,81.2,55,-97.8907,1163.3153,275.9175,1.0185,2,SIMULATED,SIMULATED,SIMULATED,SIMULATED
86.2,81.2,16,-232.4993,906.1182,303.0564,-1.1558,2,SIMULATED,SIMULATED,SIMULATED,SIMULATED
86.2,81.2,63,-238.1156,566.3337,295.6685,0.8974,2,SIMULATED,SIMULATED,SIMULATED,SIMULATED
86.2,81.2,44,-94.276,318.238,256.5236,-0.5236,2,SIMULATED,SIMULATED,SIMULATED,SIMULATED
86.2,81.2,11,143.4675,-132.0524,284.0752,-0.5641,1,SIMULATED,SIMULATED,SIMULATED,SIMULATED
86.2,81.2,4,344.7286,8.4299,295.8882,-0.5124,1,SIMULATED,SIMULATED,SIMULATED,SIMULATED
86.2,81.2,77,256.4584,608.8309,280.273,-0.5387,4,SIMULATED,SIMULATED,SIMULATED,SIMULATED
86.4,81.4,22,284.8119,-219.7408,0.0,0.0,1,SIMULATED,SIMULATED,SIMULATED,SIMULATED
86.4,81.4,55,-93.8736,1178.4797,282.0923,0.8742,2,SIMULATED,SIMULATED,SIMULATED,SIMULATED
86.4,81.4,16,-229.2064,922.2441,295.942,-1.0073,2,SIMULATED,SIMULATED,SIMULATED,SIMULATED
86.4,81.4,63,-239.6998,583.0122,301.728,0.8579,2,SIMULATED,SIMULATED,SIMULATED,SIMULATED
86.4,81.4,44,-94.0615,332.4741,256.6396,0.0164,2,SIMULATED,SIMULATED,SIMULATED,SIMULATED
86.4,81.4,11,131.3209,-122.216,281.4,-0.3788,1,SIMULATED,SIMULATED,SIMULATED,SIMULATED
86.4,81.4,4,343.6012,-7.8415,293.1089,-0.3935,1,SIMULATED,SIMULATED,SIMULATED,SIMULATED
86.4,81.4,77,259.575,593.743,277.7858,-0.3521,4,SIMULATED,SIMULATED,SIMULATED,SIMULATED
86.6,81.6,22,284.8119,-219.7408,0.0,0.0,1,SIMULATED,SIMULATED,SIMULATED,SIMULATED
86.6,81.6,55,-90.0049,1193.915,286.1741,0.5779,2,SIMULATED,SIMULATED,SIMULATED,SIMULATED
86.6,81.6,16,-225.7795,938.0317,290.7287,-0.7381,2,SIMULATED,SIMULATED,SIMULATED,SIMULATED
86.6,81.6,63,-241.1708,599.889,305.1431,0.4835,2,SIMULATED,SIMULATED,SIMULATED,SIMULATED
86.6,81.6,44,-94.3124,346.6759,256.0774,-0.0796,2,SIMULATED,SIMULATED,SIMULATED,SIMULATED
86.6,81.6,11,119.3696,-112.2881,279.8944,-0.2132,1,SIMULATED,SIMULATED,SIMULATED,SIMULATED
86.6,81.6,4,342.1994,-24.0851,293.1089,0.0,1,SIMULATED,SIMULATED,SIMULATED,SIMULATED
86.6,81.6,77,261.899,578.7783,275.2509,-0.3589,4,SIMULATED,SIMULATED,SIMULATED,SIMULATED
86.8,81.8,22,284.8119,-219.7408,0.0,0.0,1,SIMULATED,SIMULATED,SIMULATED,SIMULATED
86.8,81.8,55,-86.264,1209.5255,288.7881,0.3701,2,SIMULATED,SIMULATED,SIMULATED,SIMULATED
86.8,81.8,16,-222.2291,953.7324,289.5326,-0.1693,2,SIMULATED,SIMULATED,SIMULATED,SIMULATED
86.8,81.8,63,-242.4799,617.0002,309.2351,0.5793,2,SIMULATED,SIMULATED,SIMULATED,SIMULATED
86.8,81.8,44,-95.4578,360.6317,253.0087,-0.4345,2,SIMULATED,SIMULATED,SIMULATED,SIMULATED
86.8,81.8,11,107.9196,-101.914,279.1067,-0.1115,1,SIMULATED,SIMULATED,SIMULATED,SIMULATED
86.8,81.8,4,340.549,-40.2939,292.9948,-0.0162,1,SIMULATED,SIMULATED,SIMULATED,SIMULATED
86.8,81.8,77,262.2069,563.747,274.9736,-0.0393,4,SIMULATED,SIMULATED,SIMULATED,SIMULATED
87.0,82.0,22,284.8119,-219.7408,0.0,0.0,1,SIMULATED,SIMULATED,SIMULATED,SIMULATED
87.0,82.0,55,-82.6709,1225.2939,290.8362,0.29,2,SIMULATED,SIMULATED,SIMULATED,SIMULATED
87.0,82.0,16,-218.6106,969.2756,287.2165,-0.3279,2,SIMULATED,SIMULATED,SIMULATED,SIMULATED
87.0,82.0,63,-243.6738,634.3004,312.2992,0.4338,2,SIMULATED,SIMULATED,SIMULATED,SIMULATED
87.0,82.0,44,-97.9633,374.0832,247.5565,-0.7719,2,SIMULATED,SIMULATED,SIMULATED,SIMULATED
87.0,82.0,11,97.2511,-90.7048,278.604,-0.0712,1,SIMULATED,SIMULATED,SIMULATED,SIMULATED
87.0,82.0,4,338.7945,-56.1626,287.3369,-0.8011,1,SIMULATED,SIMULATED,SIMULATED,SIMULATED
87.0,82.0,77,258.9667,549.2456,274.4521,-0.0738,4,SIMULATED,SIMULATED,SIMULATED,SIMULATED
87.2,82.2,22,284.8119,-219.7408,0.0,0.0,1,SIMULATED,SIMULATED,SIMULATED,SIMULATED
87.2,82.2,55,-79.2318,1241.375,295.8263,0.7065,3,SIMULATED,SIMULATED,SIMULATED,SIMULATED
87.2,82.2,16,-214.9837,984.6352,284.1017,-0.441,2,SIMULATED,SIMULATED,SIMULATED,SIMULATED
87.2,82.2,63,-244.7107,651.7317,314.7872,0.3522,2,SIMULATED,SIMULATED,SIMULATED,SIMULATED
87.2,82.2,44,-103.3205,386.2257,243.3266,-0.5989,2,SIMULATED,SIMULATED,SIMULATED,SIMULATED
87.2,82.2,11,87.7649,-78.6209,278.604,0.0,1,SIMULATED,SIMULATED,SIMULATED,SIMULATED
87.2,82.2,4,337.2521,-71.5511,278.7387,-1.2173,1,SIMULATED,SIMULATED,SIMULATED,SIMULATED
87.2,82.2,77,252.5326,535.5066,274.4521,0.0,4,SIMULATED,SIMULATED,SIMULATED,SIMULATED
87.4,82.4,22,284.8119,-219.7408,0.0,0.0,1,SIMULATED,SIMULATED,SIMULATED,SIMULATED
87.4,82.4,55,-76.0794,1257.8249,301.137,0.7519,3,SIMULATED,SIMULATED,SIMULATED,SIMULATED
87.4,82.4,16,-211.4631,999.7768,279.8756,-0.5983,2,SIMULATED,SIMULATED,SIMULATED,SIMULATED
87.4,82.4,63,-245.5271,669.3129,316.9356,0.3042,2,SIMULATED,SIMULATED,SIMULATED,SIMULATED
87.4,82.4,44,-111.9179,395.841,235.9817,-1.0399,2,SIMULATED,SIMULATED,SIMULATED,SIMULATED
87.4,82.4,11,80.823,-64.9111,278.8446,0.0341,1,SIMULATED,SIMULATED,SIMULATED,SIMULATED
87.4,82.4,4,336.0236,-86.5089,270.7999,-1.124,1,SIMULATED,SIMULATED,SIMULATED,SIMULATED
87.4,82.4,77,246.6546,521.2705,274.4521,0.0,4,SIMULATED,SIMULATED,SIMULATED,SIMULATED
87.6,82.6,22,284.8119,-219.7408,0.0,0.0,1,SIMULATED,SIMULATED,SIMULATED,SIMULATED
87.6,82.6,55,-73.0874,1274.5426,305.4065,0.6045,3,SIMULATED,SIMULATED,SIMULATED,SIMULATED
87.6,82.6,16,-207.966,1014.6344,274.5754,-0.7504,2,SIMULATED,SIMULATED,SIMULATED,SIMULATED
87.6,82.6,63,-246.1831,686.9372,317.9678,0.1461,2,SIMULATED,SIMULATED,SIMULATED,SIMULATED
87.6,82.6,44,-123.0147,401.5964,230.4227,-0.787,2,SIMULATED,SIMULATED,SIMULATED,SIMULATED
87.6,82.6,11,77.1714,-50.1258,278.9705,0.0178,1,SIMULATED,SIMULATED,SIMULATED,SIMULATED
87.6,82.6,4,335.4959,-101.1043,264.3978,-0.9064,1,SIMULATED,SIMULATED,SIMULATED,SIMULATED
87.6,82.6,77,243.2339,506.2404,274.4521,-0.0,4,SIMULATED,SIMULATED,SIMULATED,SIMULATED
87.8,82.8,22,284.8119,-219.7408,0.0,0.0,1,SIMULATED,SIMULATED,SIMULATED,SIMULATED
87.8,82.8,55,-70.2082,1291.6161,311.4658,0.8579,3,SIMULATED,SIMULATED,SIMULATED,SIMULATED
87.8,82.8,16,-204.3754,1029.189,269.2708,-0.751,2,SIMULATED,SIMULATED,SIMULATED,SIMULATED
87.8,82.8,63,-246.5981,704.6323,318.698,0.1034,2,SIMULATED,SIMULATED,SIMULATED,SIMULATED
87.8,82.8,44,-135.1379,403.532,223.9666,-0.914,2,SIMULATED,SIMULATED,SIMULATED,SIMULATED
87.8,82.8,11,77.4151,-34.6391,279.1529,0.0258,1,SIMULATED,SIMULATED,SIMULATED,SIMULATED
87.8,82.8,4,335.9802,-115.3284,257.6056,-0.9616,1,SIMULATED,SIMULATED,SIMULATED,SIMULATED
87.8,82.8,77,242.7741,490.7935,274.4521,0.0,4,SIMULATED,SIMULATED,SIMULATED,SIMULATED
88.0,83.0,22,284.8119,-219.7408,0.0,0.0,1,SIMULATED,SIMULATED,SIMULATED,SIMULATED
88.0,83.0,55,-67.4342,1308.9482,315.8639,0.6227,3,SIMULATED,SIMULATED,SIMULATED,SIMULATED
88.0,83.0,16,-200.0555,1043.2249,263.349,-0.8384,2,SIMULATED,SIMULATED,SIMULATED,SIMULATED
88.0,83.0,63,-246.81,722.3987,320.4,0.241,2,SIMULATED,SIMULATED,SIMULATED,SIMULATED
88.0,83.0,44,-147.3111,403.2565,220.0479,-0.5548,2,SIMULATED,SIMULATED,SIMULATED,SIMULATED
88.0,83.0,11,77.1365,-19.0877,279.1529,0.0,1,SIMULATED,SIMULATED,SIMULATED,SIMULATED
88.0,83.0,4,338.2266,-128.6845,249.2072,-1.189,1,SIMULATED,SIMULATED,SIMULATED,SIMULATED
88.0,83.0,77,244.2766,475.5119,274.4521,0.0,4,SIMULATED,SIMULATED,SIMULATED,SIMULATED
88.2,83.2,22,284.8119,-219.7408,0.0,0.0,1,SIMULATED,SIMULATED,SIMULATED,SIMULATED
88.2,83.2,55,-64.8625,1326.4899,318.8906,0.4285,3,SIMULATED,SIMULATED,SIMULATED,SIMULATED
88.2,83.2,16,-194.2371,1056.616,259.5255,-0.5413,2,SIMULATED,SIMULATED,SIMULATED,SIMULATED
88.2,83.2,63,-246.7492,740.1868,320.4,0.0,2,SIMULATED,SIMULATED,SIMULATED,SIMULATED
88.2,83.2,44,-159.4061,403.2536,216.5836,-0.4905,2,SIMULATED,SIMULATED,SIMULATED,SIMULATED
88.2,83.2,11,74.7446,-3.6992,279.1529,0.0,1,SIMULATED,SIMULATED,SIMULATED,SIMULATED
88.2,83.2,4,343.2227,-140.7593,241.4301,-1.1011,1,SIMULATED,SIMULATED,SIMULATED,SIMULATED
88.2,83.2,77,246.8594,460.3964,275.287,0.1182,4,SIMULATED,SIMULATED,SIMULATED,SIMULATED
88.4,83.4,22,284.8119,-219.7408,0.0,0.0,1,SIMULATED,SIMULATED,SIMULATED,SIMULATED
88.4,83.4,55,-62.4933,1344.1459,320.3852,0.2116,3,SIMULATED,SIMULATED,SIMULATED,SIMULATED
88.4,83.4,16,-184.8705,1067.7154,256.6903,-0.4014,2,SIMULATED,SIMULATED,SIMULATED,SIMULATED
88.4,83.4,63,-246.4194,757.9368,320.4,0.0,2,SIMULATED,SIMULATED,SIMULATED,SIMULATED
88.4,83.4,44,-171.4156,405.171,217.8806,0.1836,2,SIMULATED,SIMULATED,SIMULATED,SIMULATED
88.4,83.4,11,69.0833,10.7888,279.1529,0.0,1,SIMULATED,SIMULATED,SIMULATED,SIMULATED
88.4,83.4,4,350.3884,-151.2316,232.7734,-1.2256,1,SIMULATED,SIMULATED,SIMULATED,SIMULATED
88.4,83.4,77,250.2302,445.2119,279.044,0.5319,4,SIMULATED,SIMULATED,SIMULATED,SIMULATED
88.6,83.6,22,284.8119,-219.7408,0.0,0.0,1,SIMULATED,SIMULATED,SIMULATED,SIMULATED
88.6,83.6,55,-60.3991,1361.8456,320.4,0.0021,3,SIMULATED,SIMULATED,SIMULATED,SIMULATED
88.6,83.6,16,-171.9109,1074.1636,256.5027,-0.0266,2,SIMULATED,SIMULATED,SIMULATED,SIMULATED
88.6,83.6,63,-245.6335,775.6898,320.4,0.0,2,SIMULATED,SIMULATED,SIMULATED,SIMULATED
88.6,83.6,44,-183.0644,409.6488,223.0761,0.7356,2,SIMULATED,SIMULATED,SIMULATED,SIMULATED
88.6,83.6,11,60.87,23.958,278.371,-0.1107,1,SIMULATED,SIMULATED,SIMULATED,SIMULATED
88.6,83.6,4,359.0392,-159.9756,224.637,-1.1519,1,SIMULATED,SIMULATED,SIMULATED,SIMULATED
88.6,83.6,77,254.0994,429.8017,285.5437,0.9202,4,SIMULATED,SIMULATED,SIMULATED,SIMULATED
88.8,83.8,22,284.8119,-219.7408,0.0,0.0,1,SIMULATED,SIMULATED,SIMULATED,SIMULATED
88.8,83.8,55,-58.6771,1379.58,320.4,0.0,3,SIMULATED,SIMULATED,SIMULATED,SIMULATED
88.8,83.8,16,-158.5239,1078.8439,256.5027,0.0,2,SIMULATED,SIMULATED,SIMULATED,SIMULATED
88.8,83.8,63,-244.5059,793.4285,320.4,0.0,2,SIMULATED,SIMULATED,SIMULATED,SIMULATED
88.8,83.8,44,-193.8046,416.9528,232.0824,1.2751,2,SIMULATED,SIMULATED,SIMULATED,SIMULATED
88.8,83.8,11,51.5989,36.269,276.9655,-0.199,1,SIMULATED,SIMULATED,SIMULATED,SIMULATED
88.8,83.8,4,368.3747,-167.2737,216.0526,-1.2154,1,SIMULATED,SIMULATED,SIMULATED,SIMULATED
88.8,83.8,77,258.3455,414.1672,291.0237,0.7759,4,SIMULATED,SIMULATED,SIMULATED,SIMULATED
89.0,84.0,22,284.8119,-219.7408,0.0,0.0,1,SIMULATED,SIMULATED,SIMULATED,SIMULATED
89.0,84.0,55,-57.3259,1397.3467,320.4,0.0,3,SIMULATED,SIMULATED,SIMULATED,SIMULATED
89.0,84.0,16,-145.9674,1085.254,256.5027,0.0,2,SIMULATED,SIMULATED,SIMULATED,SIMULATED
89.0,84.0,63,-243.11,811.1423,320.4,0.0,2,SIMULATED,SIMULATED,SIMULATED,SIMULATED
89.0,84.0,44,-203.3854,426.3869,241.4055,1.3199,2,SIMULATED,SIMULATED,SIMULATED,SIMULATED
89.0,84.0,11,41.958,48.3508,278.0961,0.1601,1,SIMULATED,SIMULATED,SIMULATED,SIMULATED
89.0,84.0,4,378.0637,-173.672,209.563,-0.9188,1,SIMULATED,SIMULATED,SIMULATED,SIMULATED
89.0,84.0,77,262.8788,398.3025,296.9297,0.8362,4,SIMULATED,SIMULATED,SIMULATED,SIMULATED
89.2,84.2,22,284.8119,-219.7408,0.0,0.0,1,SIMULATED,SIMULATED,SIMULATED,SIMULATED
89.2,84.2,55,-56.3836,1415.1412,320.4,0.0,3,SIMULATED,SIMULATED,SIMULATED,SIMULATED
89.2,84.2,16,-134.7292,1093.6944,256.5027,0.0,2,SIMULATED,SIMULATED,SIMULATED,SIMULATED
89.2,84.2,63,-241.3692,828.8491,320.4,-0.0,2,SIMULATED,SIMULATED,SIMULATED,SIMULATED
89.2,84.2,44,-211.5321,437.7792,250.8924,1.3432,2,SIMULATED,SIMULATED,SIMULATED,SIMULATED
89.2,84.2,11,32.0618,60.421,280.7736,0.3791,1,SIMULATED,SIMULATED,SIMULATED,SIMULATED
89.2,84.2,4,387.5487,-180.2861,203.9925,-0.7887,1,SIMULATED,SIMULATED,SIMULATED,SIMULATED
89.2,84.2,77,267.3865,382.315,299.2037,0.322,4,SIMULATED,SIMULATED,SIMULATED,SIMULATED
89.4,84.4,22,284.8119,-219.7408,0.0,0.0,1,SIMULATED,SIMULATED,SIMULATED,SIMULATED
89.4,84.4,55,-55.7439,1432.9445,320.4,0.0,3,SIMULATED,SIMULATED,SIMULATED,SIMULATED
89.4,84.4,16,-125.3934,1104.1118,256.5027,0.0,2,SIMULATED,SIMULATED,SIMULATED,SIMULATED
89.4,84.4,63,-239.3845,846.4466,319.2402,-0.1642,2,SIMULATED,SIMULATED,SIMULATED,SIMULATED
89.4,84.4,44,-218.2141,450.5934,259.4233,1.2078,2,SIMULATED,SIMULATED,SIMULATED,SIMULATED
89.4,84.4,11,21.7169,72.4655,285.5371,0.6744,1,SIMULATED,SIMULATED,SIMULATED,SIMULATED
89.4,84.4,4,393.5414,-190.1474,199.9602,-0.5709,1,SIMULATED,SIMULATED,SIMULATED,SIMULATED
89.4,84.4,77,271.8301,366.1194,302.3789,0.4495,4,SIMULATED,SIMULATED,SIMULATED,SIMULATED
89.6,84.6,22,284.8119,-219.7408,0.0,0.0,1,SIMULATED,SIMULATED,SIMULATED,SIMULATED
89.6,84.6,55,-55.4838,1450.7105,319.4418,-0.1357,3,SIMULATED,SIMULATED,SIMULATED,SIMULATED
89.6,84.6,16,-117.7563,1116.1131,257.7348,0.1744,2,SIMULATED,SIMULATED,SIMULATED,SIMULATED
89.6,84.6,63,-237.0822,863.898,317.5285,-0.2423,2,SIMULATED,SIMULATED,SIMULATED,SIMULATED
89.6,84.6,44,-223.5521,464.4137,265.9037,0.9175,2,SIMULATED,SIMULATED,SIMULATED,SIMULATED
89.6,84.6,11,10.7392,84.3174,290.2941,0.6735,1,SIMULATED,SIMULATED,SIMULATED,SIMULATED
89.6,84.6,4,394.453,-201.5241,199.3887,-0.0809,1,SIMULATED,SIMULATED,SIMULATED,SIMULATED
89.6,84.6,77,276.2572,349.6074,307.8351,0.7725,4,SIMULATED,SIMULATED,SIMULATED,SIMULATED
89.8,84.8,22,284.8119,-219.7408,0.0,0.0,1,SIMULATED,SIMULATED,SIMULATED,SIMULATED
89.8,84.8,55,-55.4711,1468.3533,317.2599,-0.3089,3,SIMULATED,SIMULATED,SIMULATED,SIMULATED
89.8,84.8,16,-111.434,1128.9621,260.0383,0.3261,2,SIMULATED,SIMULATED,SIMULATED,SIMULATED
89.8,84.8,63,-234.4525,881.049,312.8198,-0.6667,2,SIMULATED,SIMULATED,SIMULATED,SIMULATED
89.8,84.8,44,-227.9007,478.8076,270.1526,0.6016,2,SIMULATED,SIMULATED,SIMULATED,SIMULATED
89.8,84.8,11,-0.9132,95.5863,291.4503,0.1637,1,SIMULATED,SIMULATED,SIMULATED,SIMULATED
89.8,84.8,4,391.309,-212.5586,200.2201,0.1177,1,SIMULATED,SIMULATED,SIMULATED,SIMULATED
89.8,84.8,77,280.6249,332.85,311.8541,0.569,4,SIMULATED,SIMULATED,SIMULATED,SIMULATED
90.0,85.0,22,284.8119,-219.7408,0.0,0.0,1,SIMULATED,SIMULATED,SIMULATED,SIMULATED
90.0,85.0,55,-55.7697,1485.7624,312.8541,-0.6238,3,SIMULATED,SIMULATED,SIMULATED,SIMULATED
90.0,85.0,16,-106.205,1142.6515,265.256,0.7387,2,SIMULATED,SIMULATED,SIMULATED,SIMULATED
90.0,85.0,63,-231.5319,897.812,306.9556,-0.8302,2,SIMULATED,SIMULATED,SIMULATED,SIMULATED
90.0,85.0,44,-231.0431,493.5439,270.6519,0.0707,2,SIMULATED,SIMULATED,SIMULATED,SIMULATED
90.0,85.0,11,-13.2601,106.432,295.4061,0.56,1,SIMULATED,SIMULATED,SIMULATED,SIMULATED
90.0,85.0,4,384.1251,-222.022,206.7489,0.9243,1,SIMULATED,SIMULATED,SIMULATED,SIMULATED
90.0,85.0,77,284.9874,315.8477,316.0092,0.5883,4,SIMULATED,SIMULATED,SIMULATED,SIMULATED
90.2,85.2,22,284.8119,-219.7408,0.0,0.0,1,SIMULATED,SIMULATED,SIMULATED,SIMULATED
90.2,85.2,55,-56.7372,1502.8123,306.9214,-0.8399,3,SIMULATED,SIMULATED,SIMULATED,SIMULATED
90.2,85.2,16,-101.7074,1157.0827,273.0989,1.1104,2,SIMULATED,SIMULATED,SIMULATED,SIMULATED
90.2,85.2,63,-228.3509,914.1041,299.3255,-1.0803,2,SIMULATED,SIMULATED,SIMULATED,SIMULATED
90.2,85.2,44,-233.4581,508.5324,273.0446,0.3388,2,SIMULATED,SIMULATED,SIMULATED,SIMULATED
90.2,85.2,11,-26.0674,117.084,299.8551,0.6299,1,SIMULATED,SIMULATED,SIMULATED,SIMULATED
90.2,85.2,4,373.5008,-228.5778,217.4404,1.5137,1,SIMULATED,SIMULATED,SIMULATED,SIMULATED
90.2,85.2,77,289.368,298.7313,318.0563,0.2898,4,SIMULATED,SIMULATED,SIMULATED,SIMULATED
90.4,85.4,22,284.8119,-219.7408,0.0,0.0,1,SIMULATED,SIMULATED,SIMULATED,SIMULATED
90.4,85.4,55,-58.3408,1519.4681,300.4724,-0.913,3,SIMULATED,SIMULATED,SIMULATED,SIMULATED
90.4,85.4,16,-97.6138,1172.0704,280.1944,1.0046,2,SIMULATED,SIMULATED,SIMULATED,SIMULATED
90.4,85.4,63,-224.9701,930.04,293.4167,-0.8366,2,SIMULATED,SIMULATED,SIMULATED,SIMULATED
90.4,85.4,44,-235.5013,523.8691,278.2659,0.7392,2,SIMULATED,SIMULATED,SIMULATED,SIMULATED
90.4,85.4,11,-38.9018,128.1283,305.3649,0.7801,1,SIMULATED,SIMULATED,SIMULATED,SIMULATED
90.4,85.4,4,361.0468,-231.122,223.975,0.9252,1,SIMULATED,SIMULATED,SIMULATED,SIMULATED
90.4,85.4,77,293.7498,281.5552,319.0387,0.1391,4,SIMULATED,SIMULATED,SIMULATED,SIMULATED
90.6,85.6,22,284.8119,-219.7408,0.0,0.0,1,SIMULATED,SIMULATED,SIMULATED,SIMULATED
90.6,85.6,55,-60.5726,1535.7273,294.6195,-0.8286,3,SIMULATED,SIMULATED,SIMULATED,SIMULATED
90.6,85.6,16,-93.667,1187.4314,285.7476,0.7862,2,SIMULATED,SIMULATED,SIMULATED,SIMULATED
90.6,85.6,63,-221.4828,945.7944,290.7287,-0.3806,2,SIMULATED,SIMULATED,SIMULATED,SIMULATED
90.6,85.6,44,-237.3453,539.5878,284.7899,0.9237,2,SIMULATED,SIMULATED,SIMULATED,SIMULATED
90.6,85.6,11,-50.9602,140.1997,307.9395,0.3645,1,SIMULATED,SIMULATED,SIMULATED,SIMULATED
90.6,85.6,4,348.4142,-231.492,225.2195,0.1762,1,SIMULATED,SIMULATED,SIMULATED,SIMULATED
90.6,85.6,77,298.1772,264.3778,319.2446,0.0292,4,SIMULATED,SIMULATED,SIMULATED,SIMULATED
90.8,85.8,22,284.8119,-219.7408,0.0,0.0,1,SIMULATED,SIMULATED,SIMULATED,SIMULATED
90.8,85.8,55,-63.2835,1551.6279,289.9738,-0.6577,3,SIMULATED,SIMULATED,SIMULATED,SIMULATED
90.8,85.8,16,-89.8845,1202.9274,287.3145,0.2218,2,SIMULATED,SIMULATED,SIMULATED,SIMULATED
90.8,85.8,63,-217.8869,961.374,287.9746,-0.3899,2,SIMULATED,SIMULATED,SIMULATED,SIMULATED
90.8,85.8,44,-239.0689,555.7063,291.685,0.9762,2,SIMULATED,SIMULATED,SIMULATED,SIMULATED
90.8,85.8,11,-61.8475,153.4028,309.2625,0.1873,1,SIMULATED,SIMULATED,SIMULATED,SIMULATED
90.8,85.8,4,335.5708,-230.556,230.3616,0.728,1,SIMULATED,SIMULATED,SIMULATED,SIMULATED
90.8,85.8,77,302.6373,247.1766,319.8374,0.0839,4,SIMULATED,SIMULATED,SIMULATED,SIMULATED
91.0,86.0,22,284.8119,-219.7408,0.0,0.0,1,SIMULATED,SIMULATED,SIMULATED,SIMULATED
91.0,86.0,55,-66.1606,1567.1641,284.1603,-0.8231,3,SIMULATED,SIMULATED,SIMULATED,SIMULATED
91.0,86.0,16,-86.2185,1218.5876,289.6862,0.3358,2,SIMULATED,SIMULATED,SIMULATED,SIMULATED
91.0,86.0,63,-214.2623,976.8492,286.2292,-0.2471,2,SIMULATED,SIMULATED,SIMULATED,SIMULATED
91.0,86.0,44,-240.6936,572.1764,297.8635,0.8747,2,SIMULATED,SIMULATED,SIMULATED,SIMULATED
91.0,86.0,11,-71.4602,167.5549,308.5819,-0.0964,1,SIMULATED,SIMULATED,SIMULATED,SIMULATED
91.0,86.0,4,322.3031,-228.7506,240.0098,1.366,1,SIMULATED,SIMULATED,SIMULATED,SIMULATED
91.0,86.0,77,307.1255,229.9819,319.8374,0.0,4,SIMULATED,SIMULATED,SIMULATED,SIMULATED
91.2,86.2,22,284.8119,-219.7408,0.0,0.0,1,SIMULATED,SIMULATED,SIMULATED,SIMULATED
91.2,86.2,55,-69.2008,1582.3364,278.3804,-0.8183,3,SIMULATED,SIMULATED,SIMULATED,SIMULATED
91.2,86.2,16,-82.7193,1234.5156,293.7675,0.5778,3,SIMULATED,SIMULATED,SIMULATED,SIMULATED
91.2,86.2,63,-210.6794,992.0923,281.7164,-0.6389,2,SIMULATED,SIMULATED,SIMULATED,SIMULATED
91.2,86.2,44,-242.2378,588.9236,302.6565,0.6786,2,SIMULATED,SIMULATED,SIMULATED,SIMULATED
91.2,86.2,11,-79.4416,182.4815,306.4135,-0.307,1,SIMULATED,SIMULATED,SIMULATED,SIMULATED
91.2,86.2,4,308.6753,-226.009,248.7794,1.2416,1,SIMULATED,SIMULATED,SIMULATED,SIMULATED
91.2,86.2,77,311.6262,212.7925,319.8374,0.0,4,SIMULATED,SIMULATED,SIMULATED,SIMULATED
91.4,86.4,22,284.8119,-219.7408,0.0,0.0,1,SIMULATED,SIMULATED,SIMULATED,SIMULATED
91.4,86.4,55,-72.4078,1597.1633,272.6507,-0.8112,3,SIMULATED,SIMULATED,SIMULATED,SIMULATED
91.4,86.4,16,-79.4527,1250.7395,298.3285,0.6457,3,SIMULATED,SIMULATED,SIMULATED,SIMULATED
91.4,86.4,63,-207.1917,1007.1016,277.4513,-0.6038,2,SIMULATED,SIMULATED,SIMULATED,SIMULATED
91.4,86.4,44,-243.66,605.8817,306.2284,0.5057,2,SIMULATED,SIMULATED,SIMULATED,SIMULATED
91.4,86.4,11,-85.8116,197.9625,302.6322,-0.5353,1,SIMULATED,SIMULATED,SIMULATED,SIMULATED
91.4,86.4,4,294.9273,-222.5354,254.4456,0.8022,1,SIMULATED,SIMULATED,SIMULATED,SIMULATED
91.4,86.4,77,316.112,195.6035,319.8374,0.0,4,SIMULATED,SIMULATED,SIMULATED,SIMULATED
91.6,86.6,22,284.8119,-219.7408,0.0,0.0,1,SIMULATED,SIMULATED,SIMULATED,SIMULATED
91.6,86.6,55,-75.7047,1611.568,265.9597,-0.9473,3,SIMULATED,SIMULATED,SIMULATED,SIMULATED
91.6,86.6,16,-76.3991,1267.2939,303.2286,0.6937,3,SIMULATED,SIMULATED,SIMULATED,SIMULATED
91.6,86.6,63,-203.6549,1021.8028,272.3587,-0.721,2,SIMULATED,SIMULATED,SIMULATED,SIMULATED
91.6,86.6,44,-244.9167,623.1035,310.7423,0.6391,2,SIMULATED,SIMULATED,SIMULATED,SIMULATED
91.6,86.6,11,-90.07,213.8484,296.9459,-0.8051,1,SIMULATED,SIMULATED,SIMULATED,SIMULATED
91.6,86.6,4,280.9632,-218.1678,261.85,1.0483,1,SIMULATED,SIMULATED,SIMULATED,SIMULATED
91.6,86.6,77,320.5312,178.3984,319.8374,0.0,4,SIMULATED,SIMULATED,SIMULATED,SIMULATED
91.8,86.8,22,284.8119,-219.7408,0.0,0.0,1,SIMULATED,SIMULATED,SIMULATED,SIMULATED
91.8,86.8,55,-78.8706,1625.5643,258.4544,-1.0626,3,SIMULATED,SIMULATED,SIMULATED,SIMULATED
91.8,86.8,16,-73.465,1284.1966,308.9589,0.8113,3,SIMULATED,SIMULATED,SIMULATED,SIMULATED
91.8,86.8,63,-199.8114,1035.959,265.9702,-0.9045,2,SIMULATED,SIMULATED,SIMULATED,SIMULATED
91.8,86.8,44,-246.0734,640.4763,313.3177,0.3646,2,SIMULATED,SIMULATED,SIMULATED,SIMULATED
91.8,86.8,11,-92.9804,229.6921,291.0558,-0.8339,1,SIMULATED,SIMULATED,SIMULATED,SIMULATED
91.8,86.8,4,266.8706,-213.0636,268.8571,0.9921,1,SIMULATED,SIMULATED,SIMULATED,SIMULATED
91.8,86.8,77,324.8664,161.1798,319.8374,0.0,4,SIMULATED,SIMULATED,SIMULATED,SIMULATED
92.0,87.0,22,284.8119,-219.7408,0.0,0.0,1,SIMULATED,SIMULATED,SIMULATED,SIMULATED
92.0,87.0,55,-81.7954,1639.1037,249.5002,-1.2677,3,SIMULATED,SIMULATED,SIMULATED,SIMULATED
92.0,87.0,16,-70.6497,1301.4139,314.129,0.732,3,SIMULATED,SIMULATED,SIMULATED,SIMULATED
92.0,87.0,63,-194.9827,1049.4619,261.0388,-0.6982,2,SIMULATED,SIMULATED,SIMULATED,SIMULATED
92.0,87.0,44,-247.0175,657.9859,315.5292,0.3131,2,SIMULATED,SIMULATED,SIMULATED,SIMULATED
92.0,87.0,11,-94.5024,245.3685,284.1499,-0.9777,1,SIMULATED,SIMULATED,SIMULATED,SIMULATED
92.0,87.0,4,252.659,-207.141,275.8158,0.9852,1,SIMULATED,SIMULATED,SIMULATED,SIMULATED
92.0,87.0,77,329.0209,143.9082,319.8374,0.0,4,SIMULATED,SIMULATED,SIMULATED,SIMULATED
92.2,87.2,22,284.8119,-219.7408,0.0,0.0,1,SIMULATED,SIMULATED,SIMULATED,SIMULATED
92.2,87.2,55,-84.5017,1652.2476,241.6608,-1.1099,3,SIMULATED,SIMULATED,SIMULATED,SIMULATED
92.2,87.2,16,-67.973,1318.8282,317.4023,0.4634,3,SIMULATED,SIMULATED,SIMULATED,SIMULATED
92.2,87.2,63,-187.9645,1061.3796,257.6211,-0.4839,2,SIMULATED,SIMULATED,SIMULATED,SIMULATED
92.2,87.2,44,-247.7845,675.5824,316.9356,0.1991,2,SIMULATED,SIMULATED,SIMULATED,SIMULATED
92.2,87.2,11,-94.9752,260.7209,276.9593,-1.018,1,SIMULATED,SIMULATED,SIMULATED,SIMULATED
92.2,87.2,4,238.6321,-200.3884,279.4456,0.5139,1,SIMULATED,SIMULATED,SIMULATED,SIMULATED
92.2,87.2,77,332.7476,126.5767,319.8374,0.0,4,SIMULATED,SIMULATED,SIMULATED,SIMULATED
92.4,87.4,22,284.8119,-219.7408,0.0,0.0,1,SIMULATED,SIMULATED,SIMULATED,SIMULATED
92.4,87.4,55,-86.6969,1664.8353,231.1028,-1.4948,3,SIMULATED,SIMULATED,SIMULATED,SIMULATED
92.4,87.4,16,-65.517,1336.4112,319.8641,0.3485,3,SIMULATED,SIMULATED,SIMULATED,SIMULATED
92.4,87.4,63,-177.1661,1069.4098,256.5027,-0.1583,2,SIMULATED,SIMULATED,SIMULATED,SIMULATED
92.4,87.4,44,-248.3418,693.2691,318.4157,0.2095,2,SIMULATED,SIMULATED,SIMULATED,SIMULATED
92.4,87.4,11,-94.8982,275.6742,269.6132,-1.0401,2,SIMULATED,SIMULATED,SIMULATED,SIMULATED
92.4,87.4,4,224.7884,-192.9099,282.1751,0.3864,1,SIMULATED,SIMULATED,SIMULATED,SIMULATED
92.4,87.4,77,336.2458,109.1565,319.8374,0.0,4,SIMULATED,SIMULATED,SIMULATED,SIMULATED
92.6,87.6,22,284.8119,-219.7408,0.0,0.0,1,SIMULATED,SIMULATED,SIMULATED,SIMULATED
92.6,87.6,55,-87.6494,1676.9201,221.5132,-1.3577,3,SIMULATED,SIMULATED,SIMULATED,SIMULATED
92.6,87.6,16,-63.2764,1354.0592,320.4,0.0759,3,SIMULATED,SIMULATED,SIMULATED,SIMULATED
92.6,87.6,63,-163.922,1074.2228,256.5027,0.0,2,SIMULATED,SIMULATED,SIMULATED,SIMULATED
92.6,87.6,44,-248.7156,711.0368,319.7515,0.1891,2,SIMULATED,SIMULATED,SIMULATED,SIMULATED
92.6,87.6,11,-94.4689,290.3749,264.8179,-0.6789,2,SIMULATED,SIMULATED,SIMULATED,SIMULATED
92.6,87.6,4,211.3128,-184.6752,283.395,0.1727,1,SIMULATED,SIMULATED,SIMULATED,SIMULATED
92.6,87.6,77,339.3223,91.7704,318.9763,-0.1219,4,SIMULATED,SIMULATED,SIMULATED,SIMULATED
92.8,87.8,22,284.8119,-219.7408,0.0,0.0,1,SIMULATED,SIMULATED,SIMULATED,SIMULATED
92.8,87.8,55,-85.8739,1688.2557,212.7456,-1.2413,3,SIMULATED,SIMULATED,SIMULATED,SIMULATED
92.8,87.8,16,-61.4063,1371.7397,320.4,0.0,3,SIMULATED,SIMULATED,SIMULATED,SIMULATED
92.8,87.8,63,-150.6157,1079.7621,256.5027,0.0,2,SIMULATED,SIMULATED,SIMULATED,SIMULATED
92.8,87.8,44,-248.81,728.841,320.4,0.0918,2,SIMULATED,SIMULATED,SIMULATED,SIMULATED
92.8,87.8,11,-93.8787,304.8033,259.9814,-0.6848,2,SIMULATED,SIMULATED,SIMULATED,SIMULATED
92.8,87.8,4,197.9967,-175.744,287.9116,0.6395,1,SIMULATED,SIMULATED,SIMULATED,SIMULATED
92.8,87.8,77,341.416,74.327,317.9049,-0.1517,1,SIMULATED,SIMULATED,SIMULATED,SIMULATED
93.0,88.0,22,284.8119,-219.7408,0.0,0.0,1,SIMULATED,SIMULATED,SIMULATED,SIMULATED
93.0,88.0,55,-79.8143,1697.0969,205.2317,-1.0638,3,SIMULATED,SIMULATED,SIMULATED,SIMULATED
93.0,88.0,16,-59.8797,1389.4525,320.4,0.0,3,SIMULATED,SIMULATED,SIMULATED,SIMULATED
93.0,88.0,63,-138.324,1087.5216,256.5027,0.0,2,SIMULATED,SIMULATED,SIMULATED,SIMULATED
93.0,88.0,44,-248.6755,746.6486,320.4,0.0,2,SIMULATED,SIMULATED,SIMULATED,SIMULATED
93.0,88.0,11,-93.2397,319.0323,256.3863,-0.509,2,SIMULATED,SIMULATED,SIMULATED,SIMULATED
93.0,88.0,4,184.7722,-166.3002,291.694,0.5355,1,SIMULATED,SIMULATED,SIMULATED,SIMULATED
93.0,88.0,77,342.4241,57.068,311.8087,-0.8631,1,SIMULATED,SIMULATED,SIMULATED,SIMULATED
93.2,88.2,22,284.8119,-219.7408,0.0,0.0,1,SIMULATED,SIMULATED,SIMULATED,SIMULATED
93.2,88.2,55,-70.0889,1700.4876,202.0785,-0.4464,3,SIMULATED,SIMULATED,SIMULATED,SIMULATED
93.2,88.2,16,-58.7656,1407.1928,320.4,0.0,3,SIMULATED,SIMULATED,SIMULATED,SIMULATED
93.2,88.2,63,-127.6481,1097.2706,256.5027,0.0,2,SIMULATED,SIMULATED,SIMULATED,SIMULATED
93.2,88.2,44,-248.1685,764.4547,320.4,0.0,2,SIMULATED,SIMULATED,SIMULATED,SIMULATED
93.2,88.2,11,-93.056,333.3146,256.7721,0.0546,2,SIMULATED,SIMULATED,SIMULATED,SIMULATED
93.2,88.2,4,171.8078,-156.5422,291.6556,-0.0054,1,SIMULATED,SIMULATED,SIMULATED,SIMULATED
93.2,88.2,77,343.0565,40.2254,303.9141,-1.1177,1,SIMULATED,SIMULATED,SIMULATED,SIMULATED
93.4,88.4,22,284.8119,-219.7408,0.0,0.0,1,SIMULATED,SIMULATED,SIMULATED,SIMULATED
93.4,88.4,55,-60.5361,1697.089,199.3362,-0.3883,3,SIMULATED,SIMULATED,SIMULATED,SIMULATED
93.4,88.4,16,-57.998,1424.9589,320.4,0.0,3,SIMULATED,SIMULATED,SIMULATED,SIMULATED
93.4,88.4,63,-119.0967,1109.0243,256.5027,0.0,2,SIMULATED,SIMULATED,SIMULATED,SIMULATED
93.4,88.4,44,-247.2564,782.2373,320.4,0.0,2,SIMULATED,SIMULATED,SIMULATED,SIMULATED
93.4,88.4,11,-93.3426,347.5484,255.9112,-0.1219,2,SIMULATED,SIMULATED,SIMULATED,SIMULATED
93.4,88.4,4,159.1693,-146.7043,288.1645,-0.4943,1,SIMULATED,SIMULATED,SIMULATED,SIMULATED
93.4,88.4,77,343.0233,23.6545,299.2908,-0.6546,1,SIMULATED,SIMULATED,SIMULATED,SIMULATED
93.6,88.6,22,284.8119,-219.7408,0.0,0.0,1,SIMULATED,SIMULATED,SIMULATED,SIMULATED
93.6,88.6,55,-53.8436,1688.7663,198.9348,-0.0568,3,SIMULATED,SIMULATED,SIMULATED,SIMULATED
93.6,88.6,16,-57.5643,1442.7296,320.4,0.0,3,SIMULATED,SIMULATED,SIMULATED,SIMULATED
93.6,88.6,63,-112.0182,1121.6533,258.664,0.306,2,SIMULATED,SIMULATED,SIMULATED,SIMULATED
93.6,88.6,44,-246.0187,800.0024,320.4,0.0,2,SIMULATED,SIMULATED,SIMULATED,SIMULATED
93.6,88.6,11,-94.5736,361.5708,252.5929,-0.4698,2,SIMULATED,SIMULATED,SIMULATED,SIMULATED
93.6,88.6,4,146.7683,-136.8682,284.7186,-0.4879,1,SIMULATED,SIMULATED,SIMULATED,SIMULATED
93.6,88.6,77,342.2605,7.2791,295.7931,-0.4952,1,SIMULATED,SIMULATED,SIMULATED,SIMULATED
93.8,88.8,22,284.8119,-219.7408,0.0,0.0,1,SIMULATED,SIMULATED,SIMULATED,SIMULATED
93.8,88.8,55,-49.5235,1678.6974,201.4625,0.3579,3,SIMULATED,SIMULATED,SIMULATED,SIMULATED
93.8,88.8,16,-57.4369,1460.4447,319.1012,-0.1839,3,SIMULATED,SIMULATED,SIMULATED,SIMULATED
93.8,88.8,63,-106.1896,1135.2746,263.4784,0.6816,2,SIMULATED,SIMULATED,SIMULATED,SIMULATED
93.8,88.8,44,-244.486,817.7462,320.4,0.0,2,SIMULATED,SIMULATED,SIMULATED,SIMULATED
93.8,88.8,11,-97.1894,375.1138,247.529,-0.7169,2,SIMULATED,SIMULATED,SIMULATED,SIMULATED
93.8,88.8,4,134.527,-127.0246,282.5151,-0.312,1,SIMULATED,SIMULATED,SIMULATED,SIMULATED
93.8,88.8,77,341.1076,-8.936,293.1089,-0.38,1,SIMULATED,SIMULATED,SIMULATED,SIMULATED
94.0,89.0,22,284.8119,-219.7408,0.0,0.0,1,SIMULATED,SIMULATED,SIMULATED,SIMULATED
94.0,89.0,55,-46.2597,1667.1882,217.4404,2.2621,3,SIMULATED,SIMULATED,SIMULATED,SIMULATED
94.0,89.0,16,-57.5858,1477.9188,314.8938,-0.5957,3,SIMULATED,SIMULATED,SIMULATED,SIMULATED
94.0,89.0,63,-101.3471,1149.5164,269.3167,0.8266,2,SIMULATED,SIMULATED,SIMULATED,SIMULATED
94.0,89.0,44,-242.6663,835.4591,320.4,0.0,2,SIMULATED,SIMULATED,SIMULATED,SIMULATED
94.0,89.0,11,-102.9618,387.4567,243.1362,-0.6219,2,SIMULATED,SIMULATED,SIMULATED,SIMULATED
94.0,89.0,4,122.4489,-117.1243,281.0065,-0.2136,1,SIMULATED,SIMULATED,SIMULATED,SIMULATED
94.0,89.0,77,339.6874,-25.1368,293.1089,0.0,1,SIMULATED,SIMULATED,SIMULATED,SIMULATED
94.2,89.2,22,284.8119,-219.7408,0.0,0.0,1,SIMULATED,SIMULATED,SIMULATED,SIMULATED
94.2,89.2,55,-43.8941,1654.5732,231.8835,2.0448,3,SIMULATED,SIMULATED,SIMULATED,SIMULATED
94.2,89.2,16,-58.2142,1495.0658,309.818,-0.7186,3,SIMULATED,SIMULATED,SIMULATED,SIMULATED
94.2,89.2,63,-97.0982,1164.3012,276.4218,1.0059,2,SIMULATED,SIMULATED,SIMULATED,SIMULATED
94.2,89.2,44,-240.556,853.074,319.1679,-0.1744,2,SIMULATED,SIMULATED,SIMULATED,SIMULATED
94.2,89.2,11,-111.8817,397.103,235.4102,-1.0938,2,SIMULATED,SIMULATED,SIMULATED,SIMULATED
94.2,89.2,4,110.691,-106.8939,279.4696,-0.2176,1,SIMULATED,SIMULATED,SIMULATED,SIMULATED
94.2,89.2,77,338.0255,-41.2941,292.6842,-0.0601,1,SIMULATED,SIMULATED,SIMULATED,SIMULATED
94.4,89.4,22,284.8119,-219.7408,0.0,0.0,1,SIMULATED,SIMULATED,SIMULATED,SIMULATED
94.4,89.4,55,-42.3139,1641.0389,246.3157,2.0433,3,SIMULATED,SIMULATED,SIMULATED,SIMULATED
94.4,89.4,16,-59.5674,1511.8288,303.2009,-0.9368,3,SIMULATED,SIMULATED,SIMULATED,SIMULATED
94.4,89.4,63,-93.0929,1179.4934,282.3759,0.843,2,SIMULATED,SIMULATED,SIMULATED,SIMULATED
94.4,89.4,44,-238.1468,870.5197,316.8673,-0.3257,2,SIMULATED,SIMULATED,SIMULATED,SIMULATED
94.4,89.4,11,-123.4879,402.7649,230.3656,-0.7142,2,SIMULATED,SIMULATED,SIMULATED,SIMULATED
94.4,89.4,4,99.7556,-95.8263,278.604,-0.1226,1,SIMULATED,SIMULATED,SIMULATED,SIMULATED
94.4,89.4,77,336.273,-57.1261,286.7228,-0.844,1,SIMULATED,SIMULATED,SIMULATED,SIMULATED
94.6,89.6,22,284.8119,-219.7408,0.0,0.0,1,SIMULATED,SIMULATED,SIMULATED,SIMULATED
94.6,89.6,55,-40.8354,1626.7048,259.1906,1.8228,3,SIMULATED,SIMULATED,SIMULATED,SIMULATED
94.6,89.6,16,-61.4003,1528.1833,297.4199,-0.8185,3,SIMULATED,SIMULATED,SIMULATED,SIMULATED
94.6,89.6,63,-89.2388,1194.9399,286.1741,0.5377,2,SIMULATED,SIMULATED,SIMULATED,SIMULATED
94.6,89.6,44,-235.4075,887.6303,311.754,-0.7239,2,SIMULATED,SIMULATED,SIMULATED,SIMULATED
94.6,89.6,11,-135.8351,404.5674,223.5957,-0.9585,2,SIMULATED,SIMULATED,SIMULATED,SIMULATED
94.6,89.6,4,89.5822,-83.9976,278.604,0.0,1,SIMULATED,SIMULATED,SIMULATED,SIMULATED
94.6,89.6,77,334.7502,-72.5195,278.0811,-1.2235,1,SIMULATED,SIMULATED,SIMULATED,SIMULATED
94.8,89.8,22,284.8119,-219.7408,0.0,0.0,1,SIMULATED,SIMULATED,SIMULATED,SIMULATED
94.8,89.8,55,-39.0479,1611.7345,270.9902,1.6706,3,SIMULATED,SIMULATED,SIMULATED,SIMULATED
94.8,89.8,16,-64.0108,1544.1445,291.3573,-0.8583,3,SIMULATED,SIMULATED,SIMULATED,SIMULATED
94.8,89.8,63,-85.5038,1210.57,289.0311,0.4045,2,SIMULATED,SIMULATED,SIMULATED,SIMULATED
94.8,89.8,44,-232.3575,904.2436,303.8202,-1.1233,2,SIMULATED,SIMULATED,SIMULATED,SIMULATED
94.8,89.8,11,-148.0981,404.2254,220.0479,-0.5023,2,SIMULATED,SIMULATED,SIMULATED,SIMULATED
94.8,89.8,4,81.4076,-70.6004,278.8446,0.0341,1,SIMULATED,SIMULATED,SIMULATED,SIMULATED
94.8,89.8,77,333.5533,-87.5187,270.2273,-1.1119,1,SIMULATED,SIMULATED,SIMULATED,SIMULATED
95.0,90.0,22,284.8119,-219.7408,0.0,0.0,1,SIMULATED,SIMULATED,SIMULATED,SIMULATED
95.0,90.0,55,-36.1716,1596.3141,280.8012,1.389,3,SIMULATED,SIMULATED,SIMULATED,SIMULATED
95.0,90.0,16,-66.7927,1559.8353,286.98,-0.6197,3,SIMULATED,SIMULATED,SIMULATED,SIMULATED
95.0,90.0,63,-81.922,1226.3722,291.2433,0.3132,2,SIMULATED,SIMULATED,SIMULATED,SIMULATED
95.0,90.0,44,-229.084,920.3937,296.4429,-1.0445,2,SIMULATED,SIMULATED,SIMULATED,SIMULATED
95.0,90.0,11,-160.0536,404.3208,216.5836,-0.4905,2,SIMULATED,SIMULATED,SIMULATED,SIMULATED
95.0,90.0,4,76.1445,-55.681,278.8446,0.0,1,SIMULATED,SIMULATED,SIMULATED,SIMULATED
95.0,90.0,77,333.0975,-102.2584,264.1066,-0.8666,1,SIMULATED,SIMULATED,SIMULATED,SIMULATED
95.2,90.2,22,284.8119,-219.7408,0.0,0.0,1,SIMULATED,SIMULATED,SIMULATED,SIMULATED
95.2,90.2,55,-32.0335,1580.7123,289.793,1.273,3,SIMULATED,SIMULATED,SIMULATED,SIMULATED
95.2,90.2,16,-69.7821,1575.1566,281.3923,-0.7911,3,SIMULATED,SIMULATED,SIMULATED,SIMULATED
95.2,90.2,63,-78.4903,1242.4769,296.1252,0.6912,3,SIMULATED,SIMULATED,SIMULATED,SIMULATED
95.2,90.2,44,-225.6663,936.2128,291.2208,-0.7393,2,SIMULATED,SIMULATED,SIMULATED,SIMULATED
95.2,90.2,11,-171.8978,406.3223,217.8806,0.1836,2,SIMULATED,SIMULATED,SIMULATED,SIMULATED
95.2,90.2,4,75.493,-40.0135,279.1529,0.0437,1,SIMULATED,SIMULATED,SIMULATED,SIMULATED
95.2,90.2,77,333.6564,-116.5946,256.9615,-1.0116,1,SIMULATED,SIMULATED,SIMULATED,SIMULATED
95.4,90.4,22,284.8119,-219.7408,0.0,0.0,1,SIMULATED,SIMULATED,SIMULATED,SIMULATED
95.4,90.4,55,-26.7225,1564.8917,299.113,1.3195,3,SIMULATED,SIMULATED,SIMULATED,SIMULATED
95.4,90.4,16,-72.8979,1590.098,274.9363,-0.914,3,SIMULATED,SIMULATED,SIMULATED,SIMULATED
95.4,90.4,63,-75.3607,1258.9806,301.6284,0.7791,3,SIMULATED,SIMULATED,SIMULATED,SIMULATED
95.4,90.4,44,-222.1344,951.9282,289.8265,-0.1974,2,SIMULATED,SIMULATED,SIMULATED,SIMULATED
95.4,90.4,11,-183.2837,410.9025,223.8005,0.8381,2,SIMULATED,SIMULATED,SIMULATED,SIMULATED
95.4,90.4,4,75.6956,-24.5724,279.1529,0.0,1,SIMULATED,SIMULATED,SIMULATED,SIMULATED
95.4,90.4,77,336.2678,-130.4331,248.6964,-1.1702,1,SIMULATED,SIMULATED,SIMULATED,SIMULATED
95.6,90.6,22,284.8119,-219.7408,0.0,0.0,1,SIMULATED,SIMULATED,SIMULATED,SIMULATED
95.6,90.6,55,-20.6825,1549.0262,305.0159,0.8357,3,SIMULATED,SIMULATED,SIMULATED,SIMULATED
95.6,90.6,16,-76.1678,1604.6637,268.975,-0.844,3,SIMULATED,SIMULATED,SIMULATED,SIMULATED
95.6,90.6,63,-72.377,1275.7233,305.8804,0.602,3,SIMULATED,SIMULATED,SIMULATED,SIMULATED
95.6,90.6,44,-218.52,967.4712,287.2165,-0.3695,2,SIMULATED,SIMULATED,SIMULATED,SIMULATED
95.6,90.6,11,-193.7372,418.2493,232.8147,1.2762,2,SIMULATED,SIMULATED,SIMULATED,SIMULATED
95.6,90.6,4,74.2745,-9.3283,279.1529,0.0,1,SIMULATED,SIMULATED,SIMULATED,SIMULATED
95.6,90.6,77,341.695,-142.8875,240.7756,-1.1214,1,SIMULATED,SIMULATED,SIMULATED,SIMULATED
95.8,90.8,22,284.8119,-219.7408,0.0,0.0,1,SIMULATED,SIMULATED,SIMULATED,SIMULATED
95.8,90.8,55,-14.1681,1533.1004,309.4311,0.6251,3,SIMULATED,SIMULATED,SIMULATED,SIMULATED
95.8,90.8,16,-79.426,1618.8646,262.2333,-0.9545,3,SIMULATED,SIMULATED,SIMULATED,SIMULATED
95.8,90.8,63,-69.5079,1292.823,311.8012,0.8383,3,SIMULATED,SIMULATED,SIMULATED,SIMULATED
95.8,90.8,44,-214.8856,982.8613,284.6096,-0.3691,2,SIMULATED,SIMULATED,SIMULATED,SIMULATED
95.8,90.8,11,-203.1948,427.6916,241.9772,1.2972,2,SIMULATED,SIMULATED,SIMULATED,SIMULATED
95.8,90.8,4,69.9799,5.1743,279.1529,0.0,1,SIMULATED,SIMULATED,SIMULATED,SIMULATED
95.8,90.8,77,349.2449,-153.5729,232.1301,-1.224,1,SIMULATED,SIMULATED,SIMULATED,SIMULATED
96.0,91.0,22,284.8119,-219.7408,0.0,0.0,1,SIMULATED,SIMULATED,SIMULATED,SIMULATED
96.0,91.0,55,-7.4672,1517.1464,311.3638,0.2736,3,SIMULATED,SIMULATED,SIMULATED,SIMULATED
96.0,91.0,16,-82.4755,1632.6895,254.5732,-1.0845,3,SIMULATED,SIMULATED,SIMULATED,SIMULATED
96.0,91.0,63,-66.7397,1310.1585,315.8639,0.5752,3,SIMULATED,SIMULATED,SIMULATED,SIMULATED
96.0,91.0,44,-211.3527,998.024,280.3136,-0.6082,2,SIMULATED,SIMULATED,SIMULATED,SIMULATED
96.0,91.0,11,-211.122,439.057,251.5274,1.3521,2,SIMULATED,SIMULATED,SIMULATED,SIMULATED
96.0,91.0,4,62.4815,18.5708,279.1529,0.0,1,SIMULATED,SIMULATED,SIMULATED,SIMULATED
96.0,91.0,77,358.1904,-162.4216,223.8537,-1.1718,1,SIMULATED,SIMULATED,SIMULATED,SIMULATED
96.2,91.2,22,284.8119,-219.7408,0.0,0.0,1,SIMULATED,SIMULATED,SIMULATED,SIMULATED
96.2,91.2,55,-0.6812,1501.0657,314.1841,0.3993,3,SIMULATED,SIMULATED,SIMULATED,SIMULATED
96.2,91.2,16,-85.2712,1646.0064,244.7561,-1.3899,3,SIMULATED,SIMULATED,SIMULATED,SIMULATED
96.2,91.2,63,-64.1851,1327.7221,319.0477,0.4508,3,SIMULATED,SIMULATED,SIMULATED,SIMULATED
96.2,91.2,44,-207.8675,1012.9009,274.9496,-0.7594,2,SIMULATED,SIMULATED,SIMULATED,SIMULATED
96.2,91.2,11,-217.6861,451.839,259.7142,1.1591,2,SIMULATED,SIMULATED,SIMULATED,SIMULATED
96.2,91.2,4,53.5573,31.0062,277.9206,-0.1745,1,SIMULATED,SIMULATED,SIMULATED,SIMULATED
96.2,91.2,77,367.793,-169.7841,215.4634,-1.1879,1,SIMULATED,SIMULATED,SIMULATED,SIMULATED
96.4,91.4,22,284.8119,-219.7408,0.0,0.0,1,SIMULATED,SIMULATED,SIMULATED,SIMULATED
96.4,91.4,55,6.1726,1484.9602,314.9612,0.11,3,SIMULATED,SIMULATED,SIMULATED,SIMULATED
96.4,91.4,16,-87.7608,1658.9069,236.065,-1.2305,3,SIMULATED,SIMULATED,SIMULATED,SIMULATED
96.4,91.4,63,-61.8324,1345.385,320.4,0.1915,3,SIMULATED,SIMULATED,SIMULATED,SIMULATED
96.4,91.4,44,-204.3002,1027.4807,270.0923,-0.6877,2,SIMULATED,SIMULATED,SIMULATED,SIMULATED
96.4,91.4,11,-222.8999,465.6084,266.1248,0.9076,2,SIMULATED,SIMULATED,SIMULATED,SIMULATED
96.4,91.4,4,43.9934,43.0987,277.7289,-0.0271,1,SIMULATED,SIMULATED,SIMULATED,SIMULATED
96.4,91.4,77,377.5267,-176.1834,209.1247,-0.8974,1,SIMULATED,SIMULATED,SIMULATED,SIMULATED
96.6,91.6,22,284.8119,-219.7408,0.0,0.0,1,SIMULATED,SIMULATED,SIMULATED,SIMULATED
96.6,91.6,55,13.1055,1468.7748,316.9264,0.2782,3,SIMULATED,SIMULATED,SIMULATED,SIMULATED
96.6,91.6,16,-89.448,1671.4824,226.5423,-1.3482,3,SIMULATED,SIMULATED,SIMULATED,SIMULATED
96.6,91.6,63,-59.768,1363.1001,320.4,0.0,3,SIMULATED,SIMULATED,SIMULATED,SIMULATED
96.6,91.6,44,-200.0886,1041.567,263.9988,-0.8627,2,SIMULATED,SIMULATED,SIMULATED,SIMULATED
96.6,91.6,11,-227.1697,479.9589,270.2231,0.5802,2,SIMULATED,SIMULATED,SIMULATED,SIMULATED
96.6,91.6,4,34.2518,55.1344,279.069,0.1897,1,SIMULATED,SIMULATED,SIMULATED,SIMULATED
96.6,91.6,77,386.4981,-182.6168,203.3938,-0.8114,1,SIMULATED,SIMULATED,SIMULATED,SIMULATED
96.8,91.8,22,284.8119,-219.7408,0.0,0.0,1,SIMULATED,SIMULATED,SIMULATED,SIMULATED
96.8,91.8,55,20.0971,1452.6104,316.9264,0.0,3,SIMULATED,SIMULATED,SIMULATED,SIMULATED
96.8,91.8,16,-89.1098,1683.6407,214.8032,-1.662,3,SIMULATED,SIMULATED,SIMULATED,SIMULATED
96.8,91.8,63,-58.069,1380.8458,320.4,0.0,3,SIMULATED,SIMULATED,SIMULATED,SIMULATED
96.8,91.8,44,-194.6012,1055.0347,260.1971,-0.5382,2,SIMULATED,SIMULATED,SIMULATED,SIMULATED
96.8,91.8,11,-230.2214,494.6324,270.6519,0.0607,2,SIMULATED,SIMULATED,SIMULATED,SIMULATED
96.8,91.8,4,24.1327,67.1297,282.979,0.5536,1,SIMULATED,SIMULATED,SIMULATED,SIMULATED
96.8,91.8,77,391.4092,-191.5123,199.9602,-0.4861,1,SIMULATED,SIMULATED,SIMULATED,SIMULATED
97.0,92.0,22,284.8119,-219.7408,0.0,0.0,1,SIMULATED,SIMULATED,SIMULATED,SIMULATED
97.0,92.0,55,27.1323,1436.4684,316.9264,0.0,3,SIMULATED,SIMULATED,SIMULATED,SIMULATED
97.0,92.0,16,-84.7514,1694.6262,207.4876,-1.0357,3,SIMULATED,SIMULATED,SIMULATED,SIMULATED
97.0,92.0,63,-56.7413,1398.6235,320.4,0.0,3,SIMULATED,SIMULATED,SIMULATED,SIMULATED
97.0,92.0,44,-185.7779,1066.3206,256.8944,-0.4676,2,SIMULATED,SIMULATED,SIMULATED,SIMULATED
97.0,92.0,11,-232.6093,509.6101,273.2563,0.3687,2,SIMULATED,SIMULATED,SIMULATED,SIMULATED
97.0,92.0,4,13.3985,79.0533,289.8015,0.9659,1,SIMULATED,SIMULATED,SIMULATED,SIMULATED
97.0,92.0,77,392.0112,-202.2695,199.2051,-0.1069,1,SIMULATED,SIMULATED,SIMULATED,SIMULATED
97.2,92.2,22,284.8119,-219.7408,0.0,0.0,1,SIMULATED,SIMULATED,SIMULATED,SIMULATED
97.2,92.2,55,34.1549,1420.3243,316.9264,0.0,3,SIMULATED,SIMULATED,SIMULATED,SIMULATED
97.2,92.2,16,-75.5338,1701.6868,202.1995,-0.7487,3,SIMULATED,SIMULATED,SIMULATED,SIMULATED
97.2,92.2,63,-55.8244,1416.4294,320.4,0.0,3,SIMULATED,SIMULATED,SIMULATED,SIMULATED
97.2,92.2,44,-173.1908,1073.1747,256.5027,-0.0554,2,SIMULATED,SIMULATED,SIMULATED,SIMULATED
97.2,92.2,11,-234.6253,524.9367,278.5053,0.7431,2,SIMULATED,SIMULATED,SIMULATED,SIMULATED
97.2,92.2,4,2.0375,90.5005,291.3507,0.2193,1,SIMULATED,SIMULATED,SIMULATED,SIMULATED
97.2,92.2,77,388.7602,-212.2281,200.3866,0.1673,1,SIMULATED,SIMULATED,SIMULATED,SIMULATED
97.4,92.4,22,284.8119,-219.7408,0.0,0.0,1,SIMULATED,SIMULATED,SIMULATED,SIMULATED
97.4,92.4,55,41.1715,1404.1377,317.5905,0.094,3,SIMULATED,SIMULATED,SIMULATED,SIMULATED
97.4,92.4,16,-64.0128,1701.2444,199.3362,-0.4054,3,SIMULATED,SIMULATED,SIMULATED,SIMULATED
97.4,92.4,63,-55.2041,1434.2409,320.4,0.0,3,SIMULATED,SIMULATED,SIMULATED,SIMULATED
97.4,92.4,44,-159.7351,1077.8577,256.5027,0.0,2,SIMULATED,SIMULATED,SIMULATED,SIMULATED
97.4,92.4,11,-236.4613,540.6706,285.2265,0.9516,2,SIMULATED,SIMULATED,SIMULATED,SIMULATED
97.4,92.4,4,-10.0172,101.3985,293.7196,0.3354,1,SIMULATED,SIMULATED,SIMULATED,SIMULATED
97.4,92.4,77,381.8713,-220.7976,207.4901,1.0057,1,SIMULATED,SIMULATED,SIMULATED,SIMULATED
97.6,92.6,22,284.8119,-219.7408,0.0,0.0,1,SIMULATED,SIMULATED,SIMULATED,SIMULATED
97.6,92.6,55,48.1702,1387.8857,318.5527,0.1362,3,SIMULATED,SIMULATED,SIMULATED,SIMULATED
97.6,92.6,16,-55.0322,1694.1624,199.3362,0.0,3,SIMULATED,SIMULATED,SIMULATED,SIMULATED
97.6,92.6,63,-54.9722,1452.008,319.256,-0.162,3,SIMULATED,SIMULATED,SIMULATED,SIMULATED
97.6,92.6,44,-147.0197,1084.0329,256.5027,0.0,2,SIMULATED,SIMULATED,SIMULATED,SIMULATED
97.6,92.6,11,-238.1744,556.7976,292.0262,0.9627,2,SIMULATED,SIMULATED,SIMULATED,SIMULATED
97.6,92.6,4,-22.7235,112.0922,299.4219,0.8073,1,SIMULATED,SIMULATED,SIMULATED,SIMULATED
97.6,92.6,77,371.8027,-226.6279,218.182,1.5138,1,SIMULATED,SIMULATED,SIMULATED,SIMULATED
97.8,92.8,22,284.8119,-219.7408,0.0,0.0,1,SIMULATED,SIMULATED,SIMULATED,SIMULATED
97.8,92.8,55,55.098,1371.5389,319.7239,0.1658,3,SIMULATED,SIMULATED,SIMULATED,SIMULATED
97.8,92.8,16,-49.5001,1684.3947,198.3173,-0.1443,3,SIMULATED,SIMULATED,SIMULATED,SIMULATED
97.8,92.8,63,-54.9822,1469.6384,316.88,-0.3364,3,SIMULATED,SIMULATED,SIMULATED,SIMULATED
97.8,92.8,44,-135.5522,1092.3085,256.5027,0.0,2,SIMULATED,SIMULATED,SIMULATED,SIMULATED
97.8,92.8,11,-239.796,573.2803,298.16,0.8684,2,SIMULATED,SIMULATED,SIMULATED,SIMULATED
97.8,92.8,4,-35.6911,122.9262,304.0027,0.6485,1,SIMULATED,SIMULATED,SIMULATED,SIMULATED
97.8,92.8,77,359.8409,-228.8146,224.8214,0.94,1,SIMULATED,SIMULATED,SIMULATED,SIMULATED
98.0,93.0,22,284.8119,-219.7408,0.0,0.0,1,SIMULATED,SIMULATED,SIMULATED,SIMULATED
98.0,93.0,55,61.9387,1355.116,320.4,0.0957,3,SIMULATED,SIMULATED,SIMULATED,SIMULATED
98.0,93.0,16,-45.7617,1673.1856,210.1328,1.6728,3,SIMULATED,SIMULATED,SIMULATED,SIMULATED
98.0,93.0,63,-55.3209,1487.0419,312.485,-0.6222,3,SIMULATED,SIMULATED,SIMULATED,SIMULATED
98.0,93.0,44,-125.8769,1102.6108,256.5027,0.0,2,SIMULATED,SIMULATED,SIMULATED,SIMULATED
98.0,93.0,11,-241.3313,590.0202,302.6565,0.6366,2,SIMULATED,SIMULATED,SIMULATED,SIMULATED
98.0,93.0,4,-48.1237,134.7393,306.9178,0.4127,1,SIMULATED,SIMULATED,SIMULATED,SIMULATED
98.0,93.0,77,347.4847,-229.06,225.2195,0.0564,1,SIMULATED,SIMULATED,SIMULATED,SIMULATED
98.2,93.2,22,284.8119,-219.7408,0.0,0.0,1,SIMULATED,SIMULATED,SIMULATED,SIMULATED
98.2,93.2,55,68.6661,1338.6363,320.4,0.0,3,SIMULATED,SIMULATED,SIMULATED,SIMULATED
98.2,93.2,16,-42.967,1660.9055,225.4483,2.1683,3,SIMULATED,SIMULATED,SIMULATED,SIMULATED
98.2,93.2,63,-56.3322,1504.1128,306.4073,-0.8605,3,SIMULATED,SIMULATED,SIMULATED,SIMULATED
98.2,93.2,44,-118.1153,1114.5378,257.6635,0.1643,2,SIMULATED,SIMULATED,SIMULATED,SIMULATED
98.2,93.2,11,-242.7429,606.975,306.3344,0.5207,2,SIMULATED,SIMULATED,SIMULATED,SIMULATED
98.2,93.2,4,-59.5705,147.6952,309.0134,0.2967,1,SIMULATED,SIMULATED,SIMULATED,SIMULATED
98.2,93.2,77,334.7972,-228.0526,231.1116,0.8342,1,SIMULATED,SIMULATED,SIMULATED,SIMULATED
98.4,93.4,22,284.8119,-219.7408,0.0,0.0,1,SIMULATED,SIMULATED,SIMULATED,SIMULATED
98.4,93.4,55,75.3322,1322.1372,320.4,0.0,3,SIMULATED,SIMULATED,SIMULATED,SIMULATED
98.4,93.4,16,-41.0011,1647.6552,239.6909,2.0165,3,SIMULATED,SIMULATED,SIMULATED,SIMULATED
98.4,93.4,63,-57.9748,1520.723,300.0399,-0.9015,3,SIMULATED,SIMULATED,SIMULATED,SIMULATED
98.4,93.4,44,-111.6125,1127.3457,259.8381,0.3079,2,SIMULATED,SIMULATED,SIMULATED,SIMULATED
98.4,93.4,11,-243.9911,624.1986,310.9156,0.6486,2,SIMULATED,SIMULATED,SIMULATED,SIMULATED
98.4,93.4,4,-69.7253,161.6831,309.0203,0.001,1,SIMULATED,SIMULATED,SIMULATED,SIMULATED
98.4,93.4,77,321.6214,-226.1928,240.7443,1.3638,1,SIMULATED,SIMULATED,SIMULATED,SIMULATED
98.6,93.6,22,284.8119,-219.7408,0.0,0.0,1,SIMULATED,SIMULATED,SIMULATED,SIMULATED
98.6,93.6,55,81.8677,1305.5934,320.4,0.0,3,SIMULATED,SIMULATED,SIMULATED,SIMULATED
98.6,93.6,16,-39.5856,1633.6439,253.2579,1.9208,3,SIMULATED,SIMULATED,SIMULATED,SIMULATED
98.6,93.6,63,-60.2638,1536.9714,294.1253,-0.8374,3,SIMULATED,SIMULATED,SIMULATED,SIMULATED
98.6,93.6,44,-106.262,1141.0082,264.9159,0.7189,2,SIMULATED,SIMULATED,SIMULATED,SIMULATED
98.6,93.6,11,-245.1381,641.573,313.5074,0.3669,2,SIMULATED,SIMULATED,SIMULATED,SIMULATED
98.6,93.6,4,-78.61,176.4944,307.8806,-0.1614,1,SIMULATED,SIMULATED,SIMULATED,SIMULATED
98.6,93.6,77,308.126,-223.4207,249.4105,1.227,1,SIMULATED,SIMULATED,SIMULATED,SIMULATED
98.8,93.8,22,284.8119,-219.7408,0.0,0.0,1,SIMULATED,SIMULATED,SIMULATED,SIMULATED
98.8,93.8,55,88.1382,1288.9607,320.4,0.0,3,SIMULATED,SIMULATED,SIMULATED,SIMULATED
98.8,93.8,16,-37.9507,1618.9586,266.3064,1.8474,3,SIMULATED,SIMULATED,SIMULATED,SIMULATED
98.8,93.8,63,-62.9983,1552.8659,289.7507,-0.6194,3,SIMULATED,SIMULATED,SIMULATED,SIMULATED
98.8,93.8,44,-101.6877,1155.3934,272.2453,1.0377,2,SIMULATED,SIMULATED,SIMULATED,SIMULATED
98.8,93.8,11,-246.0697,659.082,315.7188,0.3131,2,SIMULATED,SIMULATED,SIMULATED,SIMULATED
98.8,93.8,4,-85.5138,191.9647,304.784,-0.4384,1,SIMULATED,SIMULATED,SIMULATED,SIMULATED
98.8,93.8,77,294.4771,-219.9308,254.7911,0.7618,1,SIMULATED,SIMULATED,SIMULATED,SIMULATED
99.0,94.0,22,284.8119,-219.7408,0.0,0.0,1,SIMULATED,SIMULATED,SIMULATED,SIMULATED
99.0,94.0,55,94.0837,1272.2005,320.4,0.0,3,SIMULATED,SIMULATED,SIMULATED,SIMULATED
99.0,94.0,16,-35.7679,1603.8892,275.8601,1.3526,3,SIMULATED,SIMULATED,SIMULATED,SIMULATED
99.0,94.0,63,-65.8888,1568.3858,283.7887,-0.8441,3,SIMULATED,SIMULATED,SIMULATED,SIMULATED
99.0,94.0,44,-97.5568,1170.3366,279.343,1.0049,2,SIMULATED,SIMULATED,SIMULATED,SIMULATED
99.0,94.0,11,-246.824,676.6674,316.9356,0.1723,2,SIMULATED,SIMULATED,SIMULATED,SIMULATED
99.0,94.0,4,-90.4025,208.0082,298.5982,-0.8758,1,SIMULATED,SIMULATED,SIMULATED,SIMULATED
99.0,94.0,77,280.6215,-215.5142,262.5096,1.0928,1,SIMULATED,SIMULATED,SIMULATED,SIMULATED
99.2,94.2,22,284.8119,-219.7408,0.0,0.0,1,SIMULATED,SIMULATED,SIMULATED,SIMULATED
99.2,94.2,55,99.7725,1255.3437,320.4,0.0,3,SIMULATED,SIMULATED,SIMULATED,SIMULATED
99.2,94.2,16,-32.1139,1588.4709,286.3735,1.4885,3,SIMULATED,SIMULATED,SIMULATED,SIMULATED
99.2,94.2,63,-68.9336,1583.5321,277.8622,-0.8391,3,SIMULATED,SIMULATED,SIMULATED,SIMULATED
99.2,94.2,44,-93.5951,1185.6555,284.9479,0.7935,2,SIMULATED,SIMULATED,SIMULATED,SIMULATED
99.2,94.2,11,-247.3683,694.3424,318.4157,0.2095,2,SIMULATED,SIMULATED,SIMULATED,SIMULATED
99.2,94.2,4,-93.8628,223.9943,292.8776,-0.8099,1,SIMULATED,SIMULATED,SIMULATED,SIMULATED
99.2,94.2,77,266.612,-210.383,269.5593,0.9981,1,SIMULATED,SIMULATED,SIMULATED,SIMULATED
99.4,94.4,22,284.8119,-219.7408,0.0,0.0,1,SIMULATED,SIMULATED,SIMULATED,SIMULATED
99.4,94.4,55,105.1969,1238.4073,320.4,-0.0,3,SIMULATED,SIMULATED,SIMULATED,SIMULATED
99.4,94.4,16,-27.3672,1572.8447,295.0429,1.2274,3,SIMULATED,SIMULATED,SIMULATED,SIMULATED
99.4,94.4,63,-72.1634,1598.3447,272.2813,-0.7901,3,SIMULATED,SIMULATED,SIMULATED,SIMULATED
99.4,94.4,44,-89.7979,1201.1336,286.9662,0.2858,2,SIMULATED,SIMULATED,SIMULATED,SIMULATED
99.4,94.4,11,-247.7256,712.1045,319.9246,0.2136,2,SIMULATED,SIMULATED,SIMULATED,SIMULATED
99.4,94.4,4,-95.8048,239.8984,286.866,-0.8511,1,SIMULATED,SIMULATED,SIMULATED,SIMULATED
99.4,94.4,77,252.5557,-204.442,276.1258,0.9297,1,SIMULATED,SIMULATED,SIMULATED,SIMULATED
99.6,94.6,22,284.8119,-219.7408,0.0,0.0,1,SIMULATED,SIMULATED,SIMULATED,SIMULATED
99.6,94.6,55,110.4519,1221.4197,320.4,0.0,3,SIMULATED,SIMULATED,SIMULATED,SIMULATED
99.6,94.6,16,-21.6739,1557.0462,303.0302,1.1308,3,SIMULATED,SIMULATED,SIMULATED,SIMULATED
99.6,94.6,63,-75.4565,1612.7247,265.4971,-0.9605,3,SIMULATED,SIMULATED,SIMULATED,SIMULATED
99.6,94.6,44,-86.114,1216.7947,289.6862,0.3851,2,SIMULATED,SIMULATED,SIMULATED,SIMULATED
99.6,94.6,11,-247.81,729.8993,320.4,0.0673,2,SIMULATED,SIMULATED,SIMULATED,SIMULATED
99.6,94.6,4,-96.5789,255.482,279.2881,-1.0729,1,SIMULATED,SIMULATED,SIMULATED,SIMULATED
99.6,94.6,77,238.6239,-197.685,279.5473,0.4844,1,SIMULATED,SIMULATED,SIMULATED,SIMULATED
99.8,94.8,22,284.8119,-219.7408,0.0,0.0,1,SIMULATED,SIMULATED,SIMULATED,SIMULATED
99.8,94.8,55,115.4559,1204.3439,320.4,0.0,3,SIMULATED,SIMULATED,SIMULATED,SIMULATED
99.8,94.8,16,-15.3552,1541.1731,308.0721,0.7138,3,SIMULATED,SIMULATED,SIMULATED,SIMULATED
99.8,94.8,63,-78.6061,1626.6904,257.9304,-1.0713,3,SIMULATED,SIMULATED,SIMULATED,SIMULATED
99.8,94.8,44,-82.599,1232.6939,293.2106,0.499,3,SIMULATED,SIMULATED,SIMULATED,SIMULATED
99.8,94.8,11,-247.6582,747.6902,320.4,0.0,2,SIMULATED,SIMULATED,SIMULATED,SIMULATED
99.8,94.8,4,-96.6918,270.6246,271.9102,-1.0446,1,SIMULATED,SIMULATED,SIMULATED,SIMULATED
99.8,94.8,77,224.9075,-190.2032,282.4007,0.404,1,SIMULATED,SIMULATED,SIMULATED,SIMULATED
100.0,95.0,22,284.8119,-219.7408,0.0,0.0,1,SIMULATED,SIMULATED,SIMULATED,SIMULATED
100.0,95.0,55,120.2062,1187.2064,320.4,0.0,3,SIMULATED,SIMULATED,SIMULATED,SIMULATED
100.0,95.0,16,-8.6954,1525.214,311.3638,0.466,3,SIMULATED,SIMULATED,SIMULATED,SIMULATED
100.0,95.0,63,-81.5126,1640.1896,248.8071,-1.2917,3,SIMULATED,SIMULATED,SIMULATED,SIMULATED
100.0,95.0,44,-79.295,1248.8926,297.8052,0.6505,3,SIMULATED,SIMULATED,SIMULATED,SIMULATED
100.0,95.0,11,-247.1216,765.4666,320.4,0.0,2,SIMULATED,SIMULATED,SIMULATED,SIMULATED
100.0,95.0,4,-96.3198,285.4495,266.5818,-0.7544,2,SIMULATED,SIMULATED,SIMULATED,SIMULATED
100.0,95.0,77,211.5438,-181.9754,283.4089,0.1427,1,SIMULATED,SIMULATED,SIMULATED,SIMULATED
