timestamp_s,relative_time_s,car_id,x_m,y_m,speed_kmh,longitudinal_accel_g,sector,speed_origin,position_origin,accel_origin,timing_origin
0.0,-5.0,77,171.2813,764.8376,235.0236,0.0,2,SIMULATED,SIMULATED,SIMULATED,SIMULATED
0.0,-5.0,44,-122.8738,588.2492,268.5774,0.0,1,SIMULATED,SIMULATED,SIMULATED,SIMULATED
0.0,-5.0,55,-247.6097,143.5913,320.4,0.0,1,SIMULATED,SIMULATED,SIMULATED,SIMULATED
0.0,-5.0,4,335.6299,729.4332,253.9558,0.0,2,SIMULATED,SIMULATED,SIMULATED,SIMULATED
0.0,-5.0,23,71.839,952.6249,284.4391,0.0,2,SIMULATED,SIMULATED,SIMULATED,SIMULATED
0.0,-5.0,16,-445.7645,513.6565,258.8715,0.0,1,SIMULATED,SIMULATED,SIMULATED,SIMULATED
0.2,-4.8,77,162.6014,755.1957,234.0803,-0.1336,2,SIMULATED,SIMULATED,SIMULATED,SIMULATED
0.2,-4.8,44,-122.987,603.1914,268.5774,0.0,1,SIMULATED,SIMULATED,SIMULATED,SIMULATED
0.2,-4.8,55,-256.3844,159.0742,320.4,0.0,1,SIMULATED,SIMULATED,SIMULATED,SIMULATED
0.2,-4.8,4,348.6,735.1685,255.3251,0.1939,2,SIMULATED,SIMULATED,SIMULATED,SIMULATED
0.2,-4.8,23,82.4766,964.2571,283.6995,-0.1047,2,SIMULATED,SIMULATED,SIMULATED,SIMULATED
0.2,-4.8,16,-448.2776,527.7097,258.7791,-0.0131,1,SIMULATED,SIMULATED,SIMULATED,SIMULATED
0.4,-4.6,77,154.0251,745.2247,236.9766,0.4101,2,SIMULATED,SIMULATED,SIMULATED,SIMULATED
0.4,-4.6,44,-123.2779,618.1119,268.5774,0.0,1,SIMULATED,SIMULATED,SIMULATED,SIMULATED
0.4,-4.6,55,-265.1553,174.5295,319.891,-0.0721,1,SIMULATED,SIMULATED,SIMULATED,SIMULATED
0.4,-4.6,4,361.6599,740.8407,256.4934,0.1654,2,SIMULATED,SIMULATED,SIMULATED,SIMULATED
0.4,-4.6,23,93.2886,975.6049,281.8055,-0.2681,2,SIMULATED,SIMULATED,SIMULATED,SIMULATED
0.4,-4.6,16,-448.7597,542.0391,258.7791,0.0,1,SIMULATED,SIMULATED,SIMULATED,SIMULATED
0.6,-4.4,77,145.6932,734.9355,238.9773,0.2833,2,SIMULATED,SIMULATED,SIMULATED,SIMULATED
0.6,-4.4,44,-123.5985,633.0597,269.1099,0.0754,1,SIMULATED,SIMULATED,SIMULATED,SIMULATED
0.6,-4.4,55,-273.874,189.8693,317.6039,-0.3238,1,SIMULATED,SIMULATED,SIMULATED,SIMULATED
0.6,-4.4,4,374.8885,746.3741,258.3952,0.2692,2,SIMULATED,SIMULATED,SIMULATED,SIMULATED
0.6,-4.4,23,104.4535,986.4491,279.8233,-0.2806,2,SIMULATED,SIMULATED,SIMULATED,SIMULATED
0.6,-4.4,16,-446.3163,556.0058,258.7791,0.0,1,SIMULATED,SIMULATED,SIMULATED,SIMULATED
0.8,-4.2,77,137.5539,724.1812,243.7161,0.6709,2,SIMULATED,SIMULATED,SIMULATED,SIMULATED
0.8,-4.2,44,-123.7222,648.1231,271.5791,0.3496,1,SIMULATED,SIMULATED,SIMULATED,SIMULATED
0.8,-4.2,55,-282.5333,205.1164,315.6075,-0.2826,1,SIMULATED,SIMULATED,SIMULATED,SIMULATED
0.8,-4.2,4,388.3778,751.6332,261.5022,0.4399,2,SIMULATED,SIMULATED,SIMULATED,SIMULATED
0.8,-4.2,23,116.3986,996.1771,276.3832,-0.487,2,SIMULATED,SIMULATED,SIMULATED,SIMULATED
0.8,-4.2,16,-440.391,568.9262,258.7791,0.0,1,SIMULATED,SIMULATED,SIMULATED,SIMULATED
1.0,-4.0,77,130.0616,712.7441,247.8157,0.5804,2,SIMULATED,SIMULATED,SIMULATED,SIMULATED
1.0,-4.0,44,-123.5557,663.3877,275.0838,0.4962,1,SIMULATED,SIMULATED,SIMULATED,SIMULATED
1.0,-4.0,55,-291.1099,220.2206,312.641,-0.42,1,SIMULATED,SIMULATED,SIMULATED,SIMULATED
1.0,-4.0,4,402.1561,756.4961,263.5527,0.2903,2,SIMULATED,SIMULATED,SIMULATED,SIMULATED
1.0,-4.0,23,129.2762,1004.1124,271.6741,-0.6667,2,SIMULATED,SIMULATED,SIMULATED,SIMULATED
1.0,-4.0,16,-431.1732,579.7006,258.7791,0.0,1,SIMULATED,SIMULATED,SIMULATED,SIMULATED
1.2,-3.8,77,123.8988,700.3262,252.979,0.731,2,SIMULATED,SIMULATED,SIMULATED,SIMULATED
1.2,-3.8,44,-122.8718,678.739,277.8995,0.3986,1,SIMULATED,SIMULATED,SIMULATED,SIMULATED
1.2,-3.8,55,-299.5887,235.1672,309.3286,-0.469,1,SIMULATED,SIMULATED,SIMULATED,SIMULATED
1.2,-3.8,4,416.1876,760.3304,264.3685,0.1155,2,SIMULATED,SIMULATED,SIMULATED,SIMULATED
1.2,-3.8,23,143.1352,1009.7551,268.071,-0.5101,2,SIMULATED,SIMULATED,SIMULATED,SIMULATED
1.2,-3.8,16,-419.566,587.8167,258.7791,0.0,1,SIMULATED,SIMULATED,SIMULATED,SIMULATED
1.4,-3.6,77,121.1188,686.84,256.1857,0.454,2,SIMULATED,SIMULATED,SIMULATED,SIMULATED
1.4,-3.6,44,-121.0645,694.2174,281.9511,0.5736,1,SIMULATED,SIMULATED,SIMULATED,SIMULATED
1.4,-3.6,55,-307.9994,249.9685,306.4307,-0.4103,1,SIMULATED,SIMULATED,SIMULATED,SIMULATED
1.4,-3.6,4,430.5816,762.4832,265.0198,0.0922,2,SIMULATED,SIMULATED,SIMULATED,SIMULATED
1.4,-3.6,23,157.609,1012.7963,264.4083,-0.5186,2,SIMULATED,SIMULATED,SIMULATED,SIMULATED
1.4,-3.6,16,-406.1868,592.7341,258.7791,0.0,1,SIMULATED,SIMULATED,SIMULATED,SIMULATED
1.6,-3.4,77,123.7714,673.5184,256.1857,0.0,2,SIMULATED,SIMULATED,SIMULATED,SIMULATED
1.6,-3.4,44,-117.7075,709.627,285.4561,0.4962,1,SIMULATED,SIMULATED,SIMULATED,SIMULATED
1.6,-3.4,55,-316.3159,264.6099,303.0843,-0.4738,1,SIMULATED,SIMULATED,SIMULATED,SIMULATED
1.6,-3.4,4,445.0804,762.0832,265.0198,0.0,2,SIMULATED,SIMULATED,SIMULATED,SIMULATED
1.6,-3.4,23,172.1584,1012.4321,261.4681,-0.4163,2,SIMULATED,SIMULATED,SIMULATED,SIMULATED
1.6,-3.4,16,-392.1889,594.8819,257.0424,-0.2459,1,SIMULATED,SIMULATED,SIMULATED,SIMULATED
1.8,-3.2,77,132.9702,663.6726,256.1857,0.0,2,SIMULATED,SIMULATED,SIMULATED,SIMULATED
1.8,-3.2,44,-112.5803,724.6923,289.3325,0.5488,1,SIMULATED,SIMULATED,SIMULATED,SIMULATED
1.8,-3.2,55,-324.5451,279.1097,300.113,-0.4207,1,SIMULATED,SIMULATED,SIMULATED,SIMULATED
1.8,-3.2,4,459.1887,759.0973,265.0198,0.0,2,SIMULATED,SIMULATED,SIMULATED,SIMULATED
1.8,-3.2,23,186.3788,1009.0554,261.4681,-0.0,2,SIMULATED,SIMULATED,SIMULATED,SIMULATED
1.8,-3.2,16,-378.3144,594.3333,252.1478,-0.693,1,SIMULATED,SIMULATED,SIMULATED,SIMULATED
2.0,-3.0,77,146.104,659.9479,256.1857,0.0,2,SIMULATED,SIMULATED,SIMULATED,SIMULATED
2.0,-3.0,44,-105.9054,739.4773,293.6279,0.6081,1,SIMULATED,SIMULATED,SIMULATED,SIMULATED
2.0,-3.0,55,-332.7028,293.4643,297.1925,-0.4135,1,SIMULATED,SIMULATED,SIMULATED,SIMULATED
2.0,-3.0,4,472.3181,753.0518,265.0171,-0.0004,2,SIMULATED,SIMULATED,SIMULATED,SIMULATED
2.0,-3.0,23,199.8742,1003.5057,261.4681,0.0,2,SIMULATED,SIMULATED,SIMULATED,SIMULATED
2.0,-3.0,16,-364.9481,591.5056,247.9446,-0.5951,1,SIMULATED,SIMULATED,SIMULATED,SIMULATED
2.2,-2.8,77,160.0079,660.6606,256.1857,0.0,2,SIMULATED,SIMULATED,SIMULATED,SIMULATED
2.2,-2.8,44,-97.8836,753.8326,297.1836,0.5034,2,SIMULATED,SIMULATED,SIMULATED,SIMULATED
2.2,-2.8,55,-340.8119,307.6557,294.2592,-0.4153,1,SIMULATED,SIMULATED,SIMULATED,SIMULATED
2.2,-2.8,4,483.4466,744.0103,265.0171,0.0,2,SIMULATED,SIMULATED,SIMULATED,SIMULATED
2.2,-2.8,23,212.3997,996.0349,261.4681,0.0,2,SIMULATED,SIMULATED,SIMULATED,SIMULATED
2.2,-2.8,16,-352.3548,586.7741,243.1093,-0.6846,1,SIMULATED,SIMULATED,SIMULATED,SIMULATED
2.4,-2.6,77,173.7946,663.8201,256.1857,0.0,2,SIMULATED,SIMULATED,SIMULATED,SIMULATED
2.4,-2.6,44,-88.8757,767.7741,300.4121,0.4571,2,SIMULATED,SIMULATED,SIMULATED,SIMULATED
2.4,-2.6,55,-348.877,321.7135,291.7728,-0.352,1,SIMULATED,SIMULATED,SIMULATED,SIMULATED
2.4,-2.6,4,491.7711,732.3144,265.0171,0.0,2,SIMULATED,SIMULATED,SIMULATED,SIMULATED
2.4,-2.6,23,223.9169,987.1461,261.4681,0.0,2,SIMULATED,SIMULATED,SIMULATED,SIMULATED
2.4,-2.6,16,-340.5227,580.9301,238.4863,-0.6545,1,SIMULATED,SIMULATED,SIMULATED,SIMULATED
2.6,-2.4,77,187.2028,668.1075,255.2551,-0.1318,2,SIMULATED,SIMULATED,SIMULATED,SIMULATED
2.6,-2.4,44,-79.0723,781.2489,300.6727,0.0369,2,SIMULATED,SIMULATED,SIMULATED,SIMULATED
2.6,-2.4,55,-356.8907,335.6313,289.1161,-0.3761,1,SIMULATED,SIMULATED,SIMULATED,SIMULATED
2.6,-2.4,4,497.0052,718.9697,265.0171,0.0,2,SIMULATED,SIMULATED,SIMULATED,SIMULATED
2.6,-2.4,23,234.7638,977.4309,261.4681,0.0,2,SIMULATED,SIMULATED,SIMULATED,SIMULATED
2.6,-2.4,16,-329.2406,574.4959,234.2522,-0.5995,1,SIMULATED,SIMULATED,SIMULATED,SIMULATED
2.8,-2.2,77,200.235,673.004,250.655,-0.6513,2,SIMULATED,SIMULATED,SIMULATED,SIMULATED
2.8,-2.2,44,-68.6718,794.3023,301.0779,0.0574,2,SIMULATED,SIMULATED,SIMULATED,SIMULATED
2.8,-2.2,55,-364.8525,349.4154,286.5722,-0.3602,1,SIMULATED,SIMULATED,SIMULATED,SIMULATED
2.8,-2.2,4,499.1409,704.7154,265.012,-0.0007,2,SIMULATED,SIMULATED,SIMULATED,SIMULATED
2.8,-2.2,23,244.9068,966.9978,261.4681,0.0,2,SIMULATED,SIMULATED,SIMULATED,SIMULATED
2.8,-2.2,16,-318.3017,567.6862,232.1215,-0.3017,1,SIMULATED,SIMULATED,SIMULATED,SIMULATED
3.0,-2.0,77,213.0167,678.0575,247.7345,-0.4135,2,SIMULATED,SIMULATED,SIMULATED,SIMULATED
3.0,-2.0,44,-57.8053,806.9863,301.2692,0.0271,2,SIMULATED,SIMULATED,SIMULATED,SIMULATED
3.0,-2.0,55,-372.7588,363.0652,283.9388,-0.3728,1,SIMULATED,SIMULATED,SIMULATED,SIMULATED
3.0,-2.0,4,498.3656,690.5204,263.373,-0.232,2,SIMULATED,SIMULATED,SIMULATED,SIMULATED
3.0,-2.0,23,253.9541,955.5697,261.4681,0.0,2,SIMULATED,SIMULATED,SIMULATED,SIMULATED
3.0,-2.0,16,-307.5585,560.7076,230.7128,-0.1994,1,SIMULATED,SIMULATED,SIMULATED,SIMULATED
3.2,-1.7999999999999998,77,225.6232,683.1343,244.8133,-0.4136,2,SIMULATED,SIMULATED,SIMULATED,SIMULATED
3.2,-1.7999999999999998,44,-46.779,819.4602,299.8769,-0.1971,2,SIMULATED,SIMULATED,SIMULATED,SIMULATED
3.2,-1.7999999999999998,55,-380.5914,376.5892,281.2433,-0.3816,1,SIMULATED,SIMULATED,SIMULATED,SIMULATED
3.2,-1.7999999999999998,4,493.6789,677.0813,259.6495,-0.5272,2,SIMULATED,SIMULATED,SIMULATED,SIMULATED
3.2,-1.7999999999999998,23,262.0541,943.4832,261.4681,0.0,2,SIMULATED,SIMULATED,SIMULATED,SIMULATED
3.2,-1.7999999999999998,16,-296.8237,553.6518,231.2411,0.0748,1,SIMULATED,SIMULATED,SIMULATED,SIMULATED
3.4,-1.6,77,238.1953,688.3304,244.9683,0.0219,2,SIMULATED,SIMULATED,SIMULATED,SIMULATED
3.4,-1.6,44,-35.6885,831.7086,297.5728,-0.3262,2,SIMULATED,SIMULATED,SIMULATED,SIMULATED
3.4,-1.6,55,-388.3298,390.0429,279.3685,-0.2654,1,SIMULATED,SIMULATED,SIMULATED,SIMULATED
3.4,-1.6,4,486.5118,665.0514,256.9201,-0.3864,2,SIMULATED,SIMULATED,SIMULATED,SIMULATED
3.4,-1.6,23,268.6672,930.4777,261.4681,0.0,2,SIMULATED,SIMULATED,SIMULATED,SIMULATED
3.4,-1.6,16,-286.0354,546.5646,232.3262,0.1536,1,SIMULATED,SIMULATED,SIMULATED,SIMULATED
3.6,-1.4,77,250.7323,693.6109,244.9565,-0.0017,2,SIMULATED,SIMULATED,SIMULATED,SIMULATED
3.6,-1.4,44,-24.6868,843.8227,294.5551,-0.4272,2,SIMULATED,SIMULATED,SIMULATED,SIMULATED
3.6,-1.4,55,-395.9719,403.3914,276.8142,-0.3616,1,SIMULATED,SIMULATED,SIMULATED,SIMULATED
3.6,-1.4,4,477.9967,653.9151,254.0764,-0.4026,2,SIMULATED,SIMULATED,SIMULATED,SIMULATED
3.6,-1.4,23,273.1898,916.5871,261.4681,0.0,2,SIMULATED,SIMULATED,SIMULATED,SIMULATED
3.6,-1.4,16,-275.1721,539.4458,233.779,0.2057,1,SIMULATED,SIMULATED,SIMULATED,SIMULATED
3.8,-1.2000000000000002,77,263.2392,699.0066,245.5147,0.079,2,SIMULATED,SIMULATED,SIMULATED,SIMULATED
3.8,-1.2000000000000002,44,-13.806,855.8421,291.7893,-0.3916,2,SIMULATED,SIMULATED,SIMULATED,SIMULATED
3.8,-1.2000000000000002,55,-403.5061,416.6752,274.7794,-0.2881,1,SIMULATED,SIMULATED,SIMULATED,SIMULATED
3.8,-1.2000000000000002,4,468.85,643.3563,252.4648,-0.2282,2,SIMULATED,SIMULATED,SIMULATED,SIMULATED
3.8,-1.2000000000000002,23,275.1057,902.1575,261.4906,0.0032,2,SIMULATED,SIMULATED,SIMULATED,SIMULATED
3.8,-1.2000000000000002,16,-264.1394,532.2706,236.836,0.4328,1,SIMULATED,SIMULATED,SIMULATED,SIMULATED
4.0,-1.0,77,275.7564,704.611,246.9496,0.2032,2,SIMULATED,SIMULATED,SIMULATED,SIMULATED
4.0,-1.0,44,-3.0382,867.7551,289.0493,-0.3879,2,SIMULATED,SIMULATED,SIMULATED,SIMULATED
4.0,-1.0,55,-410.8832,429.8986,272.375,-0.3404,1,SIMULATED,SIMULATED,SIMULATED,SIMULATED
4.0,-1.0,4,459.5626,632.9166,251.3225,-0.1617,3,SIMULATED,SIMULATED,SIMULATED,SIMULATED
4.0,-1.0,23,273.6773,887.5364,262.9817,0.2111,2,SIMULATED,SIMULATED,SIMULATED,SIMULATED
4.0,-1.0,16,-252.874,525.0312,240.9886,0.5879,1,SIMULATED,SIMULATED,SIMULATED,SIMULATED
4.2,-0.7999999999999998,77,288.2908,710.3186,248.0177,0.1512,2,SIMULATED,SIMULATED,SIMULATED,SIMULATED
4.2,-0.7999999999999998,44,7.6772,879.6004,287.5234,-0.216,2,SIMULATED,SIMULATED,SIMULATED,SIMULATED
4.2,-0.7999999999999998,55,-418.0338,443.0947,269.8413,-0.3587,1,SIMULATED,SIMULATED,SIMULATED,SIMULATED
4.2,-0.7999999999999998,4,450.3574,622.3497,252.0707,0.1059,3,SIMULATED,SIMULATED,SIMULATED,SIMULATED
4.2,-0.7999999999999998,23,269.0946,873.4283,265.907,0.4142,2,SIMULATED,SIMULATED,SIMULATED,SIMULATED
4.2,-0.7999999999999998,16,-241.235,517.8469,245.937,0.7006,1,SIMULATED,SIMULATED,SIMULATED,SIMULATED
4.4,-0.5999999999999996,77,300.905,716.0989,249.729,0.2423,2,SIMULATED,SIMULATED,SIMULATED,SIMULATED
4.4,-0.5999999999999996,44,18.3764,891.411,286.8625,-0.0936,2,SIMULATED,SIMULATED,SIMULATED,SIMULATED
4.4,-0.5999999999999996,55,-424.9506,456.2504,267.3291,-0.3557,1,SIMULATED,SIMULATED,SIMULATED,SIMULATED
4.4,-0.5999999999999996,4,441.3771,611.4274,253.8054,0.2456,3,SIMULATED,SIMULATED,SIMULATED,SIMULATED
4.4,-0.5999999999999996,23,261.8533,860.3363,268.0949,0.3098,2,SIMULATED,SIMULATED,SIMULATED,SIMULATED
4.4,-0.5999999999999996,16,-229.1066,510.9055,251.0909,0.7297,1,SIMULATED,SIMULATED,SIMULATED,SIMULATED
4.6,-0.40000000000000036,77,313.6337,721.9097,251.8676,0.3028,2,SIMULATED,SIMULATED,SIMULATED,SIMULATED
4.6,-0.40000000000000036,44,29.0697,903.2287,286.8561,-0.0009,2,SIMULATED,SIMULATED,SIMULATED,SIMULATED
4.6,-0.40000000000000036,55,-431.5048,469.4451,264.6542,-0.3787,1,SIMULATED,SIMULATED,SIMULATED,SIMULATED
4.6,-0.40000000000000036,4,432.7141,600.0342,256.4388,0.3728,3,SIMULATED,SIMULATED,SIMULATED,SIMULATED
4.6,-0.40000000000000036,23,252.6568,848.5503,268.3226,0.0322,2,SIMULATED,SIMULATED,SIMULATED,SIMULATED
4.6,-0.40000000000000036,16,-216.2384,504.7269,255.9539,0.6885,1,SIMULATED,SIMULATED,SIMULATED,SIMULATED
4.8,-0.20000000000000018,77,326.4526,727.7357,253.3861,0.215,2,SIMULATED,SIMULATED,SIMULATED,SIMULATED
4.8,-0.20000000000000018,44,39.7394,915.0077,286.0918,-0.1082,2,SIMULATED,SIMULATED,SIMULATED,SIMULATED
4.8,-0.20000000000000018,55,-437.4806,482.8424,262.3542,-0.3256,1,SIMULATED,SIMULATED,SIMULATED,SIMULATED
4.8,-0.20000000000000018,4,424.4828,588.1668,259.0185,0.3652,3,SIMULATED,SIMULATED,SIMULATED,SIMULATED
4.8,-0.20000000000000018,23,242.6254,837.6081,266.6926,-0.2308,2,SIMULATED,SIMULATED,SIMULATED,SIMULATED
4.8,-0.20000000000000018,16,-202.3042,500.5178,260.7563,0.6799,1,SIMULATED,SIMULATED,SIMULATED,SIMULATED
5.0,0.0,77,339.3749,733.5015,254.5762,0.1685,2,SIMULATED,SIMULATED,SIMULATED,SIMULATED
5.0,0.0,44,50.3595,926.734,284.7742,-0.1866,2,SIMULATED,SIMULATED,SIMULATED,SIMULATED
5.0,0.0,55,-442.5323,496.4384,260.1084,-0.318,1,SIMULATED,SIMULATED,SIMULATED,SIMULATED
5.0,0.0,4,416.8168,575.7249,262.298,0.4643,3,SIMULATED,SIMULATED,SIMULATED,SIMULATED
5.0,0.0,23,232.2019,827.2936,263.8454,-0.4031,2,SIMULATED,SIMULATED,SIMULATED,SIMULATED
5.0,0.0,16,-187.563,498.7511,265.6158,0.688,1,SIMULATED,SIMULATED,SIMULATED,SIMULATED
5.2,0.20000000000000018,77,352.3678,739.2326,255.5676,0.1404,2,SIMULATED,SIMULATED,SIMULATED,SIMULATED
5.2,0.20000000000000018,44,60.9798,938.4474,284.6183,-0.0221,2,SIMULATED,SIMULATED,SIMULATED,SIMULATED
5.2,0.20000000000000018,55,-446.7192,510.3258,259.1446,-0.1365,1,SIMULATED,SIMULATED,SIMULATED,SIMULATED
5.2,0.20000000000000018,4,409.8615,562.559,266.3903,0.5794,3,SIMULATED,SIMULATED,SIMULATED,SIMULATED
5.2,0.20000000000000018,23,221.8304,817.2304,260.093,-0.5313,2,SIMULATED,SIMULATED,SIMULATED,SIMULATED
5.2,0.20000000000000018,16,-172.6683,500.5692,269.0107,0.4807,1,SIMULATED,SIMULATED,SIMULATED,SIMULATED
5.4,0.40000000000000036,77,365.5147,744.8732,257.1066,0.2179,2,SIMULATED,SIMULATED,SIMULATED,SIMULATED
5.4,0.40000000000000036,44,71.6086,950.1433,284.4919,-0.0179,2,SIMULATED,SIMULATED,SIMULATED,SIMULATED
5.4,0.40000000000000036,55,-449.564,524.5141,258.7791,-0.0517,1,SIMULATED,SIMULATED,SIMULATED,SIMULATED
5.4,0.40000000000000036,4,403.4879,549.0091,268.7392,0.3326,3,SIMULATED,SIMULATED,SIMULATED,SIMULATED
5.4,0.40000000000000036,23,211.699,807.3332,255.0146,-0.719,2,SIMULATED,SIMULATED,SIMULATED,SIMULATED
5.4,0.40000000000000036,16,-158.5067,505.6194,269.4766,0.066,1,SIMULATED,SIMULATED,SIMULATED,SIMULATED
5.6,0.5999999999999996,77,378.864,750.3203,259.2541,0.304,2,SIMULATED,SIMULATED,SIMULATED,SIMULATED
5.6,0.5999999999999996,44,82.2427,961.7821,283.8408,-0.0922,2,SIMULATED,SIMULATED,SIMULATED,SIMULATED
5.6,0.5999999999999996,55,-450.4556,539.0177,258.7791,0.0,1,SIMULATED,SIMULATED,SIMULATED,SIMULATED
5.6,0.5999999999999996,4,397.6403,535.0267,271.6151,0.4072,3,SIMULATED,SIMULATED,SIMULATED,SIMULATED
5.6,0.5999999999999996,23,201.9314,797.595,248.3457,-0.9442,2,SIMULATED,SIMULATED,SIMULATED,SIMULATED
5.6,0.5999999999999996,16,-146.3286,514.3541,268.6393,-0.1185,1,SIMULATED,SIMULATED,SIMULATED,SIMULATED
5.8,0.7999999999999998,77,392.5206,755.4988,262.4613,0.4541,2,SIMULATED,SIMULATED,SIMULATED,SIMULATED
5.8,0.7999999999999998,44,92.9731,973.1518,282.0928,-0.2475,2,SIMULATED,SIMULATED,SIMULATED,SIMULATED
5.8,0.7999999999999998,55,-448.7502,553.513,258.7791,0.0,1,SIMULATED,SIMULATED,SIMULATED,SIMULATED
5.8,0.7999999999999998,4,392.3098,520.7714,273.6396,0.2866,3,SIMULATED,SIMULATED,SIMULATED,SIMULATED
5.8,0.7999999999999998,23,192.4933,787.9592,242.9176,-0.7685,2,SIMULATED,SIMULATED,SIMULATED,SIMULATED
5.8,0.7999999999999998,16,-137.0175,526.0995,268.5774,-0.0088,1,SIMULATED,SIMULATED,SIMULATED,SIMULATED
6.0,1.0,77,406.5016,760.1111,263.5527,0.1545,2,SIMULATED,SIMULATED,SIMULATED,SIMULATED
6.0,1.0,44,104.0404,984.0251,280.1487,-0.2752,2,SIMULATED,SIMULATED,SIMULATED,SIMULATED
6.0,1.0,55,-443.3919,567.1943,258.7791,0.0,1,SIMULATED,SIMULATED,SIMULATED,SIMULATED
6.0,1.0,4,387.1224,506.494,273.9481,0.0437,3,SIMULATED,SIMULATED,SIMULATED,SIMULATED
6.0,1.0,23,183.2814,778.3687,239.4249,-0.4945,2,SIMULATED,SIMULATED,SIMULATED,SIMULATED
6.0,1.0,16,-130.2332,539.4592,268.5774,0.0,1,SIMULATED,SIMULATED,SIMULATED,SIMULATED
6.2,1.2000000000000002,77,420.8353,763.6048,264.7428,0.1685,2,SIMULATED,SIMULATED,SIMULATED,SIMULATED
6.2,1.2000000000000002,44,115.711,993.8421,276.9471,-0.4533,2,SIMULATED,SIMULATED,SIMULATED,SIMULATED
6.2,1.2000000000000002,55,-434.5458,578.9068,258.7791,0.0,1,SIMULATED,SIMULATED,SIMULATED,SIMULATED
6.2,1.2000000000000002,4,381.5385,492.3264,274.2399,0.0413,3,SIMULATED,SIMULATED,SIMULATED,SIMULATED
6.2,1.2000000000000002,23,174.3084,768.8365,235.7752,-0.5167,2,SIMULATED,SIMULATED,SIMULATED,SIMULATED
6.2,1.2000000000000002,16,-126.3006,553.9367,268.5774,0.0,1,SIMULATED,SIMULATED,SIMULATED,SIMULATED
6.4,1.4000000000000004,77,435.6965,764.7377,265.0198,0.0392,2,SIMULATED,SIMULATED,SIMULATED,SIMULATED
6.4,1.4000000000000004,44,128.307,1001.8938,271.9744,-0.704,2,SIMULATED,SIMULATED,SIMULATED,SIMULATED
6.4,1.4000000000000004,55,-423.022,587.8187,258.7791,0.0,1,SIMULATED,SIMULATED,SIMULATED,SIMULATED
6.4,1.4000000000000004,4,375.5019,478.4694,273.267,-0.1378,3,SIMULATED,SIMULATED,SIMULATED,SIMULATED
6.4,1.4000000000000004,23,165.5246,759.2447,234.2493,-0.216,2,SIMULATED,SIMULATED,SIMULATED,SIMULATED
6.4,1.4000000000000004,16,-124.2062,568.7589,268.5774,0.0,1,SIMULATED,SIMULATED,SIMULATED,SIMULATED
6.6,1.5999999999999996,77,450.5176,763.5232,265.0198,0.0,2,SIMULATED,SIMULATED,SIMULATED,SIMULATED
6.6,1.5999999999999996,44,141.7983,1007.7677,268.6653,-0.4685,2,SIMULATED,SIMULATED,SIMULATED,SIMULATED
6.6,1.5999999999999996,55,-409.6227,593.5955,258.7791,-0.0,1,SIMULATED,SIMULATED,SIMULATED,SIMULATED
6.6,1.5999999999999996,4,368.0718,465.5352,272.2739,-0.1406,3,SIMULATED,SIMULATED,SIMULATED,SIMULATED
6.6,1.5999999999999996,23,156.9097,749.3936,235.8288,0.2236,2,SIMULATED,SIMULATED,SIMULATED,SIMULATED
6.6,1.5999999999999996,16,-123.3894,583.692,268.5774,0.0,1,SIMULATED,SIMULATED,SIMULATED,SIMULATED
6.8,1.7999999999999998,77,464.8049,759.2457,265.0184,-0.0002,2,SIMULATED,SIMULATED,SIMULATED,SIMULATED
6.8,1.7999999999999998,44,155.9489,1011.0904,264.8407,-0.5415,2,SIMULATED,SIMULATED,SIMULATED,SIMULATED
6.8,1.7999999999999998,55,-395.2427,596.4347,257.8463,-0.1321,1,SIMULATED,SIMULATED,SIMULATED,SIMULATED
6.8,1.7999999999999998,4,358.771,453.8451,272.1704,-0.0146,3,SIMULATED,SIMULATED,SIMULATED,SIMULATED
6.8,1.7999999999999998,23,148.4701,739.2261,238.0623,0.3162,2,SIMULATED,SIMULATED,SIMULATED,SIMULATED
6.8,1.7999999999999998,16,-123.4298,598.6197,268.5774,-0.0,1,SIMULATED,SIMULATED,SIMULATED,SIMULATED
7.0,2.0,77,477.7956,751.9355,265.0171,-0.0002,2,SIMULATED,SIMULATED,SIMULATED,SIMULATED
7.0,2.0,44,170.2349,1011.0552,261.7237,-0.4413,2,SIMULATED,SIMULATED,SIMULATED,SIMULATED
7.0,2.0,55,-381.0781,596.4108,253.1458,-0.6655,1,SIMULATED,SIMULATED,SIMULATED,SIMULATED
7.0,2.0,4,347.9443,443.7155,271.3292,-0.1191,3,SIMULATED,SIMULATED,SIMULATED,SIMULATED
7.0,2.0,23,140.2265,728.6553,241.6608,0.5095,2,SIMULATED,SIMULATED,SIMULATED,SIMULATED
7.0,2.0,16,-123.6822,613.5434,268.5774,0.0,1,SIMULATED,SIMULATED,SIMULATED,SIMULATED
7.2,2.2,77,488.4276,741.4437,265.0171,0.0,2,SIMULATED,SIMULATED,SIMULATED,SIMULATED
7.2,2.2,44,184.1812,1008.1801,261.4681,-0.0362,2,SIMULATED,SIMULATED,SIMULATED,SIMULATED
7.2,2.2,55,-367.2553,593.8855,249.1065,-0.5719,1,SIMULATED,SIMULATED,SIMULATED,SIMULATED
7.2,2.2,4,335.826,435.1476,269.1376,-0.3103,3,SIMULATED,SIMULATED,SIMULATED,SIMULATED
7.2,2.2,23,132.395,717.4823,246.383,0.6686,2,SIMULATED,SIMULATED,SIMULATED,SIMULATED
7.2,2.2,16,-123.9988,628.467,268.6773,0.0141,1,SIMULATED,SIMULATED,SIMULATED,SIMULATED
7.4,2.4000000000000004,77,496.0197,728.6093,265.0171,0.0,2,SIMULATED,SIMULATED,SIMULATED,SIMULATED
7.4,2.4000000000000004,44,197.5553,1003.0381,261.4681,0.0,2,SIMULATED,SIMULATED,SIMULATED,SIMULATED
7.4,2.4000000000000004,55,-354.2628,589.4419,244.0005,-0.7229,1,SIMULATED,SIMULATED,SIMULATED,SIMULATED
7.4,2.4000000000000004,4,322.8463,428.7511,264.678,-0.6314,3,SIMULATED,SIMULATED,SIMULATED,SIMULATED
7.4,2.4000000000000004,23,125.5214,705.4147,251.099,0.6677,2,SIMULATED,SIMULATED,SIMULATED,SIMULATED
7.4,2.4000000000000004,16,-124.227,643.496,270.6422,0.2782,1,SIMULATED,SIMULATED,SIMULATED,SIMULATED
7.6,2.5999999999999996,77,500.3303,714.308,265.0171,0.0,2,SIMULATED,SIMULATED,SIMULATED,SIMULATED
7.6,2.5999999999999996,44,210.0355,995.7936,261.4681,0.0,2,SIMULATED,SIMULATED,SIMULATED,SIMULATED
7.6,2.5999999999999996,55,-342.119,583.736,239.5781,-0.6261,1,SIMULATED,SIMULATED,SIMULATED,SIMULATED
7.6,2.5999999999999996,4,309.4497,423.6238,260.1269,-0.6443,3,SIMULATED,SIMULATED,SIMULATED,SIMULATED
7.6,2.5999999999999996,23,121.0439,692.1799,255.6296,0.6414,2,SIMULATED,SIMULATED,SIMULATED,SIMULATED
7.6,2.5999999999999996,16,-124.1412,658.7083,274.1078,0.4907,1,SIMULATED,SIMULATED,SIMULATED,SIMULATED
7.8,2.8,77,501.5221,699.5635,264.8253,-0.0272,2,SIMULATED,SIMULATED,SIMULATED,SIMULATED
7.8,2.8,44,221.5514,987.1478,261.4681,0.0,2,SIMULATED,SIMULATED,SIMULATED,SIMULATED
7.8,2.8,55,-330.7247,577.3414,234.6405,-0.6991,1,SIMULATED,SIMULATED,SIMULATED,SIMULATED
7.8,2.8,4,295.776,419.5977,257.7922,-0.3305,3,SIMULATED,SIMULATED,SIMULATED,SIMULATED
7.8,2.8,23,121.5518,678.251,256.1857,0.0787,2,SIMULATED,SIMULATED,SIMULATED,SIMULATED
7.8,2.8,16,-123.6554,674.083,277.1281,0.4276,1,SIMULATED,SIMULATED,SIMULATED,SIMULATED
8.0,3.0,77,499.0841,684.9453,262.3092,-0.3562,2,SIMULATED,SIMULATED,SIMULATED,SIMULATED
8.0,3.0,44,232.4057,977.6192,261.4681,0.0,2,SIMULATED,SIMULATED,SIMULATED,SIMULATED
8.0,3.0,55,-319.6589,570.5692,232.6182,-0.2863,1,SIMULATED,SIMULATED,SIMULATED,SIMULATED
8.0,3.0,4,282.0537,416.1194,255.9122,-0.2662,3,SIMULATED,SIMULATED,SIMULATED,SIMULATED
8.0,3.0,23,128.4721,666.3895,256.1857,0.0,2,SIMULATED,SIMULATED,SIMULATED,SIMULATED
8.0,3.0,16,-122.318,689.5555,280.7017,0.506,1,SIMULATED,SIMULATED,SIMULATED,SIMULATED
8.2,3.1999999999999993,77,493.2482,671.5709,258.8994,-0.4828,2,SIMULATED,SIMULATED,SIMULATED,SIMULATED
8.2,3.1999999999999993,44,242.5662,967.3399,261.4681,0.0,2,SIMULATED,SIMULATED,SIMULATED,SIMULATED
8.2,3.1999999999999993,55,-308.8876,563.6092,230.6161,-0.2835,1,SIMULATED,SIMULATED,SIMULATED,SIMULATED
8.2,3.1999999999999993,4,268.2507,413.1058,254.525,-0.1964,3,SIMULATED,SIMULATED,SIMULATED,SIMULATED
8.2,3.1999999999999993,23,140.7415,660.1896,256.1857,0.0,2,SIMULATED,SIMULATED,SIMULATED,SIMULATED
8.2,3.1999999999999993,16,-119.3343,705.0178,284.3641,0.5185,1,SIMULATED,SIMULATED,SIMULATED,SIMULATED
8.4,3.4000000000000004,77,485.4012,659.6328,255.907,-0.4237,2,SIMULATED,SIMULATED,SIMULATED,SIMULATED
8.4,3.4000000000000004,44,251.6682,956.1783,261.4681,0.0,2,SIMULATED,SIMULATED,SIMULATED,SIMULATED
8.4,3.4000000000000004,55,-298.1535,556.5629,231.0408,0.0601,1,SIMULATED,SIMULATED,SIMULATED,SIMULATED
8.4,3.4000000000000004,4,254.4684,410.2371,253.5161,-0.1428,3,SIMULATED,SIMULATED,SIMULATED,SIMULATED
8.4,3.4000000000000004,23,154.7535,659.5218,256.1857,0.0,2,SIMULATED,SIMULATED,SIMULATED,SIMULATED
8.4,3.4000000000000004,16,-114.8291,720.3293,288.1106,0.5304,1,SIMULATED,SIMULATED,SIMULATED,SIMULATED
8.6,3.5999999999999996,77,476.4403,648.6813,252.867,-0.4304,2,SIMULATED,SIMULATED,SIMULATED,SIMULATED
8.6,3.5999999999999996,44,259.8092,944.2289,261.4681,0.0,2,SIMULATED,SIMULATED,SIMULATED,SIMULATED
8.6,3.5999999999999996,55,-287.3715,549.4748,232.2876,0.1765,1,SIMULATED,SIMULATED,SIMULATED,SIMULATED
8.6,3.5999999999999996,4,240.6991,407.469,252.9347,-0.0823,3,SIMULATED,SIMULATED,SIMULATED,SIMULATED
8.6,3.5999999999999996,23,168.6806,661.9812,256.1857,0.0,2,SIMULATED,SIMULATED,SIMULATED,SIMULATED
8.6,3.5999999999999996,16,-108.5938,735.2351,292.4171,0.6097,1,SIMULATED,SIMULATED,SIMULATED,SIMULATED
8.8,3.8000000000000007,77,467.1634,638.1728,252.0991,-0.1087,2,SIMULATED,SIMULATED,SIMULATED,SIMULATED
8.8,3.8000000000000007,44,266.5699,931.5719,261.4681,-0.0,2,SIMULATED,SIMULATED,SIMULATED,SIMULATED
8.8,3.8000000000000007,55,-276.5307,542.3678,233.3517,0.1507,1,SIMULATED,SIMULATED,SIMULATED,SIMULATED
8.8,3.8000000000000007,4,226.9337,404.4209,252.7451,-0.0268,3,SIMULATED,SIMULATED,SIMULATED,SIMULATED
8.8,3.8000000000000007,23,182.2775,665.8947,255.6082,-0.0818,2,SIMULATED,SIMULATED,SIMULATED,SIMULATED
8.8,3.8000000000000007,16,-100.8483,749.7122,296.2104,0.5371,1,SIMULATED,SIMULATED,SIMULATED,SIMULATED
9.0,4.0,77,457.9101,627.704,251.6599,-0.0622,3,SIMULATED,SIMULATED,SIMULATED,SIMULATED
9.0,4.0,44,271.2739,918.0116,261.4681,0.0,2,SIMULATED,SIMULATED,SIMULATED,SIMULATED
9.0,4.0,55,-265.5469,535.2087,236.0903,0.3877,1,SIMULATED,SIMULATED,SIMULATED,SIMULATED
9.0,4.0,4,213.3555,400.5698,252.7453,0.0,3,SIMULATED,SIMULATED,SIMULATED,SIMULATED
9.0,4.0,23,195.4359,670.6568,252.2093,-0.4812,2,SIMULATED,SIMULATED,SIMULATED,SIMULATED
9.0,4.0,16,-92.1699,763.88,299.4229,0.4548,2,SIMULATED,SIMULATED,SIMULATED,SIMULATED
9.2,4.199999999999999,77,448.7898,617.1257,252.1962,0.0759,3,SIMULATED,SIMULATED,SIMULATED,SIMULATED
9.2,4.199999999999999,44,273.4533,903.8516,261.4681,0.0,2,SIMULATED,SIMULATED,SIMULATED,SIMULATED
9.2,4.199999999999999,55,-254.3461,527.987,240.0543,0.5612,1,SIMULATED,SIMULATED,SIMULATED,SIMULATED
9.2,4.199999999999999,4,200.1683,395.3573,252.7453,0.0,3,SIMULATED,SIMULATED,SIMULATED,SIMULATED
9.2,4.199999999999999,23,208.2996,675.6404,248.4512,-0.5321,2,SIMULATED,SIMULATED,SIMULATED,SIMULATED
9.2,4.199999999999999,16,-82.5699,777.4689,300.3275,0.1281,2,SIMULATED,SIMULATED,SIMULATED,SIMULATED
9.4,4.4,77,440.0063,606.0575,254.8598,0.3771,3,SIMULATED,SIMULATED,SIMULATED,SIMULATED
9.4,4.4,44,272.6351,889.6701,262.793,0.1876,2,SIMULATED,SIMULATED,SIMULATED,SIMULATED
9.4,4.4,55,-242.849,520.7877,244.8363,0.677,1,SIMULATED,SIMULATED,SIMULATED,SIMULATED
9.4,4.4,4,187.669,388.763,252.7453,0.0,3,SIMULATED,SIMULATED,SIMULATED,SIMULATED
9.4,4.4,23,220.9546,680.7062,245.4403,-0.4263,2,SIMULATED,SIMULATED,SIMULATED,SIMULATED
9.4,4.4,16,-72.2887,790.6541,301.3055,0.1385,2,SIMULATED,SIMULATED,SIMULATED,SIMULATED
9.6,4.6,77,431.5187,594.5895,257.3423,0.3515,3,SIMULATED,SIMULATED,SIMULATED,SIMULATED
9.6,4.6,44,268.4731,875.7249,265.8022,0.426,2,SIMULATED,SIMULATED,SIMULATED,SIMULATED
9.6,4.6,55,-230.86,513.7926,250.3152,0.7757,1,SIMULATED,SIMULATED,SIMULATED,SIMULATED
9.6,4.6,4,176.4714,379.7312,252.7453,0.0,3,SIMULATED,SIMULATED,SIMULATED,SIMULATED
9.6,4.6,23,233.5361,685.8461,244.6905,-0.1062,2,SIMULATED,SIMULATED,SIMULATED,SIMULATED
9.6,4.6,16,-61.536,803.4487,301.078,-0.0322,2,SIMULATED,SIMULATED,SIMULATED,SIMULATED
9.8,4.800000000000001,77,423.5128,582.625,260.0314,0.3807,3,SIMULATED,SIMULATED,SIMULATED,SIMULATED
9.8,4.800000000000001,44,261.6992,862.7175,267.9327,0.3016,2,SIMULATED,SIMULATED,SIMULATED,SIMULATED
9.8,4.800000000000001,55,-218.3058,507.4661,254.922,0.6522,1,SIMULATED,SIMULATED,SIMULATED,SIMULATED
9.8,4.800000000000001,4,168.0274,368.1796,252.7454,0.0,3,SIMULATED,SIMULATED,SIMULATED,SIMULATED
9.8,4.800000000000001,23,246.0669,691.0917,244.618,-0.0103,2,SIMULATED,SIMULATED,SIMULATED,SIMULATED
9.8,4.800000000000001,16,-50.5517,815.9861,300.224,-0.1209,2,SIMULATED,SIMULATED,SIMULATED,SIMULATED
10.0,5.0,77,416.2103,570.0215,263.7972,0.5332,3,SIMULATED,SIMULATED,SIMULATED,SIMULATED
10.0,5.0,44,252.7166,850.9108,268.5506,0.0875,2,SIMULATED,SIMULATED,SIMULATED,SIMULATED
10.0,5.0,55,-204.8889,502.8631,259.6917,0.6753,1,SIMULATED,SIMULATED,SIMULATED,SIMULATED
10.0,5.0,4,163.39,354.6163,254.2575,0.2141,3,SIMULATED,SIMULATED,SIMULATED,SIMULATED
10.0,5.0,23,258.6055,696.4424,245.4436,0.1169,2,SIMULATED,SIMULATED,SIMULATED,SIMULATED
10.0,5.0,16,-39.4469,828.3112,298.6854,-0.2178,2,SIMULATED,SIMULATED,SIMULATED,SIMULATED
10.2,5.199999999999999,77,409.4742,556.8254,267.2443,0.488,3,SIMULATED,SIMULATED,SIMULATED,SIMULATED
10.2,5.199999999999999,44,242.799,839.976,266.9576,-0.2255,2,SIMULATED,SIMULATED,SIMULATED,SIMULATED
10.2,5.199999999999999,55,-190.5709,500.6321,264.6278,0.6989,1,SIMULATED,SIMULATED,SIMULATED,SIMULATED
10.2,5.199999999999999,4,162.9186,339.925,259.2066,0.7007,3,SIMULATED,SIMULATED,SIMULATED,SIMULATED
10.2,5.199999999999999,23,271.1173,701.9693,246.3609,0.1299,2,SIMULATED,SIMULATED,SIMULATED,SIMULATED
10.2,5.199999999999999,16,-28.4141,840.4622,295.4347,-0.4602,2,SIMULATED,SIMULATED,SIMULATED,SIMULATED
10.4,5.4,77,403.3736,543.2108,269.7642,0.3568,3,SIMULATED,SIMULATED,SIMULATED,SIMULATED
10.4,5.4,44,232.447,829.6292,264.2306,-0.3861,2,SIMULATED,SIMULATED,SIMULATED,SIMULATED
10.4,5.4,55,-176.0242,501.6079,268.5713,0.5583,1,SIMULATED,SIMULATED,SIMULATED,SIMULATED
10.4,5.4,4,167.7232,325.5823,265.024,0.8236,3,SIMULATED,SIMULATED,SIMULATED,SIMULATED
10.4,5.4,23,283.635,707.6342,247.3734,0.1434,2,SIMULATED,SIMULATED,SIMULATED,SIMULATED
10.4,5.4,16,-17.4951,852.5076,292.6216,-0.3983,2,SIMULATED,SIMULATED,SIMULATED,SIMULATED
10.6,5.6,77,397.7655,529.1836,272.492,0.3862,3,SIMULATED,SIMULATED,SIMULATED,SIMULATED
10.6,5.6,44,222.0602,819.5433,260.6577,-0.5059,2,SIMULATED,SIMULATED,SIMULATED,SIMULATED
10.6,5.6,55,-162.0664,505.6466,269.5339,0.1363,1,SIMULATED,SIMULATED,SIMULATED,SIMULATED
10.6,5.6,4,175.3129,312.7152,266.5248,0.2125,3,SIMULATED,SIMULATED,SIMULATED,SIMULATED
10.6,5.6,23,296.2128,713.3999,249.0526,0.2377,2,SIMULATED,SIMULATED,SIMULATED,SIMULATED
10.6,5.6,16,-6.6972,864.4532,289.8457,-0.393,2,SIMULATED,SIMULATED,SIMULATED,SIMULATED
10.8,5.800000000000001,77,392.5225,514.9147,273.9716,0.2095,3,SIMULATED,SIMULATED,SIMULATED,SIMULATED
10.8,5.800000000000001,44,211.8851,809.6239,255.6338,-0.7113,2,SIMULATED,SIMULATED,SIMULATED,SIMULATED
10.8,5.800000000000001,55,-149.7698,513.4525,268.6899,-0.1195,1,SIMULATED,SIMULATED,SIMULATED,SIMULATED
10.8,5.800000000000001,4,184.3742,300.8487,266.5248,0.0,3,SIMULATED,SIMULATED,SIMULATED,SIMULATED
10.8,5.800000000000001,23,308.8974,719.1971,251.0237,0.2791,2,SIMULATED,SIMULATED,SIMULATED,SIMULATED
10.8,5.800000000000001,16,4.0314,876.3178,287.9334,-0.2707,2,SIMULATED,SIMULATED,SIMULATED,SIMULATED
11.0,6.0,77,387.1886,500.6342,273.9213,-0.0071,3,SIMULATED,SIMULATED,SIMULATED,SIMULATED
11.0,6.0,44,202.0673,799.856,249.1385,-0.9196,2,SIMULATED,SIMULATED,SIMULATED,SIMULATED
11.0,6.0,55,-140.1641,524.4401,268.5774,-0.0159,1,SIMULATED,SIMULATED,SIMULATED,SIMULATED
11.0,6.0,4,194.5018,289.8949,266.5248,0.0,3,SIMULATED,SIMULATED,SIMULATED,SIMULATED
11.0,6.0,23,321.6885,725.0324,253.0359,0.2849,2,SIMULATED,SIMULATED,SIMULATED,SIMULATED
11.0,6.0,16,14.7289,888.1308,286.8685,-0.1508,2,SIMULATED,SIMULATED,SIMULATED,SIMULATED
11.2,6.199999999999999,77,381.5746,486.4802,273.9726,0.0073,3,SIMULATED,SIMULATED,SIMULATED,SIMULATED
11.2,6.199999999999999,44,192.5728,790.1977,243.5238,-0.7949,2,SIMULATED,SIMULATED,SIMULATED,SIMULATED
11.2,6.199999999999999,55,-133.0528,537.2901,268.5774,0.0,1,SIMULATED,SIMULATED,SIMULATED,SIMULATED
11.2,6.199999999999999,4,205.4116,279.7201,266.5248,0.0,3,SIMULATED,SIMULATED,SIMULATED,SIMULATED
11.2,6.199999999999999,23,334.5574,730.8172,253.9046,0.123,2,SIMULATED,SIMULATED,SIMULATED,SIMULATED
11.2,6.199999999999999,16,25.4256,899.9447,286.8561,-0.0018,2,SIMULATED,SIMULATED,SIMULATED,SIMULATED
11.4,6.4,77,374.9395,472.7298,272.7441,-0.1739,3,SIMULATED,SIMULATED,SIMULATED,SIMULATED
11.4,6.4,44,183.3228,780.5836,240.0255,-0.4953,2,SIMULATED,SIMULATED,SIMULATED,SIMULATED
11.4,6.4,55,-128.5872,551.2116,268.5774,0.0,1,SIMULATED,SIMULATED,SIMULATED,SIMULATED
11.4,6.4,4,216.9444,270.3528,266.5769,0.0074,3,SIMULATED,SIMULATED,SIMULATED,SIMULATED
11.4,6.4,23,347.5301,736.5548,255.3051,0.1983,2,SIMULATED,SIMULATED,SIMULATED,SIMULATED
11.4,6.4,16,36.1037,911.7403,286.4062,-0.0637,2,SIMULATED,SIMULATED,SIMULATED,SIMULATED
11.6,6.6,77,366.8856,459.8373,272.2843,-0.0651,3,SIMULATED,SIMULATED,SIMULATED,SIMULATED
11.6,6.6,44,174.3039,771.0374,236.1264,-0.552,2,SIMULATED,SIMULATED,SIMULATED,SIMULATED
11.6,6.6,55,-126.1652,565.8433,268.5774,-0.0,1,SIMULATED,SIMULATED,SIMULATED,SIMULATED
11.6,6.6,4,228.8963,261.4417,267.9179,0.1899,3,SIMULATED,SIMULATED,SIMULATED,SIMULATED
11.6,6.6,23,360.6002,742.2357,256.4428,0.1611,2,SIMULATED,SIMULATED,SIMULATED,SIMULATED
11.6,6.6,16,46.7408,923.4836,285.2001,-0.1707,2,SIMULATED,SIMULATED,SIMULATED,SIMULATED
11.8,6.800000000000001,77,356.585,448.5288,271.89,-0.0558,3,SIMULATED,SIMULATED,SIMULATED,SIMULATED
11.8,6.800000000000001,44,165.4854,761.4431,234.3038,-0.258,2,SIMULATED,SIMULATED,SIMULATED,SIMULATED
11.8,6.800000000000001,55,-125.2045,580.6182,268.5774,0.0,1,SIMULATED,SIMULATED,SIMULATED,SIMULATED
11.8,6.800000000000001,4,241.2413,252.8752,269.3154,0.1979,3,SIMULATED,SIMULATED,SIMULATED,SIMULATED
11.8,6.800000000000001,23,373.8441,747.7816,258.3346,0.2678,2,SIMULATED,SIMULATED,SIMULATED,SIMULATED
11.8,6.800000000000001,16,57.3586,935.2006,284.6239,-0.0816,2,SIMULATED,SIMULATED,SIMULATED,SIMULATED
12.0,7.0,77,345.0834,438.6962,270.7812,-0.157,3,SIMULATED,SIMULATED,SIMULATED,SIMULATED
12.0,7.0,44,156.826,751.6122,235.3017,0.1413,2,SIMULATED,SIMULATED,SIMULATED,SIMULATED
12.0,7.0,55,-125.0953,595.4763,268.5774,0.0,1,SIMULATED,SIMULATED,SIMULATED,SIMULATED
12.0,7.0,4,254.0425,244.7972,271.7615,0.3463,3,SIMULATED,SIMULATED,SIMULATED,SIMULATED
12.0,7.0,23,387.386,753.08,261.3984,0.4338,2,SIMULATED,SIMULATED,SIMULATED,SIMULATED
12.0,7.0,16,67.9851,946.9049,284.5741,-0.0071,2,SIMULATED,SIMULATED,SIMULATED,SIMULATED
12.2,7.199999999999999,77,332.3071,430.7311,267.7127,-0.4344,3,SIMULATED,SIMULATED,SIMULATED,SIMULATED
12.2,7.199999999999999,44,148.3475,741.4551,237.7654,0.3488,2,SIMULATED,SIMULATED,SIMULATED,SIMULATED
12.2,7.199999999999999,55,-125.3212,610.3864,268.5774,0.0,1,SIMULATED,SIMULATED,SIMULATED,SIMULATED
12.2,7.199999999999999,4,267.3222,237.1491,275.2217,0.4899,3,SIMULATED,SIMULATED,SIMULATED,SIMULATED
12.2,7.199999999999999,23,401.2001,757.9668,263.5527,0.305,2,SIMULATED,SIMULATED,SIMULATED,SIMULATED
12.2,7.199999999999999,16,78.6206,958.5707,284.184,-0.0552,2,SIMULATED,SIMULATED,SIMULATED,SIMULATED
12.4,7.4,77,318.9488,424.7101,262.9188,-0.6787,3,SIMULATED,SIMULATED,SIMULATED,SIMULATED
12.4,7.4,44,140.0383,730.9044,241.0652,0.4672,2,SIMULATED,SIMULATED,SIMULATED,SIMULATED
12.4,7.4,55,-125.6305,625.3004,268.5774,0.0,1,SIMULATED,SIMULATED,SIMULATED,SIMULATED
12.4,7.4,4,281.2223,230.0899,279.1165,0.5514,3,SIMULATED,SIMULATED,SIMULATED,SIMULATED
12.4,7.4,23,415.398,761.8974,264.3221,0.1089,2,SIMULATED,SIMULATED,SIMULATED,SIMULATED
12.4,7.4,16,89.3275,970.0543,282.7905,-0.1973,2,SIMULATED,SIMULATED,SIMULATED,SIMULATED
12.6,7.6,77,305.2416,419.9181,259.1287,-0.5366,3,SIMULATED,SIMULATED,SIMULATED,SIMULATED
12.6,7.6,44,132.0454,719.7268,246.0317,0.7031,2,SIMULATED,SIMULATED,SIMULATED,SIMULATED
12.6,7.6,55,-125.8881,640.3095,270.0022,0.2017,1,SIMULATED,SIMULATED,SIMULATED,SIMULATED
12.6,7.6,4,295.7318,223.7125,284.0428,0.6975,3,SIMULATED,SIMULATED,SIMULATED,SIMULATED
12.6,7.6,23,429.9846,764.1333,265.0198,0.0988,2,SIMULATED,SIMULATED,SIMULATED,SIMULATED
12.6,7.6,16,100.2165,981.1727,280.7205,-0.2931,2,SIMULATED,SIMULATED,SIMULATED,SIMULATED
12.8,7.800000000000001,77,291.428,416.1844,257.1685,-0.2775,3,SIMULATED,SIMULATED,SIMULATED,SIMULATED
12.8,7.800000000000001,44,124.9579,707.6419,250.4847,0.6304,2,SIMULATED,SIMULATED,SIMULATED,SIMULATED
12.8,7.800000000000001,55,-125.8994,655.5313,273.341,0.4727,1,SIMULATED,SIMULATED,SIMULATED,SIMULATED
12.8,7.800000000000001,4,310.8156,217.985,289.7793,0.8122,3,SIMULATED,SIMULATED,SIMULATED,SIMULATED
12.8,7.800000000000001,23,444.7738,763.8109,265.0198,0.0,2,SIMULATED,SIMULATED,SIMULATED,SIMULATED
12.8,7.800000000000001,16,111.7822,991.373,278.32,-0.3399,2,SIMULATED,SIMULATED,SIMULATED,SIMULATED
13.0,8.0,77,277.6051,412.8809,255.3452,-0.2581,3,SIMULATED,SIMULATED,SIMULATED,SIMULATED
13.0,8.0,44,119.9073,694.2322,255.1712,0.6635,2,SIMULATED,SIMULATED,SIMULATED,SIMULATED
13.0,8.0,55,-125.4938,670.9216,276.6003,0.4614,1,SIMULATED,SIMULATED,SIMULATED,SIMULATED
13.0,8.0,4,326.51,212.9498,295.4844,0.8077,3,SIMULATED,SIMULATED,SIMULATED,SIMULATED
13.0,8.0,23,459.2648,760.8503,265.0198,0.0,2,SIMULATED,SIMULATED,SIMULATED,SIMULATED
13.0,8.0,16,124.0278,1000.1741,273.4769,-0.6857,2,SIMULATED,SIMULATED,SIMULATED,SIMULATED
13.2,8.2,77,263.7939,409.9167,254.0866,-0.1782,3,SIMULATED,SIMULATED,SIMULATED,SIMULATED
13.2,8.2,44,119.7254,679.6782,256.1857,0.1436,2,SIMULATED,SIMULATED,SIMULATED,SIMULATED
13.2,8.2,55,-124.3977,686.4752,279.7587,0.4472,1,SIMULATED,SIMULATED,SIMULATED,SIMULATED
13.2,8.2,4,342.7127,208.6045,300.598,0.724,3,SIMULATED,SIMULATED,SIMULATED,SIMULATED
13.2,8.2,23,472.7427,754.7544,265.0171,-0.0004,2,SIMULATED,SIMULATED,SIMULATED,SIMULATED
13.2,8.2,16,137.4853,1006.6962,270.0989,-0.4782,2,SIMULATED,SIMULATED,SIMULATED,SIMULATED
13.4,8.4,77,249.9971,407.0783,253.3395,-0.1058,3,SIMULATED,SIMULATED,SIMULATED,SIMULATED
13.4,8.4,44,126.0863,666.6283,256.1857,0.0,2,SIMULATED,SIMULATED,SIMULATED,SIMULATED
13.4,8.4,55,-121.7684,702.1784,283.6271,0.5477,1,SIMULATED,SIMULATED,SIMULATED,SIMULATED
13.4,8.4,4,359.4188,205.1022,306.5032,0.8361,3,SIMULATED,SIMULATED,SIMULATED,SIMULATED
13.4,8.4,23,484.3204,745.532,265.0171,0.0,2,SIMULATED,SIMULATED,SIMULATED,SIMULATED
13.4,8.4,16,151.4809,1010.873,265.9146,-0.5924,2,SIMULATED,SIMULATED,SIMULATED,SIMULATED
13.6,8.6,77,236.2559,404.2713,252.7429,-0.0845,3,SIMULATED,SIMULATED,SIMULATED,SIMULATED
13.6,8.6,44,138.7197,659.0585,256.1857,0.0,2,SIMULATED,SIMULATED,SIMULATED,SIMULATED
13.6,8.6,55,-117.4774,717.63,287.2734,0.5162,1,SIMULATED,SIMULATED,SIMULATED,SIMULATED
13.6,8.6,4,376.5481,202.4536,310.7394,0.5998,3,SIMULATED,SIMULATED,SIMULATED,SIMULATED
13.6,8.6,23,493.0135,733.5536,265.0171,0.0,2,SIMULATED,SIMULATED,SIMULATED,SIMULATED
13.6,8.6,16,165.8793,1011.8423,262.5794,-0.4722,2,SIMULATED,SIMULATED,SIMULATED,SIMULATED
13.8,8.8,77,222.62,401.0711,252.7453,0.0003,3,SIMULATED,SIMULATED,SIMULATED,SIMULATED
13.8,8.8,44,153.1408,657.8586,256.1857,0.0,2,SIMULATED,SIMULATED,SIMULATED,SIMULATED
13.8,8.8,55,-111.6429,732.8251,291.4798,0.5955,1,SIMULATED,SIMULATED,SIMULATED,SIMULATED
13.8,8.8,4,393.9489,200.6682,313.3967,0.3762,3,SIMULATED,SIMULATED,SIMULATED,SIMULATED
13.8,8.8,23,498.5373,719.8251,265.0171,0.0,2,SIMULATED,SIMULATED,SIMULATED,SIMULATED
13.8,8.8,16,180.1538,1009.8515,261.4681,-0.1573,2,SIMULATED,SIMULATED,SIMULATED,SIMULATED
14.0,9.0,77,209.3861,396.8378,252.7453,0.0,3,SIMULATED,SIMULATED,SIMULATED,SIMULATED
14.0,9.0,44,167.3144,660.1103,256.1857,0.0,2,SIMULATED,SIMULATED,SIMULATED,SIMULATED
14.0,9.0,55,-104.0579,747.563,295.513,0.571,1,SIMULATED,SIMULATED,SIMULATED,SIMULATED
14.0,9.0,4,411.3702,199.8649,313.1985,-0.0281,3,SIMULATED,SIMULATED,SIMULATED,SIMULATED
14.0,9.0,23,500.8247,705.2092,265.0125,-0.0007,2,SIMULATED,SIMULATED,SIMULATED,SIMULATED
14.0,9.0,16,193.7954,1005.2093,261.4681,0.0,2,SIMULATED,SIMULATED,SIMULATED,SIMULATED
14.2,9.2,77,196.571,391.2477,252.7453,0.0,3,SIMULATED,SIMULATED,SIMULATED,SIMULATED
14.2,9.2,44,181.0721,663.9006,255.8257,-0.051,2,SIMULATED,SIMULATED,SIMULATED,SIMULATED
14.2,9.2,55,-95.4743,761.8149,298.7436,0.4574,2,SIMULATED,SIMULATED,SIMULATED,SIMULATED
14.2,9.2,4,428.7543,199.8279,312.2735,-0.131,3,SIMULATED,SIMULATED,SIMULATED,SIMULATED
14.2,9.2,23,500.1185,690.4742,263.4614,-0.2196,2,SIMULATED,SIMULATED,SIMULATED,SIMULATED
14.2,9.2,16,206.6057,998.5913,261.4681,0.0,2,SIMULATED,SIMULATED,SIMULATED,SIMULATED
14.4,9.4,77,184.7098,384.0814,252.7453,0.0,3,SIMULATED,SIMULATED,SIMULATED,SIMULATED
14.4,9.4,44,194.3486,668.6427,252.7154,-0.4404,2,SIMULATED,SIMULATED,SIMULATED,SIMULATED
14.4,9.4,55,-86.0391,775.6472,300.3629,0.2293,2,SIMULATED,SIMULATED,SIMULATED,SIMULATED
14.4,9.4,4,446.054,200.4356,310.6723,-0.2267,3,SIMULATED,SIMULATED,SIMULATED,SIMULATED
14.4,9.4,23,495.4086,676.7989,259.7118,-0.5309,2,SIMULATED,SIMULATED,SIMULATED,SIMULATED
14.4,9.4,16,218.4701,990.3254,261.4681,0.0,2,SIMULATED,SIMULATED,SIMULATED,SIMULATED
14.6,9.6,77,174.8302,374.5221,252.7453,0.0,3,SIMULATED,SIMULATED,SIMULATED,SIMULATED
14.6,9.6,44,207.2566,673.6169,248.6839,-0.5708,2,SIMULATED,SIMULATED,SIMULATED,SIMULATED
14.6,9.6,55,-75.8191,789.0122,301.3343,0.1375,2,SIMULATED,SIMULATED,SIMULATED,SIMULATED
14.6,9.6,4,463.2485,201.4245,309.6481,-0.145,3,SIMULATED,SIMULATED,SIMULATED,SIMULATED
14.6,9.6,23,488.1454,664.4202,257.0228,-0.3807,2,SIMULATED,SIMULATED,SIMULATED,SIMULATED
14.6,9.6,16,229.5097,980.9234,261.4681,0.0,2,SIMULATED,SIMULATED,SIMULATED,SIMULATED
14.8,9.8,77,167.9724,362.8018,252.7526,0.001,3,SIMULATED,SIMULATED,SIMULATED,SIMULATED
14.8,9.8,44,219.9532,678.6838,245.9132,-0.3923,2,SIMULATED,SIMULATED,SIMULATED,SIMULATED
14.8,9.8,55,-65.1104,801.8888,300.947,-0.0548,2,SIMULATED,SIMULATED,SIMULATED,SIMULATED
14.8,9.8,4,480.2957,202.6581,307.4824,-0.3066,3,SIMULATED,SIMULATED,SIMULATED,SIMULATED
14.8,9.8,23,479.5764,653.1624,254.1766,-0.403,2,SIMULATED,SIMULATED,SIMULATED,SIMULATED
14.8,9.8,16,239.9742,970.9277,261.4681,-0.0,2,SIMULATED,SIMULATED,SIMULATED,SIMULATED
15.0,10.0,77,164.9367,349.2759,255.8463,0.438,3,SIMULATED,SIMULATED,SIMULATED,SIMULATED
15.0,10.0,44,232.5416,683.8155,244.5882,-0.1876,2,SIMULATED,SIMULATED,SIMULATED,SIMULATED
15.0,10.0,55,-54.144,814.5157,300.5936,-0.05,2,SIMULATED,SIMULATED,SIMULATED,SIMULATED
15.0,10.0,4,497.2846,204.1301,306.6473,-0.1182,3,SIMULATED,SIMULATED,SIMULATED,SIMULATED
15.0,10.0,23,470.3933,642.5316,252.4733,-0.2412,2,SIMULATED,SIMULATED,SIMULATED,SIMULATED
15.0,10.0,16,249.3973,959.9299,261.4681,0.0,2,SIMULATED,SIMULATED,SIMULATED,SIMULATED
15.2,10.2,77,166.2049,335.1325,261.3378,0.7775,3,SIMULATED,SIMULATED,SIMULATED,SIMULATED
15.2,10.2,44,245.0978,689.0522,244.689,0.0143,2,SIMULATED,SIMULATED,SIMULATED,SIMULATED
15.2,10.2,55,-43.0212,826.8979,299.446,-0.1625,2,SIMULATED,SIMULATED,SIMULATED,SIMULATED
15.2,10.2,4,514.2509,205.8743,306.6127,-0.0049,3,SIMULATED,SIMULATED,SIMULATED,SIMULATED
15.2,10.2,23,461.1142,632.1068,251.2944,-0.1669,3,SIMULATED,SIMULATED,SIMULATED,SIMULATED
15.2,10.2,16,257.8837,948.2143,261.4681,-0.0,2,SIMULATED,SIMULATED,SIMULATED,SIMULATED
15.4,10.4,77,172.1406,322.0081,265.3406,0.5667,3,SIMULATED,SIMULATED,SIMULATED,SIMULATED
15.4,10.4,44,257.6482,694.3963,245.4208,0.1036,2,SIMULATED,SIMULATED,SIMULATED,SIMULATED
15.4,10.4,55,-31.9667,839.079,296.0629,-0.479,2,SIMULATED,SIMULATED,SIMULATED,SIMULATED
15.4,10.4,4,531.1746,207.7307,306.3534,-0.0367,3,SIMULATED,SIMULATED,SIMULATED,SIMULATED
15.4,10.4,23,451.9163,621.5538,252.0602,0.1084,3,SIMULATED,SIMULATED,SIMULATED,SIMULATED
15.4,10.4,16,265.1521,935.6948,261.4681,0.0,2,SIMULATED,SIMULATED,SIMULATED,SIMULATED
15.6,10.6,77,180.1817,309.7202,266.5248,0.1677,3,SIMULATED,SIMULATED,SIMULATED,SIMULATED
15.6,10.6,44,270.1751,699.9066,246.1223,0.0993,2,SIMULATED,SIMULATED,SIMULATED,SIMULATED
15.6,10.6,55,-21.0234,851.1404,293.1936,-0.4062,2,SIMULATED,SIMULATED,SIMULATED,SIMULATED
15.6,10.6,4,548.0778,209.6672,306.1844,-0.0239,3,SIMULATED,SIMULATED,SIMULATED,SIMULATED
15.6,10.6,23,442.9658,610.6898,253.7147,0.2342,3,SIMULATED,SIMULATED,SIMULATED,SIMULATED
15.6,10.6,16,270.606,922.3871,261.4681,0.0,2,SIMULATED,SIMULATED,SIMULATED,SIMULATED
15.8,10.8,77,189.5082,298.3607,266.5248,0.0,3,SIMULATED,SIMULATED,SIMULATED,SIMULATED
15.8,10.8,44,282.7078,705.559,247.2773,0.1635,2,SIMULATED,SIMULATED,SIMULATED,SIMULATED
15.8,10.8,55,-10.2029,863.1097,290.441,-0.3897,2,SIMULATED,SIMULATED,SIMULATED,SIMULATED
15.8,10.8,4,564.9746,211.6922,306.1844,0.0,3,SIMULATED,SIMULATED,SIMULATED,SIMULATED
15.8,10.8,23,434.344,599.39,256.3655,0.3753,3,SIMULATED,SIMULATED,SIMULATED,SIMULATED
15.8,10.8,16,273.5719,908.2762,261.4681,0.0,2,SIMULATED,SIMULATED,SIMULATED,SIMULATED
16.0,11.0,77,199.748,287.812,266.5248,0.0,3,SIMULATED,SIMULATED,SIMULATED,SIMULATED
16.0,11.0,44,295.2745,711.3197,248.8368,0.2208,2,SIMULATED,SIMULATED,SIMULATED,SIMULATED
16.0,11.0,55,0.5366,874.9901,288.2672,-0.3078,2,SIMULATED,SIMULATED,SIMULATED,SIMULATED
16.0,11.0,4,581.8459,213.8087,305.9466,-0.0337,3,SIMULATED,SIMULATED,SIMULATED,SIMULATED
16.0,11.0,23,426.1435,587.6035,258.9342,0.3637,3,SIMULATED,SIMULATED,SIMULATED,SIMULATED
16.0,11.0,16,273.8716,893.8134,262.3395,0.1234,2,SIMULATED,SIMULATED,SIMULATED,SIMULATED
16.2,11.2,77,210.833,278.0668,266.5248,0.0,3,SIMULATED,SIMULATED,SIMULATED,SIMULATED
16.2,11.2,44,307.9417,717.112,250.7461,0.2703,2,SIMULATED,SIMULATED,SIMULATED,SIMULATED
16.2,11.2,55,11.234,886.8059,286.8741,-0.1972,2,SIMULATED,SIMULATED,SIMULATED,SIMULATED
16.2,11.2,4,598.6809,216.0509,305.5397,-0.0576,3,SIMULATED,SIMULATED,SIMULATED,SIMULATED
16.2,11.2,23,418.5007,575.2291,262.1733,0.4586,3,SIMULATED,SIMULATED,SIMULATED,SIMULATED
16.2,11.2,16,270.4382,879.6424,265.1961,0.4044,2,SIMULATED,SIMULATED,SIMULATED,SIMULATED
16.4,11.399999999999999,77,222.4495,268.9152,267.0037,0.0678,3,SIMULATED,SIMULATED,SIMULATED,SIMULATED
16.4,11.399999999999999,44,320.7172,722.9464,252.799,0.2906,2,SIMULATED,SIMULATED,SIMULATED,SIMULATED
16.4,11.399999999999999,55,21.9321,898.6162,286.8561,-0.0026,2,SIMULATED,SIMULATED,SIMULATED,SIMULATED
16.4,11.399999999999999,4,615.4526,218.1682,304.7908,-0.106,3,SIMULATED,SIMULATED,SIMULATED,SIMULATED
16.4,11.399999999999999,23,411.5819,562.2017,266.2698,0.58,3,SIMULATED,SIMULATED,SIMULATED,SIMULATED
16.4,11.399999999999999,16,264.3535,866.2666,267.2328,0.2884,2,SIMULATED,SIMULATED,SIMULATED,SIMULATED
16.6,11.600000000000001,77,234.4812,260.1767,268.5037,0.2124,3,SIMULATED,SIMULATED,SIMULATED,SIMULATED
16.6,11.600000000000001,44,333.5572,728.7325,253.6994,0.1275,2,SIMULATED,SIMULATED,SIMULATED,SIMULATED
16.6,11.600000000000001,55,32.6169,910.4241,286.6206,-0.0333,2,SIMULATED,SIMULATED,SIMULATED,SIMULATED
16.6,11.600000000000001,4,632.2139,219.9231,303.6384,-0.1632,3,SIMULATED,SIMULATED,SIMULATED,SIMULATED
16.6,11.600000000000001,23,405.2228,548.7238,268.6534,0.3375,3,SIMULATED,SIMULATED,SIMULATED,SIMULATED
16.6,11.600000000000001,16,255.9617,854.0626,268.5422,0.1854,2,SIMULATED,SIMULATED,SIMULATED,SIMULATED
16.8,11.8,77,246.9002,251.8159,270.0442,0.2181,3,SIMULATED,SIMULATED,SIMULATED,SIMULATED
16.8,11.8,44,346.5203,734.4708,255.221,0.2154,2,SIMULATED,SIMULATED,SIMULATED,SIMULATED
16.8,11.8,55,43.2653,922.1781,285.4907,-0.16,2,SIMULATED,SIMULATED,SIMULATED,SIMULATED
16.8,11.8,4,648.9435,221.0487,302.948,-0.0977,3,SIMULATED,SIMULATED,SIMULATED,SIMULATED
16.8,11.8,23,399.3903,534.8445,271.5288,0.4071,3,SIMULATED,SIMULATED,SIMULATED,SIMULATED
16.8,11.8,16,246.2302,842.8901,267.3578,-0.1677,2,SIMULATED,SIMULATED,SIMULATED,SIMULATED
17.0,12.0,77,259.76,243.9321,272.704,0.3766,3,SIMULATED,SIMULATED,SIMULATED,SIMULATED
17.0,12.0,44,359.5603,740.1564,256.23,0.1429,2,SIMULATED,SIMULATED,SIMULATED,SIMULATED
17.0,12.0,55,53.8824,933.8968,284.6239,-0.1227,2,SIMULATED,SIMULATED,SIMULATED,SIMULATED
17.0,12.0,4,665.4839,221.0818,300.8125,-0.3023,3,SIMULATED,SIMULATED,SIMULATED,SIMULATED
17.0,12.0,23,394.0628,520.6163,273.6117,0.2949,3,SIMULATED,SIMULATED,SIMULATED,SIMULATED
17.0,12.0,16,235.9599,832.36,265.1746,-0.3091,2,SIMULATED,SIMULATED,SIMULATED,SIMULATED
17.2,12.2,77,273.2095,236.5464,276.8159,0.5822,3,SIMULATED,SIMULATED,SIMULATED,SIMULATED
17.2,12.2,44,372.764,745.7107,258.0802,0.2619,2,SIMULATED,SIMULATED,SIMULATED,SIMULATED
17.2,12.2,55,64.5082,945.6056,284.5874,-0.0052,2,SIMULATED,SIMULATED,SIMULATED,SIMULATED
17.2,12.2,4,681.8406,219.2815,297.3981,-0.4834,3,SIMULATED,SIMULATED,SIMULATED,SIMULATED
17.2,12.2,23,388.871,506.2968,273.9611,0.0495,3,SIMULATED,SIMULATED,SIMULATED,SIMULATED
17.2,12.2,16,225.5266,822.2099,262.0394,-0.4439,2,SIMULATED,SIMULATED,SIMULATED,SIMULATED
17.4,12.399999999999999,77,287.1555,229.7356,280.7757,0.5606,3,SIMULATED,SIMULATED,SIMULATED,SIMULATED
17.4,12.399999999999999,44,386.2,751.0463,260.9625,0.4081,2,SIMULATED,SIMULATED,SIMULATED,SIMULATED
17.4,12.399999999999999,55,75.1416,957.2912,284.2888,-0.0423,2,SIMULATED,SIMULATED,SIMULATED,SIMULATED
17.4,12.399999999999999,4,697.6395,215.811,295.2797,-0.2999,3,SIMULATED,SIMULATED,SIMULATED,SIMULATED
17.4,12.399999999999999,23,383.2855,492.1174,274.2623,0.0427,3,SIMULATED,SIMULATED,SIMULATED,SIMULATED
17.4,12.399999999999999,16,215.2823,812.2507,257.1501,-0.6922,2,SIMULATED,SIMULATED,SIMULATED,SIMULATED
17.6,12.600000000000001,77,301.8041,223.6517,285.9645,0.7346,3,SIMULATED,SIMULATED,SIMULATED,SIMULATED
17.6,12.600000000000001,44,399.9645,755.9629,263.5527,0.3667,2,SIMULATED,SIMULATED,SIMULATED,SIMULATED
17.6,12.600000000000001,55,85.8437,968.8586,283.2678,-0.1446,2,SIMULATED,SIMULATED,SIMULATED,SIMULATED
17.6,12.600000000000001,4,712.5263,209.9753,291.4832,-0.5375,3,SIMULATED,SIMULATED,SIMULATED,SIMULATED
17.6,12.600000000000001,23,377.2348,478.1685,273.3107,-0.1347,3,SIMULATED,SIMULATED,SIMULATED,SIMULATED
17.6,12.600000000000001,16,205.3469,802.4377,251.2349,-0.8375,2,SIMULATED,SIMULATED,SIMULATED,SIMULATED
17.8,12.8,77,317.019,218.2369,291.8415,0.8321,3,SIMULATED,SIMULATED,SIMULATED,SIMULATED
17.8,12.8,44,413.9374,760.0404,264.1272,0.0813,2,SIMULATED,SIMULATED,SIMULATED,SIMULATED
17.8,12.8,55,96.7319,980.0846,281.1001,-0.3069,2,SIMULATED,SIMULATED,SIMULATED,SIMULATED
17.8,12.8,4,726.5101,202.1747,290.3915,-0.1546,3,SIMULATED,SIMULATED,SIMULATED,SIMULATED
17.8,12.8,23,369.733,464.9582,272.2942,-0.1439,3,SIMULATED,SIMULATED,SIMULATED,SIMULATED
17.8,12.8,16,195.7707,792.7602,245.0039,-0.8822,2,SIMULATED,SIMULATED,SIMULATED,SIMULATED
18.0,13.0,77,332.7544,213.4214,297.3754,0.7835,3,SIMULATED,SIMULATED,SIMULATED,SIMULATED
18.0,13.0,44,428.3128,762.4638,265.0198,0.1264,2,SIMULATED,SIMULATED,SIMULATED,SIMULATED
18.0,13.0,55,108.2133,990.6761,278.8956,-0.3121,2,SIMULATED,SIMULATED,SIMULATED,SIMULATED
18.0,13.0,4,739.2115,192.5699,290.3915,0.0,3,SIMULATED,SIMULATED,SIMULATED,SIMULATED
18.0,13.0,23,360.3444,453.0605,272.1939,-0.0142,3,SIMULATED,SIMULATED,SIMULATED,SIMULATED
18.0,13.0,16,186.4445,783.1274,241.2114,-0.5369,2,SIMULATED,SIMULATED,SIMULATED,SIMULATED
18.2,13.2,77,349.0354,209.4046,302.4265,0.7151,3,SIMULATED,SIMULATED,SIMULATED,SIMULATED
18.2,13.2,44,442.8416,762.4513,265.0198,0.0,2,SIMULATED,SIMULATED,SIMULATED,SIMULATED
18.2,13.2,55,120.4318,999.9198,274.6272,-0.6043,2,SIMULATED,SIMULATED,SIMULATED,SIMULATED
18.2,13.2,4,750.5709,181.3625,290.3915,0.0,3,SIMULATED,SIMULATED,SIMULATED,SIMULATED
18.2,13.2,23,349.342,442.6495,271.3551,-0.1187,3,SIMULATED,SIMULATED,SIMULATED,SIMULATED
18.2,13.2,16,177.3777,773.5761,236.9874,-0.598,2,SIMULATED,SIMULATED,SIMULATED,SIMULATED
18.4,13.399999999999999,77,365.8133,206.2481,308.4851,0.8578,3,SIMULATED,SIMULATED,SIMULATED,SIMULATED
18.4,13.399999999999999,44,457.0833,759.9431,265.0198,0.0,2,SIMULATED,SIMULATED,SIMULATED,SIMULATED
18.4,13.399999999999999,55,133.9543,1007.0074,270.8193,-0.5391,2,SIMULATED,SIMULATED,SIMULATED,SIMULATED
18.4,13.399999999999999,4,761.0405,169.2261,290.3915,0.0,3,SIMULATED,SIMULATED,SIMULATED,SIMULATED
18.4,13.399999999999999,23,337.126,433.967,269.2568,-0.2971,3,SIMULATED,SIMULATED,SIMULATED,SIMULATED
18.4,13.399999999999999,16,168.4826,764.0248,234.7321,-0.3193,2,SIMULATED,SIMULATED,SIMULATED,SIMULATED
18.6,13.600000000000001,77,382.9099,203.8937,311.9552,0.4913,3,SIMULATED,SIMULATED,SIMULATED,SIMULATED
18.6,13.600000000000001,44,470.424,754.301,265.0171,-0.0004,2,SIMULATED,SIMULATED,SIMULATED,SIMULATED
18.6,13.600000000000001,55,148.0183,1012.0093,266.6779,-0.5863,2,SIMULATED,SIMULATED,SIMULATED,SIMULATED
18.6,13.600000000000001,4,770.4808,156.2209,290.3915,0.0,3,SIMULATED,SIMULATED,SIMULATED,SIMULATED
18.6,13.600000000000001,23,323.9077,427.3546,264.8199,-0.6282,3,SIMULATED,SIMULATED,SIMULATED,SIMULATED
18.6,13.600000000000001,16,159.8355,754.3065,234.0152,-0.1015,2,SIMULATED,SIMULATED,SIMULATED,SIMULATED
18.8,13.8,77,400.2411,202.4984,313.6439,0.2391,3,SIMULATED,SIMULATED,SIMULATED,SIMULATED
18.8,13.8,44,481.9661,745.7296,265.0171,0.0,2,SIMULATED,SIMULATED,SIMULATED,SIMULATED
18.8,13.8,55,162.8639,1013.5615,263.1734,-0.4962,2,SIMULATED,SIMULATED,SIMULATED,SIMULATED
18.8,13.8,4,779.0899,142.6825,290.3915,0.0,3,SIMULATED,SIMULATED,SIMULATED,SIMULATED
18.8,13.8,23,310.3919,422.1455,260.2104,-0.6526,3,SIMULATED,SIMULATED,SIMULATED,SIMULATED
18.8,13.8,16,151.271,744.2634,237.2745,0.4614,2,SIMULATED,SIMULATED,SIMULATED,SIMULATED
19.0,14.0,77,417.5397,201.9468,312.7809,-0.1222,3,SIMULATED,SIMULATED,SIMULATED,SIMULATED
19.0,14.0,44,490.7934,734.3619,265.0171,0.0,2,SIMULATED,SIMULATED,SIMULATED,SIMULATED
19.0,14.0,55,177.5472,1012.1553,261.4681,-0.2414,2,SIMULATED,SIMULATED,SIMULATED,SIMULATED
19.0,14.0,4,786.996,128.7368,290.1226,-0.0381,3,SIMULATED,SIMULATED,SIMULATED,SIMULATED
19.0,14.0,23,296.6363,418.0711,257.8442,-0.335,3,SIMULATED,SIMULATED,SIMULATED,SIMULATED
19.0,14.0,16,142.9423,733.8702,239.6162,0.3315,2,SIMULATED,SIMULATED,SIMULATED,SIMULATED
19.2,14.2,77,434.846,202.2141,312.011,-0.109,3,SIMULATED,SIMULATED,SIMULATED,SIMULATED
19.2,14.2,44,496.6201,721.2057,265.0171,-0.0,2,SIMULATED,SIMULATED,SIMULATED,SIMULATED
19.2,14.2,55,191.6635,1007.9583,261.4681,0.0,2,SIMULATED,SIMULATED,SIMULATED,SIMULATED
19.2,14.2,4,793.8969,114.3706,287.3529,-0.3921,3,SIMULATED,SIMULATED,SIMULATED,SIMULATED
19.2,14.2,23,282.833,414.5508,255.9701,-0.2653,3,SIMULATED,SIMULATED,SIMULATED,SIMULATED
19.2,14.2,16,134.8261,722.9286,244.7926,0.7329,2,SIMULATED,SIMULATED,SIMULATED,SIMULATED
19.4,14.399999999999999,77,452.0575,202.9392,310.4266,-0.2243,3,SIMULATED,SIMULATED,SIMULATED,SIMULATED
19.4,14.399999999999999,44,499.2619,706.981,265.0146,-0.0004,2,SIMULATED,SIMULATED,SIMULATED,SIMULATED
19.4,14.399999999999999,55,204.8521,1001.6564,261.4681,0.0,2,SIMULATED,SIMULATED,SIMULATED,SIMULATED
19.4,14.399999999999999,4,799.7857,99.8424,284.4795,-0.4068,3,SIMULATED,SIMULATED,SIMULATED,SIMULATED
19.4,14.399999999999999,23,269.0124,411.5291,254.5616,-0.1994,3,SIMULATED,SIMULATED,SIMULATED,SIMULATED
19.4,14.399999999999999,16,127.4252,711.2057,248.8691,0.5771,2,SIMULATED,SIMULATED,SIMULATED,SIMULATED
19.6,14.600000000000001,77,469.1605,204.0289,308.7994,-0.2304,3,SIMULATED,SIMULATED,SIMULATED,SIMULATED
19.6,14.600000000000001,44,498.8734,692.4897,263.8325,-0.1673,2,SIMULATED,SIMULATED,SIMULATED,SIMULATED
19.6,14.600000000000001,55,217.0626,993.4939,261.4681,0.0,2,SIMULATED,SIMULATED,SIMULATED,SIMULATED
19.6,14.600000000000001,4,804.3339,85.1277,280.075,-0.6236,3,SIMULATED,SIMULATED,SIMULATED,SIMULATED
19.6,14.600000000000001,23,255.2207,408.6561,253.5308,-0.1459,3,SIMULATED,SIMULATED,SIMULATED,SIMULATED
19.6,14.600000000000001,16,121.549,698.2725,253.9035,0.7128,2,SIMULATED,SIMULATED,SIMULATED,SIMULATED
19.8,14.8,77,486.1335,205.3388,306.823,-0.2798,3,SIMULATED,SIMULATED,SIMULATED,SIMULATED
19.8,14.8,44,494.736,679.0255,260.1965,-0.5148,2,SIMULATED,SIMULATED,SIMULATED,SIMULATED
19.8,14.8,55,228.3869,984.216,261.4681,0.0,2,SIMULATED,SIMULATED,SIMULATED,SIMULATED
19.8,14.8,4,807.3135,70.014,278.1981,-0.2657,3,SIMULATED,SIMULATED,SIMULATED,SIMULATED
19.8,14.8,23,241.441,405.8834,252.9544,-0.0816,3,SIMULATED,SIMULATED,SIMULATED,SIMULATED
19.8,14.8,16,119.6354,684.1211,256.1857,0.3231,2,SIMULATED,SIMULATED,SIMULATED,SIMULATED
20.0,15.0,77,503.08,206.9267,306.6127,-0.0298,3,SIMULATED,SIMULATED,SIMULATED,SIMULATED
20.0,15.0,44,487.9235,666.7174,257.4508,-0.3887,2,SIMULATED,SIMULATED,SIMULATED,SIMULATED
20.0,15.0,55,239.0411,974.2838,261.4681,0.0,2,SIMULATED,SIMULATED,SIMULATED,SIMULATED
20.0,15.0,4,808.7677,55.0281,274.2472,-0.5594,3,SIMULATED,SIMULATED,SIMULATED,SIMULATED
20.0,15.0,23,227.7524,402.8736,252.745,-0.0296,3,SIMULATED,SIMULATED,SIMULATED,SIMULATED
20.0,15.0,16,123.7742,670.4212,256.1857,0.0,2,SIMULATED,SIMULATED,SIMULATED,SIMULATED
20.2,15.2,77,520.0106,208.7094,306.5289,-0.0119,3,SIMULATED,SIMULATED,SIMULATED,SIMULATED
20.2,15.2,44,479.5078,655.4516,254.5945,-0.4044,2,SIMULATED,SIMULATED,SIMULATED,SIMULATED
20.2,15.2,55,248.8475,963.365,261.4681,0.0,2,SIMULATED,SIMULATED,SIMULATED,SIMULATED
20.2,15.2,4,808.0582,40.2169,271.8846,-0.3345,3,SIMULATED,SIMULATED,SIMULATED,SIMULATED
20.2,15.2,23,214.2756,399.0806,252.7453,0.0,3,SIMULATED,SIMULATED,SIMULATED,SIMULATED
20.2,15.2,16,134.6738,661.0834,256.1857,0.0,2,SIMULATED,SIMULATED,SIMULATED,SIMULATED
20.4,15.399999999999999,77,536.9159,210.5921,306.2616,-0.0378,3,SIMULATED,SIMULATED,SIMULATED,SIMULATED
20.4,15.399999999999999,44,470.4121,644.8181,252.5087,-0.2953,2,SIMULATED,SIMULATED,SIMULATED,SIMULATED
20.4,15.399999999999999,55,257.5967,951.7056,261.4681,0.0,2,SIMULATED,SIMULATED,SIMULATED,SIMULATED
20.4,15.399999999999999,4,805.1177,25.5684,270.5587,-0.1877,3,SIMULATED,SIMULATED,SIMULATED,SIMULATED
20.4,15.399999999999999,23,201.2665,393.994,252.7453,0.0,3,SIMULATED,SIMULATED,SIMULATED,SIMULATED
20.4,15.399999999999999,16,148.7189,658.2902,256.1857,0.0,2,SIMULATED,SIMULATED,SIMULATED,SIMULATED
20.6,15.600000000000001,77,553.8049,212.5614,306.1844,-0.0109,3,SIMULATED,SIMULATED,SIMULATED,SIMULATED
20.6,15.600000000000001,44,461.1273,634.3938,251.3364,-0.166,3,SIMULATED,SIMULATED,SIMULATED,SIMULATED
20.6,15.600000000000001,55,265.2382,939.1725,261.4681,0.0,2,SIMULATED,SIMULATED,SIMULATED,SIMULATED
20.6,15.600000000000001,4,799.756,11.7482,271.8334,0.1805,3,SIMULATED,SIMULATED,SIMULATED,SIMULATED
20.6,15.600000000000001,23,188.8807,387.4996,252.7453,0.0,3,SIMULATED,SIMULATED,SIMULATED,SIMULATED
20.6,15.600000000000001,16,162.939,659.66,256.1857,0.0,2,SIMULATED,SIMULATED,SIMULATED,SIMULATED
20.8,15.8,77,570.6894,214.6062,306.1844,0.0,3,SIMULATED,SIMULATED,SIMULATED,SIMULATED
20.8,15.8,44,451.9112,623.8426,252.0169,0.0963,3,SIMULATED,SIMULATED,SIMULATED,SIMULATED
20.8,15.8,55,271.3759,925.9101,261.4681,0.0,2,SIMULATED,SIMULATED,SIMULATED,SIMULATED
20.8,15.8,4,792.8286,-1.733,274.3361,0.3543,3,SIMULATED,SIMULATED,SIMULATED,SIMULATED
20.8,15.8,23,178.0186,378.8688,252.7453,0.0,3,SIMULATED,SIMULATED,SIMULATED,SIMULATED
20.8,15.8,16,176.8029,663.1131,256.1857,0.0,2,SIMULATED,SIMULATED,SIMULATED,SIMULATED
21.0,16.0,77,587.5177,216.7748,305.5872,-0.0846,3,SIMULATED,SIMULATED,SIMULATED,SIMULATED
21.0,16.0,44,442.8948,612.9934,253.3383,0.1871,3,SIMULATED,SIMULATED,SIMULATED,SIMULATED
21.0,16.0,55,274.7628,911.5151,261.4681,0.0,2,SIMULATED,SIMULATED,SIMULATED,SIMULATED
21.0,16.0,4,785.2097,-15.0288,276.4759,0.303,3,SIMULATED,SIMULATED,SIMULATED,SIMULATED
21.0,16.0,23,169.7407,367.82,252.7453,0.0,3,SIMULATED,SIMULATED,SIMULATED,SIMULATED
21.0,16.0,16,190.2339,667.6389,254.6342,-0.2197,2,SIMULATED,SIMULATED,SIMULATED,SIMULATED
21.2,16.2,77,604.3462,219.0202,305.5397,-0.0067,3,SIMULATED,SIMULATED,SIMULATED,SIMULATED
21.2,16.2,44,434.1883,601.7092,256.0615,0.3855,3,SIMULATED,SIMULATED,SIMULATED,SIMULATED
21.2,16.2,55,275.7418,896.7645,262.0289,0.0794,2,SIMULATED,SIMULATED,SIMULATED,SIMULATED
21.2,16.2,4,777.0598,-28.1705,278.9283,0.3472,3,SIMULATED,SIMULATED,SIMULATED,SIMULATED
21.2,16.2,23,165.142,354.646,254.137,0.197,3,SIMULATED,SIMULATED,SIMULATED,SIMULATED
21.2,16.2,16,203.2228,672.5642,249.8886,-0.6719,2,SIMULATED,SIMULATED,SIMULATED,SIMULATED
21.4,16.4,77,621.1482,221.0213,304.2948,-0.1763,3,SIMULATED,SIMULATED,SIMULATED,SIMULATED
21.4,16.4,44,425.8557,589.9174,258.5988,0.3592,3,SIMULATED,SIMULATED,SIMULATED,SIMULATED
21.4,16.4,55,272.9706,882.1148,264.2642,0.3165,2,SIMULATED,SIMULATED,SIMULATED,SIMULATED
21.4,16.4,4,768.5792,-41.1628,279.7919,0.1223,4,SIMULATED,SIMULATED,SIMULATED,SIMULATED
21.4,16.4,23,164.5912,340.452,259.0997,0.7026,3,SIMULATED,SIMULATED,SIMULATED,SIMULATED
21.4,16.4,16,215.9829,677.626,247.0561,-0.401,2,SIMULATED,SIMULATED,SIMULATED,SIMULATED
21.6,16.6,77,637.9483,222.5803,303.0624,-0.1745,3,SIMULATED,SIMULATED,SIMULATED,SIMULATED
21.6,16.6,44,418.1426,577.5555,261.6564,0.4329,3,SIMULATED,SIMULATED,SIMULATED,SIMULATED
21.6,16.6,55,267.3907,868.1457,266.57,0.3264,2,SIMULATED,SIMULATED,SIMULATED,SIMULATED
21.6,16.6,4,759.9158,-54.065,279.8759,0.0119,4,SIMULATED,SIMULATED,SIMULATED,SIMULATED
21.6,16.6,23,169.0584,326.7234,264.8233,0.8103,3,SIMULATED,SIMULATED,SIMULATED,SIMULATED
21.6,16.6,16,228.5813,682.7284,244.5727,-0.3516,2,SIMULATED,SIMULATED,SIMULATED,SIMULATED
21.8,16.8,77,654.7883,223.46,302.2455,-0.1157,3,SIMULATED,SIMULATED,SIMULATED,SIMULATED
21.8,16.8,44,411.0561,564.5181,265.77,0.5824,3,SIMULATED,SIMULATED,SIMULATED,SIMULATED
21.8,16.8,55,259.2946,855.5027,268.4938,0.2724,2,SIMULATED,SIMULATED,SIMULATED,SIMULATED
21.8,16.8,4,751.0966,-66.8655,280.1751,0.0424,4,SIMULATED,SIMULATED,SIMULATED,SIMULATED
21.8,16.8,23,176.5016,314.0082,266.5248,0.2409,3,SIMULATED,SIMULATED,SIMULATED,SIMULATED
21.8,16.8,16,241.1501,687.9393,244.86,0.0407,2,SIMULATED,SIMULATED,SIMULATED,SIMULATED
22.0,17.0,77,671.5041,222.7799,299.8806,-0.3348,3,SIMULATED,SIMULATED,SIMULATED,SIMULATED
22.0,17.0,44,404.6149,551.0358,268.2978,0.3579,3,SIMULATED,SIMULATED,SIMULATED,SIMULATED
22.0,17.0,55,249.6121,844.0514,267.6561,-0.1186,2,SIMULATED,SIMULATED,SIMULATED,SIMULATED
22.0,17.0,4,742.1292,-79.5439,280.2318,0.008,4,SIMULATED,SIMULATED,SIMULATED,SIMULATED
22.0,17.0,23,185.4159,302.2629,266.5248,0.0,3,SIMULATED,SIMULATED,SIMULATED,SIMULATED
22.0,17.0,16,253.6996,693.2388,245.1626,0.0428,2,SIMULATED,SIMULATED,SIMULATED,SIMULATED
22.2,17.2,77,687.9226,220.4457,296.6258,-0.4608,3,SIMULATED,SIMULATED,SIMULATED,SIMULATED
22.2,17.2,44,398.6874,537.1582,271.171,0.4068,3,SIMULATED,SIMULATED,SIMULATED,SIMULATED
22.2,17.2,55,239.3505,833.3365,265.7881,-0.2645,2,SIMULATED,SIMULATED,SIMULATED,SIMULATED
22.2,17.2,4,732.4062,-91.4995,280.3334,0.0144,4,SIMULATED,SIMULATED,SIMULATED,SIMULATED
22.2,17.2,23,195.4009,291.4038,266.5248,0.0,3,SIMULATED,SIMULATED,SIMULATED,SIMULATED
22.2,17.2,16,266.2146,698.6898,245.5495,0.0548,2,SIMULATED,SIMULATED,SIMULATED,SIMULATED
22.4,17.4,77,703.8437,216.102,294.0679,-0.3622,3,SIMULATED,SIMULATED,SIMULATED,SIMULATED
22.4,17.4,44,393.3017,522.906,273.455,0.3234,3,SIMULATED,SIMULATED,SIMULATED,SIMULATED
22.4,17.4,55,228.9019,823.1151,262.7547,-0.4295,2,SIMULATED,SIMULATED,SIMULATED,SIMULATED
22.4,17.4,4,721.1166,-102.0107,280.8766,0.0769,4,SIMULATED,SIMULATED,SIMULATED,SIMULATED
22.4,17.4,23,206.1605,281.3088,266.5248,0.0,3,SIMULATED,SIMULATED,SIMULATED,SIMULATED
22.4,17.4,16,278.7397,704.3115,247.0762,0.2161,2,SIMULATED,SIMULATED,SIMULATED,SIMULATED
22.6,17.6,77,718.598,209.4369,290.3915,-0.5205,3,SIMULATED,SIMULATED,SIMULATED,SIMULATED
22.6,17.6,44,388.1174,508.5886,274.0148,0.0793,3,SIMULATED,SIMULATED,SIMULATED,SIMULATED
22.6,17.6,55,218.6118,813.1228,258.2396,-0.6393,2,SIMULATED,SIMULATED,SIMULATED,SIMULATED
22.6,17.6,4,708.0523,-110.1459,282.2042,0.188,4,SIMULATED,SIMULATED,SIMULATED,SIMULATED
22.6,17.6,23,217.6241,271.9729,266.5408,0.0023,3,SIMULATED,SIMULATED,SIMULATED,SIMULATED
22.6,17.6,16,291.2917,710.0441,248.3324,0.1779,2,SIMULATED,SIMULATED,SIMULATED,SIMULATED
22.8,17.8,77,732.3666,200.7666,290.3915,0.0,3,SIMULATED,SIMULATED,SIMULATED,SIMULATED
22.8,17.8,44,382.5923,494.4277,274.2299,0.0305,3,SIMULATED,SIMULATED,SIMULATED,SIMULATED
22.8,17.8,55,208.5967,803.2893,252.7694,-0.7745,2,SIMULATED,SIMULATED,SIMULATED,SIMULATED
22.8,17.8,4,693.6776,-116.1127,283.4683,0.179,4,SIMULATED,SIMULATED,SIMULATED,SIMULATED
22.8,17.8,23,229.5403,263.0771,267.8684,0.188,3,SIMULATED,SIMULATED,SIMULATED,SIMULATED
22.8,17.8,16,303.923,715.8274,250.076,0.2469,2,SIMULATED,SIMULATED,SIMULATED,SIMULATED
23.0,18.0,77,744.9225,190.3881,290.3915,0.0,3,SIMULATED,SIMULATED,SIMULATED,SIMULATED
23.0,18.0,44,376.6573,480.5022,273.493,-0.1043,3,SIMULATED,SIMULATED,SIMULATED,SIMULATED
23.0,18.0,55,198.9808,793.5997,246.047,-0.9517,2,SIMULATED,SIMULATED,SIMULATED,SIMULATED
23.0,18.0,4,678.4915,-119.3074,284.2485,0.1105,4,SIMULATED,SIMULATED,SIMULATED,SIMULATED
23.0,18.0,23,241.7932,254.5444,269.2794,0.1998,3,SIMULATED,SIMULATED,SIMULATED,SIMULATED
23.0,18.0,16,316.6699,721.6475,252.227,0.3045,2,SIMULATED,SIMULATED,SIMULATED,SIMULATED
23.2,18.2,77,756.0094,178.6097,290.3915,0.0,3,SIMULATED,SIMULATED,SIMULATED,SIMULATED
23.2,18.2,44,369.5362,467.3505,272.3789,-0.1577,3,SIMULATED,SIMULATED,SIMULATED,SIMULATED
23.2,18.2,55,189.6157,783.9807,241.8209,-0.5983,2,SIMULATED,SIMULATED,SIMULATED,SIMULATED
23.2,18.2,4,662.9044,-119.8264,283.9558,-0.0414,4,SIMULATED,SIMULATED,SIMULATED,SIMULATED
23.2,18.2,23,254.5331,246.4866,271.6821,0.3402,3,SIMULATED,SIMULATED,SIMULATED,SIMULATED
23.2,18.2,16,329.494,727.4649,253.507,0.1812,2,SIMULATED,SIMULATED,SIMULATED,SIMULATED
23.4,18.4,77,766.2256,166.0214,290.3915,0.0,3,SIMULATED,SIMULATED,SIMULATED,SIMULATED
23.4,18.4,44,360.4499,455.4544,272.2914,-0.0124,3,SIMULATED,SIMULATED,SIMULATED,SIMULATED
23.4,18.4,55,180.5197,774.4327,237.6702,-0.5877,2,SIMULATED,SIMULATED,SIMULATED,SIMULATED
23.4,18.4,4,647.3674,-118.4971,283.5616,-0.0558,4,SIMULATED,SIMULATED,SIMULATED,SIMULATED
23.4,18.4,23,267.7552,238.8562,275.0847,0.4817,3,SIMULATED,SIMULATED,SIMULATED,SIMULATED
23.4,18.4,16,342.4299,733.2151,254.9036,0.1977,2,SIMULATED,SIMULATED,SIMULATED,SIMULATED
23.6,18.6,77,775.4567,152.6968,290.3915,0.0,3,SIMULATED,SIMULATED,SIMULATED,SIMULATED
23.6,18.6,44,349.8889,444.9777,271.4632,-0.1173,3,SIMULATED,SIMULATED,SIMULATED,SIMULATED
23.6,18.6,55,171.6102,764.8981,235.0549,-0.3703,2,SIMULATED,SIMULATED,SIMULATED,SIMULATED
23.6,18.6,4,631.9778,-116.1031,281.5869,-0.2796,4,SIMULATED,SIMULATED,SIMULATED,SIMULATED
23.6,18.6,23,281.5261,231.8263,279.0098,0.5557,3,SIMULATED,SIMULATED,SIMULATED,SIMULATED
23.6,18.6,16,355.4324,738.9272,255.7177,0.1153,2,SIMULATED,SIMULATED,SIMULATED,SIMULATED
23.8,18.8,77,783.8562,138.883,290.3915,0.0,3,SIMULATED,SIMULATED,SIMULATED,SIMULATED
23.8,18.8,44,337.8388,436.2273,269.7536,-0.242,3,SIMULATED,SIMULATED,SIMULATED,SIMULATED
23.8,18.8,55,162.9279,755.2659,234.0894,-0.1367,2,SIMULATED,SIMULATED,SIMULATED,SIMULATED
23.8,18.8,4,616.8048,-113.1816,278.4288,-0.4471,4,SIMULATED,SIMULATED,SIMULATED,SIMULATED
23.8,18.8,23,295.9224,225.4673,283.8824,0.6899,3,SIMULATED,SIMULATED,SIMULATED,SIMULATED
23.8,18.8,16,368.5889,744.5228,257.4676,0.2477,2,SIMULATED,SIMULATED,SIMULATED,SIMULATED
24.0,19.0,77,791.4663,124.6365,289.5542,-0.1186,3,SIMULATED,SIMULATED,SIMULATED,SIMULATED
24.0,19.0,44,324.9818,429.4388,265.4111,-0.6148,3,SIMULATED,SIMULATED,SIMULATED,SIMULATED
24.0,19.0,55,154.3519,745.3005,236.9446,0.4042,2,SIMULATED,SIMULATED,SIMULATED,SIMULATED
24.0,19.0,4,601.8142,-110.0851,275.6823,-0.3888,4,SIMULATED,SIMULATED,SIMULATED,SIMULATED
24.0,19.0,23,310.9419,219.7482,289.6062,0.8104,3,SIMULATED,SIMULATED,SIMULATED,SIMULATED
24.0,19.0,16,381.9665,749.9367,259.9128,0.3462,2,SIMULATED,SIMULATED,SIMULATED,SIMULATED
24.2,19.2,77,798.1563,110.1238,286.6981,-0.4044,3,SIMULATED,SIMULATED,SIMULATED,SIMULATED
24.2,19.2,44,311.6105,424.1313,260.5587,-0.687,3,SIMULATED,SIMULATED,SIMULATED,SIMULATED
24.2,19.2,55,146.0187,735.0252,238.9284,0.2809,2,SIMULATED,SIMULATED,SIMULATED,SIMULATED
24.2,19.2,4,586.9918,-106.9154,272.9461,-0.3874,4,SIMULATED,SIMULATED,SIMULATED,SIMULATED
24.2,19.2,23,326.527,214.7201,295.3163,0.8084,3,SIMULATED,SIMULATED,SIMULATED,SIMULATED
24.2,19.2,16,395.6346,755.0202,262.9629,0.4318,2,SIMULATED,SIMULATED,SIMULATED,SIMULATED
24.4,19.4,77,803.694,95.2934,282.9181,-0.5352,3,SIMULATED,SIMULATED,SIMULATED,SIMULATED
24.4,19.4,44,297.9461,419.9868,258.0609,-0.3536,3,SIMULATED,SIMULATED,SIMULATED,SIMULATED
24.4,19.4,55,137.8781,724.2926,243.6009,0.6615,2,SIMULATED,SIMULATED,SIMULATED,SIMULATED
24.4,19.4,4,572.2327,-103.6728,272.1055,-0.119,4,SIMULATED,SIMULATED,SIMULATED,SIMULATED
24.4,19.4,23,342.6055,210.3738,300.4573,0.7279,3,SIMULATED,SIMULATED,SIMULATED,SIMULATED
24.4,19.4,16,409.5747,759.395,263.6542,0.0979,2,SIMULATED,SIMULATED,SIMULATED,SIMULATED
24.6,19.6,77,807.6224,80.2564,278.6386,-0.6059,3,SIMULATED,SIMULATED,SIMULATED,SIMULATED
24.6,19.6,44,284.1876,416.4312,256.2116,-0.2618,3,SIMULATED,SIMULATED,SIMULATED,SIMULATED
24.6,19.6,55,130.3779,712.889,247.7029,0.5808,2,SIMULATED,SIMULATED,SIMULATED,SIMULATED
24.6,19.6,4,557.5002,-100.4263,271.5392,-0.0802,4,SIMULATED,SIMULATED,SIMULATED,SIMULATED
24.6,19.6,23,359.2375,206.8681,306.3369,0.8324,3,SIMULATED,SIMULATED,SIMULATED,SIMULATED
24.6,19.6,16,423.847,762.5325,264.8583,0.1705,2,SIMULATED,SIMULATED,SIMULATED,SIMULATED
24.8,19.8,77,810.221,64.9937,276.8628,-0.2514,3,SIMULATED,SIMULATED,SIMULATED,SIMULATED
24.8,19.8,44,270.4135,413.3579,254.7191,-0.2113,3,SIMULATED,SIMULATED,SIMULATED,SIMULATED
24.8,19.8,55,124.1889,700.5264,252.88,0.733,2,SIMULATED,SIMULATED,SIMULATED,SIMULATED
24.8,19.8,4,542.7912,-97.1941,271.0232,-0.0731,4,SIMULATED,SIMULATED,SIMULATED,SIMULATED
24.8,19.8,23,376.2554,204.2059,310.648,0.6104,3,SIMULATED,SIMULATED,SIMULATED,SIMULATED
24.8,19.8,16,438.4955,763.2686,265.0198,0.0229,2,SIMULATED,SIMULATED,SIMULATED,SIMULATED
25.0,20.0,77,811.1407,49.7817,273.2638,-0.5095,3,SIMULATED,SIMULATED,SIMULATED,SIMULATED
25.0,20.0,44,256.6284,410.4766,253.5924,-0.1595,3,SIMULATED,SIMULATED,SIMULATED,SIMULATED
25.0,20.0,55,121.317,687.1315,256.1857,0.468,2,SIMULATED,SIMULATED,SIMULATED,SIMULATED
25.0,20.0,4,528.0944,-94.0203,270.5432,-0.068,4,SIMULATED,SIMULATED,SIMULATED,SIMULATED
25.0,20.0,23,393.5325,202.3959,313.3641,0.3845,3,SIMULATED,SIMULATED,SIMULATED,SIMULATED
25.0,20.0,16,453.0208,761.5926,265.0198,0.0,2,SIMULATED,SIMULATED,SIMULATED,SIMULATED
25.2,20.2,77,809.3454,34.6703,270.6346,-0.3722,3,SIMULATED,SIMULATED,SIMULATED,SIMULATED
25.2,20.2,44,242.855,407.6946,253.0365,-0.0787,3,SIMULATED,SIMULATED,SIMULATED,SIMULATED
25.2,20.2,55,123.8056,673.8692,256.1857,0.0,2,SIMULATED,SIMULATED,SIMULATED,SIMULATED
25.2,20.2,4,513.3748,-90.9413,270.5432,0.0,4,SIMULATED,SIMULATED,SIMULATED,SIMULATED
25.2,20.2,23,410.8949,201.5768,313.2335,-0.0185,3,SIMULATED,SIMULATED,SIMULATED,SIMULATED
25.2,20.2,16,466.7618,756.7632,265.0174,-0.0003,2,SIMULATED,SIMULATED,SIMULATED,SIMULATED
25.4,20.4,77,805.6089,19.9327,270.7881,0.0217,3,SIMULATED,SIMULATED,SIMULATED,SIMULATED
25.4,20.4,44,229.0759,404.7519,252.7446,-0.0413,3,SIMULATED,SIMULATED,SIMULATED,SIMULATED
25.4,20.4,55,132.8192,663.991,256.1857,0.0,2,SIMULATED,SIMULATED,SIMULATED,SIMULATED
25.4,20.4,4,498.5847,-87.9739,271.2083,0.0942,4,SIMULATED,SIMULATED,SIMULATED,SIMULATED
25.4,20.4,23,428.2267,201.5241,312.2884,-0.1338,3,SIMULATED,SIMULATED,SIMULATED,SIMULATED
25.4,20.4,16,479.1108,749.061,265.0171,-0.0,2,SIMULATED,SIMULATED,SIMULATED,SIMULATED
25.6,20.6,77,799.4223,5.986,272.6074,0.2576,3,SIMULATED,SIMULATED,SIMULATED,SIMULATED
25.6,20.6,44,215.4709,401.043,252.7453,0.0001,3,SIMULATED,SIMULATED,SIMULATED,SIMULATED
25.6,20.6,55,145.8336,660.174,256.1857,0.0,2,SIMULATED,SIMULATED,SIMULATED,SIMULATED
25.6,20.6,4,483.6366,-85.167,273.6256,0.3422,4,SIMULATED,SIMULATED,SIMULATED,SIMULATED
25.6,20.6,23,445.4577,202.1079,310.7339,-0.2201,3,SIMULATED,SIMULATED,SIMULATED,SIMULATED
25.6,20.6,16,488.8717,738.314,265.0171,0.0,2,SIMULATED,SIMULATED,SIMULATED,SIMULATED
25.8,20.8,77,792.1325,-7.4874,275.3272,0.3851,3,SIMULATED,SIMULATED,SIMULATED,SIMULATED
25.8,20.8,44,202.2084,396.0899,252.7453,0.0,3,SIMULATED,SIMULATED,SIMULATED,SIMULATED
25.8,20.8,55,159.687,660.8065,256.1857,0.0,2,SIMULATED,SIMULATED,SIMULATED,SIMULATED
25.8,20.8,4,468.5391,-82.4632,275.8073,0.3089,4,SIMULATED,SIMULATED,SIMULATED,SIMULATED
25.8,20.8,23,462.6271,203.0864,309.7191,-0.1437,3,SIMULATED,SIMULATED,SIMULATED,SIMULATED
25.8,20.8,16,495.7071,725.4637,265.0171,0.0,2,SIMULATED,SIMULATED,SIMULATED,SIMULATED
26.0,21.0,77,784.323,-20.8052,277.4042,0.2941,3,SIMULATED,SIMULATED,SIMULATED,SIMULATED
26.0,21.0,44,189.6383,389.6689,252.7453,0.0,3,SIMULATED,SIMULATED,SIMULATED,SIMULATED
26.0,21.0,55,173.463,663.9396,256.1857,0.0,2,SIMULATED,SIMULATED,SIMULATED,SIMULATED
26.0,21.0,4,453.1781,-79.9883,279.6605,0.5455,4,SIMULATED,SIMULATED,SIMULATED,SIMULATED
26.0,21.0,23,479.6642,204.3152,307.5375,-0.3089,3,SIMULATED,SIMULATED,SIMULATED,SIMULATED
26.0,21.0,16,499.211,711.3517,265.0171,0.0,2,SIMULATED,SIMULATED,SIMULATED,SIMULATED
26.2,21.2,77,775.9485,-33.9375,279.6707,0.3209,4,SIMULATED,SIMULATED,SIMULATED,SIMULATED
26.2,21.2,44,178.244,381.1555,252.7453,0.0,3,SIMULATED,SIMULATED,SIMULATED,SIMULATED
26.2,21.2,55,186.8946,668.2062,255.2696,-0.1297,2,SIMULATED,SIMULATED,SIMULATED,SIMULATED
26.2,21.2,4,437.4939,-78.2877,282.6712,0.4262,4,SIMULATED,SIMULATED,SIMULATED,SIMULATED
26.2,21.2,23,496.6301,205.7782,306.6521,-0.1254,3,SIMULATED,SIMULATED,SIMULATED,SIMULATED
26.2,21.2,16,499.7896,696.826,264.4513,-0.0801,2,SIMULATED,SIMULATED,SIMULATED,SIMULATED
26.4,21.4,77,767.3832,-46.9229,279.8035,0.0188,4,SIMULATED,SIMULATED,SIMULATED,SIMULATED
26.4,21.4,44,169.2955,370.101,252.7453,0.0,3,SIMULATED,SIMULATED,SIMULATED,SIMULATED
26.4,21.4,55,199.8979,673.0905,250.7379,-0.6416,2,SIMULATED,SIMULATED,SIMULATED,SIMULATED
26.4,21.4,4,421.4231,-77.9662,287.1799,0.6383,4,SIMULATED,SIMULATED,SIMULATED,SIMULATED
26.4,21.4,23,513.5666,207.5103,306.6127,-0.0056,3,SIMULATED,SIMULATED,SIMULATED,SIMULATED
26.4,21.4,16,496.9115,682.8036,261.507,-0.4169,2,SIMULATED,SIMULATED,SIMULATED,SIMULATED
26.6,21.6,77,758.6548,-59.8181,279.9904,0.0265,4,SIMULATED,SIMULATED,SIMULATED,SIMULATED
26.6,21.6,44,164.0789,356.7031,253.7179,0.1377,3,SIMULATED,SIMULATED,SIMULATED,SIMULATED
26.6,21.6,55,212.68,678.1385,247.7728,-0.4198,2,SIMULATED,SIMULATED,SIMULATED,SIMULATED
26.6,21.6,4,405.1673,-80.5941,292.0098,0.6838,4,SIMULATED,SIMULATED,SIMULATED,SIMULATED
26.6,21.6,23,530.4831,209.3635,306.3611,-0.0356,3,SIMULATED,SIMULATED,SIMULATED,SIMULATED
26.6,21.6,16,490.5892,670.0085,258.4934,-0.4267,2,SIMULATED,SIMULATED,SIMULATED,SIMULATED
26.8,21.8,77,749.76,-72.6037,280.2318,0.0342,4,SIMULATED,SIMULATED,SIMULATED,SIMULATED
26.8,21.8,44,162.9913,342.1518,258.6555,0.6991,3,SIMULATED,SIMULATED,SIMULATED,SIMULATED
26.8,21.8,55,225.2871,683.2124,244.8395,-0.4153,2,SIMULATED,SIMULATED,SIMULATED,SIMULATED
26.8,21.8,4,389.5488,-86.0676,294.5266,0.3563,4,SIMULATED,SIMULATED,SIMULATED,SIMULATED
26.8,21.8,23,547.3815,211.298,306.1844,-0.025,3,SIMULATED,SIMULATED,SIMULATED,SIMULATED
26.8,21.8,16,482.566,658.4106,255.4418,-0.432,2,SIMULATED,SIMULATED,SIMULATED,SIMULATED
27.0,22.0,77,740.6083,-85.236,280.2318,0.0,4,SIMULATED,SIMULATED,SIMULATED,SIMULATED
27.0,22.0,44,166.9066,327.7167,263.9895,0.7552,3,SIMULATED,SIMULATED,SIMULATED,SIMULATED
27.0,22.0,55,237.8593,688.4068,244.9801,0.0199,2,SIMULATED,SIMULATED,SIMULATED,SIMULATED
27.0,22.0,4,375.416,-94.7046,294.9184,0.0555,4,SIMULATED,SIMULATED,SIMULATED,SIMULATED
27.0,22.0,23,564.2681,213.3186,306.1844,0.0,3,SIMULATED,SIMULATED,SIMULATED,SIMULATED
27.0,22.0,16,473.565,647.6689,252.5952,-0.403,2,SIMULATED,SIMULATED,SIMULATED,SIMULATED
27.2,22.2,77,730.1222,-97.0063,280.8087,0.0817,4,SIMULATED,SIMULATED,SIMULATED,SIMULATED
27.2,22.2,44,174.2461,314.7362,266.5248,0.3589,3,SIMULATED,SIMULATED,SIMULATED,SIMULATED
27.2,22.2,55,250.3948,693.6852,244.9341,-0.0065,2,SIMULATED,SIMULATED,SIMULATED,SIMULATED
27.2,22.2,4,362.9916,-105.6598,294.9184,0.0,4,SIMULATED,SIMULATED,SIMULATED,SIMULATED
27.2,22.2,23,581.1322,215.4313,305.9766,-0.0294,3,SIMULATED,SIMULATED,SIMULATED,SIMULATED
27.2,22.2,16,464.2869,637.2078,251.8047,-0.1119,3,SIMULATED,SIMULATED,SIMULATED,SIMULATED
27.4,22.4,77,717.9784,-107.0481,280.8921,0.0118,4,SIMULATED,SIMULATED,SIMULATED,SIMULATED
27.4,22.4,44,183.0948,302.7423,266.5248,0.0,3,SIMULATED,SIMULATED,SIMULATED,SIMULATED
27.4,22.4,55,262.9002,699.0746,245.5109,0.0817,2,SIMULATED,SIMULATED,SIMULATED,SIMULATED
27.4,22.4,4,352.4535,-118.3795,294.9184,0.0,4,SIMULATED,SIMULATED,SIMULATED,SIMULATED
27.4,22.4,23,597.9547,217.668,305.5397,-0.0619,3,SIMULATED,SIMULATED,SIMULATED,SIMULATED
27.4,22.4,16,455.0384,626.6979,251.8383,0.0048,3,SIMULATED,SIMULATED,SIMULATED,SIMULATED
27.6,22.6,77,704.0045,-114.4735,282.6983,0.2557,4,SIMULATED,SIMULATED,SIMULATED,SIMULATED
27.6,22.6,44,193.0443,291.655,266.5248,0.0,3,SIMULATED,SIMULATED,SIMULATED,SIMULATED
27.6,22.6,55,275.4164,704.677,246.9358,0.2017,2,SIMULATED,SIMULATED,SIMULATED,SIMULATED
27.6,22.6,4,343.1373,-131.989,294.9184,0.0,4,SIMULATED,SIMULATED,SIMULATED,SIMULATED
27.6,22.6,23,614.7668,219.8019,304.8489,-0.0978,3,SIMULATED,SIMULATED,SIMULATED,SIMULATED
27.6,22.6,16,445.9533,615.9947,252.4227,0.0827,3,SIMULATED,SIMULATED,SIMULATED,SIMULATED
27.8,22.8,77,688.9378,-119.7008,284.1167,0.2008,4,SIMULATED,SIMULATED,SIMULATED,SIMULATED
27.8,22.8,44,203.8048,281.414,266.5248,0.0,3,SIMULATED,SIMULATED,SIMULATED,SIMULATED
27.8,22.8,55,287.9487,710.3817,247.9834,0.1483,2,SIMULATED,SIMULATED,SIMULATED,SIMULATED
27.8,22.8,4,334.994,-146.305,294.9184,0.0,4,SIMULATED,SIMULATED,SIMULATED,SIMULATED
27.8,22.8,23,631.552,221.5658,303.6865,-0.1646,3,SIMULATED,SIMULATED,SIMULATED,SIMULATED
27.8,22.8,16,437.1869,604.8274,255.322,0.4105,3,SIMULATED,SIMULATED,SIMULATED,SIMULATED
28.0,23.0,77,673.1534,-121.9106,284.1566,0.0057,4,SIMULATED,SIMULATED,SIMULATED,SIMULATED
28.0,23.0,44,215.2547,271.8957,266.5248,0.0,3,SIMULATED,SIMULATED,SIMULATED,SIMULATED
28.0,23.0,55,300.5612,716.1618,249.693,0.242,2,SIMULATED,SIMULATED,SIMULATED,SIMULATED
28.0,23.0,4,327.4099,-160.8528,294.615,-0.043,4,SIMULATED,SIMULATED,SIMULATED,SIMULATED
28.0,23.0,23,648.3662,222.723,302.948,-0.1045,3,SIMULATED,SIMULATED,SIMULATED,SIMULATED
28.0,23.0,16,428.7195,593.2586,257.8256,0.3545,3,SIMULATED,SIMULATED,SIMULATED,SIMULATED
28.2,23.2,77,657.2977,-121.7434,283.5521,-0.0856,4,SIMULATED,SIMULATED,SIMULATED,SIMULATED
28.2,23.2,44,227.1637,262.9578,267.6634,0.1612,3,SIMULATED,SIMULATED,SIMULATED,SIMULATED
28.2,23.2,55,313.2879,721.9716,251.8284,0.3023,2,SIMULATED,SIMULATED,SIMULATED,SIMULATED
28.2,23.2,4,320.2064,-175.4486,292.7326,-0.2665,4,SIMULATED,SIMULATED,SIMULATED,SIMULATED
28.2,23.2,23,665.136,222.8173,300.8751,-0.2935,3,SIMULATED,SIMULATED,SIMULATED,SIMULATED
28.2,23.2,16,420.8276,581.0775,260.5678,0.3882,3,SIMULATED,SIMULATED,SIMULATED,SIMULATED
28.4,23.4,77,641.5806,-119.9315,283.3626,-0.0268,4,SIMULATED,SIMULATED,SIMULATED,SIMULATED
28.4,23.4,44,239.4018,254.3262,269.1304,0.2077,3,SIMULATED,SIMULATED,SIMULATED,SIMULATED
28.4,23.4,55,326.1064,727.7986,253.3729,0.2187,2,SIMULATED,SIMULATED,SIMULATED,SIMULATED
28.4,23.4,4,313.3382,-189.9952,289.1848,-0.5023,4,SIMULATED,SIMULATED,SIMULATED,SIMULATED
28.4,23.4,23,681.5853,221.0321,297.4631,-0.4831,3,SIMULATED,SIMULATED,SIMULATED,SIMULATED
28.4,23.4,16,413.5767,568.27,264.5577,0.5649,3,SIMULATED,SIMULATED,SIMULATED,SIMULATED
28.6,23.6,77,626.224,-117.2565,280.1916,-0.4489,4,SIMULATED,SIMULATED,SIMULATED,SIMULATED
28.6,23.6,44,252.1538,246.1703,271.3533,0.3147,3,SIMULATED,SIMULATED,SIMULATED,SIMULATED
28.6,23.6,55,339.0272,733.5661,254.5405,0.1653,2,SIMULATED,SIMULATED,SIMULATED,SIMULATED
28.6,23.6,4,306.6677,-204.376,285.2573,-0.556,4,SIMULATED,SIMULATED,SIMULATED,SIMULATED
28.6,23.6,23,697.6873,217.5785,295.3406,-0.3005,3,SIMULATED,SIMULATED,SIMULATED,SIMULATED
28.6,23.6,16,406.9131,554.9432,267.6178,0.4332,3,SIMULATED,SIMULATED,SIMULATED,SIMULATED
28.8,23.8,77,611.086,-114.2667,277.5085,-0.3799,4,SIMULATED,SIMULATED,SIMULATED,SIMULATED
28.8,23.8,44,265.359,238.484,274.5177,0.448,3,SIMULATED,SIMULATED,SIMULATED,SIMULATED
28.8,23.8,55,352.0196,739.2978,255.5537,0.1434,2,SIMULATED,SIMULATED,SIMULATED,SIMULATED
28.8,23.8,4,300.0948,-218.5856,281.8373,-0.4842,4,SIMULATED,SIMULATED,SIMULATED,SIMULATED
28.8,23.8,23,712.8465,211.7126,291.5865,-0.5315,3,SIMULATED,SIMULATED,SIMULATED,SIMULATED
28.8,23.8,16,400.8992,541.1699,270.3049,0.3804,3,SIMULATED,SIMULATED,SIMULATED,SIMULATED
29.0,24.0,77,596.142,-111.1373,274.6075,-0.4107,4,SIMULATED,SIMULATED,SIMULATED,SIMULATED
29.0,24.0,44,279.1408,231.2933,278.5678,0.5734,3,SIMULATED,SIMULATED,SIMULATED,SIMULATED
29.0,24.0,55,365.1663,744.9454,257.0714,0.2149,2,SIMULATED,SIMULATED,SIMULATED,SIMULATED
29.0,24.0,4,293.5733,-232.6494,279.1212,-0.3845,4,SIMULATED,SIMULATED,SIMULATED,SIMULATED
29.0,24.0,23,726.9815,203.8772,290.3915,-0.1692,3,SIMULATED,SIMULATED,SIMULATED,SIMULATED
29.0,24.0,16,395.3437,527.0433,272.8615,0.362,3,SIMULATED,SIMULATED,SIMULATED,SIMULATED
29.2,24.2,77,581.3568,-107.9381,272.2059,-0.34,4,SIMULATED,SIMULATED,SIMULATED,SIMULATED
29.2,24.2,44,293.5239,224.8317,283.2182,0.6584,3,SIMULATED,SIMULATED,SIMULATED,SIMULATED
29.2,24.2,55,378.513,750.3963,259.1824,0.2989,2,SIMULATED,SIMULATED,SIMULATED,SIMULATED
29.2,24.2,4,287.0692,-246.5135,275.7482,-0.4775,4,SIMULATED,SIMULATED,SIMULATED,SIMULATED
29.2,24.2,23,739.9473,194.176,290.3915,0.0,3,SIMULATED,SIMULATED,SIMULATED,SIMULATED
29.2,24.2,16,390.14,512.7274,274.145,0.1817,3,SIMULATED,SIMULATED,SIMULATED,SIMULATED
29.4,24.4,77,566.6024,-104.6847,271.9619,-0.0345,4,SIMULATED,SIMULATED,SIMULATED,SIMULATED
29.4,24.4,44,308.5428,219.0257,288.8817,0.8018,3,SIMULATED,SIMULATED,SIMULATED,SIMULATED
29.4,24.4,55,392.1688,755.5827,262.4067,0.4565,2,SIMULATED,SIMULATED,SIMULATED,SIMULATED
29.4,24.4,4,280.5065,-260.3328,275.4504,-0.0422,4,SIMULATED,SIMULATED,SIMULATED,SIMULATED
29.4,24.4,23,751.5129,182.857,290.3915,0.0,3,SIMULATED,SIMULATED,SIMULATED,SIMULATED
29.4,24.4,16,384.7439,498.5077,274.0401,-0.0149,3,SIMULATED,SIMULATED,SIMULATED,SIMULATED
29.6,24.6,77,551.8802,-101.4414,271.3575,-0.0856,4,SIMULATED,SIMULATED,SIMULATED,SIMULATED
29.6,24.6,44,324.1358,213.8736,294.6203,0.8125,3,SIMULATED,SIMULATED,SIMULATED,SIMULATED
29.6,24.6,55,406.1582,760.2247,263.5527,0.1623,2,SIMULATED,SIMULATED,SIMULATED,SIMULATED
29.6,24.6,4,273.8917,-274.1102,275.1734,-0.0392,4,SIMULATED,SIMULATED,SIMULATED,SIMULATED
29.6,24.6,23,762.0731,170.64,290.3915,0.0,3,SIMULATED,SIMULATED,SIMULATED,SIMULATED
29.6,24.6,16,379.022,484.4459,273.8312,-0.0296,3,SIMULATED,SIMULATED,SIMULATED,SIMULATED
29.8,24.8,77,537.1848,-98.2262,270.82,-0.0761,4,SIMULATED,SIMULATED,SIMULATED,SIMULATED
29.8,24.8,44,340.216,209.3932,299.875,0.744,3,SIMULATED,SIMULATED,SIMULATED,SIMULATED
29.8,24.8,55,420.4974,763.7353,264.7303,0.1667,2,SIMULATED,SIMULATED,SIMULATED,SIMULATED
29.8,24.8,4,267.2402,-287.7764,273.7966,-0.1949,4,SIMULATED,SIMULATED,SIMULATED,SIMULATED
29.8,24.8,23,771.6131,157.5769,290.3915,0.0,3,SIMULATED,SIMULATED,SIMULATED,SIMULATED
29.8,24.8,16,372.2466,470.9548,272.585,-0.1764,3,SIMULATED,SIMULATED,SIMULATED,SIMULATED
30.0,25.0,77,522.4928,-95.0778,270.5432,-0.0392,4,SIMULATED,SIMULATED,SIMULATED,SIMULATED
30.0,25.0,44,356.8756,205.7944,305.6346,0.8154,3,SIMULATED,SIMULATED,SIMULATED,SIMULATED
30.0,25.0,55,435.3923,764.9343,265.0198,0.041,2,SIMULATED,SIMULATED,SIMULATED,SIMULATED
30.0,25.0,4,260.5086,-301.3446,272.7762,-0.1445,4,SIMULATED,SIMULATED,SIMULATED,SIMULATED
30.0,25.0,23,780.3156,143.9546,290.3915,0.0,3,SIMULATED,SIMULATED,SIMULATED,SIMULATED
30.0,25.0,16,363.8325,458.5497,272.3263,-0.0366,3,SIMULATED,SIMULATED,SIMULATED,SIMULATED
30.2,25.2,77,507.7835,-92.0481,270.5432,0.0,4,SIMULATED,SIMULATED,SIMULATED,SIMULATED
30.2,25.2,44,373.9418,202.9942,310.2693,0.6562,3,SIMULATED,SIMULATED,SIMULATED,SIMULATED
30.2,25.2,55,450.2519,763.7694,265.0198,0.0,2,SIMULATED,SIMULATED,SIMULATED,SIMULATED
30.2,25.2,4,253.6722,-314.8748,272.9955,0.031,4,SIMULATED,SIMULATED,SIMULATED,SIMULATED
30.2,25.2,23,788.3103,129.9162,290.1706,-0.0313,3,SIMULATED,SIMULATED,SIMULATED,SIMULATED
30.2,25.2,16,353.4981,447.6149,271.7268,-0.0849,3,SIMULATED,SIMULATED,SIMULATED,SIMULATED
30.4,25.4,77,492.971,-89.1453,271.8726,0.1882,4,SIMULATED,SIMULATED,SIMULATED,SIMULATED
30.4,25.4,44,391.2722,201.0952,313.2293,0.4191,3,SIMULATED,SIMULATED,SIMULATED,SIMULATED
30.4,25.4,55,464.6073,759.5493,265.0185,-0.0002,2,SIMULATED,SIMULATED,SIMULATED,SIMULATED
30.4,25.4,4,246.7785,-328.3384,272.3355,-0.0934,4,SIMULATED,SIMULATED,SIMULATED,SIMULATED
30.4,25.4,23,795.2372,115.5191,287.4082,-0.3911,3,SIMULATED,SIMULATED,SIMULATED,SIMULATED
30.4,25.4,16,341.8802,438.2775,270.4584,-0.1796,3,SIMULATED,SIMULATED,SIMULATED,SIMULATED
30.6,25.6,77,478.0073,-86.374,274.1512,0.3226,4,SIMULATED,SIMULATED,SIMULATED,SIMULATED
30.6,25.6,44,408.719,200.1284,313.3209,0.013,3,SIMULATED,SIMULATED,SIMULATED,SIMULATED
30.6,25.6,55,477.6753,752.2772,265.0171,-0.0002,2,SIMULATED,SIMULATED,SIMULATED,SIMULATED
30.6,25.6,4,239.8495,-341.7302,271.4995,-0.1184,4,SIMULATED,SIMULATED,SIMULATED,SIMULATED
30.6,25.6,23,801.2352,100.8463,284.6018,-0.3973,3,SIMULATED,SIMULATED,SIMULATED,SIMULATED
30.6,25.6,16,329.1482,430.8667,266.8624,-0.5091,3,SIMULATED,SIMULATED,SIMULATED,SIMULATED
30.8,25.8,77,462.8544,-83.7267,277.0095,0.4047,4,SIMULATED,SIMULATED,SIMULATED,SIMULATED
30.8,25.8,44,426.1004,200.0087,312.3501,-0.1374,3,SIMULATED,SIMULATED,SIMULATED,SIMULATED
30.8,25.8,55,488.4094,741.8055,265.0171,0.0,2,SIMULATED,SIMULATED,SIMULATED,SIMULATED
30.8,25.8,4,232.8626,-355.0438,270.7649,-0.104,4,SIMULATED,SIMULATED,SIMULATED,SIMULATED
30.8,25.8,23,805.8659,85.9608,280.2017,-0.623,3,SIMULATED,SIMULATED,SIMULATED,SIMULATED
30.8,25.8,16,315.8493,425.0258,261.9689,-0.6928,3,SIMULATED,SIMULATED,SIMULATED,SIMULATED
31.0,26.0,77,447.4358,-81.483,281.3622,0.6162,4,SIMULATED,SIMULATED,SIMULATED,SIMULATED
31.0,26.0,44,443.4124,200.5035,310.9894,-0.1926,3,SIMULATED,SIMULATED,SIMULATED,SIMULATED
31.0,26.0,55,496.0879,728.9651,265.0171,0.0,2,SIMULATED,SIMULATED,SIMULATED,SIMULATED
31.0,26.0,4,225.8496,-368.3026,270.0348,-0.1034,4,SIMULATED,SIMULATED,SIMULATED,SIMULATED
31.0,26.0,23,808.9112,70.7541,278.2345,-0.2785,3,SIMULATED,SIMULATED,SIMULATED,SIMULATED
31.0,26.0,16,302.2393,420.6484,258.6011,-0.4768,3,SIMULATED,SIMULATED,SIMULATED,SIMULATED
31.2,26.2,77,431.78,-80.1311,284.0376,0.3788,4,SIMULATED,SIMULATED,SIMULATED,SIMULATED
31.2,26.2,44,460.6264,201.4477,310.0135,-0.1382,3,SIMULATED,SIMULATED,SIMULATED,SIMULATED
31.2,26.2,55,500.4887,714.6338,265.0171,-0.0,2,SIMULATED,SIMULATED,SIMULATED,SIMULATED
31.2,26.2,4,218.8044,-381.4399,268.5687,-0.2076,4,SIMULATED,SIMULATED,SIMULATED,SIMULATED
31.2,26.2,23,810.452,55.5354,274.3721,-0.5468,3,SIMULATED,SIMULATED,SIMULATED,SIMULATED
31.2,26.2,16,288.4629,416.9875,256.8001,-0.255,3,SIMULATED,SIMULATED,SIMULATED,SIMULATED
31.4,26.4,77,415.941,-80.7714,288.889,0.6869,4,SIMULATED,SIMULATED,SIMULATED,SIMULATED
31.4,26.4,44,477.6891,202.6618,307.7662,-0.3182,3,SIMULATED,SIMULATED,SIMULATED,SIMULATED
31.4,26.4,55,501.7115,699.87,264.8658,-0.0214,2,SIMULATED,SIMULATED,SIMULATED,SIMULATED
31.4,26.4,4,211.6823,-394.4909,267.8403,-0.1031,4,SIMULATED,SIMULATED,SIMULATED,SIMULATED
31.4,26.4,23,809.811,40.4048,271.9908,-0.3371,3,SIMULATED,SIMULATED,SIMULATED,SIMULATED
31.4,26.4,16,274.6764,413.7687,255.1042,-0.2401,3,SIMULATED,SIMULATED,SIMULATED,SIMULATED
31.6,26.6,77,400.2987,-84.1978,292.5228,0.5145,4,SIMULATED,SIMULATED,SIMULATED,SIMULATED
31.6,26.6,44,494.6796,204.0973,306.6718,-0.1549,3,SIMULATED,SIMULATED,SIMULATED,SIMULATED
31.6,26.6,55,499.3568,685.1765,262.3701,-0.3533,2,SIMULATED,SIMULATED,SIMULATED,SIMULATED
31.6,26.6,4,204.4071,-407.4248,267.3998,-0.0624,4,SIMULATED,SIMULATED,SIMULATED,SIMULATED
31.6,26.6,23,806.8752,25.6041,270.5403,-0.2054,3,SIMULATED,SIMULATED,SIMULATED,SIMULATED
31.6,26.6,16,260.8885,410.8412,253.8548,-0.1769,3,SIMULATED,SIMULATED,SIMULATED,SIMULATED
31.8,26.8,77,385.5365,-90.6742,294.9184,0.3392,4,SIMULATED,SIMULATED,SIMULATED,SIMULATED
31.8,26.8,44,511.6415,205.7965,306.6127,-0.0084,3,SIMULATED,SIMULATED,SIMULATED,SIMULATED
31.8,26.8,55,493.5696,671.7229,258.9424,-0.4853,2,SIMULATED,SIMULATED,SIMULATED,SIMULATED
31.8,26.8,4,196.8943,-420.247,267.8176,0.0592,4,SIMULATED,SIMULATED,SIMULATED,SIMULATED
31.8,26.8,23,801.4851,11.4269,271.7714,0.1743,3,SIMULATED,SIMULATED,SIMULATED,SIMULATED
31.8,26.8,16,247.1063,408.0318,253.2362,-0.0876,3,SIMULATED,SIMULATED,SIMULATED,SIMULATED
32.0,27.0,77,372.2664,-99.9915,294.9184,0.0,4,SIMULATED,SIMULATED,SIMULATED,SIMULATED
32.0,27.0,44,528.5733,207.6386,306.3934,-0.0311,3,SIMULATED,SIMULATED,SIMULATED,SIMULATED
32.0,27.0,55,485.7321,659.7565,255.9578,-0.4226,2,SIMULATED,SIMULATED,SIMULATED,SIMULATED
32.0,27.0,4,188.5411,-432.4224,267.8176,0.0,4,SIMULATED,SIMULATED,SIMULATED,SIMULATED
32.0,27.0,23,794.5347,-2.1649,274.246,0.3504,3,SIMULATED,SIMULATED,SIMULATED,SIMULATED
32.0,27.0,16,233.3502,405.1786,252.7435,-0.0697,3,SIMULATED,SIMULATED,SIMULATED,SIMULATED
32.2,27.200000000000003,77,360.8575,-111.4631,294.9184,0.0,4,SIMULATED,SIMULATED,SIMULATED,SIMULATED
32.2,27.200000000000003,44,545.4767,209.5674,306.1844,-0.0296,3,SIMULATED,SIMULATED,SIMULATED,SIMULATED
32.2,27.200000000000003,55,476.7799,648.7662,252.9364,-0.4278,2,SIMULATED,SIMULATED,SIMULATED,SIMULATED
32.2,27.200000000000003,4,179.0251,-443.6628,267.8176,0.0,4,SIMULATED,SIMULATED,SIMULATED,SIMULATED
32.2,27.200000000000003,23,786.905,-15.5055,276.3971,0.3045,3,SIMULATED,SIMULATED,SIMULATED,SIMULATED
32.2,27.200000000000003,16,219.6548,401.8691,252.7453,0.0002,3,SIMULATED,SIMULATED,SIMULATED,SIMULATED
32.4,27.4,77,350.8757,-124.3353,294.9184,0.0,4,SIMULATED,SIMULATED,SIMULATED,SIMULATED
32.4,27.4,44,562.3742,211.5762,306.1844,0.0,3,SIMULATED,SIMULATED,SIMULATED,SIMULATED
32.4,27.4,55,467.5029,638.2522,252.131,-0.114,2,SIMULATED,SIMULATED,SIMULATED,SIMULATED
32.4,27.4,4,167.5497,-452.5197,267.8176,0.0,4,SIMULATED,SIMULATED,SIMULATED,SIMULATED
32.4,27.4,23,778.7441,-28.688,278.8653,0.3494,3,SIMULATED,SIMULATED,SIMULATED,SIMULATED
32.4,27.4,16,206.3688,397.2415,252.7453,0.0,3,SIMULATED,SIMULATED,SIMULATED,SIMULATED
32.6,27.6,77,342.1097,-138.0526,294.9184,0.0,4,SIMULATED,SIMULATED,SIMULATED,SIMULATED
32.6,27.6,44,579.2548,213.6794,306.1013,-0.0118,3,SIMULATED,SIMULATED,SIMULATED,SIMULATED
32.6,27.6,55,458.2496,627.7873,251.6406,-0.0694,3,SIMULATED,SIMULATED,SIMULATED,SIMULATED
32.6,27.6,4,154.4025,-458.9761,267.8176,0.0,4,SIMULATED,SIMULATED,SIMULATED,SIMULATED
32.6,27.6,23,770.2509,-41.7201,279.7863,0.1304,4,SIMULATED,SIMULATED,SIMULATED,SIMULATED
32.6,27.6,16,193.5562,391.3534,252.7453,0.0,3,SIMULATED,SIMULATED,SIMULATED,SIMULATED
32.8,27.799999999999997,77,334.2542,-152.3697,294.759,-0.0226,4,SIMULATED,SIMULATED,SIMULATED,SIMULATED
32.8,27.799999999999997,44,596.0908,215.9017,305.5397,-0.0795,3,SIMULATED,SIMULATED,SIMULATED,SIMULATED
32.8,27.799999999999997,55,449.1256,617.2238,252.1891,0.0777,3,SIMULATED,SIMULATED,SIMULATED,SIMULATED
32.8,27.799999999999997,4,140.2626,-462.4621,267.8176,0.0,4,SIMULATED,SIMULATED,SIMULATED,SIMULATED
32.8,27.799999999999997,23,761.5841,-54.6324,279.8662,0.0113,4,SIMULATED,SIMULATED,SIMULATED,SIMULATED
32.8,27.799999999999997,16,181.655,383.7151,252.7453,0.0,3,SIMULATED,SIMULATED,SIMULATED,SIMULATED
33.0,28.0,77,326.8281,-166.9132,294.2222,-0.076,4,SIMULATED,SIMULATED,SIMULATED,SIMULATED
33.0,28.0,44,612.8762,218.0803,305.0898,-0.0637,3,SIMULATED,SIMULATED,SIMULATED,SIMULATED
33.0,28.0,55,440.3409,606.1671,254.8099,0.3711,3,SIMULATED,SIMULATED,SIMULATED,SIMULATED
33.0,28.0,4,125.7726,-463.0782,267.8176,0.0,4,SIMULATED,SIMULATED,SIMULATED,SIMULATED
33.0,28.0,23,752.7553,-67.4611,280.167,0.0426,4,SIMULATED,SIMULATED,SIMULATED,SIMULATED
33.0,28.0,16,172.0263,373.3767,252.7453,0.0,3,SIMULATED,SIMULATED,SIMULATED,SIMULATED
33.2,28.200000000000003,77,319.7695,-181.4891,291.9509,-0.3216,4,SIMULATED,SIMULATED,SIMULATED,SIMULATED
33.2,28.200000000000003,44,629.6503,219.8699,303.8859,-0.1704,3,SIMULATED,SIMULATED,SIMULATED,SIMULATED
33.2,28.200000000000003,55,431.8518,594.7109,257.2902,0.3511,3,SIMULATED,SIMULATED,SIMULATED,SIMULATED
33.2,28.200000000000003,4,111.5303,-459.7782,267.8176,0.0,4,SIMULATED,SIMULATED,SIMULATED,SIMULATED
33.2,28.200000000000003,23,743.7678,-80.1927,280.2318,0.0092,4,SIMULATED,SIMULATED,SIMULATED,SIMULATED
33.2,28.200000000000003,16,165.702,360.7606,252.9386,0.0274,3,SIMULATED,SIMULATED,SIMULATED,SIMULATED
33.4,28.4,77,312.9851,-195.957,287.7243,-0.5984,4,SIMULATED,SIMULATED,SIMULATED,SIMULATED
33.4,28.4,44,646.3806,221.1263,302.948,-0.1328,3,SIMULATED,SIMULATED,SIMULATED,SIMULATED
33.4,28.4,55,423.8416,582.7645,259.9735,0.3799,3,SIMULATED,SIMULATED,SIMULATED,SIMULATED
33.4,28.4,4,98.4253,-453.4891,267.8176,0.0,4,SIMULATED,SIMULATED,SIMULATED,SIMULATED
33.4,28.4,23,733.9516,-92.3478,280.293,0.0087,4,SIMULATED,SIMULATED,SIMULATED,SIMULATED
33.4,28.4,16,163.3779,346.5764,257.1671,0.5987,3,SIMULATED,SIMULATED,SIMULATED,SIMULATED
33.6,28.6,77,306.3627,-210.2825,284.1296,-0.5089,4,SIMULATED,SIMULATED,SIMULATED,SIMULATED
33.6,28.6,44,663.0545,221.46,301.1349,-0.2567,3,SIMULATED,SIMULATED,SIMULATED,SIMULATED
33.6,28.6,55,416.5282,570.1927,263.7116,0.5292,3,SIMULATED,SIMULATED,SIMULATED,SIMULATED
33.6,28.6,4,87.0532,-444.3461,267.8176,0.0,4,SIMULATED,SIMULATED,SIMULATED,SIMULATED
33.6,28.6,23,722.535,-103.0576,280.8766,0.0826,4,SIMULATED,SIMULATED,SIMULATED,SIMULATED
33.6,28.6,16,165.6676,332.1197,262.2118,0.7142,3,SIMULATED,SIMULATED,SIMULATED,SIMULATED
33.8,28.799999999999997,77,299.8106,-224.4344,280.7076,-0.4845,4,SIMULATED,SIMULATED,SIMULATED,SIMULATED
33.8,28.799999999999997,44,679.3735,219.8198,297.7788,-0.4752,3,SIMULATED,SIMULATED,SIMULATED,SIMULATED
33.8,28.799999999999997,55,409.7879,557.0079,267.2039,0.4944,3,SIMULATED,SIMULATED,SIMULATED,SIMULATED
33.8,28.799999999999997,4,77.252,-433.3685,267.8176,0.0,4,SIMULATED,SIMULATED,SIMULATED,SIMULATED
33.8,28.799999999999997,23,709.2323,-111.4562,282.1774,0.1842,4,SIMULATED,SIMULATED,SIMULATED,SIMULATED
33.8,28.799999999999997,16,172.2447,318.82,265.9529,0.5297,3,SIMULATED,SIMULATED,SIMULATED,SIMULATED
34.0,29.0,77,293.2983,-238.4332,277.8468,-0.405,4,SIMULATED,SIMULATED,SIMULATED,SIMULATED
34.0,29.0,44,695.3156,216.7538,295.5929,-0.3095,3,SIMULATED,SIMULATED,SIMULATED,SIMULATED
34.0,29.0,55,403.6759,543.4166,269.7057,0.3542,3,SIMULATED,SIMULATED,SIMULATED,SIMULATED
34.0,29.0,4,68.6093,-421.3803,267.8176,0.0,4,SIMULATED,SIMULATED,SIMULATED,SIMULATED
34.0,29.0,23,694.669,-117.571,283.4683,0.1828,4,SIMULATED,SIMULATED,SIMULATED,SIMULATED
34.0,29.0,16,180.6523,306.545,266.5248,0.081,3,SIMULATED,SIMULATED,SIMULATED,SIMULATED
34.2,29.200000000000003,77,286.7712,-252.29,275.6288,-0.314,4,SIMULATED,SIMULATED,SIMULATED,SIMULATED
34.2,29.200000000000003,44,710.4528,211.2065,292.0144,-0.5066,3,SIMULATED,SIMULATED,SIMULATED,SIMULATED
34.2,29.200000000000003,55,398.0623,529.4004,272.4521,0.3888,3,SIMULATED,SIMULATED,SIMULATED,SIMULATED
34.2,29.200000000000003,4,60.62,-408.8669,267.8545,0.0052,4,SIMULATED,SIMULATED,SIMULATED,SIMULATED
34.2,29.200000000000003,23,679.1727,-120.933,284.3002,0.1178,4,SIMULATED,SIMULATED,SIMULATED,SIMULATED
34.2,29.200000000000003,16,190.2757,295.2646,266.5248,0.0,3,SIMULATED,SIMULATED,SIMULATED,SIMULATED
34.4,29.4,77,280.1895,-266.1047,275.38,-0.0352,4,SIMULATED,SIMULATED,SIMULATED,SIMULATED
34.4,29.4,44,724.5021,203.6274,290.3915,-0.2298,3,SIMULATED,SIMULATED,SIMULATED,SIMULATED
34.4,29.4,55,392.8155,515.1381,273.9527,0.2125,3,SIMULATED,SIMULATED,SIMULATED,SIMULATED
34.4,29.4,4,53.1564,-396.0342,268.121,0.0377,4,SIMULATED,SIMULATED,SIMULATED,SIMULATED
34.4,29.4,23,663.355,-121.5297,283.9965,-0.043,4,SIMULATED,SIMULATED,SIMULATED,SIMULATED
34.4,29.4,16,200.8199,284.8076,266.5248,0.0,3,SIMULATED,SIMULATED,SIMULATED,SIMULATED
34.6,29.6,77,273.5437,-279.873,275.0457,-0.0473,4,SIMULATED,SIMULATED,SIMULATED,SIMULATED
34.6,29.6,44,737.4597,194.3231,290.3915,0.0,3,SIMULATED,SIMULATED,SIMULATED,SIMULATED
34.6,29.6,55,387.4879,500.8499,273.9084,-0.0063,3,SIMULATED,SIMULATED,SIMULATED,SIMULATED
34.6,29.6,4,45.878,-382.9511,269.8014,0.2379,4,SIMULATED,SIMULATED,SIMULATED,SIMULATED
34.6,29.6,23,647.6064,-120.2431,283.5398,-0.0647,4,SIMULATED,SIMULATED,SIMULATED,SIMULATED
34.6,29.6,16,212.0357,275.1123,266.5248,0.0,3,SIMULATED,SIMULATED,SIMULATED,SIMULATED
34.8,29.799999999999997,77,266.86,-293.5122,273.2986,-0.2474,4,SIMULATED,SIMULATED,SIMULATED,SIMULATED
34.8,29.799999999999997,44,749.0667,183.3323,290.3915,0.0,3,SIMULATED,SIMULATED,SIMULATED,SIMULATED
34.8,29.799999999999997,55,381.8749,486.6933,273.9878,0.0112,3,SIMULATED,SIMULATED,SIMULATED,SIMULATED
34.8,29.799999999999997,4,38.6865,-369.6331,272.5746,0.3926,4,SIMULATED,SIMULATED,SIMULATED,SIMULATED
34.8,29.799999999999997,23,632.1123,-117.8585,281.7097,-0.2591,4,SIMULATED,SIMULATED,SIMULATED,SIMULATED
34.8,29.799999999999997,16,223.8154,266.0285,267.2338,0.1004,3,SIMULATED,SIMULATED,SIMULATED,SIMULATED
35.0,30.0,77,260.0881,-307.0839,272.8974,-0.0568,4,SIMULATED,SIMULATED,SIMULATED,SIMULATED
35.0,30.0,44,759.6458,171.2042,290.3915,0.0,3,SIMULATED,SIMULATED,SIMULATED,SIMULATED
35.0,30.0,55,375.2633,472.9024,272.774,-0.1719,3,SIMULATED,SIMULATED,SIMULATED,SIMULATED
35.0,30.0,4,31.4012,-356.1013,276.5872,0.5681,4,SIMULATED,SIMULATED,SIMULATED,SIMULATED
35.0,30.0,23,616.9113,-114.9377,278.5062,-0.4536,4,SIMULATED,SIMULATED,SIMULATED,SIMULATED
35.0,30.0,16,235.9608,257.3236,268.7661,0.2169,3,SIMULATED,SIMULATED,SIMULATED,SIMULATED
35.2,30.200000000000003,77,253.219,-320.6087,272.9399,0.006,4,SIMULATED,SIMULATED,SIMULATED,SIMULATED
35.2,30.200000000000003,44,769.2518,158.3732,290.3915,0.0,3,SIMULATED,SIMULATED,SIMULATED,SIMULATED
35.2,30.200000000000003,55,367.2235,459.9809,272.2797,-0.07,3,SIMULATED,SIMULATED,SIMULATED,SIMULATED
35.2,30.200000000000003,4,23.9889,-342.4164,280.09,0.4959,4,SIMULATED,SIMULATED,SIMULATED,SIMULATED
35.2,30.200000000000003,23,601.9033,-111.841,275.7727,-0.387,4,SIMULATED,SIMULATED,SIMULATED,SIMULATED
35.2,30.200000000000003,16,248.4873,248.9925,270.5485,0.2524,3,SIMULATED,SIMULATED,SIMULATED,SIMULATED
35.4,30.4,77,246.3152,-334.0498,271.8537,-0.1538,4,SIMULATED,SIMULATED,SIMULATED,SIMULATED
35.4,30.4,44,778.0169,144.9166,290.3915,0.0,3,SIMULATED,SIMULATED,SIMULATED,SIMULATED
35.4,30.4,55,356.9444,448.5998,271.906,-0.0529,3,SIMULATED,SIMULATED,SIMULATED,SIMULATED
35.4,30.4,4,16.4619,-328.5975,283.2114,0.4419,4,SIMULATED,SIMULATED,SIMULATED,SIMULATED
35.4,30.4,23,587.0681,-108.6708,273.0173,-0.3901,4,SIMULATED,SIMULATED,SIMULATED,SIMULATED
35.4,30.4,16,261.5499,241.2028,273.2125,0.3772,3,SIMULATED,SIMULATED,SIMULATED,SIMULATED
35.6,30.6,77,239.3575,-347.4286,271.3354,-0.0734,4,SIMULATED,SIMULATED,SIMULATED,SIMULATED
35.6,30.6,44,786.028,130.9378,290.3696,-0.0031,3,SIMULATED,SIMULATED,SIMULATED,SIMULATED
35.6,30.6,55,345.447,438.726,270.816,-0.1543,3,SIMULATED,SIMULATED,SIMULATED,SIMULATED
35.6,30.6,4,8.7725,-314.6268,286.897,0.5218,4,SIMULATED,SIMULATED,SIMULATED,SIMULATED
35.6,30.6,23,572.3002,-105.4285,272.1101,-0.1284,4,SIMULATED,SIMULATED,SIMULATED,SIMULATED
35.6,30.6,16,275.1211,233.8599,277.4883,0.6054,3,SIMULATED,SIMULATED,SIMULATED,SIMULATED
35.8,30.799999999999997,77,232.3502,-360.7241,270.482,-0.1208,4,SIMULATED,SIMULATED,SIMULATED,SIMULATED
35.8,30.799999999999997,44,793.0521,116.6563,287.856,-0.3559,3,SIMULATED,SIMULATED,SIMULATED,SIMULATED
35.8,30.799999999999997,55,332.6648,430.6822,267.794,-0.4278,3,SIMULATED,SIMULATED,SIMULATED,SIMULATED
35.8,30.799999999999997,4,0.9652,-300.5338,290.0057,0.4401,4,SIMULATED,SIMULATED,SIMULATED,SIMULATED
35.8,30.799999999999997,23,557.5673,-102.1818,271.5583,-0.0781,4,SIMULATED,SIMULATED,SIMULATED,SIMULATED
35.8,30.799999999999997,16,289.3103,227.1807,281.687,0.5944,3,SIMULATED,SIMULATED,SIMULATED,SIMULATED
36.0,31.0,77,225.3192,-373.9549,269.5966,-0.1254,4,SIMULATED,SIMULATED,SIMULATED,SIMULATED
36.0,31.0,44,799.1826,102.1677,285.105,-0.3895,3,SIMULATED,SIMULATED,SIMULATED,SIMULATED
36.0,31.0,55,319.2983,424.641,263.0214,-0.6757,3,SIMULATED,SIMULATED,SIMULATED,SIMULATED
36.0,31.0,4,-6.9154,-286.2839,293.1271,0.4419,4,SIMULATED,SIMULATED,SIMULATED,SIMULATED
36.0,31.0,23,542.8619,-98.9493,271.0402,-0.0733,4,SIMULATED,SIMULATED,SIMULATED,SIMULATED
36.0,31.0,16,304.1116,221.1718,287.0837,0.7641,3,SIMULATED,SIMULATED,SIMULATED,SIMULATED
36.2,31.200000000000003,77,218.243,-387.0793,268.2868,-0.1854,4,SIMULATED,SIMULATED,SIMULATED,SIMULATED
36.2,31.200000000000003,44,803.8989,87.3678,280.723,-0.6204,3,SIMULATED,SIMULATED,SIMULATED,SIMULATED
36.2,31.200000000000003,55,305.6346,419.8265,259.1857,-0.5431,3,SIMULATED,SIMULATED,SIMULATED,SIMULATED
36.2,31.200000000000003,4,-14.9343,-271.8459,297.2429,0.5827,4,SIMULATED,SIMULATED,SIMULATED,SIMULATED
36.2,31.200000000000003,23,528.1731,-95.7751,270.5432,-0.0704,4,SIMULATED,SIMULATED,SIMULATED,SIMULATED
36.2,31.200000000000003,16,319.4993,215.8362,292.9217,0.8265,3,SIMULATED,SIMULATED,SIMULATED,SIMULATED
36.4,31.4,77,211.0707,-400.1133,267.6106,-0.0957,4,SIMULATED,SIMULATED,SIMULATED,SIMULATED
36.4,31.4,44,807.1123,72.3653,278.3146,-0.341,3,SIMULATED,SIMULATED,SIMULATED,SIMULATED
36.4,31.4,55,291.7575,416.0608,257.2066,-0.2802,3,SIMULATED,SIMULATED,SIMULATED,SIMULATED
36.4,31.4,4,-23.0533,-257.2126,301.2232,0.5635,4,SIMULATED,SIMULATED,SIMULATED,SIMULATED
36.4,31.4,23,513.4653,-92.6955,270.5432,0.0,4,SIMULATED,SIMULATED,SIMULATED,SIMULATED
36.4,31.4,16,335.4346,211.1664,298.3891,0.7741,3,SIMULATED,SIMULATED,SIMULATED,SIMULATED
36.6,31.6,77,203.7158,-413.0494,267.6227,0.0017,4,SIMULATED,SIMULATED,SIMULATED,SIMULATED
36.6,31.6,44,808.8917,57.3493,274.8877,-0.4852,3,SIMULATED,SIMULATED,SIMULATED,SIMULATED
36.6,31.6,55,277.9296,412.748,255.3713,-0.2598,3,SIMULATED,SIMULATED,SIMULATED,SIMULATED
36.6,31.6,4,-31.2779,-242.412,304.7784,0.5033,4,SIMULATED,SIMULATED,SIMULATED,SIMULATED
36.6,31.6,23,498.7034,-89.7269,271.1694,0.0887,4,SIMULATED,SIMULATED,SIMULATED,SIMULATED
36.6,31.6,16,351.8782,207.2634,303.6588,0.7461,3,SIMULATED,SIMULATED,SIMULATED,SIMULATED
36.8,31.799999999999997,77,195.8785,-425.7665,267.8176,0.0276,4,SIMULATED,SIMULATED,SIMULATED,SIMULATED
36.8,31.799999999999997,44,808.505,42.3869,272.4287,-0.3481,3,SIMULATED,SIMULATED,SIMULATED,SIMULATED
36.8,31.799999999999997,55,264.1157,409.7802,254.1117,-0.1783,3,SIMULATED,SIMULATED,SIMULATED,SIMULATED
36.8,31.799999999999997,4,-39.5981,-227.4168,308.6877,0.5535,4,SIMULATED,SIMULATED,SIMULATED,SIMULATED
36.8,31.799999999999997,23,483.7694,-86.9197,273.5815,0.3415,4,SIMULATED,SIMULATED,SIMULATED,SIMULATED
36.8,31.799999999999997,16,368.8066,204.2338,309.3419,0.8046,3,SIMULATED,SIMULATED,SIMULATED,SIMULATED
37.0,32.0,77,187.0679,-437.8752,267.8176,0.0,4,SIMULATED,SIMULATED,SIMULATED,SIMULATED
37.0,32.0,44,805.8488,27.7456,270.5159,-0.2708,3,SIMULATED,SIMULATED,SIMULATED,SIMULATED
37.0,32.0,55,250.3168,406.9381,253.3496,-0.1079,3,SIMULATED,SIMULATED,SIMULATED,SIMULATED
37.0,32.0,4,-47.9812,-212.2262,312.3743,0.5219,4,SIMULATED,SIMULATED,SIMULATED,SIMULATED
37.0,32.0,23,468.6994,-84.215,275.7078,0.301,4,SIMULATED,SIMULATED,SIMULATED,SIMULATED
37.0,32.0,16,386.0727,202.0884,312.6246,0.4647,3,SIMULATED,SIMULATED,SIMULATED,SIMULATED
37.2,32.2,77,176.6623,-448.6918,267.8176,0.0,4,SIMULATED,SIMULATED,SIMULATED,SIMULATED
37.2,32.2,44,800.9244,13.7459,271.516,0.1416,3,SIMULATED,SIMULATED,SIMULATED,SIMULATED
37.2,32.2,55,236.5778,404.1362,252.7428,-0.0859,3,SIMULATED,SIMULATED,SIMULATED,SIMULATED
37.2,32.2,4,-56.4537,-196.8301,316.3132,0.5577,4,SIMULATED,SIMULATED,SIMULATED,SIMULATED
37.2,32.2,23,453.38,-81.7378,279.5178,0.5394,4,SIMULATED,SIMULATED,SIMULATED,SIMULATED
37.2,32.2,16,403.458,200.8047,313.5191,0.1267,3,SIMULATED,SIMULATED,SIMULATED,SIMULATED
37.4,32.4,77,164.0866,-457.1111,267.8176,0.0,4,SIMULATED,SIMULATED,SIMULATED,SIMULATED
37.4,32.4,44,794.1062,0.1955,273.8752,0.334,3,SIMULATED,SIMULATED,SIMULATED,SIMULATED
37.4,32.4,55,222.9462,400.9467,252.7453,0.0004,3,SIMULATED,SIMULATED,SIMULATED,SIMULATED
37.4,32.4,4,-64.9821,-181.3249,318.5469,0.3162,4,SIMULATED,SIMULATED,SIMULATED,SIMULATED
37.4,32.4,23,437.8061,-80.0213,282.6466,0.443,4,SIMULATED,SIMULATED,SIMULATED,SIMULATED
37.4,32.4,16,420.8496,200.4707,312.5568,-0.1362,3,SIMULATED,SIMULATED,SIMULATED,SIMULATED
37.6,32.6,77,150.1377,-462.7974,267.8176,0.0,4,SIMULATED,SIMULATED,SIMULATED,SIMULATED
37.6,32.6,44,786.586,-13.1138,276.143,0.3211,3,SIMULATED,SIMULATED,SIMULATED,SIMULATED
37.6,32.6,55,209.7262,396.759,252.7453,0.0,3,SIMULATED,SIMULATED,SIMULATED,SIMULATED
37.6,32.6,4,-73.5558,-165.7402,320.1722,0.2301,4,SIMULATED,SIMULATED,SIMULATED,SIMULATED
37.6,32.6,23,421.9363,-79.6535,287.0322,0.6209,4,SIMULATED,SIMULATED,SIMULATED,SIMULATED
37.6,32.6,16,438.169,200.8185,311.6167,-0.1331,3,SIMULATED,SIMULATED,SIMULATED,SIMULATED
37.8,32.8,77,135.3155,-465.1553,267.8176,0.0,4,SIMULATED,SIMULATED,SIMULATED,SIMULATED
37.8,32.8,44,778.4948,-26.2767,278.6062,0.3487,3,SIMULATED,SIMULATED,SIMULATED,SIMULATED
37.8,32.8,55,196.915,391.1877,252.7453,0.0,3,SIMULATED,SIMULATED,SIMULATED,SIMULATED
37.8,32.8,4,-82.1261,-150.1396,320.4,0.0323,4,SIMULATED,SIMULATED,SIMULATED,SIMULATED
37.8,32.8,23,406.0462,-82.1256,291.8696,0.6849,4,SIMULATED,SIMULATED,SIMULATED,SIMULATED
37.8,32.8,16,455.3991,201.6048,310.3085,-0.1852,3,SIMULATED,SIMULATED,SIMULATED,SIMULATED
38.0,33.0,77,120.2869,-464.4999,267.8176,0.0,4,SIMULATED,SIMULATED,SIMULATED,SIMULATED
38.0,33.0,44,770.0598,-39.3025,279.7637,0.1639,4,SIMULATED,SIMULATED,SIMULATED,SIMULATED
38.0,33.0,55,185.0589,384.0793,252.7453,0.0,3,SIMULATED,SIMULATED,SIMULATED,SIMULATED
38.0,33.0,4,-90.6972,-134.5383,320.4,0.0,4,SIMULATED,SIMULATED,SIMULATED,SIMULATED
38.0,33.0,23,390.7047,-87.4034,294.4835,0.3701,4,SIMULATED,SIMULATED,SIMULATED,SIMULATED
38.0,33.0,16,472.5022,202.7714,308.3458,-0.2779,3,SIMULATED,SIMULATED,SIMULATED,SIMULATED
38.2,33.2,77,105.8749,-459.935,267.8176,0.0,4,SIMULATED,SIMULATED,SIMULATED,SIMULATED
38.2,33.2,44,761.4097,-52.2118,279.8262,0.0089,4,SIMULATED,SIMULATED,SIMULATED,SIMULATED
38.2,33.2,55,175.1693,374.6054,252.7453,0.0,3,SIMULATED,SIMULATED,SIMULATED,SIMULATED
38.2,33.2,4,-99.2838,-118.9448,320.4,0.0,4,SIMULATED,SIMULATED,SIMULATED,SIMULATED
38.2,33.2,23,376.7871,-95.8184,294.9184,0.0616,4,SIMULATED,SIMULATED,SIMULATED,SIMULATED
38.2,33.2,16,489.4944,204.1342,306.7206,-0.2301,3,SIMULATED,SIMULATED,SIMULATED,SIMULATED
38.4,33.4,77,92.792,-452.3569,267.8176,0.0,4,SIMULATED,SIMULATED,SIMULATED,SIMULATED
38.4,33.4,44,752.6163,-65.0398,280.1333,0.0435,4,SIMULATED,SIMULATED,SIMULATED,SIMULATED
38.4,33.4,55,168.2533,363.0092,252.7522,0.001,3,SIMULATED,SIMULATED,SIMULATED,SIMULATED
38.4,33.4,4,-107.8871,-103.3598,320.4,0.0,1,SIMULATED,SIMULATED,SIMULATED,SIMULATED
38.4,33.4,23,364.5346,-106.5196,294.9184,0.0,4,SIMULATED,SIMULATED,SIMULATED,SIMULATED
38.4,33.4,16,506.4562,205.7659,306.6127,-0.0153,3,SIMULATED,SIMULATED,SIMULATED,SIMULATED
38.6,33.6,77,81.8038,-442.1198,267.8176,0.0,4,SIMULATED,SIMULATED,SIMULATED,SIMULATED
38.6,33.6,44,743.669,-77.7678,280.2318,0.014,4,SIMULATED,SIMULATED,SIMULATED,SIMULATED
38.6,33.6,55,165.1495,349.4434,255.7042,0.4179,3,SIMULATED,SIMULATED,SIMULATED,SIMULATED
38.6,33.6,4,-116.4974,-87.7821,320.4,0.0,1,SIMULATED,SIMULATED,SIMULATED,SIMULATED
38.6,33.6,23,354.0859,-119.0545,294.9184,0.0,4,SIMULATED,SIMULATED,SIMULATED,SIMULATED
38.6,33.6,16,523.3899,207.5658,306.4767,-0.0193,3,SIMULATED,SIMULATED,SIMULATED,SIMULATED
38.8,33.8,77,72.3098,-430.5957,267.8176,0.0,4,SIMULATED,SIMULATED,SIMULATED,SIMULATED
38.8,33.8,44,734.1311,-89.9656,280.2318,0.0,4,SIMULATED,SIMULATED,SIMULATED,SIMULATED
38.8,33.8,55,166.3336,335.4694,261.2276,0.782,3,SIMULATED,SIMULATED,SIMULATED,SIMULATED
38.8,33.8,4,-125.1145,-72.2061,320.4,0.0,1,SIMULATED,SIMULATED,SIMULATED,SIMULATED
38.8,33.8,23,344.8264,-132.5061,294.9184,0.0,4,SIMULATED,SIMULATED,SIMULATED,SIMULATED
38.8,33.8,16,540.2984,209.4713,306.2124,-0.0374,3,SIMULATED,SIMULATED,SIMULATED,SIMULATED
39.0,34.0,77,63.8998,-418.2284,267.8176,0.0,4,SIMULATED,SIMULATED,SIMULATED,SIMULATED
39.0,34.0,44,723.1103,-100.6956,280.8766,0.0913,4,SIMULATED,SIMULATED,SIMULATED,SIMULATED
39.0,34.0,55,172.1639,322.3687,265.3281,0.5805,3,SIMULATED,SIMULATED,SIMULATED,SIMULATED
39.0,34.0,4,-133.7314,-56.6305,320.4,0.0,1,SIMULATED,SIMULATED,SIMULATED,SIMULATED
39.0,34.0,23,336.7167,-146.6959,294.9184,0.0,4,SIMULATED,SIMULATED,SIMULATED,SIMULATED
39.0,34.0,16,557.1944,211.4564,306.1844,-0.004,3,SIMULATED,SIMULATED,SIMULATED,SIMULATED
39.2,34.2,77,56.0654,-405.4996,268.046,0.0323,4,SIMULATED,SIMULATED,SIMULATED,SIMULATED
39.2,34.2,44,710.2766,-109.2556,282.0676,0.1686,4,SIMULATED,SIMULATED,SIMULATED,SIMULATED
39.2,34.2,55,180.1653,310.0812,266.5248,0.1694,3,SIMULATED,SIMULATED,SIMULATED,SIMULATED
39.2,34.2,4,-142.3444,-41.0539,320.4,0.0,1,SIMULATED,SIMULATED,SIMULATED,SIMULATED
39.2,34.2,23,329.1444,-161.1869,294.615,-0.043,4,SIMULATED,SIMULATED,SIMULATED,SIMULATED
39.2,34.2,16,574.0825,213.523,306.1844,0.0,3,SIMULATED,SIMULATED,SIMULATED,SIMULATED
39.4,34.4,77,48.6569,-392.5362,268.5614,0.073,4,SIMULATED,SIMULATED,SIMULATED,SIMULATED
39.4,34.4,44,696.0022,-115.5324,283.4683,0.1983,4,SIMULATED,SIMULATED,SIMULATED,SIMULATED
39.4,34.4,55,189.4557,298.7182,266.5248,0.0,3,SIMULATED,SIMULATED,SIMULATED,SIMULATED
39.4,34.4,4,-150.9593,-25.477,320.4,0.0,1,SIMULATED,SIMULATED,SIMULATED,SIMULATED
39.4,34.4,23,321.9431,-175.7658,292.7986,-0.2572,4,SIMULATED,SIMULATED,SIMULATED,SIMULATED
39.4,34.4,16,590.9175,215.7098,305.5397,-0.0913,3,SIMULATED,SIMULATED,SIMULATED,SIMULATED
39.6,34.6,77,41.4114,-379.3497,270.4631,0.2692,4,SIMULATED,SIMULATED,SIMULATED,SIMULATED
39.6,34.6,44,680.8704,-119.1992,284.512,0.1478,4,SIMULATED,SIMULATED,SIMULATED,SIMULATED
39.6,34.6,55,199.6602,288.1624,266.5248,0.0,3,SIMULATED,SIMULATED,SIMULATED,SIMULATED
39.6,34.6,4,-159.5773,-9.9023,320.4,0.0,1,SIMULATED,SIMULATED,SIMULATED,SIMULATED
39.6,34.6,23,315.0771,-190.2888,289.3144,-0.4933,4,SIMULATED,SIMULATED,SIMULATED,SIMULATED
39.6,34.6,16,607.7425,217.9442,305.5397,-0.0,3,SIMULATED,SIMULATED,SIMULATED,SIMULATED
39.8,34.8,77,34.2043,-365.9425,273.9916,0.4996,4,SIMULATED,SIMULATED,SIMULATED,SIMULATED
39.8,34.8,44,665.2642,-120.0438,284.1632,-0.0494,4,SIMULATED,SIMULATED,SIMULATED,SIMULATED
39.8,34.8,55,210.7298,278.413,266.5248,0.0,3,SIMULATED,SIMULATED,SIMULATED,SIMULATED
39.8,34.8,4,-168.1915,5.674,320.4,0.0,1,SIMULATED,SIMULATED,SIMULATED,SIMULATED
39.8,34.8,23,308.4055,-204.6672,285.3526,-0.5609,4,SIMULATED,SIMULATED,SIMULATED,SIMULATED
39.8,34.8,16,624.5159,219.8634,304.1624,-0.195,3,SIMULATED,SIMULATED,SIMULATED,SIMULATED
40.0,35.0,77,26.8801,-352.3591,277.8113,0.5408,4,SIMULATED,SIMULATED,SIMULATED,SIMULATED
40.0,35.0,44,649.6887,-119.0038,283.4506,-0.1009,4,SIMULATED,SIMULATED,SIMULATED,SIMULATED
40.0,35.0,55,222.3308,269.2576,266.9791,0.0643,3,SIMULATED,SIMULATED,SIMULATED,SIMULATED
40.0,35.0,4,-176.8041,21.252,320.4,0.0,1,SIMULATED,SIMULATED,SIMULATED,SIMULATED
40.0,35.0,23,301.8299,-218.8843,281.9429,-0.4827,4,SIMULATED,SIMULATED,SIMULATED,SIMULATED
40.0,35.0,16,641.2695,221.3259,302.948,-0.1719,3,SIMULATED,SIMULATED,SIMULATED,SIMULATED
40.2,35.2,77,19.4232,-338.6263,281.3518,0.5013,4,SIMULATED,SIMULATED,SIMULATED,SIMULATED
40.2,35.2,44,634.2181,-116.6868,282.2128,-0.1752,4,SIMULATED,SIMULATED,SIMULATED,SIMULATED
40.2,35.2,55,234.3454,260.5145,268.47,0.2111,3,SIMULATED,SIMULATED,SIMULATED,SIMULATED
40.2,35.2,4,-185.4136,36.8306,320.4,0.0,1,SIMULATED,SIMULATED,SIMULATED,SIMULATED
40.2,35.2,23,295.3056,-232.9581,279.1926,-0.3894,4,SIMULATED,SIMULATED,SIMULATED,SIMULATED
40.2,35.2,16,657.9815,221.96,301.803,-0.1621,3,SIMULATED,SIMULATED,SIMULATED,SIMULATED
40.4,35.4,77,11.848,-324.7685,284.3373,0.4227,4,SIMULATED,SIMULATED,SIMULATED,SIMULATED
40.4,35.4,44,619.0293,-113.8367,278.833,-0.4785,4,SIMULATED,SIMULATED,SIMULATED,SIMULATED
40.4,35.4,55,246.7519,252.151,269.9902,0.2152,3,SIMULATED,SIMULATED,SIMULATED,SIMULATED
40.4,35.4,4,-194.0193,52.4115,320.4,0.0,1,SIMULATED,SIMULATED,SIMULATED,SIMULATED
40.4,35.4,23,288.7999,-246.8305,275.7583,-0.4862,4,SIMULATED,SIMULATED,SIMULATED,SIMULATED
40.4,35.4,16,674.4856,220.991,299.0687,-0.3871,3,SIMULATED,SIMULATED,SIMULATED,SIMULATED
40.6,35.6,77,4.1171,-310.7648,287.9913,0.5173,4,SIMULATED,SIMULATED,SIMULATED,SIMULATED
40.6,35.6,44,604.0089,-110.7508,276.143,-0.3808,4,SIMULATED,SIMULATED,SIMULATED,SIMULATED
40.6,35.6,55,259.5879,244.2586,272.6496,0.3765,3,SIMULATED,SIMULATED,SIMULATED,SIMULATED
40.6,35.6,4,-202.6218,67.9955,320.4,0.0,1,SIMULATED,SIMULATED,SIMULATED,SIMULATED
40.6,35.6,23,282.2358,-260.6563,275.4563,-0.0427,4,SIMULATED,SIMULATED,SIMULATED,SIMULATED
40.6,35.6,16,690.6898,218.3576,296.2153,-0.404,3,SIMULATED,SIMULATED,SIMULATED,SIMULATED
40.8,35.8,77,-3.7183,-296.6163,291.0987,0.4399,4,SIMULATED,SIMULATED,SIMULATED,SIMULATED
40.8,35.8,44,589.1634,-107.5878,273.3089,-0.4013,4,SIMULATED,SIMULATED,SIMULATED,SIMULATED
40.8,35.8,55,273.0233,236.8688,276.7439,0.5797,3,SIMULATED,SIMULATED,SIMULATED,SIMULATED
40.8,35.8,4,-211.2524,83.5665,320.4,0.0,1,SIMULATED,SIMULATED,SIMULATED,SIMULATED
40.8,35.8,23,275.6196,-274.4405,275.1843,-0.0385,4,SIMULATED,SIMULATED,SIMULATED,SIMULATED
40.8,35.8,16,706.1168,213.5395,293.2445,-0.4206,3,SIMULATED,SIMULATED,SIMULATED,SIMULATED
41.0,36.0,77,-11.6369,-282.3144,294.3009,0.4534,4,SIMULATED,SIMULATED,SIMULATED,SIMULATED
41.0,36.0,44,574.3998,-104.3556,272.1286,-0.1671,4,SIMULATED,SIMULATED,SIMULATED,SIMULATED
41.0,36.0,55,286.9406,230.0453,280.6782,0.557,3,SIMULATED,SIMULATED,SIMULATED,SIMULATED
41.0,36.0,4,-219.9051,99.1249,320.4,0.0,1,SIMULATED,SIMULATED,SIMULATED,SIMULATED
41.0,36.0,23,268.9633,-288.1268,273.8548,-0.1882,4,SIMULATED,SIMULATED,SIMULATED,SIMULATED
41.0,36.0,16,720.5741,206.5964,290.3915,-0.4039,3,SIMULATED,SIMULATED,SIMULATED,SIMULATED
41.2,36.2,77,-19.6921,-267.8043,298.7152,0.625,4,SIMULATED,SIMULATED,SIMULATED,SIMULATED
41.2,36.2,44,559.6624,-101.1074,271.6365,-0.0697,4,SIMULATED,SIMULATED,SIMULATED,SIMULATED
41.2,36.2,55,301.5756,223.9586,285.8448,0.7315,3,SIMULATED,SIMULATED,SIMULATED,SIMULATED
41.2,36.2,4,-228.5951,114.6624,320.4,0.0,1,SIMULATED,SIMULATED,SIMULATED,SIMULATED
41.2,36.2,23,262.2296,-301.7057,272.7659,-0.1542,4,SIMULATED,SIMULATED,SIMULATED,SIMULATED
41.2,36.2,16,734.0325,197.7736,290.3915,0.0,3,SIMULATED,SIMULATED,SIMULATED,SIMULATED
41.4,36.4,77,-27.8448,-253.1161,302.4001,0.5217,4,SIMULATED,SIMULATED,SIMULATED,SIMULATED
41.4,36.4,44,544.9506,-97.8685,271.1045,-0.0753,4,SIMULATED,SIMULATED,SIMULATED,SIMULATED
41.4,36.4,55,316.7658,218.5314,291.7226,0.8322,3,SIMULATED,SIMULATED,SIMULATED,SIMULATED
41.4,36.4,4,-237.3105,130.1832,320.4,0.0,1,SIMULATED,SIMULATED,SIMULATED,SIMULATED
41.4,36.4,23,255.3909,-315.2463,273.0001,0.0332,4,SIMULATED,SIMULATED,SIMULATED,SIMULATED
41.4,36.4,16,746.0224,187.144,290.3915,0.0,3,SIMULATED,SIMULATED,SIMULATED,SIMULATED
41.6,36.6,77,-36.1047,-238.2489,306.1264,0.5276,4,SIMULATED,SIMULATED,SIMULATED,SIMULATED
41.6,36.6,44,530.2568,-94.6849,270.5432,-0.0795,4,SIMULATED,SIMULATED,SIMULATED,SIMULATED
41.6,36.6,55,332.4775,213.7009,297.2669,0.7849,3,SIMULATED,SIMULATED,SIMULATED,SIMULATED
41.6,36.6,4,-246.0409,145.6966,320.4,0.0,1,SIMULATED,SIMULATED,SIMULATED,SIMULATED
41.6,36.6,23,248.495,-328.7175,272.3763,-0.0883,4,SIMULATED,SIMULATED,SIMULATED,SIMULATED
41.6,36.6,16,756.8869,175.2824,290.3915,0.0,3,SIMULATED,SIMULATED,SIMULATED,SIMULATED
41.8,36.8,77,-44.4548,-223.1951,309.8555,0.528,4,SIMULATED,SIMULATED,SIMULATED,SIMULATED
41.8,36.8,44,515.5416,-91.5911,270.5432,0.0,4,SIMULATED,SIMULATED,SIMULATED,SIMULATED
41.8,36.8,55,348.743,209.6773,302.2946,0.7118,3,SIMULATED,SIMULATED,SIMULATED,SIMULATED
41.8,36.8,4,-254.8218,161.1841,320.4,0.0,1,SIMULATED,SIMULATED,SIMULATED,SIMULATED
41.8,36.8,23,241.564,-342.1172,271.5122,-0.1223,4,SIMULATED,SIMULATED,SIMULATED,SIMULATED
41.8,36.8,16,766.8883,162.6607,290.3915,0.0,3,SIMULATED,SIMULATED,SIMULATED,SIMULATED
42.0,37.0,77,-52.8646,-207.9144,313.8956,0.572,4,SIMULATED,SIMULATED,SIMULATED,SIMULATED
42.0,37.0,44,500.7791,-88.6062,271.0101,0.0661,4,SIMULATED,SIMULATED,SIMULATED,SIMULATED
42.0,37.0,55,365.498,206.5028,308.3704,0.8602,3,SIMULATED,SIMULATED,SIMULATED,SIMULATED
42.0,37.0,4,-263.5908,176.634,319.7515,-0.0918,1,SIMULATED,SIMULATED,SIMULATED,SIMULATED
42.0,37.0,23,234.5742,-355.4419,270.7909,-0.1021,4,SIMULATED,SIMULATED,SIMULATED,SIMULATED
42.0,37.0,16,775.8404,149.2929,290.3915,0.0,3,SIMULATED,SIMULATED,SIMULATED,SIMULATED
42.2,37.2,77,-61.3627,-192.4768,317.205,0.4685,4,SIMULATED,SIMULATED,SIMULATED,SIMULATED
42.2,37.2,44,485.8457,-85.7754,273.2974,0.3238,4,SIMULATED,SIMULATED,SIMULATED,SIMULATED
42.2,37.2,55,382.5738,204.1264,311.8833,0.4974,3,SIMULATED,SIMULATED,SIMULATED,SIMULATED
42.2,37.2,4,-272.3063,191.9678,317.4722,-0.3227,1,SIMULATED,SIMULATED,SIMULATED,SIMULATED
42.2,37.2,23,227.5598,-368.7055,270.0552,-0.1042,4,SIMULATED,SIMULATED,SIMULATED,SIMULATED
42.2,37.2,16,784.0768,135.4571,290.3915,0.0,3,SIMULATED,SIMULATED,SIMULATED,SIMULATED
42.4,37.4,77,-69.905,-176.9391,319.1552,0.2761,4,SIMULATED,SIMULATED,SIMULATED,SIMULATED
42.4,37.4,44,470.7882,-83.0618,275.2988,0.2834,4,SIMULATED,SIMULATED,SIMULATED,SIMULATED
42.4,37.4,55,399.8978,202.7191,313.6573,0.2512,3,SIMULATED,SIMULATED,SIMULATED,SIMULATED
42.4,37.4,4,-280.9614,207.2088,315.4987,-0.2794,1,SIMULATED,SIMULATED,SIMULATED,SIMULATED
42.4,37.4,23,220.5088,-381.864,268.6155,-0.2038,4,SIMULATED,SIMULATED,SIMULATED,SIMULATED
42.4,37.4,16,791.4667,121.2391,288.9912,-0.1983,3,SIMULATED,SIMULATED,SIMULATED,SIMULATED
42.6,37.6,77,-78.483,-161.3415,320.4,0.1762,4,SIMULATED,SIMULATED,SIMULATED,SIMULATED
42.6,37.6,44,455.4682,-80.5353,279.0274,0.5279,4,SIMULATED,SIMULATED,SIMULATED,SIMULATED
42.6,37.6,55,417.1838,202.1442,312.8049,-0.1207,3,SIMULATED,SIMULATED,SIMULATED,SIMULATED
42.6,37.6,4,-289.5316,222.3025,312.4388,-0.4332,1,SIMULATED,SIMULATED,SIMULATED,SIMULATED
42.6,37.6,23,213.3818,-394.933,267.8597,-0.107,4,SIMULATED,SIMULATED,SIMULATED,SIMULATED
42.6,37.6,16,797.9604,106.7498,286.3451,-0.3746,3,SIMULATED,SIMULATED,SIMULATED,SIMULATED
42.8,37.8,77,-87.0525,-145.74,320.4,0.0,4,SIMULATED,SIMULATED,SIMULATED,SIMULATED
42.8,37.8,44,439.8206,-78.6912,282.5457,0.4981,4,SIMULATED,SIMULATED,SIMULATED,SIMULATED
42.8,37.8,55,434.4878,202.4029,312.0534,-0.1064,3,SIMULATED,SIMULATED,SIMULATED,SIMULATED
42.8,37.8,4,-298.0073,237.2421,309.1568,-0.4647,1,SIMULATED,SIMULATED,SIMULATED,SIMULATED
42.8,37.8,23,206.1012,-407.8882,267.381,-0.0678,4,SIMULATED,SIMULATED,SIMULATED,SIMULATED
42.8,37.8,16,803.0789,92.0141,282.0482,-0.6083,3,SIMULATED,SIMULATED,SIMULATED,SIMULATED
43.0,38.0,77,-95.6258,-130.1412,320.4,0.0,4,SIMULATED,SIMULATED,SIMULATED,SIMULATED
43.0,38.0,44,423.8223,-78.1046,286.4269,0.5495,4,SIMULATED,SIMULATED,SIMULATED,SIMULATED
43.0,38.0,55,451.6965,203.1214,310.4393,-0.2285,3,SIMULATED,SIMULATED,SIMULATED,SIMULATED
43.0,38.0,4,-306.4122,252.0334,306.2275,-0.4147,1,SIMULATED,SIMULATED,SIMULATED,SIMULATED
43.0,38.0,23,198.5816,-420.7348,267.8176,0.0618,4,SIMULATED,SIMULATED,SIMULATED,SIMULATED
43.0,38.0,16,806.7756,77.0355,278.5128,-0.5005,3,SIMULATED,SIMULATED,SIMULATED,SIMULATED
43.2,38.2,77,-104.2176,-114.5534,320.4,0.0,4,SIMULATED,SIMULATED,SIMULATED,SIMULATED
43.2,38.2,44,407.6381,-80.1811,291.2947,0.6892,4,SIMULATED,SIMULATED,SIMULATED,SIMULATED
43.2,38.2,55,468.7991,204.205,308.8481,-0.2253,3,SIMULATED,SIMULATED,SIMULATED,SIMULATED
43.2,38.2,4,-314.7229,266.6655,302.9056,-0.4703,1,SIMULATED,SIMULATED,SIMULATED,SIMULATED
43.2,38.2,23,190.1765,-433.0629,267.8176,0.0,4,SIMULATED,SIMULATED,SIMULATED,SIMULATED
43.2,38.2,16,809.0196,61.9264,276.1344,-0.3367,3,SIMULATED,SIMULATED,SIMULATED,SIMULATED
43.4,38.4,77,-112.8279,-98.9763,320.4,0.0,1,SIMULATED,SIMULATED,SIMULATED,SIMULATED
43.4,38.4,44,391.8495,-85.2105,294.3018,0.4257,4,SIMULATED,SIMULATED,SIMULATED,SIMULATED
43.4,38.4,55,485.7705,205.5071,306.8609,-0.2813,3,SIMULATED,SIMULATED,SIMULATED,SIMULATED
43.4,38.4,4,-322.9485,281.1578,299.9376,-0.4202,1,SIMULATED,SIMULATED,SIMULATED,SIMULATED
43.4,38.4,23,180.5752,-444.4887,267.8176,0.0,4,SIMULATED,SIMULATED,SIMULATED,SIMULATED
43.4,38.4,16,809.4661,46.8916,273.0121,-0.442,3,SIMULATED,SIMULATED,SIMULATED,SIMULATED
43.6,38.6,77,-121.4369,-83.3966,320.4,0.0,1,SIMULATED,SIMULATED,SIMULATED,SIMULATED
43.6,38.6,44,377.532,-93.4594,294.9184,0.0873,4,SIMULATED,SIMULATED,SIMULATED,SIMULATED
43.6,38.6,55,502.7148,207.0902,306.6127,-0.0351,3,SIMULATED,SIMULATED,SIMULATED,SIMULATED
43.6,38.6,4,-331.103,295.5064,297.0163,-0.4136,1,SIMULATED,SIMULATED,SIMULATED,SIMULATED
43.6,38.6,23,168.7959,-453.7573,267.8176,0.0,4,SIMULATED,SIMULATED,SIMULATED,SIMULATED
43.6,38.6,16,807.3785,32.0544,270.4551,-0.362,3,SIMULATED,SIMULATED,SIMULATED,SIMULATED
43.8,38.8,77,-130.0538,-67.821,320.4,0.0,1,SIMULATED,SIMULATED,SIMULATED,SIMULATED
43.8,38.8,44,364.8602,-104.0674,294.9184,0.0,4,SIMULATED,SIMULATED,SIMULATED,SIMULATED
43.8,38.8,55,519.6448,208.8711,306.5345,-0.0111,3,SIMULATED,SIMULATED,SIMULATED,SIMULATED
43.8,38.8,4,-339.2108,309.6908,294.0867,-0.4148,1,SIMULATED,SIMULATED,SIMULATED,SIMULATED
43.8,38.8,23,155.4228,-460.4057,267.8176,0.0,4,SIMULATED,SIMULATED,SIMULATED,SIMULATED
43.8,38.8,16,803.178,17.7319,270.9152,0.0651,3,SIMULATED,SIMULATED,SIMULATED,SIMULATED
44.0,39.0,77,-138.6721,-52.2469,320.4,0.0,1,SIMULATED,SIMULATED,SIMULATED,SIMULATED
44.0,39.0,44,354.1249,-116.581,294.9184,0.0,4,SIMULATED,SIMULATED,SIMULATED,SIMULATED
44.0,39.0,55,536.5497,210.7521,306.2669,-0.0379,3,SIMULATED,SIMULATED,SIMULATED,SIMULATED
44.0,39.0,4,-347.2762,323.745,291.6263,-0.3483,1,SIMULATED,SIMULATED,SIMULATED,SIMULATED
44.0,39.0,23,140.9472,-464.0796,267.8176,0.0,4,SIMULATED,SIMULATED,SIMULATED,SIMULATED
44.0,39.0,16,796.7235,4.085,273.0518,0.3025,3,SIMULATED,SIMULATED,SIMULATED,SIMULATED
44.2,39.2,77,-147.283,-36.668,320.4,0.0,1,SIMULATED,SIMULATED,SIMULATED,SIMULATED
44.2,39.2,44,344.6305,-130.0401,294.9184,0.0,4,SIMULATED,SIMULATED,SIMULATED,SIMULATED
44.2,39.2,55,553.4375,212.7188,306.1844,-0.0117,3,SIMULATED,SIMULATED,SIMULATED,SIMULATED
44.2,39.2,4,-355.2887,337.6576,288.9537,-0.3784,1,SIMULATED,SIMULATED,SIMULATED,SIMULATED
44.2,39.2,23,125.9634,-464.8241,267.8176,0.0,4,SIMULATED,SIMULATED,SIMULATED,SIMULATED
44.2,39.2,16,789.3798,-9.3378,275.6427,0.3668,3,SIMULATED,SIMULATED,SIMULATED,SIMULATED
44.4,39.4,77,-155.8996,-21.0927,320.4,0.0,1,SIMULATED,SIMULATED,SIMULATED,SIMULATED
44.4,39.4,44,336.3391,-144.251,294.9184,0.0,4,SIMULATED,SIMULATED,SIMULATED,SIMULATED
44.4,39.4,55,570.3217,214.7628,306.1844,0.0,3,SIMULATED,SIMULATED,SIMULATED,SIMULATED
44.4,39.4,4,-363.2504,351.4378,286.4266,-0.3578,1,SIMULATED,SIMULATED,SIMULATED,SIMULATED
44.4,39.4,23,111.3973,-461.5295,267.8176,0.0,4,SIMULATED,SIMULATED,SIMULATED,SIMULATED
44.4,39.4,16,781.4451,-22.5492,277.9163,0.3219,3,SIMULATED,SIMULATED,SIMULATED,SIMULATED
44.6,39.6,77,-164.5168,-5.5175,320.4,0.0,1,SIMULATED,SIMULATED,SIMULATED,SIMULATED
44.6,39.6,44,328.6868,-158.7558,294.615,-0.043,4,SIMULATED,SIMULATED,SIMULATED,SIMULATED
44.6,39.6,55,587.1497,216.928,305.6078,-0.0816,3,SIMULATED,SIMULATED,SIMULATED,SIMULATED
44.6,39.6,4,-371.1521,365.0794,283.7628,-0.3771,1,SIMULATED,SIMULATED,SIMULATED,SIMULATED
44.6,39.6,23,97.8607,-455.1522,267.8176,0.0,4,SIMULATED,SIMULATED,SIMULATED,SIMULATED
44.6,39.6,16,773.0618,-35.6254,279.7073,0.2536,4,SIMULATED,SIMULATED,SIMULATED,SIMULATED
44.8,39.8,77,-173.1297,10.0604,320.4,0.0,1,SIMULATED,SIMULATED,SIMULATED,SIMULATED
44.8,39.8,44,321.4507,-173.3537,293.0695,-0.2188,4,SIMULATED,SIMULATED,SIMULATED,SIMULATED
44.8,39.8,55,603.9787,219.1746,305.5397,-0.0096,3,SIMULATED,SIMULATED,SIMULATED,SIMULATED
44.8,39.8,4,-378.9753,378.593,281.1331,-0.3723,1,SIMULATED,SIMULATED,SIMULATED,SIMULATED
44.8,39.8,23,86.1631,-445.8602,267.8176,0.0,4,SIMULATED,SIMULATED,SIMULATED,SIMULATED
44.8,39.8,16,764.4738,-48.5714,279.8035,0.0136,4,SIMULATED,SIMULATED,SIMULATED,SIMULATED
45.0,40.0,77,-181.7434,25.6371,320.4,0.0,1,SIMULATED,SIMULATED,SIMULATED,SIMULATED
45.0,40.0,44,314.5304,-187.9124,289.8457,-0.4564,4,SIMULATED,SIMULATED,SIMULATED,SIMULATED
45.0,40.0,55,620.784,221.1817,304.3089,-0.1743,3,SIMULATED,SIMULATED,SIMULATED,SIMULATED
45.0,40.0,4,-386.7094,392.0393,279.2152,-0.2715,1,SIMULATED,SIMULATED,SIMULATED,SIMULATED
45.0,40.0,23,76.1807,-434.7603,267.8176,-0.0,4,SIMULATED,SIMULATED,SIMULATED,SIMULATED
45.0,40.0,16,755.72,-61.4271,280.0498,0.0349,4,SIMULATED,SIMULATED,SIMULATED,SIMULATED
45.2,40.2,77,-190.3505,41.2185,320.4,0.0,1,SIMULATED,SIMULATED,SIMULATED,SIMULATED
45.2,40.2,44,307.84,-202.3127,285.7431,-0.5808,4,SIMULATED,SIMULATED,SIMULATED,SIMULATED
45.2,40.2,55,637.592,222.7541,303.0956,-0.1718,3,SIMULATED,SIMULATED,SIMULATED,SIMULATED
45.2,40.2,4,-394.3427,405.3768,276.6623,-0.3614,1,SIMULATED,SIMULATED,SIMULATED,SIMULATED
45.2,40.2,23,67.4321,-422.6838,267.8176,0.0,4,SIMULATED,SIMULATED,SIMULATED,SIMULATED
45.2,40.2,16,746.8096,-74.1871,280.2318,0.0258,4,SIMULATED,SIMULATED,SIMULATED,SIMULATED
45.4,40.4,77,-198.9544,56.8014,320.4,0.0,1,SIMULATED,SIMULATED,SIMULATED,SIMULATED
45.4,40.4,44,301.2571,-216.5509,282.3757,-0.4768,4,SIMULATED,SIMULATED,SIMULATED,SIMULATED
45.4,40.4,55,654.4487,223.66,302.2926,-0.1137,3,SIMULATED,SIMULATED,SIMULATED,SIMULATED
45.4,40.4,4,-401.8636,418.6465,274.663,-0.2831,1,SIMULATED,SIMULATED,SIMULATED,SIMULATED
45.4,40.4,23,59.4078,-410.1383,267.8383,0.0029,4,SIMULATED,SIMULATED,SIMULATED,SIMULATED
45.4,40.4,16,737.5422,-86.6417,280.2318,0.0,4,SIMULATED,SIMULATED,SIMULATED,SIMULATED
45.6,40.6,77,-207.5595,72.3825,320.4,0.0,1,SIMULATED,SIMULATED,SIMULATED,SIMULATED
45.6,40.6,44,294.7321,-230.6401,279.4854,-0.4092,4,SIMULATED,SIMULATED,SIMULATED,SIMULATED
45.6,40.6,55,671.1874,223.0074,299.967,-0.3293,3,SIMULATED,SIMULATED,SIMULATED,SIMULATED
45.6,40.6,4,-409.2199,431.8485,272.2216,-0.3456,1,SIMULATED,SIMULATED,SIMULATED,SIMULATED
45.6,40.6,23,51.893,-397.2546,268.121,0.04,4,SIMULATED,SIMULATED,SIMULATED,SIMULATED
45.6,40.6,16,726.9072,-97.9487,280.8766,0.0913,4,SIMULATED,SIMULATED,SIMULATED,SIMULATED
45.8,40.8,77,-216.2013,87.9408,320.4,0.0,1,SIMULATED,SIMULATED,SIMULATED,SIMULATED
45.8,40.8,44,288.2365,-244.5129,275.8713,-0.5117,4,SIMULATED,SIMULATED,SIMULATED,SIMULATED
45.8,40.8,55,687.6363,220.7074,296.67,-0.4668,3,SIMULATED,SIMULATED,SIMULATED,SIMULATED
45.8,40.8,4,-416.3372,445.0119,269.6914,-0.3582,1,SIMULATED,SIMULATED,SIMULATED,SIMULATED
45.8,40.8,23,44.5987,-384.156,269.7458,0.23,4,SIMULATED,SIMULATED,SIMULATED,SIMULATED
45.8,40.8,16,714.6234,-107.414,281.3876,0.0723,4,SIMULATED,SIMULATED,SIMULATED,SIMULATED
46.0,41.0,77,-224.863,103.4891,320.4,0.0,1,SIMULATED,SIMULATED,SIMULATED,SIMULATED
46.0,41.0,44,281.6802,-258.3379,275.4807,-0.0553,4,SIMULATED,SIMULATED,SIMULATED,SIMULATED
46.0,41.0,55,703.6174,216.412,294.1554,-0.356,3,SIMULATED,SIMULATED,SIMULATED,SIMULATED
46.0,41.0,4,-423.2316,458.1435,267.1793,-0.3557,1,SIMULATED,SIMULATED,SIMULATED,SIMULATED
46.0,41.0,23,37.403,-370.836,272.4552,0.3836,4,SIMULATED,SIMULATED,SIMULATED,SIMULATED
46.0,41.0,16,700.608,-114.3634,283.1675,0.252,4,SIMULATED,SIMULATED,SIMULATED,SIMULATED
46.2,41.2,77,-233.5619,119.0163,320.4,0.0,1,SIMULATED,SIMULATED,SIMULATED,SIMULATED
46.2,41.2,44,275.0714,-272.1223,275.2285,-0.0357,4,SIMULATED,SIMULATED,SIMULATED,SIMULATED
46.2,41.2,55,718.3926,209.7611,290.3915,-0.5329,3,SIMULATED,SIMULATED,SIMULATED,SIMULATED
46.2,41.2,4,-429.734,471.2855,264.4908,-0.3806,1,SIMULATED,SIMULATED,SIMULATED,SIMULATED
46.2,41.2,23,30.1232,-357.3125,276.4681,0.5681,4,SIMULATED,SIMULATED,SIMULATED,SIMULATED
46.2,41.2,16,685.6017,-118.9223,284.6663,0.2122,4,SIMULATED,SIMULATED,SIMULATED,SIMULATED
46.4,41.4,77,-242.2797,134.5338,320.4,0.0,1,SIMULATED,SIMULATED,SIMULATED,SIMULATED
46.4,41.4,44,268.4233,-285.8169,274.0931,-0.1608,4,SIMULATED,SIMULATED,SIMULATED,SIMULATED
46.4,41.4,55,732.2126,201.1181,290.3915,0.0,3,SIMULATED,SIMULATED,SIMULATED,SIMULATED
46.4,41.4,4,-435.5647,484.5276,262.2243,-0.3209,1,SIMULATED,SIMULATED,SIMULATED,SIMULATED
46.4,41.4,23,22.7166,-343.6358,279.9837,0.4977,4,SIMULATED,SIMULATED,SIMULATED,SIMULATED
46.4,41.4,16,670.0107,-120.5257,284.3293,-0.0477,4,SIMULATED,SIMULATED,SIMULATED,SIMULATED
46.6,41.6,77,-251.0269,150.0327,320.4,0.0,1,SIMULATED,SIMULATED,SIMULATED,SIMULATED
46.6,41.6,44,261.7119,-299.3941,272.8355,-0.178,4,SIMULATED,SIMULATED,SIMULATED,SIMULATED
46.6,41.6,55,744.8343,190.7615,290.3915,0.0,3,SIMULATED,SIMULATED,SIMULATED,SIMULATED
46.6,41.6,4,-440.5368,498.0272,260.064,-0.3058,1,SIMULATED,SIMULATED,SIMULATED,SIMULATED
46.6,41.6,23,15.1937,-329.8229,283.1308,0.4456,4,SIMULATED,SIMULATED,SIMULATED,SIMULATED
46.6,41.6,16,654.348,-120.0033,283.3588,-0.1374,4,SIMULATED,SIMULATED,SIMULATED,SIMULATED
46.8,41.8,77,-259.8063,165.514,320.3529,-0.0067,1,SIMULATED,SIMULATED,SIMULATED,SIMULATED
46.8,41.8,44,254.8865,-312.9327,273.0193,0.026,4,SIMULATED,SIMULATED,SIMULATED,SIMULATED
46.8,41.8,55,755.9389,178.9869,290.3915,0.0,3,SIMULATED,SIMULATED,SIMULATED,SIMULATED
46.8,41.8,4,-444.5835,511.7178,259.0668,-0.1412,1,SIMULATED,SIMULATED,SIMULATED,SIMULATED
46.8,41.8,23,7.516,-315.8666,286.7796,0.5166,4,SIMULATED,SIMULATED,SIMULATED,SIMULATED
46.8,41.8,16,638.8032,-117.9518,283.081,-0.0393,4,SIMULATED,SIMULATED,SIMULATED,SIMULATED
47.0,42.0,77,-268.5568,180.9201,318.9358,-0.2006,1,SIMULATED,SIMULATED,SIMULATED,SIMULATED
47.0,42.0,44,247.994,-326.4105,272.5424,-0.0675,4,SIMULATED,SIMULATED,SIMULATED,SIMULATED
47.0,42.0,55,766.1874,166.4033,290.3915,0.0,3,SIMULATED,SIMULATED,SIMULATED,SIMULATED
47.0,42.0,4,-447.3117,525.7083,258.7791,-0.0407,1,SIMULATED,SIMULATED,SIMULATED,SIMULATED
47.0,42.0,23,-0.2892,-301.7778,289.9134,0.4437,4,SIMULATED,SIMULATED,SIMULATED,SIMULATED
47.0,42.0,16,623.5212,-115.2202,279.6576,-0.4847,4,SIMULATED,SIMULATED,SIMULATED,SIMULATED
47.2,42.2,77,-277.2509,196.217,316.7019,-0.3163,1,SIMULATED,SIMULATED,SIMULATED,SIMULATED
47.2,42.2,44,241.0713,-339.8106,271.564,-0.1385,4,SIMULATED,SIMULATED,SIMULATED,SIMULATED
47.2,42.2,55,775.45,153.0805,290.3915,0.0,3,SIMULATED,SIMULATED,SIMULATED,SIMULATED
47.2,42.2,4,-448.0568,539.8805,258.7791,0.0,1,SIMULATED,SIMULATED,SIMULATED,SIMULATED
47.2,42.2,23,-8.1684,-287.5313,293.0342,0.4418,4,SIMULATED,SIMULATED,SIMULATED,SIMULATED
47.2,42.2,16,608.4439,-112.1938,276.9953,-0.3769,4,SIMULATED,SIMULATED,SIMULATED,SIMULATED
47.4,42.4,77,-285.8816,211.418,314.6468,-0.291,1,SIMULATED,SIMULATED,SIMULATED,SIMULATED
47.4,42.4,44,234.092,-353.1377,270.8969,-0.0944,4,SIMULATED,SIMULATED,SIMULATED,SIMULATED
47.4,42.4,55,783.8638,139.2666,290.3915,0.0,3,SIMULATED,SIMULATED,SIMULATED,SIMULATED
47.4,42.4,4,-446.2202,553.8257,258.7791,0.0,1,SIMULATED,SIMULATED,SIMULATED,SIMULATED
47.4,42.4,23,-16.1816,-273.1019,297.108,0.5768,4,SIMULATED,SIMULATED,SIMULATED,SIMULATED
47.4,42.4,16,593.551,-109.0446,274.0452,-0.4177,4,SIMULATED,SIMULATED,SIMULATED,SIMULATED
47.6,42.6,77,-294.4177,226.4579,311.2722,-0.4778,1,SIMULATED,SIMULATED,SIMULATED,SIMULATED
47.6,42.6,44,227.0807,-366.4043,270.1383,-0.1074,4,SIMULATED,SIMULATED,SIMULATED,SIMULATED
47.6,42.6,55,791.5019,125.017,289.5869,-0.1139,3,SIMULATED,SIMULATED,SIMULATED,SIMULATED
47.6,42.6,4,-440.8888,566.7113,258.7791,0.0,1,SIMULATED,SIMULATED,SIMULATED,SIMULATED
47.6,42.6,23,-24.2978,-258.4735,301.1238,0.5686,4,SIMULATED,SIMULATED,SIMULATED,SIMULATED
47.6,42.6,16,578.7777,-105.8332,272.1755,-0.2647,4,SIMULATED,SIMULATED,SIMULATED,SIMULATED
47.8,42.8,77,-302.8692,241.345,308.1542,-0.4414,1,SIMULATED,SIMULATED,SIMULATED,SIMULATED
47.8,42.8,44,220.04,-379.5681,268.8065,-0.1885,4,SIMULATED,SIMULATED,SIMULATED,SIMULATED
47.8,42.8,55,798.2138,110.4999,286.7359,-0.4036,3,SIMULATED,SIMULATED,SIMULATED,SIMULATED
47.8,42.8,4,-432.2881,577.7231,258.7791,0.0,1,SIMULATED,SIMULATED,SIMULATED,SIMULATED
47.8,42.8,23,-32.5193,-243.6785,304.6673,0.5017,4,SIMULATED,SIMULATED,SIMULATED,SIMULATED
47.8,42.8,16,564.0298,-102.5818,271.8341,-0.0483,4,SIMULATED,SIMULATED,SIMULATED,SIMULATED
48.0,43.0,77,-311.241,256.0797,305.0417,-0.4407,1,SIMULATED,SIMULATED,SIMULATED,SIMULATED
48.0,43.0,44,212.9439,-392.6356,267.9422,-0.1224,4,SIMULATED,SIMULATED,SIMULATED,SIMULATED
48.0,43.0,55,803.7745,95.7182,283.011,-0.5274,3,SIMULATED,SIMULATED,SIMULATED,SIMULATED
48.0,43.0,4,-421.0326,586.2245,258.7791,0.0,1,SIMULATED,SIMULATED,SIMULATED,SIMULATED
48.0,43.0,23,-40.8373,-228.6875,308.5892,0.5553,4,SIMULATED,SIMULATED,SIMULATED,SIMULATED
48.0,43.0,16,549.3127,-99.3401,271.2581,-0.0815,4,SIMULATED,SIMULATED,SIMULATED,SIMULATED
48.2,43.2,77,-319.5214,270.6635,301.8629,-0.45,1,SIMULATED,SIMULATED,SIMULATED,SIMULATED
48.2,43.2,44,205.6956,-405.5815,267.3042,-0.0903,4,SIMULATED,SIMULATED,SIMULATED,SIMULATED
48.2,43.2,55,807.7519,80.6081,278.6645,-0.6154,3,SIMULATED,SIMULATED,SIMULATED,SIMULATED
48.2,43.2,4,-408.1323,591.5643,258.7791,0.0,1,SIMULATED,SIMULATED,SIMULATED,SIMULATED
48.2,43.2,23,-49.2211,-213.4992,312.2459,0.5177,4,SIMULATED,SIMULATED,SIMULATED,SIMULATED
48.2,43.2,16,534.6181,-96.1329,270.706,-0.0782,4,SIMULATED,SIMULATED,SIMULATED,SIMULATED
48.4,43.4,77,-327.7213,285.1035,298.9141,-0.4175,1,SIMULATED,SIMULATED,SIMULATED,SIMULATED
48.4,43.4,44,198.2092,-418.4225,267.8176,0.0727,4,SIMULATED,SIMULATED,SIMULATED,SIMULATED
48.4,43.4,55,810.389,65.3247,276.9405,-0.2441,3,SIMULATED,SIMULATED,SIMULATED,SIMULATED
48.4,43.4,4,-394.2762,594.0791,257.6814,-0.1554,1,SIMULATED,SIMULATED,SIMULATED,SIMULATED
48.4,43.4,23,-57.6902,-198.1089,316.2033,0.5603,4,SIMULATED,SIMULATED,SIMULATED,SIMULATED
48.4,43.4,16,519.9122,-93.0004,270.5432,-0.023,4,SIMULATED,SIMULATED,SIMULATED,SIMULATED
48.6,43.6,77,-335.8572,299.3906,295.9879,-0.4143,1,SIMULATED,SIMULATED,SIMULATED,SIMULATED
48.6,43.6,44,190.0177,-430.7261,267.8176,0.0,4,SIMULATED,SIMULATED,SIMULATED,SIMULATED
48.6,43.6,55,811.3304,50.0992,273.2906,-0.5167,3,SIMULATED,SIMULATED,SIMULATED,SIMULATED
48.6,43.6,4,-380.4759,593.9301,252.8605,-0.6825,1,SIMULATED,SIMULATED,SIMULATED,SIMULATED
48.6,43.6,23,-66.2185,-182.605,318.4953,0.3245,4,SIMULATED,SIMULATED,SIMULATED,SIMULATED
48.6,43.6,16,505.1788,-89.9969,270.6086,0.0093,4,SIMULATED,SIMULATED,SIMULATED,SIMULATED
48.8,43.8,77,-343.9449,313.5289,293.2236,-0.3914,1,SIMULATED,SIMULATED,SIMULATED,SIMULATED
48.8,43.8,44,180.6886,-442.1494,267.8176,0.0,4,SIMULATED,SIMULATED,SIMULATED,SIMULATED
48.8,43.8,55,809.5941,34.9395,270.7077,-0.3657,3,SIMULATED,SIMULATED,SIMULATED,SIMULATED
48.8,43.8,4,-367.0409,591.3591,248.8046,-0.5742,1,SIMULATED,SIMULATED,SIMULATED,SIMULATED
48.8,43.8,23,-74.7909,-167.0225,320.1269,0.231,4,SIMULATED,SIMULATED,SIMULATED,SIMULATED
48.8,43.8,16,490.3163,-87.1133,272.431,0.258,4,SIMULATED,SIMULATED,SIMULATED,SIMULATED
49.0,44.0,77,-351.9898,327.5322,290.7251,-0.3537,1,SIMULATED,SIMULATED,SIMULATED,SIMULATED
49.0,44.0,44,169.4758,-451.538,267.8176,0.0,4,SIMULATED,SIMULATED,SIMULATED,SIMULATED
49.0,44.0,55,805.9045,20.1504,270.7747,0.0095,3,SIMULATED,SIMULATED,SIMULATED,SIMULATED
49.0,44.0,4,-354.4702,586.9194,243.7429,-0.7166,1,SIMULATED,SIMULATED,SIMULATED,SIMULATED
49.0,44.0,23,-83.3615,-151.4216,320.4,0.0387,4,SIMULATED,SIMULATED,SIMULATED,SIMULATED
49.0,44.0,16,475.3114,-84.3722,274.4477,0.2855,4,SIMULATED,SIMULATED,SIMULATED,SIMULATED
49.2,44.2,77,-359.9825,341.3938,288.014,-0.3838,1,SIMULATED,SIMULATED,SIMULATED,SIMULATED
49.2,44.2,44,156.5659,-458.3615,267.8176,0.0,4,SIMULATED,SIMULATED,SIMULATED,SIMULATED
49.2,44.2,55,799.7441,6.1672,272.5605,0.2528,3,SIMULATED,SIMULATED,SIMULATED,SIMULATED
49.2,44.2,4,-342.5771,581.2524,239.2653,-0.6339,1,SIMULATED,SIMULATED,SIMULATED,SIMULATED
49.2,44.2,23,-91.9319,-135.821,320.4,0.0,4,SIMULATED,SIMULATED,SIMULATED,SIMULATED
49.2,44.2,16,460.0917,-81.7371,277.7982,0.4743,4,SIMULATED,SIMULATED,SIMULATED,SIMULATED
49.4,44.4,77,-367.9277,355.1241,285.5764,-0.3451,1,SIMULATED,SIMULATED,SIMULATED,SIMULATED
49.4,44.4,44,142.5078,-462.3331,267.8176,0.0,4,SIMULATED,SIMULATED,SIMULATED,SIMULATED
49.4,44.4,55,792.4594,-7.3124,275.2939,0.387,3,SIMULATED,SIMULATED,SIMULATED,SIMULATED
49.4,44.4,4,-331.2533,574.8738,234.5293,-0.6705,1,SIMULATED,SIMULATED,SIMULATED,SIMULATED
49.4,44.4,23,-100.5171,-120.2289,320.4,0.0,4,SIMULATED,SIMULATED,SIMULATED,SIMULATED
49.4,44.4,16,444.5394,-79.6206,282.2916,0.6362,4,SIMULATED,SIMULATED,SIMULATED,SIMULATED
49.6,44.6,77,-375.8013,368.7155,282.7345,-0.4023,1,SIMULATED,SIMULATED,SIMULATED,SIMULATED
49.6,44.6,44,127.8391,-463.3384,267.8176,0.0,4,SIMULATED,SIMULATED,SIMULATED,SIMULATED
49.6,44.6,55,784.6564,-20.6371,277.3502,0.2911,3,SIMULATED,SIMULATED,SIMULATED,SIMULATED
49.6,44.6,4,-320.2989,568.1305,232.4853,-0.2894,1,SIMULATED,SIMULATED,SIMULATED,SIMULATED
49.6,44.6,23,-109.1183,-104.6459,320.4,0.0,1,SIMULATED,SIMULATED,SIMULATED,SIMULATED
49.6,44.6,16,428.6823,-78.4798,284.9189,0.372,4,SIMULATED,SIMULATED,SIMULATED,SIMULATED
49.8,44.8,77,-383.5952,382.2127,280.4892,-0.3179,1,SIMULATED,SIMULATED,SIMULATED,SIMULATED
49.8,44.8,44,113.5849,-460.6928,267.8176,0.0,4,SIMULATED,SIMULATED,SIMULATED,SIMULATED
49.8,44.8,55,776.2894,-33.7802,279.6274,0.3224,4,SIMULATED,SIMULATED,SIMULATED,SIMULATED
49.8,44.8,4,-309.5517,561.1764,230.6438,-0.2607,1,SIMULATED,SIMULATED,SIMULATED,SIMULATED
49.8,44.8,23,-117.7298,-89.067,320.4,0.0,1,SIMULATED,SIMULATED,SIMULATED,SIMULATED
49.8,44.8,16,412.5753,-79.7668,289.8469,0.6977,4,SIMULATED,SIMULATED,SIMULATED,SIMULATED
50.0,45.0,77,-391.2972,395.6228,278.3197,-0.3071,1,SIMULATED,SIMULATED,SIMULATED,SIMULATED
50.0,45.0,44,100.1745,-454.7745,267.8176,0.0,4,SIMULATED,SIMULATED,SIMULATED,SIMULATED
50.0,45.0,55,767.7259,-46.7695,279.8035,0.0249,4,SIMULATED,SIMULATED,SIMULATED,SIMULATED
50.0,45.0,4,-298.8258,554.132,231.0646,0.0596,1,SIMULATED,SIMULATED,SIMULATED,SIMULATED
50.0,45.0,23,-126.3461,-73.4918,320.4,0.0,1,SIMULATED,SIMULATED,SIMULATED,SIMULATED
50.0,45.0,16,396.7558,-83.8137,293.0773,0.4574,4,SIMULATED,SIMULATED,SIMULATED,SIMULATED
50.2,45.2,77,-398.9028,408.9385,275.9328,-0.3379,1,SIMULATED,SIMULATED,SIMULATED,SIMULATED
50.2,45.2,44,88.4957,-446.0715,267.8176,0.0,4,SIMULATED,SIMULATED,SIMULATED,SIMULATED
50.2,45.2,55,759.0002,-59.6701,279.9838,0.0255,4,SIMULATED,SIMULATED,SIMULATED,SIMULATED
50.2,45.2,4,-288.0399,547.0427,232.2986,0.1747,1,SIMULATED,SIMULATED,SIMULATED,SIMULATED
50.2,45.2,23,-134.9626,-57.9165,320.4,0.0,1,SIMULATED,SIMULATED,SIMULATED,SIMULATED
50.2,45.2,16,381.9941,-91.0626,294.9184,0.2607,4,SIMULATED,SIMULATED,SIMULATED,SIMULATED
50.4,45.4,77,-406.3865,422.1971,273.8962,-0.2883,1,SIMULATED,SIMULATED,SIMULATED,SIMULATED
50.4,45.4,44,78.469,-435.2598,267.8176,0.0,4,SIMULATED,SIMULATED,SIMULATED,SIMULATED
50.4,45.4,55,750.1064,-72.4581,280.2318,0.0351,4,SIMULATED,SIMULATED,SIMULATED,SIMULATED
50.4,45.4,4,-277.1914,539.9316,233.4628,0.1648,1,SIMULATED,SIMULATED,SIMULATED,SIMULATED
50.4,45.4,23,-143.5765,-42.3392,320.4,0.0,1,SIMULATED,SIMULATED,SIMULATED,SIMULATED
50.4,45.4,16,368.8185,-100.8925,294.9184,0.0,4,SIMULATED,SIMULATED,SIMULATED,SIMULATED
50.6,45.6,77,-413.6933,435.3988,271.3272,-0.3637,1,SIMULATED,SIMULATED,SIMULATED,SIMULATED
50.6,45.6,44,69.6855,-423.3238,267.8176,0.0,4,SIMULATED,SIMULATED,SIMULATED,SIMULATED
50.6,45.6,55,740.9591,-85.1016,280.2318,0.0,4,SIMULATED,SIMULATED,SIMULATED,SIMULATED
50.6,45.6,4,-266.1872,532.7632,236.3034,0.4022,1,SIMULATED,SIMULATED,SIMULATED,SIMULATED
50.6,45.6,23,-152.1908,-26.7627,320.4,0.0,1,SIMULATED,SIMULATED,SIMULATED,SIMULATED
50.6,45.6,16,357.6099,-112.9649,294.9184,0.0,4,SIMULATED,SIMULATED,SIMULATED,SIMULATED
50.8,45.8,77,-420.7235,448.5856,268.8142,-0.3558,1,SIMULATED,SIMULATED,SIMULATED,SIMULATED
50.8,45.8,44,61.631,-410.8781,267.8176,0.0,4,SIMULATED,SIMULATED,SIMULATED,SIMULATED
50.8,45.8,55,730.5284,-96.8835,280.781,0.0778,4,SIMULATED,SIMULATED,SIMULATED,SIMULATED
50.8,45.8,4,-254.9553,525.5288,240.3161,0.5681,1,SIMULATED,SIMULATED,SIMULATED,SIMULATED
50.8,45.8,23,-160.8088,-11.1881,320.4,0.0,1,SIMULATED,SIMULATED,SIMULATED,SIMULATED
50.8,45.8,16,347.7759,-126.0935,294.9184,0.0,4,SIMULATED,SIMULATED,SIMULATED,SIMULATED
51.0,46.0,77,-427.5145,461.7557,266.2747,-0.3595,1,SIMULATED,SIMULATED,SIMULATED,SIMULATED
51.0,46.0,44,54.0839,-398.0852,268.121,0.043,4,SIMULATED,SIMULATED,SIMULATED,SIMULATED
51.0,46.0,55,718.3562,-107.0438,280.8766,0.0135,4,SIMULATED,SIMULATED,SIMULATED,SIMULATED
51.0,46.0,4,-243.3681,518.3031,245.1507,0.6845,1,SIMULATED,SIMULATED,SIMULATED,SIMULATED
51.0,46.0,23,-169.4235,4.3886,320.4,0.0,1,SIMULATED,SIMULATED,SIMULATED,SIMULATED
51.0,46.0,16,339.1933,-140.1006,294.9184,-0.0,4,SIMULATED,SIMULATED,SIMULATED,SIMULATED
51.2,46.2,77,-433.8256,475.0087,263.642,-0.3727,1,SIMULATED,SIMULATED,SIMULATED,SIMULATED
51.2,46.2,44,46.7834,-385.029,269.5192,0.198,4,SIMULATED,SIMULATED,SIMULATED,SIMULATED
51.2,46.2,55,704.3815,-114.5225,282.6486,0.2509,4,SIMULATED,SIMULATED,SIMULATED,SIMULATED
51.2,46.2,4,-231.3162,511.2916,250.5367,0.7625,1,SIMULATED,SIMULATED,SIMULATED,SIMULATED
51.2,46.2,23,-178.0357,19.9663,320.4,0.0,1,SIMULATED,SIMULATED,SIMULATED,SIMULATED
51.2,46.2,16,331.4319,-154.5362,294.6467,-0.0385,4,SIMULATED,SIMULATED,SIMULATED,SIMULATED
51.4,46.4,77,-439.4672,488.4349,261.374,-0.3211,1,SIMULATED,SIMULATED,SIMULATED,SIMULATED
51.4,46.4,44,39.5952,-371.7461,271.9694,0.3469,4,SIMULATED,SIMULATED,SIMULATED,SIMULATED
51.4,46.4,55,689.3006,-119.8233,284.0584,0.1996,4,SIMULATED,SIMULATED,SIMULATED,SIMULATED
51.4,46.4,4,-218.5379,504.9281,255.2666,0.6696,1,SIMULATED,SIMULATED,SIMULATED,SIMULATED
51.4,46.4,23,-186.6459,35.5456,320.4,0.0,1,SIMULATED,SIMULATED,SIMULATED,SIMULATED
51.4,46.4,16,324.0729,-169.1179,293.7685,-0.1243,4,SIMULATED,SIMULATED,SIMULATED,SIMULATED
51.6,46.6,77,-444.1766,502.1715,259.8048,-0.2222,1,SIMULATED,SIMULATED,SIMULATED,SIMULATED
51.6,46.6,44,32.3299,-358.242,275.9833,0.5683,4,SIMULATED,SIMULATED,SIMULATED,SIMULATED
51.6,46.6,55,673.4881,-122.0984,284.1383,0.0113,4,SIMULATED,SIMULATED,SIMULATED,SIMULATED
51.6,46.6,4,-204.6473,500.3202,259.9974,0.6698,1,SIMULATED,SIMULATED,SIMULATED,SIMULATED
51.6,46.6,23,-195.252,51.1269,320.4,0.0,1,SIMULATED,SIMULATED,SIMULATED,SIMULATED
51.6,46.6,16,317.0636,-183.7046,291.1948,-0.3644,4,SIMULATED,SIMULATED,SIMULATED,SIMULATED
51.8,46.8,77,-447.8896,516.1063,258.7791,-0.1452,1,SIMULATED,SIMULATED,SIMULATED,SIMULATED
51.8,46.8,44,24.937,-344.5813,279.5508,0.5051,4,SIMULATED,SIMULATED,SIMULATED,SIMULATED
51.8,46.8,55,657.6071,-121.9687,283.5726,-0.0801,4,SIMULATED,SIMULATED,SIMULATED,SIMULATED
51.8,46.8,4,-189.9139,498.1582,264.9069,0.6951,1,SIMULATED,SIMULATED,SIMULATED,SIMULATED
51.8,46.8,23,-203.8539,66.7103,320.4,0.0,1,SIMULATED,SIMULATED,SIMULATED,SIMULATED
51.8,46.8,16,310.3122,-198.1489,286.9158,-0.6058,4,SIMULATED,SIMULATED,SIMULATED,SIMULATED
52.0,47.0,77,-449.9612,530.4815,258.7791,0.0,1,SIMULATED,SIMULATED,SIMULATED,SIMULATED
52.0,47.0,44,17.4242,-330.7808,282.803,0.4604,4,SIMULATED,SIMULATED,SIMULATED,SIMULATED
52.0,47.0,55,641.8683,-120.1818,283.3925,-0.0255,4,SIMULATED,SIMULATED,SIMULATED,SIMULATED
52.0,47.0,4,-174.7831,499.3663,268.7029,0.5374,1,SIMULATED,SIMULATED,SIMULATED,SIMULATED
52.0,47.0,23,-212.4814,82.2783,320.4,0.0,1,SIMULATED,SIMULATED,SIMULATED,SIMULATED
52.0,47.0,16,303.7086,-212.4453,283.4723,-0.4875,4,SIMULATED,SIMULATED,SIMULATED,SIMULATED
52.2,47.2,77,-449.9772,545.0034,258.7791,0.0,1,SIMULATED,SIMULATED,SIMULATED,SIMULATED
52.2,47.2,44,9.766,-316.8323,286.3017,0.4953,4,SIMULATED,SIMULATED,SIMULATED,SIMULATED
52.2,47.2,55,626.5029,-117.5127,280.2482,-0.4452,4,SIMULATED,SIMULATED,SIMULATED,SIMULATED
52.2,47.2,4,-160.1466,503.9508,269.4975,0.1125,1,SIMULATED,SIMULATED,SIMULATED,SIMULATED
52.2,47.2,23,-221.1322,97.8346,320.4,0.0,1,SIMULATED,SIMULATED,SIMULATED,SIMULATED
52.2,47.2,16,297.1672,-226.5724,280.2274,-0.4594,4,SIMULATED,SIMULATED,SIMULATED,SIMULATED
52.4,47.4,77,-446.8491,559.2047,258.7791,0.0,1,SIMULATED,SIMULATED,SIMULATED,SIMULATED
52.4,47.4,44,1.9706,-302.7623,289.538,0.4582,4,SIMULATED,SIMULATED,SIMULATED,SIMULATED
52.4,47.4,55,611.3584,-114.526,277.5629,-0.3802,4,SIMULATED,SIMULATED,SIMULATED,SIMULATED
52.4,47.4,4,-147.4743,512.3164,268.6754,-0.1164,1,SIMULATED,SIMULATED,SIMULATED,SIMULATED
52.4,47.4,23,-229.8185,113.369,320.4,0.0,1,SIMULATED,SIMULATED,SIMULATED,SIMULATED
52.4,47.4,16,290.6657,-240.5229,277.0706,-0.4469,4,SIMULATED,SIMULATED,SIMULATED,SIMULATED
52.6,47.6,77,-439.9936,572.1386,258.7791,0.0,1,SIMULATED,SIMULATED,SIMULATED,SIMULATED
52.6,47.6,44,-5.8991,-288.5361,292.6558,0.4414,4,SIMULATED,SIMULATED,SIMULATED,SIMULATED
52.6,47.6,55,596.4079,-111.3992,274.671,-0.4094,4,SIMULATED,SIMULATED,SIMULATED,SIMULATED
52.6,47.6,4,-137.6705,523.8549,268.5774,-0.0139,1,SIMULATED,SIMULATED,SIMULATED,SIMULATED
52.6,47.6,23,-238.5336,128.8894,320.4,0.0,1,SIMULATED,SIMULATED,SIMULATED,SIMULATED
52.6,47.6,16,284.1314,-254.3628,275.5617,-0.2136,4,SIMULATED,SIMULATED,SIMULATED,SIMULATED
52.8,47.8,77,-429.9531,582.7527,258.7791,0.0,1,SIMULATED,SIMULATED,SIMULATED,SIMULATED
52.8,47.8,44,-13.8961,-274.1298,296.5587,0.5526,4,SIMULATED,SIMULATED,SIMULATED,SIMULATED
52.8,47.8,55,581.6212,-108.2012,272.2091,-0.3486,4,SIMULATED,SIMULATED,SIMULATED,SIMULATED
52.8,47.8,4,-130.4961,537.1364,268.5774,0.0,1,SIMULATED,SIMULATED,SIMULATED,SIMULATED
52.8,47.8,23,-247.2626,144.4015,320.4,0.0,1,SIMULATED,SIMULATED,SIMULATED,SIMULATED
52.8,47.8,16,277.5346,-268.1618,275.3395,-0.0315,4,SIMULATED,SIMULATED,SIMULATED,SIMULATED
53.0,48.0,77,-417.5382,590.3475,258.7791,0.0,1,SIMULATED,SIMULATED,SIMULATED,SIMULATED
53.0,48.0,44,-22.0011,-259.5208,300.7194,0.5891,4,SIMULATED,SIMULATED,SIMULATED,SIMULATED
53.0,48.0,55,566.8661,-104.9476,271.9755,-0.0331,4,SIMULATED,SIMULATED,SIMULATED,SIMULATED
53.0,48.0,4,-126.0574,551.6117,268.5774,0.0,1,SIMULATED,SIMULATED,SIMULATED,SIMULATED
53.0,48.0,23,-256.0396,159.8853,320.4,0.0,1,SIMULATED,SIMULATED,SIMULATED,SIMULATED
53.0,48.0,16,270.8891,-281.897,274.6901,-0.0919,4,SIMULATED,SIMULATED,SIMULATED,SIMULATED
53.2,48.2,77,-403.7248,594.845,258.7791,0.0,1,SIMULATED,SIMULATED,SIMULATED,SIMULATED
53.2,48.2,44,-30.2097,-244.7463,304.2151,0.4949,4,SIMULATED,SIMULATED,SIMULATED,SIMULATED
53.2,48.2,55,552.1433,-101.7042,271.3681,-0.086,4,SIMULATED,SIMULATED,SIMULATED,SIMULATED
53.2,48.2,4,-123.6827,566.4806,268.5774,0.0,1,SIMULATED,SIMULATED,SIMULATED,SIMULATED
53.2,48.2,23,-264.8094,175.3376,319.8208,-0.082,1,SIMULATED,SIMULATED,SIMULATED,SIMULATED
53.2,48.2,16,264.1987,-295.5123,273.1166,-0.2228,4,SIMULATED,SIMULATED,SIMULATED,SIMULATED
53.4,48.4,77,-389.4374,596.5181,256.1916,-0.3663,1,SIMULATED,SIMULATED,SIMULATED,SIMULATED
53.4,48.4,44,-38.5162,-229.7802,308.1216,0.5531,4,SIMULATED,SIMULATED,SIMULATED,SIMULATED
53.4,48.4,55,537.448,-98.4881,270.8321,-0.0759,4,SIMULATED,SIMULATED,SIMULATED,SIMULATED
53.4,48.4,4,-122.7712,581.4178,268.5774,0.0,1,SIMULATED,SIMULATED,SIMULATED,SIMULATED
53.4,48.4,23,-273.5264,190.6743,317.5376,-0.3233,1,SIMULATED,SIMULATED,SIMULATED,SIMULATED
53.4,48.4,16,257.4122,-309.07,272.9653,-0.0214,4,SIMULATED,SIMULATED,SIMULATED,SIMULATED
53.6,48.6,77,-375.3574,595.4327,251.1988,-0.7069,1,SIMULATED,SIMULATED,SIMULATED,SIMULATED
53.6,48.6,44,-46.8896,-214.6249,311.7224,0.5098,4,SIMULATED,SIMULATED,SIMULATED,SIMULATED
53.6,48.6,55,522.7572,-95.3386,270.5432,-0.0409,4,SIMULATED,SIMULATED,SIMULATED,SIMULATED
53.6,48.6,4,-122.7053,596.3971,268.5774,0.0,1,SIMULATED,SIMULATED,SIMULATED,SIMULATED
53.6,48.6,23,-282.1837,205.9185,315.5527,-0.281,1,SIMULATED,SIMULATED,SIMULATED,SIMULATED
53.6,48.6,16,250.5277,-322.5733,272.9088,-0.008,4,SIMULATED,SIMULATED,SIMULATED,SIMULATED
53.8,48.8,77,-361.9012,592.0712,246.7995,-0.6228,1,SIMULATED,SIMULATED,SIMULATED,SIMULATED
53.8,48.8,44,-55.3463,-199.2556,315.7551,0.5709,4,SIMULATED,SIMULATED,SIMULATED,SIMULATED
53.8,48.8,55,508.051,-92.3056,270.5432,0.0,4,SIMULATED,SIMULATED,SIMULATED,SIMULATED
53.8,48.8,4,-122.9383,611.3253,268.5774,0.0,1,SIMULATED,SIMULATED,SIMULATED,SIMULATED
53.8,48.8,23,-290.7573,221.0177,312.5392,-0.4267,1,SIMULATED,SIMULATED,SIMULATED,SIMULATED
53.8,48.8,16,243.6177,-335.9905,271.694,-0.172,4,SIMULATED,SIMULATED,SIMULATED,SIMULATED
54.0,49.0,77,-349.2973,587.0344,242.2861,-0.639,1,SIMULATED,SIMULATED,SIMULATED,SIMULATED
54.0,49.0,44,-63.8701,-183.7642,318.2852,0.3582,4,SIMULATED,SIMULATED,SIMULATED,SIMULATED
54.0,49.0,55,493.2441,-89.4008,271.8135,0.1799,4,SIMULATED,SIMULATED,SIMULATED,SIMULATED
54.0,49.0,4,-123.2505,626.2467,268.5774,-0.0,1,SIMULATED,SIMULATED,SIMULATED,SIMULATED
54.0,49.0,23,-299.2343,235.9604,309.2421,-0.4668,1,SIMULATED,SIMULATED,SIMULATED,SIMULATED
54.0,49.0,16,236.6534,-349.3453,271.1627,-0.0752,4,SIMULATED,SIMULATED,SIMULATED,SIMULATED
54.2,49.2,77,-337.5152,580.9994,237.4378,-0.6864,1,SIMULATED,SIMULATED,SIMULATED,SIMULATED
54.2,49.2,44,-72.4376,-168.1899,319.9423,0.2346,4,SIMULATED,SIMULATED,SIMULATED,SIMULATED
54.2,49.2,55,478.2853,-86.6265,274.1198,0.3265,4,SIMULATED,SIMULATED,SIMULATED,SIMULATED
54.2,49.2,4,-123.4993,641.2434,270.1851,0.2276,1,SIMULATED,SIMULATED,SIMULATED,SIMULATED
54.2,49.2,23,-307.6421,250.7567,306.3285,-0.4125,1,SIMULATED,SIMULATED,SIMULATED,SIMULATED
54.2,49.2,16,229.6453,-362.628,270.3466,-0.1155,4,SIMULATED,SIMULATED,SIMULATED,SIMULATED
54.4,49.4,77,-326.2509,574.4262,233.8832,-0.5033,1,SIMULATED,SIMULATED,SIMULATED,SIMULATED
54.4,49.4,44,-81.0083,-152.5902,320.4,0.0648,4,SIMULATED,SIMULATED,SIMULATED,SIMULATED
54.4,49.4,55,463.1387,-83.978,276.9261,0.3973,4,SIMULATED,SIMULATED,SIMULATED,SIMULATED
54.4,49.4,4,-123.4831,656.4042,273.5601,0.4778,1,SIMULATED,SIMULATED,SIMULATED,SIMULATED
54.4,49.4,23,-315.9558,265.3936,302.9944,-0.472,1,SIMULATED,SIMULATED,SIMULATED,SIMULATED
54.4,49.4,16,222.6123,-375.829,269.2855,-0.1502,4,SIMULATED,SIMULATED,SIMULATED,SIMULATED
54.6,49.6,77,-315.3397,567.5753,231.5688,-0.3277,1,SIMULATED,SIMULATED,SIMULATED,SIMULATED
54.6,49.6,44,-89.5779,-136.9888,320.4,0.0,4,SIMULATED,SIMULATED,SIMULATED,SIMULATED
54.6,49.6,55,447.7374,-81.721,281.2604,0.6137,4,SIMULATED,SIMULATED,SIMULATED,SIMULATED
54.6,49.6,4,-123.056,671.7421,276.7511,0.4518,1,SIMULATED,SIMULATED,SIMULATED,SIMULATED
54.6,49.6,23,-324.183,279.8894,300.0247,-0.4204,1,SIMULATED,SIMULATED,SIMULATED,SIMULATED
54.6,49.6,16,215.5291,-388.9313,268.1511,-0.1606,4,SIMULATED,SIMULATED,SIMULATED,SIMULATED
54.8,49.8,77,-304.5939,560.5559,230.8046,-0.1082,1,SIMULATED,SIMULATED,SIMULATED,SIMULATED
54.8,49.8,44,-98.1621,-121.3937,320.4,0.0,4,SIMULATED,SIMULATED,SIMULATED,SIMULATED
54.8,49.8,55,432.101,-80.3504,283.9443,0.38,4,SIMULATED,SIMULATED,SIMULATED,SIMULATED
54.8,49.8,4,-121.9244,687.2007,280.0281,0.464,1,SIMULATED,SIMULATED,SIMULATED,SIMULATED
54.8,49.8,23,-332.3383,294.2397,297.1038,-0.4135,1,SIMULATED,SIMULATED,SIMULATED,SIMULATED
54.8,49.8,16,208.3418,-401.9318,267.4821,-0.0947,4,SIMULATED,SIMULATED,SIMULATED,SIMULATED
55.0,50.0,77,-293.8432,553.4853,231.588,0.1109,1,SIMULATED,SIMULATED,SIMULATED,SIMULATED
55.0,50.0,44,-106.7613,-105.8068,320.4,0.0,1,SIMULATED,SIMULATED,SIMULATED,SIMULATED
55.0,50.0,55,416.3,-80.9326,288.7873,0.6857,4,SIMULATED,SIMULATED,SIMULATED,SIMULATED
55.0,50.0,4,-119.2121,702.5404,283.8352,0.539,1,SIMULATED,SIMULATED,SIMULATED,SIMULATED
55.0,50.0,23,-340.4469,308.4277,294.1715,-0.4152,1,SIMULATED,SIMULATED,SIMULATED,SIMULATED
55.0,50.0,16,200.9318,-414.8132,267.7474,0.0376,4,SIMULATED,SIMULATED,SIMULATED,SIMULATED
55.2,50.2,77,-283.0528,546.403,232.3629,0.1097,1,SIMULATED,SIMULATED,SIMULATED,SIMULATED
55.2,50.2,44,-115.3739,-90.2302,320.4,0.0,1,SIMULATED,SIMULATED,SIMULATED,SIMULATED
55.2,50.2,55,400.6854,-84.2781,292.4942,0.5248,4,SIMULATED,SIMULATED,SIMULATED,SIMULATED
55.2,50.2,4,-114.8975,717.818,287.5126,0.5206,1,SIMULATED,SIMULATED,SIMULATED,SIMULATED
55.2,50.2,23,-348.5116,322.4827,291.6991,-0.35,1,SIMULATED,SIMULATED,SIMULATED,SIMULATED
55.2,50.2,16,193.0144,-427.3762,267.8176,0.0099,4,SIMULATED,SIMULATED,SIMULATED,SIMULATED
55.4,50.4,77,-272.1641,539.2687,234.3275,0.2782,1,SIMULATED,SIMULATED,SIMULATED,SIMULATED
55.4,50.4,44,-123.9895,-74.6535,320.4,0.0,1,SIMULATED,SIMULATED,SIMULATED,SIMULATED
55.4,50.4,55,385.9314,-90.6692,294.9184,0.3432,4,SIMULATED,SIMULATED,SIMULATED,SIMULATED
55.4,50.4,4,-109.0671,732.7315,291.7476,0.5996,1,SIMULATED,SIMULATED,SIMULATED,SIMULATED
55.4,50.4,23,-356.5243,336.3972,289.0344,-0.3773,1,SIMULATED,SIMULATED,SIMULATED,SIMULATED
55.4,50.4,16,184.05,-439.1738,267.8176,0.0,4,SIMULATED,SIMULATED,SIMULATED,SIMULATED
55.6,50.6,77,-261.097,532.0914,237.5479,0.4559,1,SIMULATED,SIMULATED,SIMULATED,SIMULATED
55.6,50.6,44,-132.6057,-59.0775,320.4,0.0,1,SIMULATED,SIMULATED,SIMULATED,SIMULATED
55.6,50.6,55,372.6563,-99.929,294.9184,0.0,4,SIMULATED,SIMULATED,SIMULATED,SIMULATED
55.6,50.6,4,-101.4839,747.2185,295.7334,0.5643,1,SIMULATED,SIMULATED,SIMULATED,SIMULATED
55.6,50.6,23,-364.4856,350.1785,286.499,-0.359,1,SIMULATED,SIMULATED,SIMULATED,SIMULATED
55.6,50.6,16,173.4343,-449.3542,267.8176,0.0,4,SIMULATED,SIMULATED,SIMULATED,SIMULATED
55.8,50.8,77,-249.7942,524.8527,241.9336,0.6209,1,SIMULATED,SIMULATED,SIMULATED,SIMULATED
55.8,50.8,44,-141.2202,-43.5016,320.4,-0.0,1,SIMULATED,SIMULATED,SIMULATED,SIMULATED
55.8,50.8,55,361.2309,-111.3344,294.9184,0.0,4,SIMULATED,SIMULATED,SIMULATED,SIMULATED
55.8,50.8,4,-92.9085,761.3877,298.9379,0.4537,2,SIMULATED,SIMULATED,SIMULATED,SIMULATED
55.8,50.8,23,-372.3895,363.8241,283.8503,-0.375,1,SIMULATED,SIMULATED,SIMULATED,SIMULATED
55.8,50.8,16,160.8034,-456.9883,267.8176,0.0,4,SIMULATED,SIMULATED,SIMULATED,SIMULATED
56.0,51.0,77,-238.0923,517.7202,247.0013,0.7175,1,SIMULATED,SIMULATED,SIMULATED,SIMULATED
56.0,51.0,44,-149.8341,-27.9242,320.4,0.0,1,SIMULATED,SIMULATED,SIMULATED,SIMULATED
56.0,51.0,55,351.2364,-124.1745,294.9184,0.0,4,SIMULATED,SIMULATED,SIMULATED,SIMULATED
56.0,51.0,4,-83.4987,775.0893,300.3528,0.2003,2,SIMULATED,SIMULATED,SIMULATED,SIMULATED
56.0,51.0,23,-380.2182,377.3442,281.1879,-0.3769,1,SIMULATED,SIMULATED,SIMULATED,SIMULATED
56.0,51.0,16,146.9512,-461.9969,267.8176,0.0,4,SIMULATED,SIMULATED,SIMULATED,SIMULATED
56.2,51.2,77,-225.9251,510.9273,251.8324,0.684,1,SIMULATED,SIMULATED,SIMULATED,SIMULATED
56.2,51.2,44,-158.4521,-12.3494,320.4,0.0,1,SIMULATED,SIMULATED,SIMULATED,SIMULATED
56.2,51.2,55,342.4533,-137.8578,294.9184,0.0,4,SIMULATED,SIMULATED,SIMULATED,SIMULATED
56.2,51.2,4,-73.3224,788.277,301.4165,0.1506,2,SIMULATED,SIMULATED,SIMULATED,SIMULATED
56.2,51.2,23,-387.9544,390.7942,279.2914,-0.2685,1,SIMULATED,SIMULATED,SIMULATED,SIMULATED
56.2,51.2,16,132.3299,-463.8594,267.8176,0.0,4,SIMULATED,SIMULATED,SIMULATED,SIMULATED
56.4,51.4,77,-213.0406,505.1369,256.8193,0.706,1,SIMULATED,SIMULATED,SIMULATED,SIMULATED
56.4,51.4,44,-167.0672,3.2263,320.4,0.0,1,SIMULATED,SIMULATED,SIMULATED,SIMULATED
56.4,51.4,55,334.5887,-152.1608,294.7708,-0.0209,4,SIMULATED,SIMULATED,SIMULATED,SIMULATED
56.4,51.4,4,-62.6313,801.0939,300.9847,-0.0611,2,SIMULATED,SIMULATED,SIMULATED,SIMULATED
56.4,51.4,23,-395.5927,404.1382,276.7378,-0.3615,1,SIMULATED,SIMULATED,SIMULATED,SIMULATED
56.4,51.4,16,117.7155,-462.3476,267.8176,0.0,4,SIMULATED,SIMULATED,SIMULATED,SIMULATED
56.6,51.6,77,-199.1861,501.5156,261.7674,0.7005,1,SIMULATED,SIMULATED,SIMULATED,SIMULATED
56.6,51.6,44,-175.6791,18.8047,320.4,0.0,1,SIMULATED,SIMULATED,SIMULATED,SIMULATED
56.6,51.6,55,327.1582,-166.7015,294.27,-0.0709,4,SIMULATED,SIMULATED,SIMULATED,SIMULATED
56.6,51.6,4,-51.6857,813.6653,300.4873,-0.0704,2,SIMULATED,SIMULATED,SIMULATED,SIMULATED
56.6,51.6,23,-403.1215,417.4172,274.7208,-0.2856,1,SIMULATED,SIMULATED,SIMULATED,SIMULATED
56.6,51.6,16,103.8093,-457.3801,267.8176,0.0,4,SIMULATED,SIMULATED,SIMULATED,SIMULATED
56.8,51.8,77,-184.6875,500.4148,266.5901,0.6828,1,SIMULATED,SIMULATED,SIMULATED,SIMULATED
56.8,51.8,44,-184.2899,34.3826,320.4,0.0,1,SIMULATED,SIMULATED,SIMULATED,SIMULATED
56.8,51.8,55,320.0933,-181.272,291.9973,-0.3218,4,SIMULATED,SIMULATED,SIMULATED,SIMULATED
56.8,51.8,4,-40.5773,826.0209,299.2273,-0.1784,2,SIMULATED,SIMULATED,SIMULATED,SIMULATED
56.8,51.8,23,-410.4902,430.6336,272.2979,-0.343,1,SIMULATED,SIMULATED,SIMULATED,SIMULATED
56.8,51.8,16,91.4969,-449.3374,267.8176,0.0,4,SIMULATED,SIMULATED,SIMULATED,SIMULATED
57.0,52.0,77,-170.1134,502.7201,269.3665,0.3931,1,SIMULATED,SIMULATED,SIMULATED,SIMULATED
57.0,52.0,44,-192.896,49.9639,320.4,0.0,1,SIMULATED,SIMULATED,SIMULATED,SIMULATED
57.0,52.0,55,313.3058,-195.7426,287.81,-0.5928,4,SIMULATED,SIMULATED,SIMULATED,SIMULATED
57.0,52.0,4,-29.5306,838.1917,295.8823,-0.4736,2,SIMULATED,SIMULATED,SIMULATED,SIMULATED
57.0,52.0,23,-417.6278,443.82,269.7659,-0.3585,1,SIMULATED,SIMULATED,SIMULATED,SIMULATED
57.0,52.0,16,81.0052,-438.9328,267.8176,0.0,4,SIMULATED,SIMULATED,SIMULATED,SIMULATED
57.2,52.2,77,-156.5813,508.3471,269.4569,0.0128,1,SIMULATED,SIMULATED,SIMULATED,SIMULATED
57.2,52.2,44,-201.4977,65.5478,320.4,0.0,1,SIMULATED,SIMULATED,SIMULATED,SIMULATED
57.2,52.2,55,306.6813,-210.0705,284.1966,-0.5116,4,SIMULATED,SIMULATED,SIMULATED,SIMULATED
57.2,52.2,4,-18.5916,850.2514,293.0269,-0.4043,2,SIMULATED,SIMULATED,SIMULATED,SIMULATED
57.2,52.2,23,-424.5356,456.9679,267.2537,-0.3557,1,SIMULATED,SIMULATED,SIMULATED,SIMULATED
57.2,52.2,16,71.8373,-427.2998,267.8176,0.0,4,SIMULATED,SIMULATED,SIMULATED,SIMULATED
57.4,52.4,77,-145.307,517.4074,268.591,-0.1226,1,SIMULATED,SIMULATED,SIMULATED,SIMULATED
57.4,52.4,44,-210.1224,81.1215,320.4,0.0,1,SIMULATED,SIMULATED,SIMULATED,SIMULATED
57.4,52.4,55,300.128,-224.225,280.7585,-0.4868,4,SIMULATED,SIMULATED,SIMULATED,SIMULATED
57.4,52.4,4,-7.7772,862.2143,290.2699,-0.3903,2,SIMULATED,SIMULATED,SIMULATED,SIMULATED
57.4,52.4,23,-431.0696,470.1477,264.572,-0.3797,1,SIMULATED,SIMULATED,SIMULATED,SIMULATED
57.4,52.4,16,63.5728,-414.9608,267.8176,0.0,4,SIMULATED,SIMULATED,SIMULATED,SIMULATED
57.6,52.6,77,-136.7574,529.3696,268.5774,-0.0019,1,SIMULATED,SIMULATED,SIMULATED,SIMULATED
57.6,52.6,44,-218.7728,96.6786,320.4,0.0,1,SIMULATED,SIMULATED,SIMULATED,SIMULATED
57.6,52.6,55,293.6145,-238.2291,277.9291,-0.4006,4,SIMULATED,SIMULATED,SIMULATED,SIMULATED
57.6,52.6,4,2.9585,874.0894,288.1708,-0.2972,2,SIMULATED,SIMULATED,SIMULATED,SIMULATED
57.6,52.6,23,-436.9889,483.5043,262.2888,-0.3233,1,SIMULATED,SIMULATED,SIMULATED,SIMULATED
57.6,52.6,16,55.8964,-402.2148,268.121,0.043,4,SIMULATED,SIMULATED,SIMULATED,SIMULATED
57.8,52.8,77,-130.653,542.7345,268.5774,0.0,1,SIMULATED,SIMULATED,SIMULATED,SIMULATED
57.8,52.8,44,-227.4547,112.2222,320.4,0.0,1,SIMULATED,SIMULATED,SIMULATED,SIMULATED
57.8,52.8,55,287.0882,-252.0877,275.6359,-0.3247,4,SIMULATED,SIMULATED,SIMULATED,SIMULATED
57.8,52.8,4,13.6548,885.9031,286.8713,-0.184,2,SIMULATED,SIMULATED,SIMULATED,SIMULATED
57.8,52.8,23,-442.009,497.0747,260.0861,-0.3119,1,SIMULATED,SIMULATED,SIMULATED,SIMULATED
57.8,52.8,16,48.5146,-389.2313,268.9394,0.1159,4,SIMULATED,SIMULATED,SIMULATED,SIMULATED
58.0,53.0,77,-127.1791,557.1553,268.5774,0.0,1,SIMULATED,SIMULATED,SIMULATED,SIMULATED
58.0,53.0,44,-236.1693,127.7433,320.4,0.0,1,SIMULATED,SIMULATED,SIMULATED,SIMULATED
58.0,53.0,55,280.507,-265.9037,275.3841,-0.0356,4,SIMULATED,SIMULATED,SIMULATED,SIMULATED
58.0,53.0,4,24.3537,897.7159,286.8561,-0.0022,2,SIMULATED,SIMULATED,SIMULATED,SIMULATED
58.0,53.0,23,-446.1383,510.9085,259.1055,-0.1388,1,SIMULATED,SIMULATED,SIMULATED,SIMULATED
58.0,53.0,16,41.3271,-376.0245,270.8342,0.2683,4,SIMULATED,SIMULATED,SIMULATED,SIMULATED
58.2,53.2,77,-125.4686,571.8472,268.5774,-0.0,1,SIMULATED,SIMULATED,SIMULATED,SIMULATED
58.2,53.2,44,-244.8971,143.2579,320.4,0.0,1,SIMULATED,SIMULATED,SIMULATED,SIMULATED
58.2,53.2,55,273.8627,-279.675,275.0533,-0.0468,4,SIMULATED,SIMULATED,SIMULATED,SIMULATED
58.2,53.2,4,35.0354,909.5189,286.559,-0.0421,2,SIMULATED,SIMULATED,SIMULATED,SIMULATED
58.2,53.2,23,-448.9331,525.0422,258.7791,-0.0462,1,SIMULATED,SIMULATED,SIMULATED,SIMULATED
58.2,53.2,16,34.0988,-362.579,274.774,0.5578,4,SIMULATED,SIMULATED,SIMULATED,SIMULATED
58.4,53.4,77,-124.8792,586.6772,268.5774,0.0,1,SIMULATED,SIMULATED,SIMULATED,SIMULATED
58.4,53.4,44,-253.6708,158.7489,320.4,0.0,1,SIMULATED,SIMULATED,SIMULATED,SIMULATED
58.4,53.4,55,267.1796,-293.3169,273.318,-0.2457,4,SIMULATED,SIMULATED,SIMULATED,SIMULATED
58.4,53.4,4,45.681,921.2703,285.4072,-0.1631,2,SIMULATED,SIMULATED,SIMULATED,SIMULATED
58.4,53.4,23,-449.7562,539.451,258.7791,0.0,1,SIMULATED,SIMULATED,SIMULATED,SIMULATED
58.4,53.4,16,26.7475,-348.9631,278.4884,0.5259,4,SIMULATED,SIMULATED,SIMULATED,SIMULATED
58.6,53.6,77,-124.9625,601.5832,268.5774,0.0,1,SIMULATED,SIMULATED,SIMULATED,SIMULATED
58.6,53.6,44,-262.4472,174.2169,320.1035,-0.042,1,SIMULATED,SIMULATED,SIMULATED,SIMULATED
58.6,53.6,55,260.4092,-306.8903,272.8902,-0.0606,4,SIMULATED,SIMULATED,SIMULATED,SIMULATED
58.6,53.6,4,56.2977,932.9878,284.6239,-0.1109,2,SIMULATED,SIMULATED,SIMULATED,SIMULATED
58.6,53.6,23,-447.9725,553.7815,258.7791,0.0,1,SIMULATED,SIMULATED,SIMULATED,SIMULATED
58.6,53.6,16,19.2636,-335.1996,281.9854,0.4951,4,SIMULATED,SIMULATED,SIMULATED,SIMULATED
58.8,53.8,77,-125.2443,616.4915,268.5774,0.0,1,SIMULATED,SIMULATED,SIMULATED,SIMULATED
58.8,53.8,44,-271.1714,189.5668,317.8045,-0.3255,1,SIMULATED,SIMULATED,SIMULATED,SIMULATED
58.8,53.8,55,253.5411,-320.4172,272.9432,0.0075,4,SIMULATED,SIMULATED,SIMULATED,SIMULATED
58.8,53.8,4,66.9225,944.6942,284.5836,-0.0057,2,SIMULATED,SIMULATED,SIMULATED,SIMULATED
58.8,53.8,23,-442.5693,567.2097,258.7791,0.0,1,SIMULATED,SIMULATED,SIMULATED,SIMULATED
58.8,53.8,16,11.6561,-321.3047,285.1098,0.4424,4,SIMULATED,SIMULATED,SIMULATED,SIMULATED
59.0,54.0,77,-125.5635,631.4295,268.9601,0.0542,1,SIMULATED,SIMULATED,SIMULATED,SIMULATED
59.0,54.0,44,-279.8354,204.8204,315.7731,-0.2876,1,SIMULATED,SIMULATED,SIMULATED,SIMULATED
59.0,54.0,55,246.638,-333.8621,271.8824,-0.1502,4,SIMULATED,SIMULATED,SIMULATED,SIMULATED
59.0,54.0,4,77.5506,956.3676,284.2637,-0.0453,2,SIMULATED,SIMULATED,SIMULATED,SIMULATED
59.0,54.0,23,-433.7536,578.6846,258.7791,0.0,1,SIMULATED,SIMULATED,SIMULATED,SIMULATED
59.0,54.0,16,3.8967,-307.2723,288.5997,0.4941,4,SIMULATED,SIMULATED,SIMULATED,SIMULATED
59.2,54.2,77,-125.725,646.5215,271.2546,0.3249,1,SIMULATED,SIMULATED,SIMULATED,SIMULATED
59.2,54.2,44,-288.4205,219.9391,312.9491,-0.3998,1,SIMULATED,SIMULATED,SIMULATED,SIMULATED
59.2,54.2,55,239.6808,-347.2437,271.3538,-0.0748,4,SIMULATED,SIMULATED,SIMULATED,SIMULATED
59.2,54.2,4,88.23,967.885,283.1306,-0.1604,2,SIMULATED,SIMULATED,SIMULATED,SIMULATED
59.2,54.2,23,-422.287,587.4489,258.7791,0.0,1,SIMULATED,SIMULATED,SIMULATED,SIMULATED
59.2,54.2,16,-3.9515,-293.0936,291.7121,0.4406,4,SIMULATED,SIMULATED,SIMULATED,SIMULATED
59.4,54.4,77,-125.585,661.8007,274.7487,0.4947,1,SIMULATED,SIMULATED,SIMULATED,SIMULATED
59.4,54.4,44,-296.9068,234.9,309.6126,-0.4724,1,SIMULATED,SIMULATED,SIMULATED,SIMULATED
59.4,54.4,55,232.6736,-360.5406,270.4964,-0.1214,4,SIMULATED,SIMULATED,SIMULATED,SIMULATED
59.4,54.4,4,99.0949,979.0613,280.991,-0.3029,2,SIMULATED,SIMULATED,SIMULATED,SIMULATED
59.4,54.4,23,-408.9801,593.0816,258.7791,0.0,1,SIMULATED,SIMULATED,SIMULATED,SIMULATED
59.4,54.4,16,-11.9023,-278.7492,295.1888,0.4922,4,SIMULATED,SIMULATED,SIMULATED,SIMULATED
59.6,54.6,77,-125.0081,677.2825,277.6324,0.4083,1,SIMULATED,SIMULATED,SIMULATED,SIMULATED
59.6,54.6,44,-305.3259,249.7162,306.7279,-0.4084,1,SIMULATED,SIMULATED,SIMULATED,SIMULATED
59.6,54.6,55,225.6427,-373.7747,269.6297,-0.1227,4,SIMULATED,SIMULATED,SIMULATED,SIMULATED
59.6,54.6,4,110.4406,989.3898,278.7411,-0.3185,2,SIMULATED,SIMULATED,SIMULATED,SIMULATED
59.6,54.6,23,-394.7806,595.7565,257.7762,-0.142,1,SIMULATED,SIMULATED,SIMULATED,SIMULATED
59.6,54.6,16,-19.9769,-264.1989,299.5365,0.6155,4,SIMULATED,SIMULATED,SIMULATED,SIMULATED
59.8,54.8,77,-123.3018,692.896,281.5884,0.5601,1,SIMULATED,SIMULATED,SIMULATED,SIMULATED
59.8,54.8,44,-313.6499,264.3696,303.3563,-0.4774,1,SIMULATED,SIMULATED,SIMULATED,SIMULATED
59.8,54.8,55,218.5672,-386.9017,268.3013,-0.1881,4,SIMULATED,SIMULATED,SIMULATED,SIMULATED
59.8,54.8,4,122.5646,998.4941,274.2963,-0.6293,2,SIMULATED,SIMULATED,SIMULATED,SIMULATED
59.8,54.8,23,-380.6495,595.6711,253.002,-0.6759,1,SIMULATED,SIMULATED,SIMULATED,SIMULATED
59.8,54.8,16,-28.1513,-249.4778,303.0851,0.5024,4,SIMULATED,SIMULATED,SIMULATED,SIMULATED
60.0,55.0,77,-120.0458,708.4633,285.0788,0.4942,1,SIMULATED,SIMULATED,SIMULATED,SIMULATED
60.0,55.0,44,-321.8865,278.8831,300.38,-0.4214,1,SIMULATED,SIMULATED,SIMULATED,SIMULATED
60.0,55.0,55,211.3963,-399.9396,267.6243,-0.0958,4,SIMULATED,SIMULATED,SIMULATED,SIMULATED
60.0,55.0,4,135.7392,1005.1685,270.6773,-0.5124,2,SIMULATED,SIMULATED,SIMULATED,SIMULATED
60.0,55.0,23,-367.0232,593.1065,248.9754,-0.5701,1,SIMULATED,SIMULATED,SIMULATED,SIMULATED
60.0,55.0,16,-36.4299,-234.5722,306.9111,0.5417,4,SIMULATED,SIMULATED,SIMULATED,SIMULATED
60.2,55.2,77,-115.075,723.8694,288.9104,0.5425,1,SIMULATED,SIMULATED,SIMULATED,SIMULATED
60.2,55.2,44,-330.0513,293.2513,297.458,-0.4137,1,SIMULATED,SIMULATED,SIMULATED,SIMULATED
60.2,55.2,55,204.0439,-412.8793,267.6094,-0.0021,4,SIMULATED,SIMULATED,SIMULATED,SIMULATED
60.2,55.2,4,149.439,1009.833,266.4574,-0.5974,2,SIMULATED,SIMULATED,SIMULATED,SIMULATED
60.2,55.2,23,-354.1655,588.6385,243.8704,-0.7228,1,SIMULATED,SIMULATED,SIMULATED,SIMULATED
60.2,55.2,16,-44.787,-219.4829,310.5138,0.5101,4,SIMULATED,SIMULATED,SIMULATED,SIMULATED
60.4,55.4,77,-108.4671,738.8319,293.2207,0.6103,1,SIMULATED,SIMULATED,SIMULATED,SIMULATED
60.4,55.4,44,-338.1672,307.4621,294.5249,-0.4153,1,SIMULATED,SIMULATED,SIMULATED,SIMULATED
60.4,55.4,55,196.2169,-425.6177,267.8176,0.0295,4,SIMULATED,SIMULATED,SIMULATED,SIMULATED
60.4,55.4,4,163.7701,1011.1726,262.9993,-0.4896,2,SIMULATED,SIMULATED,SIMULATED,SIMULATED
60.4,55.4,23,-342.1051,582.9313,239.42,-0.6301,1,SIMULATED,SIMULATED,SIMULATED,SIMULATED
60.4,55.4,16,-53.2135,-204.1684,314.6358,0.5836,4,SIMULATED,SIMULATED,SIMULATED,SIMULATED
60.6,55.6,77,-100.4886,753.3256,296.8475,0.5135,2,SIMULATED,SIMULATED,SIMULATED,SIMULATED
60.6,55.6,44,-346.238,321.5362,291.9957,-0.3581,1,SIMULATED,SIMULATED,SIMULATED,SIMULATED
60.6,55.6,55,187.4201,-437.763,267.8176,0.0,4,SIMULATED,SIMULATED,SIMULATED,SIMULATED
60.6,55.6,4,177.896,1009.6241,261.4681,-0.2168,2,SIMULATED,SIMULATED,SIMULATED,SIMULATED
60.6,55.6,23,-330.7347,576.5381,234.5843,-0.6846,1,SIMULATED,SIMULATED,SIMULATED,SIMULATED
60.6,55.6,16,-61.7235,-188.7095,317.6408,0.4254,4,SIMULATED,SIMULATED,SIMULATED,SIMULATED
60.8,55.8,77,-91.5257,767.4793,300.0705,0.4563,2,SIMULATED,SIMULATED,SIMULATED,SIMULATED
60.8,55.8,44,-354.2583,335.4703,289.3633,-0.3727,1,SIMULATED,SIMULATED,SIMULATED,SIMULATED
60.8,55.8,55,177.0278,-448.6372,267.8176,0.0,4,SIMULATED,SIMULATED,SIMULATED,SIMULATED
60.8,55.8,4,191.5347,1005.4065,261.4681,0.0,2,SIMULATED,SIMULATED,SIMULATED,SIMULATED
60.8,55.8,23,-319.7064,569.7691,232.551,-0.2879,1,SIMULATED,SIMULATED,SIMULATED,SIMULATED
60.8,55.8,16,-70.275,-173.1561,319.4808,0.2605,4,SIMULATED,SIMULATED,SIMULATED,SIMULATED
61.0,56.0,77,-81.7365,781.0473,300.5282,0.0648,2,SIMULATED,SIMULATED,SIMULATED,SIMULATED
61.0,56.0,44,-362.2261,349.2701,286.7937,-0.3638,1,SIMULATED,SIMULATED,SIMULATED,SIMULATED
61.0,56.0,55,164.5476,-457.0882,267.8176,0.0,4,SIMULATED,SIMULATED,SIMULATED,SIMULATED
61.0,56.0,4,204.4112,999.1691,261.4681,0.0,2,SIMULATED,SIMULATED,SIMULATED,SIMULATED
61.0,56.0,23,-308.9428,562.8092,230.6301,-0.272,1,SIMULATED,SIMULATED,SIMULATED,SIMULATED
61.0,56.0,16,-78.8503,-157.5583,320.4,0.1301,4,SIMULATED,SIMULATED,SIMULATED,SIMULATED
61.2,56.2,77,-71.3385,794.1954,301.1566,0.089,2,SIMULATED,SIMULATED,SIMULATED,SIMULATED
61.2,56.2,44,-370.1397,362.9332,284.2067,-0.3663,1,SIMULATED,SIMULATED,SIMULATED,SIMULATED
61.2,56.2,55,150.4856,-462.9219,267.8176,0.0,4,SIMULATED,SIMULATED,SIMULATED,SIMULATED
61.2,56.2,4,216.354,991.039,261.4681,0.0,2,SIMULATED,SIMULATED,SIMULATED,SIMULATED
61.2,56.2,23,-298.2112,555.7628,231.0528,0.0599,1,SIMULATED,SIMULATED,SIMULATED,SIMULATED
61.2,56.2,16,-87.4194,-141.9567,320.4,0.0,4,SIMULATED,SIMULATED,SIMULATED,SIMULATED
61.4,56.4,77,-60.4766,806.9686,301.2031,0.0066,2,SIMULATED,SIMULATED,SIMULATED,SIMULATED
61.4,56.4,44,-377.9773,376.4607,281.4111,-0.3958,1,SIMULATED,SIMULATED,SIMULATED,SIMULATED
61.4,56.4,55,135.6399,-465.3324,267.8176,0.0,4,SIMULATED,SIMULATED,SIMULATED,SIMULATED
61.4,56.4,4,227.4358,981.8446,261.4681,0.0,2,SIMULATED,SIMULATED,SIMULATED,SIMULATED
61.4,56.4,23,-287.4279,548.6745,232.2932,0.1756,1,SIMULATED,SIMULATED,SIMULATED,SIMULATED
61.4,56.4,16,-95.9959,-126.3583,320.4,0.0,4,SIMULATED,SIMULATED,SIMULATED,SIMULATED
61.6,56.6,77,-49.4472,819.475,299.9596,-0.176,2,SIMULATED,SIMULATED,SIMULATED,SIMULATED
61.6,56.6,44,-385.7215,389.9206,279.573,-0.2602,1,SIMULATED,SIMULATED,SIMULATED,SIMULATED
61.6,56.6,55,120.5655,-464.7427,267.8176,0.0,4,SIMULATED,SIMULATED,SIMULATED,SIMULATED
61.6,56.6,4,238.0077,971.947,261.4681,0.0,2,SIMULATED,SIMULATED,SIMULATED,SIMULATED
61.6,56.6,23,-276.5836,541.5657,233.4078,0.1578,1,SIMULATED,SIMULATED,SIMULATED,SIMULATED
61.6,56.6,16,-104.5906,-110.7707,320.4,-0.0,4,SIMULATED,SIMULATED,SIMULATED,SIMULATED
61.8,56.8,77,-38.3421,831.7616,297.9578,-0.2834,2,SIMULATED,SIMULATED,SIMULATED,SIMULATED
61.8,56.8,44,-393.3703,403.2742,277.0457,-0.3578,1,SIMULATED,SIMULATED,SIMULATED,SIMULATED
61.8,56.8,55,106.0782,-460.2437,267.8176,0.0,4,SIMULATED,SIMULATED,SIMULATED,SIMULATED
61.8,56.8,4,247.5091,961.1885,261.4681,0.0,2,SIMULATED,SIMULATED,SIMULATED,SIMULATED
61.8,56.8,23,-265.5914,534.4031,236.198,0.395,1,SIMULATED,SIMULATED,SIMULATED,SIMULATED
61.8,56.8,16,-113.2041,-95.1932,320.4,0.0,1,SIMULATED,SIMULATED,SIMULATED,SIMULATED
62.0,57.0,77,-27.3293,843.8879,294.8536,-0.4395,2,SIMULATED,SIMULATED,SIMULATED,SIMULATED
62.0,57.0,44,-400.91,416.5532,274.9567,-0.2958,1,SIMULATED,SIMULATED,SIMULATED,SIMULATED
62.0,57.0,55,92.9039,-452.7091,267.8176,0.0,4,SIMULATED,SIMULATED,SIMULATED,SIMULATED
62.0,57.0,4,256.1605,949.5924,261.4681,0.0,2,SIMULATED,SIMULATED,SIMULATED,SIMULATED
62.0,57.0,23,-254.3781,527.1771,240.1866,0.5647,1,SIMULATED,SIMULATED,SIMULATED,SIMULATED
62.0,57.0,16,-121.8156,-79.6145,320.4,0.0,1,SIMULATED,SIMULATED,SIMULATED,SIMULATED
62.2,57.2,77,-16.4378,855.9132,292.0774,-0.3931,2,SIMULATED,SIMULATED,SIMULATED,SIMULATED
62.2,57.2,44,-408.2944,429.766,272.6089,-0.3324,1,SIMULATED,SIMULATED,SIMULATED,SIMULATED
62.2,57.2,55,81.8582,-442.4853,267.8176,0.0,4,SIMULATED,SIMULATED,SIMULATED,SIMULATED
62.2,57.2,4,263.5252,937.2767,261.4681,0.0,2,SIMULATED,SIMULATED,SIMULATED,SIMULATED
62.2,57.2,23,-242.8488,519.9727,244.9952,0.6808,1,SIMULATED,SIMULATED,SIMULATED,SIMULATED
62.2,57.2,16,-130.4315,-64.0388,320.4,-0.0,1,SIMULATED,SIMULATED,SIMULATED,SIMULATED
62.4,57.4,77,-5.6616,867.8355,289.2759,-0.3966,2,SIMULATED,SIMULATED,SIMULATED,SIMULATED
62.4,57.4,44,-415.4534,442.9341,270.0697,-0.3595,1,SIMULATED,SIMULATED,SIMULATED,SIMULATED
62.4,57.4,55,72.3426,-430.9639,267.8176,0.0,4,SIMULATED,SIMULATED,SIMULATED,SIMULATED
62.4,57.4,4,269.3657,924.2874,261.4681,0.0,2,SIMULATED,SIMULATED,SIMULATED,SIMULATED
62.4,57.4,23,-230.8373,512.9747,250.4271,0.769,1,SIMULATED,SIMULATED,SIMULATED,SIMULATED
62.4,57.4,16,-139.0491,-48.4641,320.4,0.0,1,SIMULATED,SIMULATED,SIMULATED,SIMULATED
62.6,57.6,77,5.0592,879.6884,287.6655,-0.228,2,SIMULATED,SIMULATED,SIMULATED,SIMULATED
62.6,57.6,44,-422.3778,456.0758,267.5574,-0.3557,1,SIMULATED,SIMULATED,SIMULATED,SIMULATED
62.6,57.6,55,63.9037,-418.598,267.8176,0.0,4,SIMULATED,SIMULATED,SIMULATED,SIMULATED
62.6,57.6,4,272.5438,910.2484,261.4681,-0.0,2,SIMULATED,SIMULATED,SIMULATED,SIMULATED
62.6,57.6,23,-218.2073,506.6487,255.0961,0.661,1,SIMULATED,SIMULATED,SIMULATED,SIMULATED
62.6,57.6,16,-147.6609,-32.8858,320.4,0.0,1,SIMULATED,SIMULATED,SIMULATED,SIMULATED
62.8,57.8,77,15.7585,891.5006,286.8646,-0.1134,2,SIMULATED,SIMULATED,SIMULATED,SIMULATED
62.8,57.8,44,-428.9433,469.2173,264.9034,-0.3758,1,SIMULATED,SIMULATED,SIMULATED,SIMULATED
62.8,57.8,55,56.0484,-405.8694,268.0346,0.0307,4,SIMULATED,SIMULATED,SIMULATED,SIMULATED
62.8,57.8,4,273.2957,896.0203,262.1186,0.0921,2,SIMULATED,SIMULATED,SIMULATED,SIMULATED
62.8,57.8,23,-204.6376,502.0743,259.8462,0.6725,1,SIMULATED,SIMULATED,SIMULATED,SIMULATED
62.8,57.8,16,-156.2781,-17.3106,320.4,0.0,1,SIMULATED,SIMULATED,SIMULATED,SIMULATED
63.0,58.0,77,26.4517,903.3156,286.8561,-0.0012,2,SIMULATED,SIMULATED,SIMULATED,SIMULATED
63.0,58.0,44,-434.9498,482.4194,262.5522,-0.3329,1,SIMULATED,SIMULATED,SIMULATED,SIMULATED
63.0,58.0,55,48.6368,-392.9076,268.5212,0.0689,4,SIMULATED,SIMULATED,SIMULATED,SIMULATED
63.0,58.0,4,270.4134,881.9583,264.5333,0.3419,2,SIMULATED,SIMULATED,SIMULATED,SIMULATED
63.0,58.0,23,-190.19,499.8924,264.7688,0.6969,1,SIMULATED,SIMULATED,SIMULATED,SIMULATED
63.0,58.0,16,-164.8947,-1.7353,320.4,0.0,1,SIMULATED,SIMULATED,SIMULATED,SIMULATED
63.2,58.2,77,37.1255,915.1016,286.2008,-0.0928,2,SIMULATED,SIMULATED,SIMULATED,SIMULATED
63.2,58.2,44,-440.026,495.8977,260.1759,-0.3364,1,SIMULATED,SIMULATED,SIMULATED,SIMULATED
63.2,58.2,55,41.3848,-379.7226,270.4237,0.2693,4,SIMULATED,SIMULATED,SIMULATED,SIMULATED
63.2,58.2,4,264.8575,868.5527,266.7614,0.3154,2,SIMULATED,SIMULATED,SIMULATED,SIMULATED
63.2,58.2,23,-175.4726,500.9824,268.6378,0.5478,1,SIMULATED,SIMULATED,SIMULATED,SIMULATED
63.2,58.2,16,-173.5064,13.8427,320.4,0.0,1,SIMULATED,SIMULATED,SIMULATED,SIMULATED
63.4,58.4,77,47.751,926.8339,284.9218,-0.1811,2,SIMULATED,SIMULATED,SIMULATED,SIMULATED
63.4,58.4,44,-444.2532,509.6167,259.2631,-0.1292,1,SIMULATED,SIMULATED,SIMULATED,SIMULATED
63.4,58.4,55,34.1799,-366.3194,273.9084,0.4934,4,SIMULATED,SIMULATED,SIMULATED,SIMULATED
63.4,58.4,4,256.8433,856.2332,268.5078,0.2473,2,SIMULATED,SIMULATED,SIMULATED,SIMULATED
63.4,58.4,23,-161.3377,505.2421,269.5155,0.1243,1,SIMULATED,SIMULATED,SIMULATED,SIMULATED
63.4,58.4,16,-182.1198,29.4197,320.4,0.0,1,SIMULATED,SIMULATED,SIMULATED,SIMULATED
63.6,58.6,77,58.3717,938.5504,284.6239,-0.0422,2,SIMULATED,SIMULATED,SIMULATED,SIMULATED
63.6,58.6,44,-447.1991,523.5322,258.7791,-0.0685,1,SIMULATED,SIMULATED,SIMULATED,SIMULATED
63.6,58.6,55,26.8583,-352.7396,277.7393,0.5424,4,SIMULATED,SIMULATED,SIMULATED,SIMULATED
63.6,58.6,4,247.2166,844.9655,267.5569,-0.1346,2,SIMULATED,SIMULATED,SIMULATED,SIMULATED
63.6,58.6,23,-148.961,513.2521,268.6826,-0.1179,1,SIMULATED,SIMULATED,SIMULATED,SIMULATED
63.6,58.6,16,-190.726,45.0009,320.4,0.0,1,SIMULATED,SIMULATED,SIMULATED,SIMULATED
63.8,58.8,77,69.0024,950.2511,284.5363,-0.0124,2,SIMULATED,SIMULATED,SIMULATED,SIMULATED
63.8,58.8,44,-448.2538,537.7105,258.7791,0.0,1,SIMULATED,SIMULATED,SIMULATED,SIMULATED
63.8,58.8,55,19.4049,-339.0106,281.2766,0.5008,4,SIMULATED,SIMULATED,SIMULATED,SIMULATED
63.8,58.8,4,237.0204,834.3993,265.6366,-0.2719,2,SIMULATED,SIMULATED,SIMULATED,SIMULATED
63.8,58.8,23,-139.3309,524.4285,268.5774,-0.0149,1,SIMULATED,SIMULATED,SIMULATED,SIMULATED
63.8,58.8,16,-199.3284,60.5839,320.4,0.0,1,SIMULATED,SIMULATED,SIMULATED,SIMULATED
64.0,59.0,77,79.6413,961.904,283.9597,-0.0816,2,SIMULATED,SIMULATED,SIMULATED,SIMULATED
64.0,59.0,44,-446.8909,551.7525,258.7791,0.0,1,SIMULATED,SIMULATED,SIMULATED,SIMULATED
64.0,59.0,55,11.8333,-325.1569,284.2551,0.4217,4,SIMULATED,SIMULATED,SIMULATED,SIMULATED
64.0,59.0,4,226.5966,824.2227,262.572,-0.4339,2,SIMULATED,SIMULATED,SIMULATED,SIMULATED
64.0,59.0,23,-132.2297,537.42,268.5774,-0.0,1,SIMULATED,SIMULATED,SIMULATED,SIMULATED
64.0,59.0,16,-207.9395,76.1642,320.4,0.0,1,SIMULATED,SIMULATED,SIMULATED,SIMULATED
64.2,59.2,77,90.3923,973.3498,282.3345,-0.2301,2,SIMULATED,SIMULATED,SIMULATED,SIMULATED
64.2,59.2,44,-442.1662,564.946,258.7791,0.0,1,SIMULATED,SIMULATED,SIMULATED,SIMULATED
64.2,59.2,55,4.1055,-311.1564,287.9265,0.5198,4,SIMULATED,SIMULATED,SIMULATED,SIMULATED
64.2,59.2,4,216.316,814.2364,257.9242,-0.658,2,SIMULATED,SIMULATED,SIMULATED,SIMULATED
64.2,59.2,23,-127.8114,551.5156,268.5774,0.0,1,SIMULATED,SIMULATED,SIMULATED,SIMULATED
64.2,59.2,16,-216.588,91.7221,320.4,0.0,1,SIMULATED,SIMULATED,SIMULATED,SIMULATED
64.4,59.400000000000006,77,101.4764,984.3791,280.3579,-0.2798,2,SIMULATED,SIMULATED,SIMULATED,SIMULATED
64.4,59.400000000000006,44,-433.8824,576.3852,258.7791,0.0,1,SIMULATED,SIMULATED,SIMULATED,SIMULATED
64.4,59.400000000000006,55,-3.7287,-297.011,291.0334,0.4399,4,SIMULATED,SIMULATED,SIMULATED,SIMULATED
64.4,59.400000000000006,4,206.3097,804.395,252.3252,-0.7927,2,SIMULATED,SIMULATED,SIMULATED,SIMULATED
64.4,59.400000000000006,23,-125.4118,566.1993,268.5774,0.0,1,SIMULATED,SIMULATED,SIMULATED,SIMULATED
64.4,59.400000000000006,16,-225.2568,107.2696,320.4,0.0,1,SIMULATED,SIMULATED,SIMULATED,SIMULATED
64.6,59.599999999999994,77,113.2139,994.4572,277.4225,-0.4156,2,SIMULATED,SIMULATED,SIMULATED,SIMULATED
64.6,59.599999999999994,44,-422.9857,585.2583,258.7791,0.0,1,SIMULATED,SIMULATED,SIMULATED,SIMULATED
64.6,59.599999999999994,55,-11.6438,-282.7138,294.2063,0.4492,4,SIMULATED,SIMULATED,SIMULATED,SIMULATED
64.6,59.599999999999994,4,196.6915,794.6947,245.7417,-0.9321,2,SIMULATED,SIMULATED,SIMULATED,SIMULATED
64.6,59.599999999999994,23,-124.4873,581.0423,268.5774,0.0,1,SIMULATED,SIMULATED,SIMULATED,SIMULATED
64.6,59.599999999999994,16,-233.9637,122.7961,320.4,0.0,1,SIMULATED,SIMULATED,SIMULATED,SIMULATED
64.8,59.8,77,125.9588,1002.9067,272.3848,-0.7132,2,SIMULATED,SIMULATED,SIMULATED,SIMULATED
64.8,59.8,44,-410.1169,591.083,258.7791,0.0,1,SIMULATED,SIMULATED,SIMULATED,SIMULATED
64.8,59.8,55,-19.6969,-268.2079,298.6277,0.626,4,SIMULATED,SIMULATED,SIMULATED,SIMULATED
64.8,59.8,4,187.3205,785.0577,241.6445,-0.5801,2,SIMULATED,SIMULATED,SIMULATED,SIMULATED
64.8,59.8,23,-124.4004,595.936,268.5774,0.0,1,SIMULATED,SIMULATED,SIMULATED,SIMULATED
64.8,59.8,16,-242.6864,138.313,320.4,-0.0,1,SIMULATED,SIMULATED,SIMULATED,SIMULATED
65.0,60.0,77,139.7084,1009.2115,269.1636,-0.4561,2,SIMULATED,SIMULATED,SIMULATED,SIMULATED
65.0,60.0,44,-396.3187,594.065,258.0586,-0.102,1,SIMULATED,SIMULATED,SIMULATED,SIMULATED
65.0,60.0,55,-27.8473,-253.5232,302.3294,0.5241,4,SIMULATED,SIMULATED,SIMULATED,SIMULATED
65.0,60.0,4,178.2235,775.4951,237.4186,-0.5983,2,SIMULATED,SIMULATED,SIMULATED,SIMULATED
65.0,60.0,23,-124.6298,610.8513,268.5774,0.0,1,SIMULATED,SIMULATED,SIMULATED,SIMULATED
65.0,60.0,16,-251.4451,153.8107,320.4,0.0,1,SIMULATED,SIMULATED,SIMULATED,SIMULATED
65.2,60.2,77,154.103,1012.8174,265.2034,-0.5607,2,SIMULATED,SIMULATED,SIMULATED,SIMULATED
65.2,60.2,44,-382.4571,594.2765,253.6286,-0.6272,1,SIMULATED,SIMULATED,SIMULATED,SIMULATED
65.2,60.2,55,-36.1053,-238.66,306.0428,0.5257,4,SIMULATED,SIMULATED,SIMULATED,SIMULATED
65.2,60.2,4,169.3095,765.9469,234.9619,-0.3478,2,SIMULATED,SIMULATED,SIMULATED,SIMULATED
65.2,60.2,23,-124.9404,625.7675,268.5774,0.0,1,SIMULATED,SIMULATED,SIMULATED,SIMULATED
65.2,60.2,16,-260.2235,169.2906,320.3233,-0.0109,1,SIMULATED,SIMULATED,SIMULATED,SIMULATED
65.4,60.400000000000006,77,168.8399,1013.1511,262.0213,-0.4505,2,SIMULATED,SIMULATED,SIMULATED,SIMULATED
65.4,60.400000000000006,44,-369.0037,592.0533,249.4135,-0.5968,1,SIMULATED,SIMULATED,SIMULATED,SIMULATED
65.4,60.400000000000006,55,-44.4537,-223.6096,309.7854,0.5299,4,SIMULATED,SIMULATED,SIMULATED,SIMULATED
65.4,60.400000000000006,4,160.5972,756.2449,234.0624,-0.1273,2,SIMULATED,SIMULATED,SIMULATED,SIMULATED
65.4,60.400000000000006,23,-125.1937,640.7751,270.0946,0.2148,1,SIMULATED,SIMULATED,SIMULATED,SIMULATED
65.4,60.400000000000006,16,-268.9652,184.6741,318.4783,-0.2612,1,SIMULATED,SIMULATED,SIMULATED,SIMULATED
65.6,60.599999999999994,77,183.3296,1010.5495,261.4681,-0.0783,2,SIMULATED,SIMULATED,SIMULATED,SIMULATED
65.6,60.599999999999994,44,-356.2627,587.9056,244.3958,-0.7104,1,SIMULATED,SIMULATED,SIMULATED,SIMULATED
65.6,60.599999999999994,55,-52.8624,-208.3333,313.8043,0.569,4,SIMULATED,SIMULATED,SIMULATED,SIMULATED
65.6,60.599999999999994,4,152.0051,746.2448,237.0397,0.4215,2,SIMULATED,SIMULATED,SIMULATED,SIMULATED
65.6,60.599999999999994,23,-125.1911,655.9817,273.4517,0.4753,1,SIMULATED,SIMULATED,SIMULATED,SIMULATED
65.6,60.599999999999994,16,-277.6471,199.9531,316.3269,-0.3046,1,SIMULATED,SIMULATED,SIMULATED,SIMULATED
65.8,60.8,77,197.0216,1005.4721,261.4681,0.0,2,SIMULATED,SIMULATED,SIMULATED,SIMULATED
65.8,60.8,44,-344.2306,582.3813,240.0578,-0.6142,1,SIMULATED,SIMULATED,SIMULATED,SIMULATED
65.8,60.8,55,-61.3591,-192.898,317.1585,0.4749,4,SIMULATED,SIMULATED,SIMULATED,SIMULATED
65.8,60.8,4,143.6343,735.8777,239.0734,0.2879,2,SIMULATED,SIMULATED,SIMULATED,SIMULATED
65.8,60.8,23,-124.7742,671.3584,276.6765,0.4566,1,SIMULATED,SIMULATED,SIMULATED,SIMULATED
65.8,60.8,16,-286.2599,215.1218,313.9791,-0.3324,1,SIMULATED,SIMULATED,SIMULATED,SIMULATED
66.0,61.0,77,209.8298,998.3029,261.4681,0.0,2,SIMULATED,SIMULATED,SIMULATED,SIMULATED
66.0,61.0,44,-332.863,576.0379,234.8111,-0.7428,1,SIMULATED,SIMULATED,SIMULATED,SIMULATED
66.0,61.0,55,-69.9005,-177.362,319.1187,0.2775,4,SIMULATED,SIMULATED,SIMULATED,SIMULATED
66.0,61.0,4,135.4424,725.0072,243.9431,0.6894,2,SIMULATED,SIMULATED,SIMULATED,SIMULATED
66.0,61.0,23,-123.6587,686.8869,279.8949,0.4557,1,SIMULATED,SIMULATED,SIMULATED,SIMULATED
66.0,61.0,16,-294.7763,230.1303,310.6194,-0.4757,1,SIMULATED,SIMULATED,SIMULATED,SIMULATED
66.2,61.2,77,221.6388,989.664,261.4681,0.0,2,SIMULATED,SIMULATED,SIMULATED,SIMULATED
66.2,61.2,44,-321.8415,569.3524,232.8219,-0.2816,1,SIMULATED,SIMULATED,SIMULATED,SIMULATED
66.2,61.2,55,-78.4788,-161.7645,320.4,0.1814,4,SIMULATED,SIMULATED,SIMULATED,SIMULATED
66.2,61.2,4,127.8794,713.3703,248.0378,0.5797,2,SIMULATED,SIMULATED,SIMULATED,SIMULATED
66.2,61.2,23,-120.9751,702.4816,283.7323,0.5433,1,SIMULATED,SIMULATED,SIMULATED,SIMULATED
66.2,61.2,16,-303.2153,244.9901,307.5932,-0.4284,1,SIMULATED,SIMULATED,SIMULATED,SIMULATED
66.4,61.400000000000006,77,232.6462,980.1234,261.4681,0.0,2,SIMULATED,SIMULATED,SIMULATED,SIMULATED
66.4,61.400000000000006,44,-311.0848,562.4164,230.5735,-0.3183,1,SIMULATED,SIMULATED,SIMULATED,SIMULATED
66.4,61.400000000000006,55,-87.0484,-146.163,320.4,0.0,4,SIMULATED,SIMULATED,SIMULATED,SIMULATED
66.4,61.400000000000006,4,121.6394,700.5736,253.1739,0.7272,2,SIMULATED,SIMULATED,SIMULATED,SIMULATED
66.4,61.400000000000006,23,-116.6621,717.8812,287.3943,0.5185,1,SIMULATED,SIMULATED,SIMULATED,SIMULATED
66.4,61.400000000000006,16,-311.5683,259.6928,304.3781,-0.4552,1,SIMULATED,SIMULATED,SIMULATED,SIMULATED
66.6,61.599999999999994,77,243.0148,969.8173,261.4681,0.0,2,SIMULATED,SIMULATED,SIMULATED,SIMULATED
66.6,61.599999999999994,44,-300.3569,555.3797,231.0042,0.061,1,SIMULATED,SIMULATED,SIMULATED,SIMULATED
66.6,61.599999999999994,55,-95.6215,-130.5642,320.4,0.0,4,SIMULATED,SIMULATED,SIMULATED,SIMULATED
66.6,61.599999999999994,4,118.9223,686.2553,256.1857,0.4264,2,SIMULATED,SIMULATED,SIMULATED,SIMULATED
66.6,61.599999999999994,23,-110.8079,733.0195,291.6151,0.5976,1,SIMULATED,SIMULATED,SIMULATED,SIMULATED
66.6,61.599999999999994,16,-319.8313,274.2485,301.2795,-0.4387,1,SIMULATED,SIMULATED,SIMULATED,SIMULATED
66.8,61.8,77,252.3533,958.6109,261.4681,0.0,2,SIMULATED,SIMULATED,SIMULATED,SIMULATED
66.8,61.8,44,-289.5741,548.289,232.2707,0.1793,1,SIMULATED,SIMULATED,SIMULATED,SIMULATED
66.8,61.8,55,-104.2127,-114.9764,320.4,0.0,4,SIMULATED,SIMULATED,SIMULATED,SIMULATED
66.8,61.8,4,122.1247,671.9518,256.1857,0.0,2,SIMULATED,SIMULATED,SIMULATED,SIMULATED
66.8,61.8,23,-103.2007,747.6463,295.6314,0.5686,1,SIMULATED,SIMULATED,SIMULATED,SIMULATED
66.8,61.8,16,-328.0175,288.6607,298.3414,-0.416,1,SIMULATED,SIMULATED,SIMULATED,SIMULATED
67.0,62.0,77,260.6836,946.5899,261.4681,0.0,2,SIMULATED,SIMULATED,SIMULATED,SIMULATED
67.0,62.0,44,-278.7399,541.1849,233.1813,0.1289,1,SIMULATED,SIMULATED,SIMULATED,SIMULATED
67.0,62.0,55,-112.8224,-99.3993,320.4,0.0,1,SIMULATED,SIMULATED,SIMULATED,SIMULATED
67.0,62.0,4,132.3624,661.4824,256.1857,0.0,2,SIMULATED,SIMULATED,SIMULATED,SIMULATED
67.0,62.0,23,-94.6118,761.8721,298.8419,0.4545,2,SIMULATED,SIMULATED,SIMULATED,SIMULATED
67.0,62.0,16,-336.1465,302.9193,295.4125,-0.4147,1,SIMULATED,SIMULATED,SIMULATED,SIMULATED
67.2,62.2,77,267.8097,933.7632,261.4681,0.0,2,SIMULATED,SIMULATED,SIMULATED,SIMULATED
67.2,62.2,44,-267.7663,534.0262,235.7634,0.3656,1,SIMULATED,SIMULATED,SIMULATED,SIMULATED
67.2,62.2,55,-121.4314,-83.8195,320.4,0.0,1,SIMULATED,SIMULATED,SIMULATED,SIMULATED
67.2,62.2,4,146.4687,657.7044,256.1857,0.0,2,SIMULATED,SIMULATED,SIMULATED,SIMULATED
67.2,62.2,23,-85.1749,775.6601,300.3578,0.2146,2,SIMULATED,SIMULATED,SIMULATED,SIMULATED
67.2,62.2,16,-344.2283,317.0337,292.7406,-0.3783,1,SIMULATED,SIMULATED,SIMULATED,SIMULATED
67.4,62.400000000000006,77,272.8041,920.0109,261.4681,0.0,2,SIMULATED,SIMULATED,SIMULATED,SIMULATED
67.4,62.400000000000006,44,-256.5751,526.7996,239.6528,0.5506,1,SIMULATED,SIMULATED,SIMULATED,SIMULATED
67.4,62.400000000000006,55,-130.0484,-68.244,320.4,0.0,1,SIMULATED,SIMULATED,SIMULATED,SIMULATED
67.4,62.400000000000006,4,160.9567,658.5952,256.1857,0.0,2,SIMULATED,SIMULATED,SIMULATED,SIMULATED
67.4,62.400000000000006,23,-74.9548,788.9648,301.3759,0.1441,2,SIMULATED,SIMULATED,SIMULATED,SIMULATED
67.4,62.400000000000006,16,-352.2641,331.0107,290.1895,-0.3612,1,SIMULATED,SIMULATED,SIMULATED,SIMULATED
67.6,62.599999999999994,77,275.3138,905.5479,261.4681,0.0,2,SIMULATED,SIMULATED,SIMULATED,SIMULATED
67.6,62.599999999999994,44,-245.0695,519.5709,244.354,0.6656,1,SIMULATED,SIMULATED,SIMULATED,SIMULATED
67.6,62.599999999999994,55,-138.6666,-52.6698,320.4,0.0,1,SIMULATED,SIMULATED,SIMULATED,SIMULATED
67.6,62.599999999999994,4,174.9074,661.8382,256.1857,0.0,2,SIMULATED,SIMULATED,SIMULATED,SIMULATED
67.6,62.599999999999994,23,-64.2469,801.821,300.9661,-0.058,2,SIMULATED,SIMULATED,SIMULATED,SIMULATED
67.6,62.599999999999994,16,-360.2434,344.8492,287.534,-0.376,1,SIMULATED,SIMULATED,SIMULATED,SIMULATED
67.8,62.8,77,274.9324,890.7133,262.6353,0.1652,2,SIMULATED,SIMULATED,SIMULATED,SIMULATED
67.8,62.8,44,-233.072,512.5187,249.8243,0.7745,1,SIMULATED,SIMULATED,SIMULATED,SIMULATED
67.8,62.8,55,-147.2776,-37.091,320.4,0.0,1,SIMULATED,SIMULATED,SIMULATED,SIMULATED
67.8,62.8,4,188.5065,666.2461,255.2267,-0.1358,2,SIMULATED,SIMULATED,SIMULATED,SIMULATED
67.8,62.8,23,-53.284,814.4278,300.5399,-0.0603,2,SIMULATED,SIMULATED,SIMULATED,SIMULATED
67.8,62.8,16,-368.1821,358.5561,285.1005,-0.3445,1,SIMULATED,SIMULATED,SIMULATED,SIMULATED
68.0,63.0,77,270.9272,876.3235,265.7147,0.436,2,SIMULATED,SIMULATED,SIMULATED,SIMULATED
68.0,63.0,44,-220.4327,506.0275,254.3899,0.6464,1,SIMULATED,SIMULATED,SIMULATED,SIMULATED
68.0,63.0,55,-155.8941,-21.5157,320.4,-0.0,1,SIMULATED,SIMULATED,SIMULATED,SIMULATED
68.0,63.0,4,201.5517,671.1531,250.4918,-0.6704,2,SIMULATED,SIMULATED,SIMULATED,SIMULATED
68.0,63.0,23,-42.166,826.7993,299.3354,-0.1705,2,SIMULATED,SIMULATED,SIMULATED,SIMULATED
68.0,63.0,16,-376.0401,372.1198,282.159,-0.4164,1,SIMULATED,SIMULATED,SIMULATED,SIMULATED
68.2,63.2,77,264.1898,862.9657,267.7971,0.2948,2,SIMULATED,SIMULATED,SIMULATED,SIMULATED
68.2,63.2,44,-206.7499,501.0742,259.2196,0.6838,1,SIMULATED,SIMULATED,SIMULATED,SIMULATED
68.2,63.2,55,-164.5114,-5.9404,320.4,0.0,1,SIMULATED,SIMULATED,SIMULATED,SIMULATED
68.2,63.2,4,214.3472,676.2197,247.6283,-0.4054,2,SIMULATED,SIMULATED,SIMULATED,SIMULATED
68.2,63.2,23,-31.115,838.9756,295.9716,-0.4762,2,SIMULATED,SIMULATED,SIMULATED,SIMULATED
68.2,63.2,16,-383.8134,385.6004,280.1288,-0.2874,1,SIMULATED,SIMULATED,SIMULATED,SIMULATED
68.4,63.400000000000006,77,255.2448,850.834,268.5876,0.1119,2,SIMULATED,SIMULATED,SIMULATED,SIMULATED
68.4,63.400000000000006,44,-192.1487,498.5732,264.1969,0.7047,1,SIMULATED,SIMULATED,SIMULATED,SIMULATED
68.4,63.400000000000006,55,-173.1245,9.6374,320.4,0.0,1,SIMULATED,SIMULATED,SIMULATED,SIMULATED
68.4,63.400000000000006,4,226.97,681.3092,244.7619,-0.4058,2,SIMULATED,SIMULATED,SIMULATED,SIMULATED
68.4,63.400000000000006,23,-20.1747,851.0354,293.1087,-0.4053,2,SIMULATED,SIMULATED,SIMULATED,SIMULATED
68.4,63.400000000000006,16,-391.4936,398.9868,277.8185,-0.3271,1,SIMULATED,SIMULATED,SIMULATED,SIMULATED
68.6,63.599999999999994,77,245.3114,839.7265,267.0954,-0.2113,2,SIMULATED,SIMULATED,SIMULATED,SIMULATED
68.6,63.599999999999994,44,-177.0705,499.2278,268.368,0.5905,1,SIMULATED,SIMULATED,SIMULATED,SIMULATED
68.6,63.599999999999994,55,-181.7381,25.2141,320.4,0.0,1,SIMULATED,SIMULATED,SIMULATED,SIMULATED
68.6,63.599999999999994,4,239.5514,686.5127,244.9451,0.0259,2,SIMULATED,SIMULATED,SIMULATED,SIMULATED
68.6,63.599999999999994,23,-9.3573,863.0013,290.3545,-0.3899,2,SIMULATED,SIMULATED,SIMULATED,SIMULATED
68.6,63.599999999999994,16,-399.0715,412.2849,275.5488,-0.3213,1,SIMULATED,SIMULATED,SIMULATED,SIMULATED
68.8,63.8,77,234.9337,829.2618,264.5557,-0.3596,2,SIMULATED,SIMULATED,SIMULATED,SIMULATED
68.8,63.8,44,-162.4533,503.1608,269.59,0.173,1,SIMULATED,SIMULATED,SIMULATED,SIMULATED
68.8,63.8,55,-190.3454,40.7955,320.4,0.0,1,SIMULATED,SIMULATED,SIMULATED,SIMULATED
68.8,63.8,4,252.0996,691.8009,245.0006,0.0078,2,SIMULATED,SIMULATED,SIMULATED,SIMULATED
68.8,63.8,23,1.3808,874.8796,288.2184,-0.3024,2,SIMULATED,SIMULATED,SIMULATED,SIMULATED
68.8,63.8,16,-406.5132,425.5203,273.3898,-0.3057,1,SIMULATED,SIMULATED,SIMULATED,SIMULATED
69.0,64.0,77,224.5268,819.1499,261.1335,-0.4845,2,SIMULATED,SIMULATED,SIMULATED,SIMULATED
69.0,64.0,44,-149.4039,510.8601,268.8283,-0.1078,1,SIMULATED,SIMULATED,SIMULATED,SIMULATED
69.0,64.0,55,-198.9494,56.3784,320.4,0.0,1,SIMULATED,SIMULATED,SIMULATED,SIMULATED
69.0,64.0,4,264.6399,697.2221,245.5221,0.0738,2,SIMULATED,SIMULATED,SIMULATED,SIMULATED
69.0,64.0,23,12.0775,886.6943,286.8719,-0.1906,2,SIMULATED,SIMULATED,SIMULATED,SIMULATED
69.0,64.0,16,-413.7566,438.6992,270.8326,-0.3621,1,SIMULATED,SIMULATED,SIMULATED,SIMULATED
69.2,64.2,77,214.3342,809.2307,256.1555,-0.7048,2,SIMULATED,SIMULATED,SIMULATED,SIMULATED
69.2,64.2,44,-139.0943,522.0767,268.5774,-0.0355,1,SIMULATED,SIMULATED,SIMULATED,SIMULATED
69.2,64.2,55,-207.5543,71.9595,320.4,0.0,1,SIMULATED,SIMULATED,SIMULATED,SIMULATED
69.2,64.2,4,277.167,702.8339,246.9766,0.2059,2,SIMULATED,SIMULATED,SIMULATED,SIMULATED
69.2,64.2,23,22.7757,898.5055,286.8561,-0.0022,2,SIMULATED,SIMULATED,SIMULATED,SIMULATED
69.2,64.2,16,-420.742,451.8622,268.3198,-0.3558,1,SIMULATED,SIMULATED,SIMULATED,SIMULATED
69.4,64.4,77,204.4934,799.4568,249.8066,-0.8989,2,SIMULATED,SIMULATED,SIMULATED,SIMULATED
69.4,64.4,44,-131.5977,535.1425,268.5774,0.0,1,SIMULATED,SIMULATED,SIMULATED,SIMULATED
69.4,64.4,55,-216.1949,87.5179,320.4,0.0,1,SIMULATED,SIMULATED,SIMULATED,SIMULATED
69.4,64.4,4,289.7154,708.5515,248.085,0.1569,2,SIMULATED,SIMULATED,SIMULATED,SIMULATED
69.4,64.4,23,33.4592,910.3112,286.5894,-0.0378,2,SIMULATED,SIMULATED,SIMULATED,SIMULATED
69.4,64.4,16,-427.4361,465.0047,265.7353,-0.3659,1,SIMULATED,SIMULATED,SIMULATED,SIMULATED
69.6,64.6,77,194.9848,789.8136,244.0346,-0.8172,2,SIMULATED,SIMULATED,SIMULATED,SIMULATED
69.6,64.6,44,-126.7039,549.4274,268.5774,0.0,1,SIMULATED,SIMULATED,SIMULATED,SIMULATED
69.6,64.6,55,-224.8559,103.0661,320.4,0.0,1,SIMULATED,SIMULATED,SIMULATED,SIMULATED
69.6,64.6,4,302.3303,714.331,249.7996,0.2428,2,SIMULATED,SIMULATED,SIMULATED,SIMULATED
69.6,64.6,23,44.1061,922.0638,285.4485,-0.1615,2,SIMULATED,SIMULATED,SIMULATED,SIMULATED
69.6,64.6,16,-433.6269,478.2314,263.2133,-0.3571,1,SIMULATED,SIMULATED,SIMULATED,SIMULATED
69.8,64.8,77,185.7179,780.1953,240.5317,-0.4959,2,SIMULATED,SIMULATED,SIMULATED,SIMULATED
69.8,64.8,44,-124.1651,564.1912,268.5774,0.0,1,SIMULATED,SIMULATED,SIMULATED,SIMULATED
69.8,64.8,55,-233.5539,118.5934,320.4,0.0,1,SIMULATED,SIMULATED,SIMULATED,SIMULATED
69.8,64.8,4,315.0634,720.1441,251.9444,0.3037,2,SIMULATED,SIMULATED,SIMULATED,SIMULATED
69.8,64.8,23,54.7232,933.782,284.6239,-0.1167,2,SIMULATED,SIMULATED,SIMULATED,SIMULATED
69.8,64.8,16,-439.0965,491.5992,260.8952,-0.3282,1,SIMULATED,SIMULATED,SIMULATED,SIMULATED
70.0,65.0,77,176.6935,770.6617,236.4224,-0.5818,2,SIMULATED,SIMULATED,SIMULATED,SIMULATED
70.0,65.0,44,-123.0601,579.1582,268.5774,0.0,1,SIMULATED,SIMULATED,SIMULATED,SIMULATED
70.0,65.0,55,-242.2711,134.1109,320.4,0.0,1,SIMULATED,SIMULATED,SIMULATED,SIMULATED
70.0,65.0,4,327.877,725.9653,253.4119,0.2078,2,SIMULATED,SIMULATED,SIMULATED,SIMULATED
70.0,65.0,23,65.3488,945.49,284.5855,-0.0054,2,SIMULATED,SIMULATED,SIMULATED,SIMULATED
70.0,65.0,16,-443.5226,505.302,259.6562,-0.1754,1,SIMULATED,SIMULATED,SIMULATED,SIMULATED
70.2,65.2,77,167.8752,761.1083,234.4309,-0.282,2,SIMULATED,SIMULATED,SIMULATED,SIMULATED
70.2,65.2,44,-122.8804,594.1259,268.5774,0.0,1,SIMULATED,SIMULATED,SIMULATED,SIMULATED
70.2,65.2,55,-251.017,149.6099,320.4,0.0,1,SIMULATED,SIMULATED,SIMULATED,SIMULATED
70.2,65.2,4,340.79,731.7226,254.6461,0.1747,2,SIMULATED,SIMULATED,SIMULATED,SIMULATED
70.2,65.2,23,75.9811,957.1712,284.2762,-0.0438,2,SIMULATED,SIMULATED,SIMULATED,SIMULATED
70.2,65.2,16,-447.0718,519.1579,258.7791,-0.1242,1,SIMULATED,SIMULATED,SIMULATED,SIMULATED
70.4,65.4,77,159.2434,751.3454,234.8591,0.0606,2,SIMULATED,SIMULATED,SIMULATED,SIMULATED
70.4,65.4,44,-123.096,609.0528,268.5774,0.0,1,SIMULATED,SIMULATED,SIMULATED,SIMULATED
70.4,65.4,55,-259.7965,165.0913,320.3561,-0.0062,1,SIMULATED,SIMULATED,SIMULATED,SIMULATED
70.4,65.4,4,353.7798,737.4506,255.5949,0.1343,2,SIMULATED,SIMULATED,SIMULATED,SIMULATED
70.4,65.4,23,86.6783,968.7203,283.1984,-0.1526,2,SIMULATED,SIMULATED,SIMULATED,SIMULATED
70.4,65.4,16,-448.6479,533.3974,258.7791,-0.0,1,SIMULATED,SIMULATED,SIMULATED,SIMULATED
70.6,65.6,77,150.7729,741.2697,237.5883,0.3864,2,SIMULATED,SIMULATED,SIMULATED,SIMULATED
70.6,65.6,44,-123.4011,623.9738,268.5774,-0.0,1,SIMULATED,SIMULATED,SIMULATED,SIMULATED
70.6,65.6,55,-268.5479,180.4998,318.9846,-0.1942,1,SIMULATED,SIMULATED,SIMULATED,SIMULATED
70.6,65.6,4,366.8901,743.0616,257.1758,0.2238,2,SIMULATED,SIMULATED,SIMULATED,SIMULATED
70.6,65.6,23,97.5615,979.9281,281.0449,-0.3049,2,SIMULATED,SIMULATED,SIMULATED,SIMULATED
70.6,65.6,16,-448.1912,547.6563,258.7791,0.0,1,SIMULATED,SIMULATED,SIMULATED,SIMULATED
70.8,65.8,77,142.4857,730.8343,240.5665,0.4217,2,SIMULATED,SIMULATED,SIMULATED,SIMULATED
70.8,65.8,44,-123.6712,638.9462,269.7212,0.1619,1,SIMULATED,SIMULATED,SIMULATED,SIMULATED
70.8,65.8,55,-277.2435,195.7989,316.748,-0.3167,1,SIMULATED,SIMULATED,SIMULATED,SIMULATED
70.8,65.8,4,380.2189,748.4909,259.3946,0.3141,2,SIMULATED,SIMULATED,SIMULATED,SIMULATED
70.8,65.8,23,109.0169,990.4252,278.8175,-0.3154,2,SIMULATED,SIMULATED,SIMULATED,SIMULATED
70.8,65.8,16,-444.428,561.3098,258.7791,0.0,1,SIMULATED,SIMULATED,SIMULATED,SIMULATED
71.0,66.0,77,134.4997,719.8584,245.7375,0.7321,2,SIMULATED,SIMULATED,SIMULATED,SIMULATED
71.0,66.0,44,-123.7115,654.0987,273.0042,0.4648,1,SIMULATED,SIMULATED,SIMULATED,SIMULATED
71.0,66.0,55,-285.8762,211.0033,314.718,-0.2874,1,SIMULATED,SIMULATED,SIMULATED,SIMULATED
71.0,66.0,4,393.8342,753.6376,262.5683,0.4493,2,SIMULATED,SIMULATED,SIMULATED,SIMULATED
71.0,66.0,23,121.2116,999.6167,274.4599,-0.6169,2,SIMULATED,SIMULATED,SIMULATED,SIMULATED
71.0,66.0,16,-437.1087,573.5187,258.7791,0.0,1,SIMULATED,SIMULATED,SIMULATED,SIMULATED
71.2,66.2,77,127.3985,708.0509,249.9702,0.5993,2,SIMULATED,SIMULATED,SIMULATED,SIMULATED
71.2,66.2,44,-123.3574,669.4038,276.3313,0.4711,1,SIMULATED,SIMULATED,SIMULATED,SIMULATED
71.2,66.2,55,-294.4144,226.0465,311.3418,-0.478,1,SIMULATED,SIMULATED,SIMULATED,SIMULATED
71.2,66.2,4,407.6512,758.1444,263.5527,0.1394,2,SIMULATED,SIMULATED,SIMULATED,SIMULATED
71.2,66.2,23,134.651,1006.5481,270.7475,-0.5256,2,SIMULATED,SIMULATED,SIMULATED,SIMULATED
71.2,66.2,16,-426.7974,583.2709,258.7791,0.0,1,SIMULATED,SIMULATED,SIMULATED,SIMULATED
71.4,66.4,77,122.2301,695.1213,254.7873,0.682,2,SIMULATED,SIMULATED,SIMULATED,SIMULATED
71.4,66.4,44,-122.3334,684.8404,279.344,0.4265,1,SIMULATED,SIMULATED,SIMULATED,SIMULATED
71.4,66.4,55,-302.8672,240.9366,308.214,-0.4428,1,SIMULATED,SIMULATED,SIMULATED,SIMULATED
71.4,66.4,4,421.8865,761.5834,264.7674,0.172,2,SIMULATED,SIMULATED,SIMULATED,SIMULATED
71.4,66.4,23,148.7346,1011.441,266.5664,-0.592,2,SIMULATED,SIMULATED,SIMULATED,SIMULATED
71.4,66.4,16,-414.3794,590.0921,258.7791,0.0,1,SIMULATED,SIMULATED,SIMULATED,SIMULATED
71.6,66.6,77,121.4638,681.457,256.1857,0.198,2,SIMULATED,SIMULATED,SIMULATED,SIMULATED
71.6,66.6,44,-119.9735,700.2383,283.3068,0.5611,1,SIMULATED,SIMULATED,SIMULATED,SIMULATED
71.6,66.6,55,-311.2409,255.6747,305.1124,-0.4391,1,SIMULATED,SIMULATED,SIMULATED,SIMULATED
71.6,66.6,4,436.3134,762.5444,265.0198,0.0357,2,SIMULATED,SIMULATED,SIMULATED,SIMULATED
71.6,66.6,23,163.3156,1012.8671,263.0837,-0.4931,2,SIMULATED,SIMULATED,SIMULATED,SIMULATED
71.6,66.6,16,-400.6533,593.9113,258.7632,-0.0023,1,SIMULATED,SIMULATED,SIMULATED,SIMULATED
71.8,66.8,77,126.7434,669.0272,256.1857,0.0,2,SIMULATED,SIMULATED,SIMULATED,SIMULATED
71.8,66.8,44,-115.8344,715.5451,286.9053,0.5095,1,SIMULATED,SIMULATED,SIMULATED,SIMULATED
71.8,66.8,55,-319.5233,270.2615,301.9251,-0.4513,1,SIMULATED,SIMULATED,SIMULATED,SIMULATED
71.8,66.8,4,450.7464,761.2562,265.0198,0.0,2,SIMULATED,SIMULATED,SIMULATED,SIMULATED
71.8,66.8,23,177.8322,1011.3773,261.4681,-0.2287,2,SIMULATED,SIMULATED,SIMULATED,SIMULATED
71.8,66.8,16,-386.6457,594.9849,255.2471,-0.4978,1,SIMULATED,SIMULATED,SIMULATED,SIMULATED
72.0,67.0,77,137.8823,661.3988,256.1857,0.0,2,SIMULATED,SIMULATED,SIMULATED,SIMULATED
72.0,67.0,44,-110.1744,730.5984,291.0677,0.5893,1,SIMULATED,SIMULATED,SIMULATED,SIMULATED
72.0,67.0,55,-327.7245,284.7044,298.9751,-0.4177,1,SIMULATED,SIMULATED,SIMULATED,SIMULATED
72.0,67.0,4,464.4741,756.9915,265.0182,-0.0002,2,SIMULATED,SIMULATED,SIMULATED,SIMULATED
72.0,67.0,23,191.7985,1007.1409,261.4681,0.0,2,SIMULATED,SIMULATED,SIMULATED,SIMULATED
72.0,67.0,16,-372.9219,593.543,250.432,-0.6817,1,SIMULATED,SIMULATED,SIMULATED,SIMULATED
72.2,67.2,77,151.5547,659.8241,256.1857,0.0,2,SIMULATED,SIMULATED,SIMULATED,SIMULATED
72.2,67.2,44,-102.9203,745.1379,295.1524,0.5783,1,SIMULATED,SIMULATED,SIMULATED,SIMULATED
72.2,67.2,55,-335.8612,298.9945,296.0492,-0.4142,1,SIMULATED,SIMULATED,SIMULATED,SIMULATED
72.2,67.2,4,476.9417,749.8232,265.0171,-0.0001,2,SIMULATED,SIMULATED,SIMULATED,SIMULATED
72.2,67.2,23,204.9154,1000.8303,261.4681,0.0,2,SIMULATED,SIMULATED,SIMULATED,SIMULATED
72.2,67.2,16,-359.8447,589.8045,245.7069,-0.669,1,SIMULATED,SIMULATED,SIMULATED,SIMULATED
72.4,67.4,77,165.4095,661.7095,256.1857,0.0,2,SIMULATED,SIMULATED,SIMULATED,SIMULATED
72.4,67.4,44,-94.4328,759.3366,298.4444,0.4661,2,SIMULATED,SIMULATED,SIMULATED,SIMULATED
72.4,67.4,55,-343.9494,313.1352,293.2751,-0.3928,1,SIMULATED,SIMULATED,SIMULATED,SIMULATED
72.4,67.4,4,487.0087,739.6611,265.0171,0.0,2,SIMULATED,SIMULATED,SIMULATED,SIMULATED
72.4,67.4,23,217.0072,992.6673,261.4681,0.0,2,SIMULATED,SIMULATED,SIMULATED,SIMULATED
72.4,67.4,16,-347.5825,584.5468,241.4763,-0.599,1,SIMULATED,SIMULATED,SIMULATED,SIMULATED
72.6,67.6,77,179.0814,665.3816,256.0079,-0.0252,2,SIMULATED,SIMULATED,SIMULATED,SIMULATED
72.6,67.6,44,-85.1249,773.1198,300.3785,0.2738,2,SIMULATED,SIMULATED,SIMULATED,SIMULATED
72.6,67.6,55,-351.9953,327.1413,290.7822,-0.3529,1,SIMULATED,SIMULATED,SIMULATED,SIMULATED
72.6,67.6,4,494.2176,727.2151,265.0171,0.0,2,SIMULATED,SIMULATED,SIMULATED,SIMULATED
72.6,67.6,23,228.249,983.3991,261.4681,0.0,2,SIMULATED,SIMULATED,SIMULATED,SIMULATED
72.6,67.6,16,-336.0059,578.4372,236.3948,-0.7194,1,SIMULATED,SIMULATED,SIMULATED,SIMULATED
72.8,67.8,77,192.307,670.0149,253.3688,-0.3736,2,SIMULATED,SIMULATED,SIMULATED,SIMULATED
72.8,67.8,44,-75.093,786.4202,301.2078,0.1174,2,SIMULATED,SIMULATED,SIMULATED,SIMULATED
72.8,67.8,55,-359.9894,341.0053,288.0652,-0.3847,1,SIMULATED,SIMULATED,SIMULATED,SIMULATED
72.8,67.8,4,498.2279,713.43,265.0171,0.0,2,SIMULATED,SIMULATED,SIMULATED,SIMULATED
72.8,67.8,23,238.8747,973.4722,261.4681,0.0,2,SIMULATED,SIMULATED,SIMULATED,SIMULATED
72.8,67.8,16,-324.8636,571.82,233.4899,-0.4113,1,SIMULATED,SIMULATED,SIMULATED,SIMULATED
73.0,68.0,77,205.212,674.9607,249.0942,-0.6052,2,SIMULATED,SIMULATED,SIMULATED,SIMULATED
73.0,68.0,44,-64.4506,799.2773,300.889,-0.0451,2,SIMULATED,SIMULATED,SIMULATED,SIMULATED
73.0,68.0,55,-367.9353,354.738,285.6271,-0.3452,1,SIMULATED,SIMULATED,SIMULATED,SIMULATED
73.0,68.0,4,499.2994,699.0563,264.7456,-0.0384,2,SIMULATED,SIMULATED,SIMULATED,SIMULATED
73.0,68.0,23,248.5734,962.5832,261.4681,0.0,2,SIMULATED,SIMULATED,SIMULATED,SIMULATED
73.0,68.0,16,-314.0433,564.9456,231.0256,-0.3489,1,SIMULATED,SIMULATED,SIMULATED,SIMULATED
73.2,68.2,77,217.9173,680.0183,246.3024,-0.3953,2,SIMULATED,SIMULATED,SIMULATED,SIMULATED
73.2,68.2,44,-53.515,811.8971,300.7573,-0.0187,2,SIMULATED,SIMULATED,SIMULATED,SIMULATED
73.2,68.2,55,-375.8105,368.3324,282.7959,-0.4008,1,SIMULATED,SIMULATED,SIMULATED,SIMULATED
73.2,68.2,4,496.8093,684.9825,262.1538,-0.3669,2,SIMULATED,SIMULATED,SIMULATED,SIMULATED
73.2,68.2,23,257.2873,950.9371,261.4681,0.0,2,SIMULATED,SIMULATED,SIMULATED,SIMULATED
73.2,68.2,16,-303.3126,557.9206,230.8854,-0.0199,1,SIMULATED,SIMULATED,SIMULATED,SIMULATED
73.4,68.4,77,230.4934,685.136,244.5041,-0.2546,2,SIMULATED,SIMULATED,SIMULATED,SIMULATED
73.4,68.4,44,-42.4235,824.281,299.5724,-0.1678,2,SIMULATED,SIMULATED,SIMULATED,SIMULATED
73.4,68.4,55,-383.6067,381.8315,280.5276,-0.3211,1,SIMULATED,SIMULATED,SIMULATED,SIMULATED
73.4,68.4,4,491.0604,672.1905,258.8153,-0.4727,2,SIMULATED,SIMULATED,SIMULATED,SIMULATED
73.4,68.4,23,264.8261,938.4538,261.4681,0.0,2,SIMULATED,SIMULATED,SIMULATED,SIMULATED
73.4,68.4,16,-292.5479,550.8394,231.9289,0.1477,1,SIMULATED,SIMULATED,SIMULATED,SIMULATED
73.6,68.6,77,243.0424,690.3556,244.7474,0.0345,2,SIMULATED,SIMULATED,SIMULATED,SIMULATED
73.6,68.6,44,-31.3617,836.4729,296.3432,-0.4572,2,SIMULATED,SIMULATED,SIMULATED,SIMULATED
73.6,68.6,55,-391.311,395.2442,278.3732,-0.305,1,SIMULATED,SIMULATED,SIMULATED,SIMULATED
73.6,68.6,4,483.2728,660.429,255.8078,-0.4258,2,SIMULATED,SIMULATED,SIMULATED,SIMULATED
73.6,68.6,23,270.8932,925.1504,261.4681,0.0,2,SIMULATED,SIMULATED,SIMULATED,SIMULATED
73.6,68.6,16,-281.7419,543.7501,232.6251,0.0986,1,SIMULATED,SIMULATED,SIMULATED,SIMULATED
73.8,68.8,77,255.5785,695.682,245.3767,0.0891,2,SIMULATED,SIMULATED,SIMULATED,SIMULATED
73.8,68.8,44,-20.4031,848.5463,293.4541,-0.409,2,SIMULATED,SIMULATED,SIMULATED,SIMULATED
73.8,68.8,55,-398.9197,408.562,275.9738,-0.3397,1,SIMULATED,SIMULATED,SIMULATED,SIMULATED
73.8,68.8,4,474.4135,649.7051,252.7313,-0.4356,2,SIMULATED,SIMULATED,SIMULATED,SIMULATED
73.8,68.8,23,274.147,910.9608,261.4681,0.0,2,SIMULATED,SIMULATED,SIMULATED,SIMULATED
73.8,68.8,16,-270.8213,536.6046,234.8693,0.3177,1,SIMULATED,SIMULATED,SIMULATED,SIMULATED
74.0,69.0,77,268.0801,701.1629,245.9258,0.0777,2,SIMULATED,SIMULATED,SIMULATED,SIMULATED
74.0,69.0,44,-9.572,860.5267,290.7066,-0.389,2,SIMULATED,SIMULATED,SIMULATED,SIMULATED
74.0,69.0,55,-406.408,421.8234,273.9502,-0.2865,1,SIMULATED,SIMULATED,SIMULATED,SIMULATED
74.0,69.0,4,465.1517,639.2238,252.0368,-0.0983,3,SIMULATED,SIMULATED,SIMULATED,SIMULATED
74.0,69.0,23,275.0176,896.3593,262.0742,0.0858,2,SIMULATED,SIMULATED,SIMULATED,SIMULATED
74.0,69.0,16,-259.7055,529.4071,238.3452,0.4921,1,SIMULATED,SIMULATED,SIMULATED,SIMULATED
74.2,69.2,77,280.6,706.7965,247.2087,0.1816,2,SIMULATED,SIMULATED,SIMULATED,SIMULATED
74.2,69.2,44,1.1727,872.4132,288.4168,-0.3242,2,SIMULATED,SIMULATED,SIMULATED,SIMULATED
74.2,69.2,55,-413.7218,435.028,271.38,-0.3639,1,SIMULATED,SIMULATED,SIMULATED,SIMULATED
74.2,69.2,4,455.8877,628.7354,251.6977,-0.048,3,SIMULATED,SIMULATED,SIMULATED,SIMULATED
74.2,69.2,23,272.1688,881.8858,264.4002,0.3293,2,SIMULATED,SIMULATED,SIMULATED,SIMULATED
74.2,69.2,16,-248.309,522.1673,242.8688,0.6404,1,SIMULATED,SIMULATED,SIMULATED,SIMULATED
74.4,69.4,77,293.1539,712.5478,248.6619,0.2057,2,SIMULATED,SIMULATED,SIMULATED,SIMULATED
74.4,69.4,44,11.8717,884.2334,286.9983,-0.2008,2,SIMULATED,SIMULATED,SIMULATED,SIMULATED
74.4,69.4,55,-420.7571,448.2177,268.8669,-0.3558,1,SIMULATED,SIMULATED,SIMULATED,SIMULATED
74.4,69.4,4,446.7242,618.0683,252.2103,0.0726,3,SIMULATED,SIMULATED,SIMULATED,SIMULATED
74.4,69.4,23,266.5553,868.0961,266.6667,0.3209,2,SIMULATED,SIMULATED,SIMULATED,SIMULATED
74.4,69.4,16,-236.4917,515.0356,248.113,0.7425,1,SIMULATED,SIMULATED,SIMULATED,SIMULATED
74.6,69.6,77,305.8115,718.3382,250.5176,0.2627,2,SIMULATED,SIMULATED,SIMULATED,SIMULATED
74.6,69.6,44,22.5723,896.0443,286.8561,-0.0201,2,SIMULATED,SIMULATED,SIMULATED,SIMULATED
74.6,69.6,55,-427.5589,461.3916,266.3323,-0.3589,1,SIMULATED,SIMULATED,SIMULATED,SIMULATED
74.6,69.6,4,437.9119,606.9378,254.9573,0.3889,3,SIMULATED,SIMULATED,SIMULATED,SIMULATED
74.6,69.6,23,258.4581,855.5318,268.5009,0.2597,2,SIMULATED,SIMULATED,SIMULATED,SIMULATED
74.6,69.6,16,-224.1346,508.2959,252.6566,0.6433,1,SIMULATED,SIMULATED,SIMULATED,SIMULATED
74.8,69.8,77,318.5768,724.1675,252.6039,0.2954,2,SIMULATED,SIMULATED,SIMULATED,SIMULATED
74.8,69.8,44,33.2581,907.8555,286.7158,-0.0199,2,SIMULATED,SIMULATED,SIMULATED,SIMULATED
74.8,69.8,55,-433.8834,474.6486,263.6877,-0.3744,1,SIMULATED,SIMULATED,SIMULATED,SIMULATED
74.8,69.8,4,429.3971,595.4058,257.4443,0.3521,3,SIMULATED,SIMULATED,SIMULATED,SIMULATED
74.8,69.8,23,248.7858,844.1737,267.5998,-0.1276,2,SIMULATED,SIMULATED,SIMULATED,SIMULATED
74.8,69.8,16,-210.9093,502.7429,257.6818,0.7115,1,SIMULATED,SIMULATED,SIMULATED,SIMULATED
75.0,70.0,77,331.4269,729.9754,253.6338,0.1458,2,SIMULATED,SIMULATED,SIMULATED,SIMULATED
75.0,70.0,44,43.9123,919.615,285.6197,-0.1552,2,SIMULATED,SIMULATED,SIMULATED,SIMULATED
75.0,70.0,55,-439.5426,488.0806,261.4251,-0.3203,1,SIMULATED,SIMULATED,SIMULATED,SIMULATED
75.0,70.0,4,421.3356,583.294,260.1445,0.3823,3,SIMULATED,SIMULATED,SIMULATED,SIMULATED
75.0,70.0,23,238.5361,833.5114,265.7116,-0.2673,2,SIMULATED,SIMULATED,SIMULATED,SIMULATED
75.0,70.0,16,-196.5857,499.5583,262.771,0.7205,1,SIMULATED,SIMULATED,SIMULATED,SIMULATED
75.2,70.2,77,344.3896,735.7176,255.152,0.2149,2,SIMULATED,SIMULATED,SIMULATED,SIMULATED
75.2,70.2,44,54.5283,931.3334,284.6239,-0.141,2,SIMULATED,SIMULATED,SIMULATED,SIMULATED
75.2,70.2,55,-444.2848,501.8265,259.8203,-0.2272,1,SIMULATED,SIMULATED,SIMULATED,SIMULATED
75.2,70.2,4,413.9924,570.5377,263.9617,0.5404,3,SIMULATED,SIMULATED,SIMULATED,SIMULATED
75.2,70.2,23,228.0941,823.3068,262.6625,-0.4317,2,SIMULATED,SIMULATED,SIMULATED,SIMULATED
75.2,70.2,16,-181.666,499.082,267.5572,0.6776,1,SIMULATED,SIMULATED,SIMULATED,SIMULATED
75.4,70.4,77,357.4324,741.4189,256.0556,0.1279,2,SIMULATED,SIMULATED,SIMULATED,SIMULATED
75.4,70.4,44,65.1519,943.0419,284.5933,-0.0043,2,SIMULATED,SIMULATED,SIMULATED,SIMULATED
75.4,70.4,55,-448.0144,515.767,258.7791,-0.1474,1,SIMULATED,SIMULATED,SIMULATED,SIMULATED
75.4,70.4,4,407.2401,557.2722,267.3231,0.4759,3,SIMULATED,SIMULATED,SIMULATED,SIMULATED
75.4,70.4,23,217.8098,813.3185,258.0803,-0.6487,2,SIMULATED,SIMULATED,SIMULATED,SIMULATED
75.4,70.4,16,-166.8687,502.0925,269.7196,0.3062,1,SIMULATED,SIMULATED,SIMULATED,SIMULATED
75.6,70.6,77,370.6421,746.9967,257.8716,0.2571,2,SIMULATED,SIMULATED,SIMULATED,SIMULATED
75.6,70.6,44,75.7798,954.7262,284.3276,-0.0376,2,SIMULATED,SIMULATED,SIMULATED,SIMULATED
75.6,70.6,55,-450.1412,530.1679,258.7791,0.0,1,SIMULATED,SIMULATED,SIMULATED,SIMULATED
75.6,70.6,4,401.1126,543.5039,269.8785,0.3618,3,SIMULATED,SIMULATED,SIMULATED,SIMULATED
75.6,70.6,23,207.8077,803.4897,252.545,-0.7837,2,SIMULATED,SIMULATED,SIMULATED,SIMULATED
75.6,70.6,16,-153.3554,508.6742,269.3172,-0.057,1,SIMULATED,SIMULATED,SIMULATED,SIMULATED
75.8,70.8,77,384.0928,752.3933,260.6051,0.387,2,SIMULATED,SIMULATED,SIMULATED,SIMULATED
75.8,70.8,44,86.4343,966.2875,283.4008,-0.1312,2,SIMULATED,SIMULATED,SIMULATED,SIMULATED
75.8,70.8,55,-450.2075,544.7247,258.7791,0.0,1,SIMULATED,SIMULATED,SIMULATED,SIMULATED
75.8,70.8,4,395.4951,529.4047,272.57,0.3811,3,SIMULATED,SIMULATED,SIMULATED,SIMULATED
75.8,70.8,23,198.1898,793.7936,245.8905,-0.9421,2,SIMULATED,SIMULATED,SIMULATED,SIMULATED
75.8,70.8,16,-142.292,518.7791,268.5774,-0.1047,1,SIMULATED,SIMULATED,SIMULATED,SIMULATED
76.0,71.0,77,397.9087,757.3768,263.49,0.4085,2,SIMULATED,SIMULATED,SIMULATED,SIMULATED
76.0,71.0,44,97.2799,977.5094,281.2692,-0.3018,2,SIMULATED,SIMULATED,SIMULATED,SIMULATED
76.0,71.0,55,-447.1328,558.9806,258.7791,0.0,1,SIMULATED,SIMULATED,SIMULATED,SIMULATED
76.0,71.0,4,390.2477,515.0914,274.0086,0.2037,3,SIMULATED,SIMULATED,SIMULATED,SIMULATED
76.0,71.0,23,188.8265,784.1721,241.7319,-0.5888,2,SIMULATED,SIMULATED,SIMULATED,SIMULATED
76.0,71.0,16,-134.0656,531.2998,268.5774,-0.0,1,SIMULATED,SIMULATED,SIMULATED,SIMULATED
76.2,71.2,77,412.0051,761.6132,263.9669,0.0675,2,SIMULATED,SIMULATED,SIMULATED,SIMULATED
76.2,71.2,44,108.4806,988.0642,279.1349,-0.3022,2,SIMULATED,SIMULATED,SIMULATED,SIMULATED
76.2,71.2,55,-440.3334,572.0152,258.7791,0.0,1,SIMULATED,SIMULATED,SIMULATED,SIMULATED
76.2,71.2,4,384.919,500.8726,273.9463,-0.0088,3,SIMULATED,SIMULATED,SIMULATED,SIMULATED
76.2,71.2,23,179.7336,774.6191,237.5217,-0.5961,2,SIMULATED,SIMULATED,SIMULATED,SIMULATED
76.2,71.2,16,-128.4036,545.1659,268.5774,0.0,1,SIMULATED,SIMULATED,SIMULATED,SIMULATED
76.4,71.4,77,426.6237,764.3092,264.9801,0.1434,2,SIMULATED,SIMULATED,SIMULATED,SIMULATED
76.4,71.4,44,120.5682,997.3132,275.14,-0.5656,2,SIMULATED,SIMULATED,SIMULATED,SIMULATED
76.4,71.4,55,-430.3139,582.7293,258.7791,0.0,1,SIMULATED,SIMULATED,SIMULATED,SIMULATED
76.4,71.4,4,379.3305,486.7912,273.9427,-0.0005,3,SIMULATED,SIMULATED,SIMULATED,SIMULATED
76.4,71.4,23,170.8245,765.0804,235.0081,-0.3559,2,SIMULATED,SIMULATED,SIMULATED,SIMULATED
76.4,71.4,16,-125.2511,559.8079,268.5774,0.0,1,SIMULATED,SIMULATED,SIMULATED,SIMULATED
76.6,71.6,77,441.4922,764.5578,265.0198,0.0056,2,SIMULATED,SIMULATED,SIMULATED,SIMULATED
76.6,71.6,44,133.5602,1004.4338,271.0393,-0.5806,2,SIMULATED,SIMULATED,SIMULATED,SIMULATED
76.6,71.6,55,-417.8944,590.4093,258.7791,0.0,1,SIMULATED,SIMULATED,SIMULATED,SIMULATED
76.6,71.6,4,372.7228,473.2663,272.6869,-0.1778,3,SIMULATED,SIMULATED,SIMULATED,SIMULATED
76.6,71.6,23,162.1376,755.4247,234.0758,-0.132,2,SIMULATED,SIMULATED,SIMULATED,SIMULATED
76.6,71.6,16,-123.7423,574.674,268.5774,0.0,1,SIMULATED,SIMULATED,SIMULATED,SIMULATED
76.8,71.8,77,456.224,762.2926,265.0198,0.0,2,SIMULATED,SIMULATED,SIMULATED,SIMULATED
76.8,71.8,44,147.3614,1009.5004,267.0196,-0.5691,2,SIMULATED,SIMULATED,SIMULATED,SIMULATED
76.8,71.8,55,-404.0634,594.9718,258.7791,0.0,1,SIMULATED,SIMULATED,SIMULATED,SIMULATED
76.8,71.8,4,364.7946,460.7067,272.2931,-0.0557,3,SIMULATED,SIMULATED,SIMULATED,SIMULATED
76.8,71.8,23,153.5578,745.4468,236.9924,0.4129,2,SIMULATED,SIMULATED,SIMULATED,SIMULATED
76.8,71.8,16,-123.3691,589.6253,268.5774,0.0,1,SIMULATED,SIMULATED,SIMULATED,SIMULATED
77.0,72.0,77,470.0511,756.7747,265.0171,-0.0004,2,SIMULATED,SIMULATED,SIMULATED,SIMULATED
77.0,72.0,44,161.5356,1011.3449,263.4914,-0.4995,2,SIMULATED,SIMULATED,SIMULATED,SIMULATED
77.0,72.0,55,-389.7431,596.7034,256.2808,-0.3537,1,SIMULATED,SIMULATED,SIMULATED,SIMULATED
77.0,72.0,4,354.6197,449.6855,271.8573,-0.0617,3,SIMULATED,SIMULATED,SIMULATED,SIMULATED
77.0,72.0,23,145.2173,735.1395,239.0015,0.2844,2,SIMULATED,SIMULATED,SIMULATED,SIMULATED
77.0,72.0,16,-123.5125,604.5562,268.5774,0.0,1,SIMULATED,SIMULATED,SIMULATED,SIMULATED
77.2,72.2,77,482.2834,748.2111,265.0171,0.0,2,SIMULATED,SIMULATED,SIMULATED,SIMULATED
77.2,72.2,44,175.7567,1010.2919,261.4681,-0.2865,2,SIMULATED,SIMULATED,SIMULATED,SIMULATED
77.2,72.2,55,-375.6175,595.6712,251.2982,-0.7054,1,SIMULATED,SIMULATED,SIMULATED,SIMULATED
77.2,72.2,4,343.2606,440.0647,270.7132,-0.162,3,SIMULATED,SIMULATED,SIMULATED,SIMULATED
77.2,72.2,23,137.0664,724.3582,243.7731,0.6756,2,SIMULATED,SIMULATED,SIMULATED,SIMULATED
77.2,72.2,16,-123.8066,619.4755,268.5774,0.0,1,SIMULATED,SIMULATED,SIMULATED,SIMULATED
77.4,72.4,77,491.7506,736.6732,265.0171,-0.0,2,SIMULATED,SIMULATED,SIMULATED,SIMULATED
77.4,72.4,44,189.5572,1006.4611,261.4681,0.0,2,SIMULATED,SIMULATED,SIMULATED,SIMULATED
77.4,72.4,55,-362.1074,592.3507,246.9195,-0.6199,1,SIMULATED,SIMULATED,SIMULATED,SIMULATED
77.4,72.4,4,330.8188,432.4545,267.5536,-0.4473,3,SIMULATED,SIMULATED,SIMULATED,SIMULATED
77.4,72.4,23,129.5589,712.8748,247.8715,0.5802,2,SIMULATED,SIMULATED,SIMULATED,SIMULATED
77.4,72.4,16,-124.1159,634.4256,269.2403,0.0939,1,SIMULATED,SIMULATED,SIMULATED,SIMULATED
77.6,72.6,77,498.1688,723.1704,265.0171,0.0,2,SIMULATED,SIMULATED,SIMULATED,SIMULATED
77.6,72.6,44,202.6233,1000.3486,261.4681,0.0,2,SIMULATED,SIMULATED,SIMULATED,SIMULATED
77.6,72.6,55,-349.4625,587.3356,242.3724,-0.6438,1,SIMULATED,SIMULATED,SIMULATED,SIMULATED
77.6,72.6,4,317.5597,426.5109,262.7183,-0.6846,3,SIMULATED,SIMULATED,SIMULATED,SIMULATED
77.6,72.6,23,123.3805,700.3696,253.028,0.73,2,SIMULATED,SIMULATED,SIMULATED,SIMULATED
77.6,72.6,16,-124.2197,649.5241,271.9106,0.3781,1,SIMULATED,SIMULATED,SIMULATED,SIMULATED
77.8,72.8,77,501.0856,708.6401,265.0163,-0.0001,2,SIMULATED,SIMULATED,SIMULATED,SIMULATED
77.8,72.8,44,214.6699,992.5177,261.4681,0.0,2,SIMULATED,SIMULATED,SIMULATED,SIMULATED
77.8,72.8,55,-337.6593,581.3057,237.5489,-0.6829,1,SIMULATED,SIMULATED,SIMULATED,SIMULATED
77.8,72.8,4,304.1087,421.8883,259.0173,-0.524,3,SIMULATED,SIMULATED,SIMULATED,SIMULATED
77.8,72.8,23,120.6197,686.6935,256.1857,0.4471,2,SIMULATED,SIMULATED,SIMULATED,SIMULATED
77.8,72.8,16,-124.0298,664.8129,275.3761,0.4906,1,SIMULATED,SIMULATED,SIMULATED,SIMULATED
78.0,73.0,77,501.006,693.7832,264.0568,-0.1358,2,SIMULATED,SIMULATED,SIMULATED,SIMULATED
78.0,73.0,44,225.9084,983.4846,261.4681,0.0,2,SIMULATED,SIMULATED,SIMULATED,SIMULATED
78.0,73.0,55,-326.3777,574.7382,233.9219,-0.5135,1,SIMULATED,SIMULATED,SIMULATED,SIMULATED
78.0,73.0,4,290.3442,418.1808,257.0907,-0.2728,3,SIMULATED,SIMULATED,SIMULATED,SIMULATED
78.0,73.0,23,123.4038,673.1504,256.1857,0.0,2,SIMULATED,SIMULATED,SIMULATED,SIMULATED
78.0,73.0,16,-123.2442,680.2066,278.1325,0.3902,1,SIMULATED,SIMULATED,SIMULATED,SIMULATED
78.2,73.2,77,497.1531,679.5785,260.6399,-0.4838,2,SIMULATED,SIMULATED,SIMULATED,SIMULATED
78.2,73.2,44,236.5385,973.6394,261.4681,0.0,2,SIMULATED,SIMULATED,SIMULATED,SIMULATED
78.2,73.2,55,-315.4578,567.8879,231.6267,-0.3249,1,SIMULATED,SIMULATED,SIMULATED,SIMULATED
78.2,73.2,4,276.5797,414.9071,255.2944,-0.2543,3,SIMULATED,SIMULATED,SIMULATED,SIMULATED
78.2,73.2,23,132.8439,663.1679,256.1857,0.0,2,SIMULATED,SIMULATED,SIMULATED,SIMULATED
78.2,73.2,16,-121.3292,695.7251,282.2674,0.5854,1,SIMULATED,SIMULATED,SIMULATED,SIMULATED
78.4,73.4,77,490.3912,666.7539,257.8036,-0.4016,2,SIMULATED,SIMULATED,SIMULATED,SIMULATED
78.4,73.4,44,246.281,963.0633,261.4681,0.0,2,SIMULATED,SIMULATED,SIMULATED,SIMULATED
78.4,73.4,55,-304.7084,560.8703,230.795,-0.1178,1,SIMULATED,SIMULATED,SIMULATED,SIMULATED
78.4,73.4,4,262.7913,411.9536,254.0377,-0.1779,3,SIMULATED,SIMULATED,SIMULATED,SIMULATED
78.4,73.4,23,146.2005,659.4368,256.1857,0.0,2,SIMULATED,SIMULATED,SIMULATED,SIMULATED
78.4,73.4,16,-117.7778,711.1105,285.7851,0.498,1,SIMULATED,SIMULATED,SIMULATED,SIMULATED
78.6,73.6,77,481.9595,655.2934,254.9391,-0.4056,2,SIMULATED,SIMULATED,SIMULATED,SIMULATED
78.6,73.6,44,255.0191,951.5212,261.4681,0.0,2,SIMULATED,SIMULATED,SIMULATED,SIMULATED
78.6,73.6,55,-293.959,553.801,231.5517,0.1071,1,SIMULATED,SIMULATED,SIMULATED,SIMULATED
78.6,73.6,4,249.0188,409.1266,253.3198,-0.1016,3,SIMULATED,SIMULATED,SIMULATED,SIMULATED
78.6,73.6,23,160.237,660.1936,256.1857,0.0,2,SIMULATED,SIMULATED,SIMULATED,SIMULATED
78.6,73.6,16,-112.4823,726.2582,289.7313,0.5587,1,SIMULATED,SIMULATED,SIMULATED,SIMULATED
78.8,73.8,77,472.856,644.5763,252.5379,-0.34,2,SIMULATED,SIMULATED,SIMULATED,SIMULATED
78.8,73.8,44,262.6597,939.344,261.4681,0.0,2,SIMULATED,SIMULATED,SIMULATED,SIMULATED
78.8,73.8,55,-283.1694,546.7186,232.359,0.1143,1,SIMULATED,SIMULATED,SIMULATED,SIMULATED
78.8,73.8,4,235.2451,406.3038,252.743,-0.0817,3,SIMULATED,SIMULATED,SIMULATED,SIMULATED
78.8,73.8,23,174.0607,663.3732,256.1857,0.0,2,SIMULATED,SIMULATED,SIMULATED,SIMULATED
78.8,73.8,16,-105.6764,741.0484,293.9834,0.602,1,SIMULATED,SIMULATED,SIMULATED,SIMULATED
79.0,74.0,77,463.5646,634.1374,251.4945,-0.1477,3,SIMULATED,SIMULATED,SIMULATED,SIMULATED
79.0,74.0,44,268.8204,926.2942,261.4681,0.0,2,SIMULATED,SIMULATED,SIMULATED,SIMULATED
79.0,74.0,55,-272.2834,539.586,234.2701,0.2706,1,SIMULATED,SIMULATED,SIMULATED,SIMULATED
79.0,74.0,4,221.5425,403.0691,252.7453,0.0003,3,SIMULATED,SIMULATED,SIMULATED,SIMULATED
79.0,74.0,23,187.5119,667.6892,255.248,-0.1328,2,SIMULATED,SIMULATED,SIMULATED,SIMULATED
79.0,74.0,16,-97.5201,755.3608,297.4771,0.4946,2,SIMULATED,SIMULATED,SIMULATED,SIMULATED
79.2,74.2,77,454.352,623.6086,251.9814,0.0689,3,SIMULATED,SIMULATED,SIMULATED,SIMULATED
79.2,74.2,44,272.3666,912.4826,261.4681,0.0,2,SIMULATED,SIMULATED,SIMULATED,SIMULATED
79.2,74.2,55,-261.2219,532.4101,237.4734,0.4535,1,SIMULATED,SIMULATED,SIMULATED,SIMULATED
79.2,74.2,4,208.0466,398.6704,252.7453,0.0,3,SIMULATED,SIMULATED,SIMULATED,SIMULATED
79.2,74.2,23,200.5434,672.586,250.614,-0.6561,2,SIMULATED,SIMULATED,SIMULATED,SIMULATED
79.2,74.2,16,-88.4095,769.309,300.4291,0.4179,2,SIMULATED,SIMULATED,SIMULATED,SIMULATED
79.4,74.4,77,445.3529,612.8572,253.0294,0.1484,3,SIMULATED,SIMULATED,SIMULATED,SIMULATED
79.4,74.4,44,273.6225,898.2503,261.8903,0.0598,2,SIMULATED,SIMULATED,SIMULATED,SIMULATED
79.4,74.4,55,-249.9296,525.1719,241.8346,0.6175,1,SIMULATED,SIMULATED,SIMULATED,SIMULATED
79.4,74.4,4,195.1329,393.004,252.7453,0.0,3,SIMULATED,SIMULATED,SIMULATED,SIMULATED
79.4,74.4,23,213.3318,677.6449,247.7155,-0.4104,2,SIMULATED,SIMULATED,SIMULATED,SIMULATED
79.4,74.4,16,-78.5447,782.7708,300.7976,0.0522,2,SIMULATED,SIMULATED,SIMULATED,SIMULATED
79.6,74.6,77,436.6577,601.6527,255.812,0.394,3,SIMULATED,SIMULATED,SIMULATED,SIMULATED
79.6,74.6,44,271.2714,884.0833,263.848,0.2772,2,SIMULATED,SIMULATED,SIMULATED,SIMULATED
79.6,74.6,55,-238.2389,518.0404,246.8837,0.7148,1,SIMULATED,SIMULATED,SIMULATED,SIMULATED
79.6,74.6,4,183.0002,385.5747,252.7453,0.0,3,SIMULATED,SIMULATED,SIMULATED,SIMULATED
79.6,74.6,23,225.9419,682.7247,244.8004,-0.4127,2,SIMULATED,SIMULATED,SIMULATED,SIMULATED
79.6,74.6,16,-68.0973,795.7883,301.0098,0.0301,2,SIMULATED,SIMULATED,SIMULATED,SIMULATED
79.8,74.8,77,428.3302,590.0582,258.338,0.3576,3,SIMULATED,SIMULATED,SIMULATED,SIMULATED
79.8,74.8,44,266.1009,870.3821,266.2739,0.3435,2,SIMULATED,SIMULATED,SIMULATED,SIMULATED
79.8,74.8,55,-226.0924,511.2413,251.7547,0.6896,1,SIMULATED,SIMULATED,SIMULATED,SIMULATED
79.8,74.8,4,172.8073,375.5519,252.7453,0.0,3,SIMULATED,SIMULATED,SIMULATED,SIMULATED
79.8,74.8,23,238.516,687.9225,244.9624,0.0229,2,SIMULATED,SIMULATED,SIMULATED,SIMULATED
79.8,74.8,16,-57.1763,808.4662,301.2862,0.0391,2,SIMULATED,SIMULATED,SIMULATED,SIMULATED
80.0,75.0,77,420.6224,577.8075,261.2325,0.4098,3,SIMULATED,SIMULATED,SIMULATED,SIMULATED
80.0,75.0,44,258.3091,857.9202,268.4463,0.3076,2,SIMULATED,SIMULATED,SIMULATED,SIMULATED
80.0,75.0,55,-213.2512,505.4288,256.7286,0.7042,1,SIMULATED,SIMULATED,SIMULATED,SIMULATED
80.0,75.0,4,165.7089,362.9741,252.7534,0.0011,3,SIMULATED,SIMULATED,SIMULATED,SIMULATED
80.0,75.0,23,251.0557,693.2049,244.9676,0.0007,2,SIMULATED,SIMULATED,SIMULATED,SIMULATED
80.0,75.0,16,-46.1375,820.9262,299.8056,-0.2096,2,SIMULATED,SIMULATED,SIMULATED,SIMULATED
80.2,75.2,77,413.5091,564.9546,265.3602,0.5844,3,SIMULATED,SIMULATED,SIMULATED,SIMULATED
80.2,75.2,44,248.8891,846.5546,267.8288,-0.0874,2,SIMULATED,SIMULATED,SIMULATED,SIMULATED
80.2,75.2,55,-199.4539,501.7633,261.6614,0.6984,1,SIMULATED,SIMULATED,SIMULATED,SIMULATED
80.2,75.2,4,162.7248,348.7489,256.1241,0.4772,3,SIMULATED,SIMULATED,SIMULATED,SIMULATED
80.2,75.2,23,263.5701,698.6066,245.5166,0.0777,2,SIMULATED,SIMULATED,SIMULATED,SIMULATED
80.2,75.2,16,-35.0458,833.16,297.2508,-0.3617,2,SIMULATED,SIMULATED,SIMULATED,SIMULATED
80.4,75.4,77,407.064,551.6108,268.0146,0.3758,3,SIMULATED,SIMULATED,SIMULATED,SIMULATED
80.4,75.4,44,238.7705,835.8695,266.0225,-0.2557,2,SIMULATED,SIMULATED,SIMULATED,SIMULATED
80.4,75.4,55,-185.009,500.5971,266.4879,0.6833,1,SIMULATED,SIMULATED,SIMULATED,SIMULATED
80.4,75.4,4,164.2872,333.9657,261.5216,0.7642,3,SIMULATED,SIMULATED,SIMULATED,SIMULATED
80.4,75.4,23,276.0895,704.2128,246.9564,0.2039,2,SIMULATED,SIMULATED,SIMULATED,SIMULATED
80.4,75.4,16,-24.0538,845.2634,294.2974,-0.4181,2,SIMULATED,SIMULATED,SIMULATED,SIMULATED
80.6,75.6,77,401.1266,537.8134,270.8776,0.4053,3,SIMULATED,SIMULATED,SIMULATED,SIMULATED
80.6,75.6,44,228.3518,825.6463,263.0374,-0.4226,2,SIMULATED,SIMULATED,SIMULATED,SIMULATED
80.6,75.6,55,-170.4641,502.8421,269.3292,0.4023,1,SIMULATED,SIMULATED,SIMULATED,SIMULATED
80.6,75.6,4,170.5292,320.3976,265.4692,0.5589,3,SIMULATED,SIMULATED,SIMULATED,SIMULATED
80.6,75.6,23,288.6272,709.9227,248.0347,0.1527,2,SIMULATED,SIMULATED,SIMULATED,SIMULATED
80.6,75.6,16,-13.1857,857.2741,291.5406,-0.3903,2,SIMULATED,SIMULATED,SIMULATED,SIMULATED
80.8,75.8,77,395.713,523.6797,273.2539,0.3364,3,SIMULATED,SIMULATED,SIMULATED,SIMULATED
80.8,75.8,44,218.0354,815.6336,258.7274,-0.6102,2,SIMULATED,SIMULATED,SIMULATED,SIMULATED
80.8,75.8,55,-156.9514,508.3763,269.4589,0.0184,1,SIMULATED,SIMULATED,SIMULATED,SIMULATED
80.8,75.8,4,178.7565,307.9429,266.5248,0.1495,3,SIMULATED,SIMULATED,SIMULATED,SIMULATED
80.8,75.8,23,301.2416,715.7029,249.7468,0.2424,2,SIMULATED,SIMULATED,SIMULATED,SIMULATED
80.8,75.8,16,-2.4232,869.1809,288.9012,-0.3737,2,SIMULATED,SIMULATED,SIMULATED,SIMULATED
81.0,76.0,77,390.5248,509.3699,274.0589,0.114,3,SIMULATED,SIMULATED,SIMULATED,SIMULATED
81.0,76.0,44,207.9785,805.7698,253.4566,-0.7462,2,SIMULATED,SIMULATED,SIMULATED,SIMULATED
81.0,76.0,55,-145.5492,517.4199,268.5961,-0.1222,1,SIMULATED,SIMULATED,SIMULATED,SIMULATED
81.0,76.0,4,188.2685,296.4492,266.5248,0.0,3,SIMULATED,SIMULATED,SIMULATED,SIMULATED
81.0,76.0,23,313.9714,721.5143,251.8869,0.303,2,SIMULATED,SIMULATED,SIMULATED,SIMULATED
81.0,76.0,16,8.2885,881.0208,287.4004,-0.2125,2,SIMULATED,SIMULATED,SIMULATED,SIMULATED
81.2,76.2,77,385.026,495.1304,274.1656,0.0151,3,SIMULATED,SIMULATED,SIMULATED,SIMULATED
81.2,76.2,44,198.3022,796.0471,246.6398,-0.9651,2,SIMULATED,SIMULATED,SIMULATED,SIMULATED
81.2,76.2,55,-137.0788,529.1844,268.5774,-0.0026,1,SIMULATED,SIMULATED,SIMULATED,SIMULATED
81.2,76.2,4,198.7048,285.7866,266.5248,0.0,3,SIMULATED,SIMULATED,SIMULATED,SIMULATED
81.2,76.2,23,326.7892,727.3392,253.3926,0.2132,2,SIMULATED,SIMULATED,SIMULATED,SIMULATED
81.2,76.2,16,18.9885,892.831,286.8608,-0.0764,2,SIMULATED,SIMULATED,SIMULATED,SIMULATED
81.4,76.4,77,379.1205,481.071,273.6431,-0.074,3,SIMULATED,SIMULATED,SIMULATED,SIMULATED
81.4,76.4,44,188.9074,786.412,242.0924,-0.6438,2,SIMULATED,SIMULATED,SIMULATED,SIMULATED
81.4,76.4,55,-130.9307,542.4885,268.5774,0.0,1,SIMULATED,SIMULATED,SIMULATED,SIMULATED
81.4,76.4,4,209.8797,275.9975,266.5248,0.0,3,SIMULATED,SIMULATED,SIMULATED,SIMULATED
81.4,76.4,23,339.7094,733.103,254.5938,0.1701,2,SIMULATED,SIMULATED,SIMULATED,SIMULATED
81.4,76.4,16,29.6803,904.6493,286.8561,-0.0007,2,SIMULATED,SIMULATED,SIMULATED,SIMULATED
81.6,76.6,77,372.1018,467.5883,272.4486,-0.1691,3,SIMULATED,SIMULATED,SIMULATED,SIMULATED
81.6,76.6,44,179.7606,776.8356,238.123,-0.562,2,SIMULATED,SIMULATED,SIMULATED,SIMULATED
81.6,76.6,55,-127.4372,556.8888,268.5774,0.0,1,SIMULATED,SIMULATED,SIMULATED,SIMULATED
81.6,76.6,4,221.5864,266.806,267.0521,0.0747,3,SIMULATED,SIMULATED,SIMULATED,SIMULATED
81.6,76.6,23,352.7017,738.8333,255.5745,0.1388,2,SIMULATED,SIMULATED,SIMULATED,SIMULATED
81.6,76.6,16,40.3479,916.4238,285.9976,-0.1215,2,SIMULATED,SIMULATED,SIMULATED,SIMULATED
81.8,76.8,77,362.9676,455.2907,272.3708,-0.011,3,SIMULATED,SIMULATED,SIMULATED,SIMULATED
81.8,76.8,44,170.8275,767.2893,235.1978,-0.4141,2,SIMULATED,SIMULATED,SIMULATED,SIMULATED
81.8,76.8,55,-125.6924,571.5513,268.5774,0.0,1,SIMULATED,SIMULATED,SIMULATED,SIMULATED
81.8,76.8,4,233.7182,258.0282,268.5701,0.2149,3,SIMULATED,SIMULATED,SIMULATED,SIMULATED
81.8,76.8,23,365.8405,744.467,257.1241,0.2194,2,SIMULATED,SIMULATED,SIMULATED,SIMULATED
81.8,76.8,16,50.9634,928.1448,284.6464,-0.1913,2,SIMULATED,SIMULATED,SIMULATED,SIMULATED
82.0,77.0,77,352.3893,444.4398,271.5522,-0.1159,3,SIMULATED,SIMULATED,SIMULATED,SIMULATED
82.0,77.0,44,162.0709,757.6303,234.1307,-0.1511,2,SIMULATED,SIMULATED,SIMULATED,SIMULATED
82.0,77.0,55,-125.0802,586.3654,268.5774,0.0,1,SIMULATED,SIMULATED,SIMULATED,SIMULATED
82.0,77.0,4,246.2062,249.6425,270.1503,0.2237,3,SIMULATED,SIMULATED,SIMULATED,SIMULATED
82.0,77.0,23,379.1854,749.9099,259.2895,0.3066,2,SIMULATED,SIMULATED,SIMULATED,SIMULATED
82.0,77.0,16,61.5848,939.8574,284.6125,-0.0048,2,SIMULATED,SIMULATED,SIMULATED,SIMULATED
82.2,77.2,77,340.2003,435.3835,270.1172,-0.2032,3,SIMULATED,SIMULATED,SIMULATED,SIMULATED
82.2,77.2,44,153.4691,747.6596,236.7987,0.3777,2,SIMULATED,SIMULATED,SIMULATED,SIMULATED
82.2,77.2,55,-125.1591,601.2685,268.5774,0.0,1,SIMULATED,SIMULATED,SIMULATED,SIMULATED
82.2,77.2,4,259.2123,241.7157,272.811,0.3767,3,SIMULATED,SIMULATED,SIMULATED,SIMULATED
82.2,77.2,23,392.8329,755.0809,262.4882,0.4529,2,SIMULATED,SIMULATED,SIMULATED,SIMULATED
82.2,77.2,16,72.2138,951.551,284.4535,-0.0225,2,SIMULATED,SIMULATED,SIMULATED,SIMULATED
82.4,77.4,77,327.1592,428.2355,265.8986,-0.5973,3,SIMULATED,SIMULATED,SIMULATED,SIMULATED
82.4,77.4,44,145.0589,737.3606,238.706,0.27,2,SIMULATED,SIMULATED,SIMULATED,SIMULATED
82.4,77.4,55,-125.4377,616.1749,268.5774,0.0,1,SIMULATED,SIMULATED,SIMULATED,SIMULATED
82.4,77.4,4,272.7418,234.3095,276.9574,0.587,3,SIMULATED,SIMULATED,SIMULATED,SIMULATED
82.4,77.4,23,406.7769,759.668,263.5527,0.1507,2,SIMULATED,SIMULATED,SIMULATED,SIMULATED
82.4,77.4,16,82.849,963.1835,283.7379,-0.1013,2,SIMULATED,SIMULATED,SIMULATED,SIMULATED
82.6,77.6,77,313.6298,422.6949,260.9664,-0.6983,3,SIMULATED,SIMULATED,SIMULATED,SIMULATED
82.6,77.6,44,136.8176,726.5999,243.0758,0.6187,2,SIMULATED,SIMULATED,SIMULATED,SIMULATED
82.6,77.6,55,-125.7567,631.1112,268.9305,0.05,1,SIMULATED,SIMULATED,SIMULATED,SIMULATED
82.6,77.6,4,286.8672,227.4658,280.9676,0.5677,3,SIMULATED,SIMULATED,SIMULATED,SIMULATED
82.6,77.6,23,421.0885,763.1486,264.749,0.1694,2,SIMULATED,SIMULATED,SIMULATED,SIMULATED
82.6,77.6,16,93.6235,974.5211,281.8837,-0.2625,2,SIMULATED,SIMULATED,SIMULATED,SIMULATED
82.8,77.8,77,299.8775,418.4435,258.2388,-0.3862,3,SIMULATED,SIMULATED,SIMULATED,SIMULATED
82.8,77.8,44,129.1328,715.1186,247.1891,0.5824,2,SIMULATED,SIMULATED,SIMULATED,SIMULATED
82.8,77.8,55,-125.9256,646.2042,271.1904,0.32,1,SIMULATED,SIMULATED,SIMULATED,SIMULATED
82.8,77.8,4,301.5826,221.3707,286.2001,0.7408,3,SIMULATED,SIMULATED,SIMULATED,SIMULATED
82.8,77.8,23,435.8513,764.2394,265.0198,0.0383,2,SIMULATED,SIMULATED,SIMULATED,SIMULATED
82.8,77.8,16,104.7425,985.3546,279.9119,-0.2792,2,SIMULATED,SIMULATED,SIMULATED,SIMULATED
83.0,78.0,77,286.0728,414.8419,256.4098,-0.2589,3,SIMULATED,SIMULATED,SIMULATED,SIMULATED
83.0,78.0,44,122.6018,702.5435,252.4291,0.7419,2,SIMULATED,SIMULATED,SIMULATED,SIMULATED
83.0,78.0,55,-125.7908,661.483,274.6824,0.4944,1,SIMULATED,SIMULATED,SIMULATED,SIMULATED
83.0,78.0,4,316.9496,215.9426,292.0754,0.8318,3,SIMULATED,SIMULATED,SIMULATED,SIMULATED
83.0,78.0,23,450.5841,763.0056,265.0198,0.0,2,SIMULATED,SIMULATED,SIMULATED,SIMULATED
83.0,78.0,16,116.5553,995.06,276.5368,-0.4779,2,SIMULATED,SIMULATED,SIMULATED,SIMULATED
83.2,78.2,77,272.2306,411.6973,254.8488,-0.221,3,SIMULATED,SIMULATED,SIMULATED,SIMULATED
83.2,78.2,44,119.1353,688.5544,256.1857,0.5319,2,SIMULATED,SIMULATED,SIMULATED,SIMULATED
83.2,78.2,55,-125.234,676.9231,277.5795,0.4102,1,SIMULATED,SIMULATED,SIMULATED,SIMULATED
83.2,78.2,4,332.8402,211.1242,297.5889,0.7806,3,SIMULATED,SIMULATED,SIMULATED,SIMULATED
83.2,78.2,23,464.7432,758.7276,265.0183,-0.0002,2,SIMULATED,SIMULATED,SIMULATED,SIMULATED
83.2,78.2,16,129.2911,1002.9866,271.7559,-0.6769,2,SIMULATED,SIMULATED,SIMULATED,SIMULATED
83.4,78.4,77,258.4338,408.8056,253.6428,-0.1707,3,SIMULATED,SIMULATED,SIMULATED,SIMULATED
83.4,78.4,44,121.1693,674.1716,256.1857,0.0,2,SIMULATED,SIMULATED,SIMULATED,SIMULATED
83.4,78.4,55,-123.5513,692.6031,281.5083,0.5562,1,SIMULATED,SIMULATED,SIMULATED,SIMULATED
83.4,78.4,4,349.2049,207.1078,302.6861,0.7216,3,SIMULATED,SIMULATED,SIMULATED,SIMULATED
83.4,78.4,23,477.6132,751.4466,265.0171,-0.0002,2,SIMULATED,SIMULATED,SIMULATED,SIMULATED
83.4,78.4,16,142.9471,1008.6492,268.2328,-0.4988,2,SIMULATED,SIMULATED,SIMULATED,SIMULATED
83.6,78.6,77,244.6467,406.0123,253.1038,-0.0763,3,SIMULATED,SIMULATED,SIMULATED,SIMULATED
83.6,78.6,44,130.5731,662.7492,256.1857,0.0,2,SIMULATED,SIMULATED,SIMULATED,SIMULATED
83.6,78.6,55,-120.3183,708.1866,285.0041,0.4949,1,SIMULATED,SIMULATED,SIMULATED,SIMULATED
83.6,78.6,4,366.1395,203.9645,308.7108,0.853,3,SIMULATED,SIMULATED,SIMULATED,SIMULATED
83.6,78.6,23,488.1138,741.0268,265.0171,0.0,2,SIMULATED,SIMULATED,SIMULATED,SIMULATED
83.6,78.6,16,157.1195,1011.7902,264.526,-0.5248,2,SIMULATED,SIMULATED,SIMULATED,SIMULATED
83.8,78.8,77,230.9231,403.1202,252.7442,-0.0509,3,SIMULATED,SIMULATED,SIMULATED,SIMULATED
83.8,78.8,44,144.3134,658.1061,256.1857,0.0,2,SIMULATED,SIMULATED,SIMULATED,SIMULATED
83.8,78.8,55,-115.3876,723.6322,288.8267,0.5412,1,SIMULATED,SIMULATED,SIMULATED,SIMULATED
83.8,78.8,4,383.4016,201.6375,312.0967,0.4794,3,SIMULATED,SIMULATED,SIMULATED,SIMULATED
83.8,78.8,23,495.6158,728.2789,265.0171,0.0,2,SIMULATED,SIMULATED,SIMULATED,SIMULATED
83.8,78.8,16,171.5921,1011.4672,261.4681,-0.4329,2,SIMULATED,SIMULATED,SIMULATED,SIMULATED
84.0,79.0,77,217.445,399.579,252.7453,0.0002,3,SIMULATED,SIMULATED,SIMULATED,SIMULATED
84.0,79.0,44,158.7722,658.4085,256.1857,0.0,2,SIMULATED,SIMULATED,SIMULATED,SIMULATED
84.0,79.0,55,-108.7992,738.6159,293.14,0.6107,1,SIMULATED,SIMULATED,SIMULATED,SIMULATED
84.0,79.0,4,400.8096,200.2608,313.6175,0.2153,3,SIMULATED,SIMULATED,SIMULATED,SIMULATED
84.0,79.0,23,499.8544,714.0939,265.0171,0.0,2,SIMULATED,SIMULATED,SIMULATED,SIMULATED
84.0,79.0,16,185.5976,1008.2545,261.4681,0.0,2,SIMULATED,SIMULATED,SIMULATED,SIMULATED
84.2,79.2,77,204.3241,394.8028,252.7453,0.0,3,SIMULATED,SIMULATED,SIMULATED,SIMULATED
84.2,79.2,44,172.7452,661.4754,256.1857,0.0,2,SIMULATED,SIMULATED,SIMULATED,SIMULATED
84.2,79.2,55,-100.835,753.1267,296.7809,0.5155,2,SIMULATED,SIMULATED,SIMULATED,SIMULATED
84.2,79.2,4,418.253,199.7519,312.7335,-0.1252,3,SIMULATED,SIMULATED,SIMULATED,SIMULATED
84.2,79.2,23,501.0276,699.3979,264.8052,-0.03,2,SIMULATED,SIMULATED,SIMULATED,SIMULATED
84.2,79.2,16,198.9621,1002.8576,261.4681,0.0,2,SIMULATED,SIMULATED,SIMULATED,SIMULATED
84.4,79.4,77,191.8753,388.651,252.7453,0.0,3,SIMULATED,SIMULATED,SIMULATED,SIMULATED
84.4,79.4,44,186.3559,665.6988,255.3353,-0.1204,2,SIMULATED,SIMULATED,SIMULATED,SIMULATED
84.4,79.4,55,-91.8902,767.3081,300.0028,0.4561,2,SIMULATED,SIMULATED,SIMULATED,SIMULATED
84.4,79.4,4,435.6081,200.0371,311.9276,-0.1141,3,SIMULATED,SIMULATED,SIMULATED,SIMULATED
84.4,79.4,23,498.5631,684.9394,262.279,-0.3576,2,SIMULATED,SIMULATED,SIMULATED,SIMULATED
84.4,79.4,16,211.4224,995.4968,261.4681,0.0,2,SIMULATED,SIMULATED,SIMULATED,SIMULATED
84.6,79.6,77,180.6578,380.693,252.7453,0.0,3,SIMULATED,SIMULATED,SIMULATED,SIMULATED
84.6,79.6,44,199.4618,670.574,251.117,-0.5972,2,SIMULATED,SIMULATED,SIMULATED,SIMULATED
84.6,79.6,55,-82.1081,780.8887,300.4995,0.0703,2,SIMULATED,SIMULATED,SIMULATED,SIMULATED
84.6,79.6,4,452.8582,200.7766,310.4016,-0.216,3,SIMULATED,SIMULATED,SIMULATED,SIMULATED
84.6,79.6,23,492.7435,671.699,258.8781,-0.4815,2,SIMULATED,SIMULATED,SIMULATED,SIMULATED
84.6,79.6,16,222.8944,986.6919,261.4681,0.0,2,SIMULATED,SIMULATED,SIMULATED,SIMULATED
84.8,79.8,77,171.751,370.2062,252.7453,0.0,3,SIMULATED,SIMULATED,SIMULATED,SIMULATED
84.8,79.8,44,212.2996,675.6181,247.9476,-0.4487,2,SIMULATED,SIMULATED,SIMULATED,SIMULATED
84.8,79.8,55,-71.7147,794.0502,301.1721,0.0952,2,SIMULATED,SIMULATED,SIMULATED,SIMULATED
84.8,79.8,4,469.9934,201.8802,308.7035,-0.2404,3,SIMULATED,SIMULATED,SIMULATED,SIMULATED
84.8,79.8,23,484.9091,659.8018,255.8819,-0.4242,2,SIMULATED,SIMULATED,SIMULATED,SIMULATED
84.8,79.8,16,233.7086,977.0587,261.4681,0.0,2,SIMULATED,SIMULATED,SIMULATED,SIMULATED
85.0,80.0,77,166.3531,357.6574,253.4551,0.1005,3,SIMULATED,SIMULATED,SIMULATED,SIMULATED
85.0,80.0,44,224.9306,680.6949,244.9589,-0.4231,2,SIMULATED,SIMULATED,SIMULATED,SIMULATED
85.0,80.0,55,-60.8581,806.8359,301.19,0.0025,2,SIMULATED,SIMULATED,SIMULATED,SIMULATED
85.0,80.0,4,487.0093,203.2085,306.7485,-0.2768,3,SIMULATED,SIMULATED,SIMULATED,SIMULATED
85.0,80.0,23,475.9702,648.9032,252.8327,-0.4317,2,SIMULATED,SIMULATED,SIMULATED,SIMULATED
85.0,80.0,16,243.8296,966.6954,261.4681,0.0,2,SIMULATED,SIMULATED,SIMULATED,SIMULATED
85.2,80.2,77,164.9043,343.7271,258.2921,0.6848,3,SIMULATED,SIMULATED,SIMULATED,SIMULATED
85.2,80.2,44,237.5223,685.8816,244.9139,-0.0064,2,SIMULATED,SIMULATED,SIMULATED,SIMULATED
85.2,80.2,55,-49.8295,819.3471,299.976,-0.1719,2,SIMULATED,SIMULATED,SIMULATED,SIMULATED
85.2,80.2,4,503.9835,204.808,306.6127,-0.0192,3,SIMULATED,SIMULATED,SIMULATED,SIMULATED
85.2,80.2,23,466.6967,638.401,252.0834,-0.1061,3,SIMULATED,SIMULATED,SIMULATED,SIMULATED
85.2,80.2,16,252.8492,955.393,261.4681,0.0,2,SIMULATED,SIMULATED,SIMULATED,SIMULATED
85.4,80.4,77,168.0478,329.9418,263.3073,0.71,3,SIMULATED,SIMULATED,SIMULATED,SIMULATED
85.4,80.4,44,250.0649,691.1562,244.8313,-0.0117,2,SIMULATED,SIMULATED,SIMULATED,SIMULATED
85.4,80.4,55,-38.7226,831.6401,298.0341,-0.2749,2,SIMULATED,SIMULATED,SIMULATED,SIMULATED
85.4,80.4,4,520.9243,206.5954,306.5179,-0.0134,3,SIMULATED,SIMULATED,SIMULATED,SIMULATED
85.4,80.4,23,457.441,627.9277,251.6694,-0.0586,3,SIMULATED,SIMULATED,SIMULATED,SIMULATED
85.4,80.4,16,260.9406,943.3737,261.4681,0.0,2,SIMULATED,SIMULATED,SIMULATED,SIMULATED
85.6,80.6,77,175.1122,317.0821,266.5248,0.4555,3,SIMULATED,SIMULATED,SIMULATED,SIMULATED
85.6,80.6,44,262.616,696.5396,245.4935,0.0937,2,SIMULATED,SIMULATED,SIMULATED,SIMULATED
85.6,80.6,55,-27.7076,843.7688,294.9128,-0.4419,2,SIMULATED,SIMULATED,SIMULATED,SIMULATED
85.6,80.6,4,537.839,208.4823,306.2512,-0.0378,3,SIMULATED,SIMULATED,SIMULATED,SIMULATED
85.6,80.6,23,448.3113,617.3287,252.1998,0.0751,3,SIMULATED,SIMULATED,SIMULATED,SIMULATED
85.6,80.6,16,267.5504,930.5471,261.4681,0.0,2,SIMULATED,SIMULATED,SIMULATED,SIMULATED
85.8,80.8,77,183.7017,305.1682,266.5248,0.0,3,SIMULATED,SIMULATED,SIMULATED,SIMULATED
85.8,80.8,44,275.1411,702.1392,246.8726,0.1953,2,SIMULATED,SIMULATED,SIMULATED,SIMULATED
85.8,80.8,55,-16.8138,855.7956,292.1345,-0.3934,2,SIMULATED,SIMULATED,SIMULATED,SIMULATED
85.8,80.8,4,554.7423,210.4579,306.1844,-0.0095,3,SIMULATED,SIMULATED,SIMULATED,SIMULATED
85.8,80.8,23,439.5215,606.246,254.8845,0.3801,3,SIMULATED,SIMULATED,SIMULATED,SIMULATED
85.8,80.8,16,272.1036,916.8614,261.4681,0.0,2,SIMULATED,SIMULATED,SIMULATED,SIMULATED
86.0,81.0,77,193.4121,294.1285,266.5248,0.0,3,SIMULATED,SIMULATED,SIMULATED,SIMULATED
86.0,81.0,44,287.6807,707.8387,247.8265,0.135,2,SIMULATED,SIMULATED,SIMULATED,SIMULATED
86.0,81.0,55,-6.0353,867.7203,289.3357,-0.3962,2,SIMULATED,SIMULATED,SIMULATED,SIMULATED
86.0,81.0,4,571.6318,212.505,306.1844,0.0,3,SIMULATED,SIMULATED,SIMULATED,SIMULATED
86.0,81.0,23,431.028,594.7631,257.3681,0.3516,3,SIMULATED,SIMULATED,SIMULATED,SIMULATED
86.0,81.0,16,274.066,902.5725,261.4681,0.0,2,SIMULATED,SIMULATED,SIMULATED,SIMULATED
86.2,81.2,77,204.0411,283.9035,266.5248,-0.0,3,SIMULATED,SIMULATED,SIMULATED,SIMULATED
86.2,81.2,44,300.2825,713.6152,249.5283,0.2409,2,SIMULATED,SIMULATED,SIMULATED,SIMULATED
86.2,81.2,55,4.6865,879.5746,287.6936,-0.2325,2,SIMULATED,SIMULATED,SIMULATED,SIMULATED
86.2,81.2,4,588.4779,214.6823,305.5465,-0.0903,3,SIMULATED,SIMULATED,SIMULATED,SIMULATED
86.2,81.2,23,423.0137,582.7741,260.06,0.3811,3,SIMULATED,SIMULATED,SIMULATED,SIMULATED
86.2,81.2,16,272.8186,888.2566,262.9298,0.2069,2,SIMULATED,SIMULATED,SIMULATED,SIMULATED
86.4,81.4,77,215.2761,274.3963,266.5248,0.0,3,SIMULATED,SIMULATED,SIMULATED,SIMULATED
86.4,81.4,44,312.9983,719.4207,251.6352,0.2983,2,SIMULATED,SIMULATED,SIMULATED,SIMULATED
86.4,81.4,55,15.3857,891.3871,286.865,-0.1173,2,SIMULATED,SIMULATED,SIMULATED,SIMULATED
86.4,81.4,4,605.2995,216.9246,305.5397,-0.001,3,SIMULATED,SIMULATED,SIMULATED,SIMULATED
86.4,81.4,23,415.6991,570.1255,263.8396,0.5351,3,SIMULATED,SIMULATED,SIMULATED,SIMULATED
86.4,81.4,16,268.3867,874.2981,265.8782,0.4174,2,SIMULATED,SIMULATED,SIMULATED,SIMULATED
86.6,81.6,77,227.1263,265.4638,267.4958,0.1375,3,SIMULATED,SIMULATED,SIMULATED,SIMULATED
86.6,81.6,44,325.8042,725.2474,253.3126,0.2375,2,SIMULATED,SIMULATED,SIMULATED,SIMULATED
86.6,81.6,55,26.079,903.2017,286.8561,-0.0013,2,SIMULATED,SIMULATED,SIMULATED,SIMULATED
86.6,81.6,4,622.0663,218.9105,304.267,-0.1802,3,SIMULATED,SIMULATED,SIMULATED,SIMULATED
86.6,81.6,23,408.9597,556.9133,267.2642,0.4849,3,SIMULATED,SIMULATED,SIMULATED,SIMULATED
86.6,81.6,16,261.331,861.33,268.0503,0.3075,2,SIMULATED,SIMULATED,SIMULATED,SIMULATED
86.8,81.8,77,239.2959,256.8344,269.0085,0.2142,3,SIMULATED,SIMULATED,SIMULATED,SIMULATED
86.8,81.8,44,338.6985,731.0135,254.3772,0.1507,2,SIMULATED,SIMULATED,SIMULATED,SIMULATED
86.8,81.8,55,36.7536,914.989,286.2223,-0.0897,2,SIMULATED,SIMULATED,SIMULATED,SIMULATED
86.8,81.8,4,638.7848,220.437,302.9972,-0.1798,3,SIMULATED,SIMULATED,SIMULATED,SIMULATED
86.8,81.8,23,402.8539,543.2633,269.7931,0.358,3,SIMULATED,SIMULATED,SIMULATED,SIMULATED
86.8,81.8,16,252.2434,849.5923,268.3853,0.0474,2,SIMULATED,SIMULATED,SIMULATED,SIMULATED
87.0,82.0,77,251.8751,248.6743,271.0841,0.2939,3,SIMULATED,SIMULATED,SIMULATED,SIMULATED
87.0,82.0,44,351.6811,736.7445,255.4898,0.1575,2,SIMULATED,SIMULATED,SIMULATED,SIMULATED
87.0,82.0,55,47.3801,926.7223,284.951,-0.18,2,SIMULATED,SIMULATED,SIMULATED,SIMULATED
87.0,82.0,4,655.4566,221.26,302.1529,-0.1195,3,SIMULATED,SIMULATED,SIMULATED,SIMULATED
87.0,82.0,23,397.244,529.2194,272.5117,0.3849,3,SIMULATED,SIMULATED,SIMULATED,SIMULATED
87.0,82.0,16,242.2536,838.6676,266.7776,-0.2276,2,SIMULATED,SIMULATED,SIMULATED,SIMULATED
87.2,82.2,77,264.9828,240.9912,274.0541,0.4205,3,SIMULATED,SIMULATED,SIMULATED,SIMULATED
87.2,82.2,44,364.7766,742.3973,256.9099,0.2011,2,SIMULATED,SIMULATED,SIMULATED,SIMULATED
87.2,82.2,55,58.0007,938.4394,284.6239,-0.0463,2,SIMULATED,SIMULATED,SIMULATED,SIMULATED
87.2,82.2,4,671.975,220.5321,299.7107,-0.3458,3,SIMULATED,SIMULATED,SIMULATED,SIMULATED
87.2,82.2,23,392.0002,514.9403,273.981,0.208,3,SIMULATED,SIMULATED,SIMULATED,SIMULATED
87.2,82.2,16,231.8582,828.3557,263.9507,-0.4002,2,SIMULATED,SIMULATED,SIMULATED,SIMULATED
87.4,82.4,77,278.5671,233.7754,278.2064,0.5879,3,SIMULATED,SIMULATED,SIMULATED,SIMULATED
87.4,82.4,44,378.0556,747.8484,258.8933,0.2808,2,SIMULATED,SIMULATED,SIMULATED,SIMULATED
87.4,82.4,55,68.6316,950.1408,284.5451,-0.0112,2,SIMULATED,SIMULATED,SIMULATED,SIMULATED
87.4,82.4,4,688.1288,218.1598,296.539,-0.4491,3,SIMULATED,SIMULATED,SIMULATED,SIMULATED
87.4,82.4,23,386.6671,500.6739,273.9276,-0.0076,3,SIMULATED,SIMULATED,SIMULATED,SIMULATED
87.4,82.4,16,221.4839,818.2875,260.248,-0.5242,2,SIMULATED,SIMULATED,SIMULATED,SIMULATED
87.6,82.6,77,292.8332,227.3034,282.6751,0.6327,3,SIMULATED,SIMULATED,SIMULATED,SIMULATED
87.6,82.6,44,391.6338,753.0424,262.1572,0.4621,2,SIMULATED,SIMULATED,SIMULATED,SIMULATED
87.6,82.6,55,79.271,961.796,283.9832,-0.0796,2,SIMULATED,SIMULATED,SIMULATED,SIMULATED
87.6,82.6,4,703.5989,213.8227,293.8956,-0.3742,3,SIMULATED,SIMULATED,SIMULATED,SIMULATED
87.6,82.6,23,381.0535,486.5234,273.965,0.0053,3,SIMULATED,SIMULATED,SIMULATED,SIMULATED
87.6,82.6,16,211.337,808.3808,255.1846,-0.7169,2,SIMULATED,SIMULATED,SIMULATED,SIMULATED
87.8,82.8,77,307.6847,221.4668,288.279,0.7934,3,SIMULATED,SIMULATED,SIMULATED,SIMULATED
87.8,82.8,44,405.408,757.7395,263.5527,0.1976,2,SIMULATED,SIMULATED,SIMULATED,SIMULATED
87.8,82.8,55,90.0218,973.2506,282.3823,-0.2267,2,SIMULATED,SIMULATED,SIMULATED,SIMULATED
87.8,82.8,4,718.2039,207.1786,290.3915,-0.4961,3,SIMULATED,SIMULATED,SIMULATED,SIMULATED
87.8,82.8,23,374.4283,472.8382,272.7293,-0.1749,3,SIMULATED,SIMULATED,SIMULATED,SIMULATED
87.8,82.8,16,201.5522,798.631,248.5634,-0.9374,2,SIMULATED,SIMULATED,SIMULATED,SIMULATED
88.0,83.0,77,323.1101,216.2711,294.051,0.8172,3,SIMULATED,SIMULATED,SIMULATED,SIMULATED
88.0,83.0,44,419.6207,761.29,264.673,0.1586,2,SIMULATED,SIMULATED,SIMULATED,SIMULATED
88.0,83.0,55,101.102,984.3054,280.3959,-0.2812,2,SIMULATED,SIMULATED,SIMULATED,SIMULATED
88.0,83.0,4,731.6352,198.594,290.3915,0.0,3,SIMULATED,SIMULATED,SIMULATED,SIMULATED
88.0,83.0,23,366.3858,459.9905,272.2865,-0.0627,3,SIMULATED,SIMULATED,SIMULATED,SIMULATED
88.0,83.0,16,192.0926,788.9829,243.084,-0.7758,2,SIMULATED,SIMULATED,SIMULATED,SIMULATED
88.2,83.2,77,339.0802,211.7595,299.3987,0.7571,3,SIMULATED,SIMULATED,SIMULATED,SIMULATED
88.2,83.2,44,434.0354,762.7192,265.0198,0.0491,2,SIMULATED,SIMULATED,SIMULATED,SIMULATED
88.2,83.2,55,112.8394,994.4118,277.5166,-0.4076,2,SIMULATED,SIMULATED,SIMULATED,SIMULATED
88.2,83.2,4,743.8119,188.3826,290.3915,0.0,3,SIMULATED,SIMULATED,SIMULATED,SIMULATED
88.2,83.2,23,356.1273,448.7809,271.8821,-0.0573,3,SIMULATED,SIMULATED,SIMULATED,SIMULATED
88.2,83.2,16,182.8675,779.3831,239.5898,-0.4947,2,SIMULATED,SIMULATED,SIMULATED,SIMULATED
88.4,83.4,77,355.5475,208.0861,304.9728,0.7892,3,SIMULATED,SIMULATED,SIMULATED,SIMULATED
88.4,83.4,44,448.5328,761.8219,265.0198,0.0,2,SIMULATED,SIMULATED,SIMULATED,SIMULATED
88.4,83.4,55,125.588,1002.9353,272.4993,-0.7103,2,SIMULATED,SIMULATED,SIMULATED,SIMULATED
88.4,83.4,4,754.8055,176.6589,290.3915,0.0,3,SIMULATED,SIMULATED,SIMULATED,SIMULATED
88.4,83.4,23,344.6571,438.9978,270.764,-0.1583,3,SIMULATED,SIMULATED,SIMULATED,SIMULATED
88.4,83.4,16,173.8759,769.8407,235.8716,-0.5264,2,SIMULATED,SIMULATED,SIMULATED,SIMULATED
88.6,83.6,77,372.4606,205.2037,309.9587,0.7059,3,SIMULATED,SIMULATED,SIMULATED,SIMULATED
88.6,83.6,44,462.4653,758.0797,265.019,-0.0001,2,SIMULATED,SIMULATED,SIMULATED,SIMULATED
88.6,83.6,55,139.3548,1009.3108,269.2617,-0.4584,2,SIMULATED,SIMULATED,SIMULATED,SIMULATED
88.6,83.6,4,764.8604,164.1798,290.3915,0.0,3,SIMULATED,SIMULATED,SIMULATED,SIMULATED
88.6,83.6,23,331.9553,431.1162,267.6724,-0.4377,3,SIMULATED,SIMULATED,SIMULATED,SIMULATED
88.6,83.6,16,165.0767,760.2418,234.2642,-0.2276,2,SIMULATED,SIMULATED,SIMULATED,SIMULATED
88.8,83.8,77,389.7081,203.2518,313.1187,0.4474,3,SIMULATED,SIMULATED,SIMULATED,SIMULATED
88.8,83.8,44,475.2468,751.3551,265.0171,-0.0003,2,SIMULATED,SIMULATED,SIMULATED,SIMULATED
88.8,83.8,55,153.7709,1012.9662,265.2747,-0.5645,2,SIMULATED,SIMULATED,SIMULATED,SIMULATED
88.8,83.8,4,773.9445,150.9739,290.3915,0.0,3,SIMULATED,SIMULATED,SIMULATED,SIMULATED
88.8,83.8,23,318.6195,425.1136,262.8681,-0.6802,3,SIMULATED,SIMULATED,SIMULATED,SIMULATED
88.8,83.8,16,156.4384,750.3834,235.6841,0.201,2,SIMULATED,SIMULATED,SIMULATED,SIMULATED
89.0,84.0,77,407.011,202.1698,313.3871,0.038,3,SIMULATED,SIMULATED,SIMULATED,SIMULATED
89.0,84.0,44,485.8189,741.6116,265.0171,0.0,2,SIMULATED,SIMULATED,SIMULATED,SIMULATED
89.0,84.0,55,168.5528,1013.3704,262.0798,-0.4523,2,SIMULATED,SIMULATED,SIMULATED,SIMULATED
89.0,84.0,4,782.2813,137.2171,290.3915,0.0,3,SIMULATED,SIMULATED,SIMULATED,SIMULATED
89.0,84.0,23,304.97,420.362,259.1006,-0.5334,3,SIMULATED,SIMULATED,SIMULATED,SIMULATED
89.0,84.0,16,147.9798,740.2088,237.9808,0.3252,2,SIMULATED,SIMULATED,SIMULATED,SIMULATED
89.2,84.2,77,424.3325,201.9959,312.4008,-0.1396,3,SIMULATED,SIMULATED,SIMULATED,SIMULATED
89.2,84.2,44,493.5257,729.3924,265.0171,-0.0,2,SIMULATED,SIMULATED,SIMULATED,SIMULATED
89.2,84.2,55,183.1036,1010.8312,261.4681,-0.0866,2,SIMULATED,SIMULATED,SIMULATED,SIMULATED
89.2,84.2,4,789.7755,123.09,289.4897,-0.1277,3,SIMULATED,SIMULATED,SIMULATED,SIMULATED
89.2,84.2,23,291.1676,416.6346,257.1488,-0.2763,3,SIMULATED,SIMULATED,SIMULATED,SIMULATED
89.2,84.2,16,139.7042,729.6256,241.4973,0.4979,2,SIMULATED,SIMULATED,SIMULATED,SIMULATED
89.4,84.4,77,441.5906,202.4274,311.199,-0.1702,3,SIMULATED,SIMULATED,SIMULATED,SIMULATED
89.4,84.4,44,498.1095,715.5804,265.0171,0.0,2,SIMULATED,SIMULATED,SIMULATED,SIMULATED
89.4,84.4,55,196.8226,1005.7735,261.4681,0.0,2,SIMULATED,SIMULATED,SIMULATED,SIMULATED
89.4,84.4,4,796.3806,108.6774,286.6239,-0.4057,3,SIMULATED,SIMULATED,SIMULATED,SIMULATED
89.4,84.4,23,277.3579,413.3383,255.3324,-0.2572,3,SIMULATED,SIMULATED,SIMULATED,SIMULATED
89.4,84.4,16,131.8028,718.4142,246.2865,0.6781,2,SIMULATED,SIMULATED,SIMULATED,SIMULATED
89.6,84.6,77,458.7631,203.3264,310.1834,-0.1438,3,SIMULATED,SIMULATED,SIMULATED,SIMULATED
89.6,84.6,44,499.4649,701.1658,265.0079,-0.0013,2,SIMULATED,SIMULATED,SIMULATED,SIMULATED
89.6,84.6,55,209.6848,998.6337,261.4681,0.0,2,SIMULATED,SIMULATED,SIMULATED,SIMULATED
89.6,84.6,4,801.7539,94.0816,282.7352,-0.5506,3,SIMULATED,SIMULATED,SIMULATED,SIMULATED
89.6,84.6,23,263.552,410.3766,254.0743,-0.1781,3,SIMULATED,SIMULATED,SIMULATED,SIMULATED
89.6,84.6,16,124.8406,706.2892,250.9304,0.6575,2,SIMULATED,SIMULATED,SIMULATED,SIMULATED
89.8,84.8,77,475.8215,204.5264,307.9543,-0.3156,3,SIMULATED,SIMULATED,SIMULATED,SIMULATED
89.8,84.8,44,497.6062,687.0789,262.6494,-0.3339,2,SIMULATED,SIMULATED,SIMULATED,SIMULATED
89.8,84.8,55,221.5333,990.0095,261.4681,0.0,2,SIMULATED,SIMULATED,SIMULATED,SIMULATED
89.8,84.8,4,805.6012,79.1861,278.6122,-0.5837,3,SIMULATED,SIMULATED,SIMULATED,SIMULATED
89.8,84.8,23,249.7607,407.541,253.3345,-0.1047,3,SIMULATED,SIMULATED,SIMULATED,SIMULATED
89.8,84.8,16,120.103,692.7712,255.5037,0.6475,2,SIMULATED,SIMULATED,SIMULATED,SIMULATED
90.0,85.0,77,492.7868,205.9355,306.6881,-0.1793,3,SIMULATED,SIMULATED,SIMULATED,SIMULATED
90.0,85.0,44,492.356,673.9992,259.1393,-0.497,2,SIMULATED,SIMULATED,SIMULATED,SIMULATED
90.0,85.0,55,232.556,980.4732,261.4681,0.0,2,SIMULATED,SIMULATED,SIMULATED,SIMULATED
90.0,85.0,4,808.0931,64.1618,276.7097,-0.2694,3,SIMULATED,SIMULATED,SIMULATED,SIMULATED
90.0,85.0,23,236.0122,404.7302,252.7429,-0.0838,3,SIMULATED,SIMULATED,SIMULATED,SIMULATED
90.0,85.0,16,120.4565,678.439,256.1857,0.0966,2,SIMULATED,SIMULATED,SIMULATED,SIMULATED
90.2,85.2,77,509.7249,207.61,306.6127,-0.0107,3,SIMULATED,SIMULATED,SIMULATED,SIMULATED
90.2,85.2,44,484.696,662.1115,256.1903,-0.4175,2,SIMULATED,SIMULATED,SIMULATED,SIMULATED
90.2,85.2,55,242.96,970.1744,261.4681,0.0,2,SIMULATED,SIMULATED,SIMULATED,SIMULATED
90.2,85.2,4,808.9619,49.0964,273.2109,-0.4954,3,SIMULATED,SIMULATED,SIMULATED,SIMULATED
90.2,85.2,23,222.3612,401.5217,252.7453,0.0003,3,SIMULATED,SIMULATED,SIMULATED,SIMULATED
90.2,85.2,16,127.4409,665.9755,256.1857,0.0,2,SIMULATED,SIMULATED,SIMULATED,SIMULATED
90.4,85.4,77,526.6405,209.4333,306.4212,-0.0271,3,SIMULATED,SIMULATED,SIMULATED,SIMULATED
90.4,85.4,44,475.9885,651.2047,253.2543,-0.4157,2,SIMULATED,SIMULATED,SIMULATED,SIMULATED
90.4,85.4,55,252.3235,958.9709,261.4681,0.0,2,SIMULATED,SIMULATED,SIMULATED,SIMULATED
90.4,85.4,4,807.075,34.4425,270.4904,-0.3852,3,SIMULATED,SIMULATED,SIMULATED,SIMULATED
90.4,85.4,23,209.0683,397.2489,252.7453,0.0,3,SIMULATED,SIMULATED,SIMULATED,SIMULATED
90.4,85.4,16,140.073,659.3019,256.1857,0.0,2,SIMULATED,SIMULATED,SIMULATED,SIMULATED
90.6,85.6,77,543.5387,211.3564,306.1844,-0.0335,3,SIMULATED,SIMULATED,SIMULATED,SIMULATED
90.6,85.6,44,466.7359,640.6942,252.277,-0.1384,2,SIMULATED,SIMULATED,SIMULATED,SIMULATED
90.6,85.6,55,260.6921,946.951,261.4681,0.0,2,SIMULATED,SIMULATED,SIMULATED,SIMULATED
90.6,85.6,4,803.336,20.1394,270.8146,0.0459,3,SIMULATED,SIMULATED,SIMULATED,SIMULATED
90.6,85.6,23,196.2312,391.6408,252.7453,0.0,3,SIMULATED,SIMULATED,SIMULATED,SIMULATED
90.6,85.6,16,154.3675,658.4798,256.1857,0.0,2,SIMULATED,SIMULATED,SIMULATED,SIMULATED
90.8,85.8,77,560.4273,213.3541,306.1844,0.0,3,SIMULATED,SIMULATED,SIMULATED,SIMULATED
90.8,85.8,44,457.464,630.226,251.5521,-0.1026,3,SIMULATED,SIMULATED,SIMULATED,SIMULATED
90.8,85.8,55,267.8757,934.1183,261.4681,0.0,2,SIMULATED,SIMULATED,SIMULATED,SIMULATED
90.8,85.8,4,797.1909,6.471,272.6999,0.2669,3,SIMULATED,SIMULATED,SIMULATED,SIMULATED
90.8,85.8,23,184.3095,384.4127,252.7453,0.0,3,SIMULATED,SIMULATED,SIMULATED,SIMULATED
90.8,85.8,16,168.443,660.8957,256.1857,0.0,2,SIMULATED,SIMULATED,SIMULATED,SIMULATED
91.0,86.0,77,577.3004,215.4461,306.1844,0.0,3,SIMULATED,SIMULATED,SIMULATED,SIMULATED
91.0,86.0,44,448.2789,619.6375,252.1561,0.0855,3,SIMULATED,SIMULATED,SIMULATED,SIMULATED
91.0,86.0,55,272.9185,920.3536,261.4681,0.0,2,SIMULATED,SIMULATED,SIMULATED,SIMULATED
91.0,86.0,4,789.9116,-6.9516,275.3929,0.3813,3,SIMULATED,SIMULATED,SIMULATED,SIMULATED
91.0,86.0,23,174.361,374.7453,252.7453,0.0,3,SIMULATED,SIMULATED,SIMULATED,SIMULATED
91.0,86.0,16,182.1441,664.7929,255.6679,-0.0733,2,SIMULATED,SIMULATED,SIMULATED,SIMULATED
91.2,86.2,77,594.1229,217.6533,305.5397,-0.0913,3,SIMULATED,SIMULATED,SIMULATED,SIMULATED
91.2,86.2,44,439.3941,608.557,254.5481,0.3387,3,SIMULATED,SIMULATED,SIMULATED,SIMULATED
91.2,86.2,55,275.4871,905.8648,261.4681,0.0,2,SIMULATED,SIMULATED,SIMULATED,SIMULATED
91.2,86.2,4,782.1181,-20.1765,277.5108,0.2999,3,SIMULATED,SIMULATED,SIMULATED,SIMULATED
91.2,86.2,23,167.4534,362.8274,252.7528,0.0011,3,SIMULATED,SIMULATED,SIMULATED,SIMULATED
91.2,86.2,16,195.3461,669.554,252.3477,-0.4701,2,SIMULATED,SIMULATED,SIMULATED,SIMULATED
91.4,86.4,77,610.945,219.8679,305.2881,-0.0356,3,SIMULATED,SIMULATED,SIMULATED,SIMULATED
91.4,86.4,44,430.8458,597.0839,257.0509,0.3543,3,SIMULATED,SIMULATED,SIMULATED,SIMULATED
91.4,86.4,55,275.196,890.9624,262.6043,0.1609,2,SIMULATED,SIMULATED,SIMULATED,SIMULATED
91.4,86.4,4,773.7649,-33.2599,279.6791,0.307,4,SIMULATED,SIMULATED,SIMULATED,SIMULATED
91.4,86.4,23,164.4337,349.1414,255.9166,0.4479,3,SIMULATED,SIMULATED,SIMULATED,SIMULATED
91.4,86.4,16,208.229,674.5377,248.515,-0.5426,2,SIMULATED,SIMULATED,SIMULATED,SIMULATED
91.6,86.6,77,627.765,221.6928,304.0223,-0.1792,3,SIMULATED,SIMULATED,SIMULATED,SIMULATED
91.6,86.6,44,422.7337,585.1002,259.7079,0.3762,3,SIMULATED,SIMULATED,SIMULATED,SIMULATED
91.6,86.6,55,271.2331,876.5197,265.6975,0.4379,2,SIMULATED,SIMULATED,SIMULATED,SIMULATED
91.6,86.6,4,765.2075,-46.2203,279.8035,0.0176,4,SIMULATED,SIMULATED,SIMULATED,SIMULATED
91.6,86.6,23,165.7505,334.9351,261.3843,0.7741,3,SIMULATED,SIMULATED,SIMULATED,SIMULATED
91.6,86.6,16,220.9,679.6057,245.5701,-0.4169,2,SIMULATED,SIMULATED,SIMULATED,SIMULATED
91.8,86.8,77,644.5906,223.0429,302.948,-0.1521,3,SIMULATED,SIMULATED,SIMULATED,SIMULATED
91.8,86.8,44,415.2358,572.4449,263.3185,0.5112,3,SIMULATED,SIMULATED,SIMULATED,SIMULATED
91.8,86.8,55,264.515,863.1307,267.7704,0.2935,2,SIMULATED,SIMULATED,SIMULATED,SIMULATED
91.8,86.8,4,756.4907,-59.0801,280.0035,0.0283,4,SIMULATED,SIMULATED,SIMULATED,SIMULATED
91.8,86.8,23,171.782,321.629,265.3729,0.5647,3,SIMULATED,SIMULATED,SIMULATED,SIMULATED
91.8,86.8,16,233.4867,684.7446,244.6624,-0.1285,2,SIMULATED,SIMULATED,SIMULATED,SIMULATED
92.0,87.0,77,661.3701,223.46,301.3488,-0.2264,3,SIMULATED,SIMULATED,SIMULATED,SIMULATED
92.0,87.0,44,408.4342,559.2303,267.0189,0.5239,3,SIMULATED,SIMULATED,SIMULATED,SIMULATED
92.0,87.0,55,255.5933,850.9423,268.5829,0.115,2,SIMULATED,SIMULATED,SIMULATED,SIMULATED
92.0,87.0,4,747.601,-71.8507,280.2318,0.0323,4,SIMULATED,SIMULATED,SIMULATED,SIMULATED
92.0,87.0,23,179.8668,309.304,266.5248,0.1631,3,SIMULATED,SIMULATED,SIMULATED,SIMULATED
92.0,87.0,16,246.0303,689.9902,244.6375,-0.0035,2,SIMULATED,SIMULATED,SIMULATED,SIMULATED
92.2,87.2,77,677.9983,222.0258,298.2071,-0.4448,3,SIMULATED,SIMULATED,SIMULATED,SIMULATED
92.2,87.2,44,402.1848,545.5589,269.4374,0.3424,3,SIMULATED,SIMULATED,SIMULATED,SIMULATED
92.2,87.2,55,245.6652,839.8105,267.1226,-0.2067,2,SIMULATED,SIMULATED,SIMULATED,SIMULATED
92.2,87.2,4,738.4747,-84.4138,280.2318,0.0,4,SIMULATED,SIMULATED,SIMULATED,SIMULATED
92.2,87.2,23,189.2366,297.915,266.5248,0.0,3,SIMULATED,SIMULATED,SIMULATED,SIMULATED
92.2,87.2,16,258.5755,695.3405,245.4373,0.1132,2,SIMULATED,SIMULATED,SIMULATED,SIMULATED
92.4,87.4,77,694.2384,219.1723,295.7996,-0.3409,3,SIMULATED,SIMULATED,SIMULATED,SIMULATED
92.4,87.4,44,396.5112,531.5065,272.269,0.4009,3,SIMULATED,SIMULATED,SIMULATED,SIMULATED
92.4,87.4,55,235.2882,829.3284,264.6198,-0.3543,2,SIMULATED,SIMULATED,SIMULATED,SIMULATED
92.4,87.4,4,728.1653,-95.822,280.8629,0.0893,4,SIMULATED,SIMULATED,SIMULATED,SIMULATED
92.4,87.4,23,199.5221,287.3414,266.5248,0.0,3,SIMULATED,SIMULATED,SIMULATED,SIMULATED
92.4,87.4,16,271.0998,700.8658,246.2954,0.1215,2,SIMULATED,SIMULATED,SIMULATED,SIMULATED
92.6,87.6,77,709.7109,213.6772,292.3706,-0.4855,3,SIMULATED,SIMULATED,SIMULATED,SIMULATED
92.6,87.6,44,391.2269,517.2193,273.8659,0.2261,3,SIMULATED,SIMULATED,SIMULATED,SIMULATED
92.6,87.6,55,224.8778,819.2117,261.2273,-0.4803,2,SIMULATED,SIMULATED,SIMULATED,SIMULATED
92.6,87.6,4,716.2605,-105.5354,280.9957,0.0188,4,SIMULATED,SIMULATED,SIMULATED,SIMULATED
92.6,87.6,23,210.628,277.5868,266.5248,0.0,3,SIMULATED,SIMULATED,SIMULATED,SIMULATED
92.6,87.6,16,283.6251,706.5296,247.3377,0.1476,2,SIMULATED,SIMULATED,SIMULATED,SIMULATED
92.8,87.8,77,724.147,206.1825,290.3915,-0.2802,3,SIMULATED,SIMULATED,SIMULATED,SIMULATED
92.8,87.8,44,385.9589,502.9775,273.8496,-0.0023,3,SIMULATED,SIMULATED,SIMULATED,SIMULATED
92.8,87.8,55,214.6765,809.2856,256.2584,-0.7035,2,SIMULATED,SIMULATED,SIMULATED,SIMULATED
92.8,87.8,4,702.5174,-112.7316,282.7964,0.2549,4,SIMULATED,SIMULATED,SIMULATED,SIMULATED
92.8,87.8,23,222.2655,268.4265,267.016,0.0695,3,SIMULATED,SIMULATED,SIMULATED,SIMULATED
92.8,87.8,16,296.1998,712.2939,248.9933,0.2344,2,SIMULATED,SIMULATED,SIMULATED,SIMULATED
93.0,88.0,77,737.5149,196.9022,290.3915,0.0,3,SIMULATED,SIMULATED,SIMULATED,SIMULATED
93.0,88.0,44,380.3574,488.8265,274.0579,0.0295,3,SIMULATED,SIMULATED,SIMULATED,SIMULATED
93.0,88.0,55,204.8336,799.5148,249.951,-0.893,2,SIMULATED,SIMULATED,SIMULATED,SIMULATED
93.0,88.0,4,687.8217,-117.6987,284.2315,0.2032,4,SIMULATED,SIMULATED,SIMULATED,SIMULATED
93.0,88.0,23,234.3204,259.6797,268.5205,0.213,3,SIMULATED,SIMULATED,SIMULATED,SIMULATED
93.0,88.0,16,308.8788,718.0893,250.9474,0.2767,2,SIMULATED,SIMULATED,SIMULATED,SIMULATED
93.2,88.2,77,749.388,185.8754,290.3915,0.0,3,SIMULATED,SIMULATED,SIMULATED,SIMULATED
93.2,88.2,44,374.0191,475.2012,272.9109,-0.1624,3,SIMULATED,SIMULATED,SIMULATED,SIMULATED
93.2,88.2,55,195.3202,789.8724,244.1351,-0.8234,2,SIMULATED,SIMULATED,SIMULATED,SIMULATED
93.2,88.2,4,672.427,-119.7359,284.1927,-0.0055,4,SIMULATED,SIMULATED,SIMULATED,SIMULATED
93.2,88.2,23,246.7554,251.3134,270.071,0.2195,3,SIMULATED,SIMULATED,SIMULATED,SIMULATED
93.2,88.2,16,321.6627,723.9233,252.9708,0.2865,2,SIMULATED,SIMULATED,SIMULATED,SIMULATED
93.4,88.4,77,760.1347,173.7371,290.3915,0.0,3,SIMULATED,SIMULATED,SIMULATED,SIMULATED
93.4,88.4,44,366.1882,462.3816,272.2589,-0.0923,3,SIMULATED,SIMULATED,SIMULATED,SIMULATED
93.4,88.4,55,186.0491,780.2525,240.6312,-0.4961,2,SIMULATED,SIMULATED,SIMULATED,SIMULATED
93.4,88.4,4,656.8313,-119.4992,283.5117,-0.0964,4,SIMULATED,SIMULATED,SIMULATED,SIMULATED
93.4,88.4,23,259.6492,243.4207,272.731,0.3766,3,SIMULATED,SIMULATED,SIMULATED,SIMULATED
93.4,88.4,16,334.5207,729.7069,253.8454,0.1238,2,SIMULATED,SIMULATED,SIMULATED,SIMULATED
93.6,88.6,77,769.9835,160.8469,290.3915,0.0,3,SIMULATED,SIMULATED,SIMULATED,SIMULATED
93.6,88.6,44,356.4176,451.1584,271.9795,-0.0396,3,SIMULATED,SIMULATED,SIMULATED,SIMULATED
93.6,88.6,55,177.0221,770.7189,236.4806,-0.5876,2,SIMULATED,SIMULATED,SIMULATED,SIMULATED
93.6,88.6,4,641.308,-117.6565,283.3038,-0.0294,4,SIMULATED,SIMULATED,SIMULATED,SIMULATED
93.6,88.6,23,273.1173,236.0307,276.8517,0.5834,3,SIMULATED,SIMULATED,SIMULATED,SIMULATED
93.6,88.6,16,347.4893,735.4441,255.2819,0.2034,2,SIMULATED,SIMULATED,SIMULATED,SIMULATED
93.8,88.8,77,778.8586,147.3366,290.3915,0.0,3,SIMULATED,SIMULATED,SIMULATED,SIMULATED
93.8,88.8,44,345.1983,441.3216,270.9756,-0.1421,3,SIMULATED,SIMULATED,SIMULATED,SIMULATED
93.8,88.8,55,168.2012,761.1715,234.462,-0.2858,2,SIMULATED,SIMULATED,SIMULATED,SIMULATED
93.8,88.8,4,626.0089,-114.9771,280.08,-0.4564,4,SIMULATED,SIMULATED,SIMULATED,SIMULATED
93.8,88.8,23,287.1048,229.2134,280.8242,0.5624,3,SIMULATED,SIMULATED,SIMULATED,SIMULATED
93.8,88.8,16,360.5462,741.1241,256.3843,0.1561,2,SIMULATED,SIMULATED,SIMULATED,SIMULATED
94.0,89.0,77,786.9803,133.3344,290.3915,0.0,3,SIMULATED,SIMULATED,SIMULATED,SIMULATED
94.0,89.0,44,332.9458,433.2633,268.1673,-0.3976,3,SIMULATED,SIMULATED,SIMULATED,SIMULATED
94.0,89.0,55,159.5716,751.4174,234.7722,0.0439,2,SIMULATED,SIMULATED,SIMULATED,SIMULATED
94.0,89.0,4,610.9078,-111.9858,277.4013,-0.3793,4,SIMULATED,SIMULATED,SIMULATED,SIMULATED
94.0,89.0,23,301.7691,223.1272,286.0241,0.7362,3,SIMULATED,SIMULATED,SIMULATED,SIMULATED
94.0,89.0,16,373.772,746.6693,258.2647,0.2662,2,SIMULATED,SIMULATED,SIMULATED,SIMULATED
94.2,89.2,77,794.1857,118.958,288.2334,-0.3055,3,SIMULATED,SIMULATED,SIMULATED,SIMULATED
94.2,89.2,44,319.6854,427.1944,263.492,-0.6619,3,SIMULATED,SIMULATED,SIMULATED,SIMULATED
94.2,89.2,55,151.0995,741.3547,237.556,0.3941,2,SIMULATED,SIMULATED,SIMULATED,SIMULATED
94.2,89.2,4,595.9984,-108.8559,274.4823,-0.4133,4,SIMULATED,SIMULATED,SIMULATED,SIMULATED
94.2,89.2,23,317.0192,217.7102,291.9006,0.832,3,SIMULATED,SIMULATED,SIMULATED,SIMULATED
94.2,89.2,16,387.2625,751.9693,261.2785,0.4267,2,SIMULATED,SIMULATED,SIMULATED,SIMULATED
94.4,89.4,77,800.546,104.3243,285.5188,-0.3843,3,SIMULATED,SIMULATED,SIMULATED,SIMULATED
94.4,89.4,44,306.2104,422.3363,259.4471,-0.5727,3,SIMULATED,SIMULATED,SIMULATED,SIMULATED
94.4,89.4,55,142.812,730.936,240.4686,0.4124,2,SIMULATED,SIMULATED,SIMULATED,SIMULATED
94.4,89.4,4,581.2246,-105.6561,272.1995,-0.3232,4,SIMULATED,SIMULATED,SIMULATED,SIMULATED
94.4,89.4,23,332.7904,212.895,297.4294,0.7828,3,SIMULATED,SIMULATED,SIMULATED,SIMULATED
94.4,89.4,16,401.0494,756.8595,263.5527,0.322,2,SIMULATED,SIMULATED,SIMULATED,SIMULATED
94.6,89.6,77,805.388,89.4213,281.1517,-0.6183,3,SIMULATED,SIMULATED,SIMULATED,SIMULATED
94.6,89.6,44,292.5118,418.518,257.3693,-0.2942,3,SIMULATED,SIMULATED,SIMULATED,SIMULATED
94.6,89.6,55,134.7874,719.9361,245.6798,0.7378,2,SIMULATED,SIMULATED,SIMULATED,SIMULATED
94.6,89.6,4,566.4713,-102.4031,271.9352,-0.0374,4,SIMULATED,SIMULATED,SIMULATED,SIMULATED
94.6,89.6,23,349.091,208.8787,302.4922,0.7168,3,SIMULATED,SIMULATED,SIMULATED,SIMULATED
94.6,89.6,16,415.1226,760.813,264.2685,0.1013,2,SIMULATED,SIMULATED,SIMULATED,SIMULATED
94.8,89.8,77,808.8198,74.2382,278.3805,-0.3923,3,SIMULATED,SIMULATED,SIMULATED,SIMULATED
94.8,89.8,44,278.7451,415.1819,255.4908,-0.2659,3,SIMULATED,SIMULATED,SIMULATED,SIMULATED
94.8,89.8,55,127.7053,708.2174,249.867,0.5928,2,SIMULATED,SIMULATED,SIMULATED,SIMULATED
94.8,89.8,4,551.7498,-99.16,271.3368,-0.0847,4,SIMULATED,SIMULATED,SIMULATED,SIMULATED
94.8,89.8,23,365.905,205.7262,308.5422,0.8566,3,SIMULATED,SIMULATED,SIMULATED,SIMULATED
94.8,89.8,16,429.5817,763.0894,265.0198,0.1064,2,SIMULATED,SIMULATED,SIMULATED,SIMULATED
95.0,90.0,77,810.8178,59.0124,275.3117,-0.4345,3,SIMULATED,SIMULATED,SIMULATED,SIMULATED
95.0,90.0,44,264.9491,412.2046,254.2266,-0.179,3,SIMULATED,SIMULATED,SIMULATED,SIMULATED
95.0,90.0,55,122.5006,695.3475,254.7119,0.6859,2,SIMULATED,SIMULATED,SIMULATED,SIMULATED
95.0,90.0,4,537.0499,-95.9454,270.7962,-0.0765,4,SIMULATED,SIMULATED,SIMULATED,SIMULATED
95.0,90.0,23,383.0396,203.3793,311.991,0.4883,3,SIMULATED,SIMULATED,SIMULATED,SIMULATED
95.0,90.0,16,444.1987,762.8511,265.0198,0.0,2,SIMULATED,SIMULATED,SIMULATED,SIMULATED
95.2,90.2,77,810.6482,43.692,272.7479,-0.363,3,SIMULATED,SIMULATED,SIMULATED,SIMULATED
95.2,90.2,44,251.1686,409.3551,253.3959,-0.1176,3,SIMULATED,SIMULATED,SIMULATED,SIMULATED
95.2,90.2,55,121.6149,681.7755,256.1857,0.2087,2,SIMULATED,SIMULATED,SIMULATED,SIMULATED
95.2,90.2,4,522.3474,-92.7977,270.5432,-0.0358,4,SIMULATED,SIMULATED,SIMULATED,SIMULATED
95.2,90.2,23,400.3883,201.9888,313.6373,0.2331,3,SIMULATED,SIMULATED,SIMULATED,SIMULATED
95.2,90.2,16,458.4949,760.0385,265.0198,0.0,2,SIMULATED,SIMULATED,SIMULATED,SIMULATED
95.4,90.4,77,808.1488,28.7507,270.4958,-0.3189,3,SIMULATED,SIMULATED,SIMULATED,SIMULATED
95.4,90.4,44,237.3959,406.5634,252.7743,-0.088,3,SIMULATED,SIMULATED,SIMULATED,SIMULATED
95.4,90.4,55,126.721,669.379,256.1857,0.0,2,SIMULATED,SIMULATED,SIMULATED,SIMULATED
95.4,90.4,4,507.6107,-89.7699,270.5432,-0.0,4,SIMULATED,SIMULATED,SIMULATED,SIMULATED
95.4,90.4,23,417.7197,201.448,312.7689,-0.1229,3,SIMULATED,SIMULATED,SIMULATED,SIMULATED
95.4,90.4,16,471.8262,754.1126,265.0171,-0.0004,2,SIMULATED,SIMULATED,SIMULATED,SIMULATED
95.6,90.6,77,803.3862,14.27,271.3057,0.1147,3,SIMULATED,SIMULATED,SIMULATED,SIMULATED
95.6,90.6,44,223.6835,403.3997,252.7453,-0.0041,3,SIMULATED,SIMULATED,SIMULATED,SIMULATED
95.6,90.6,55,137.6886,661.6934,256.1857,0.0,2,SIMULATED,SIMULATED,SIMULATED,SIMULATED
95.6,90.6,4,492.77,-86.8676,271.9891,0.2047,4,SIMULATED,SIMULATED,SIMULATED,SIMULATED
95.6,90.6,23,435.037,201.7199,311.9899,-0.1103,3,SIMULATED,SIMULATED,SIMULATED,SIMULATED
95.6,90.6,16,483.2634,745.1652,265.0171,0.0,2,SIMULATED,SIMULATED,SIMULATED,SIMULATED
95.8,90.8,77,796.5961,0.6289,273.5697,0.3205,3,SIMULATED,SIMULATED,SIMULATED,SIMULATED
95.8,90.8,44,210.1226,399.2895,252.7453,0.0,3,SIMULATED,SIMULATED,SIMULATED,SIMULATED
95.8,90.8,55,151.262,660.0206,256.1857,0.0,2,SIMULATED,SIMULATED,SIMULATED,SIMULATED
95.8,90.8,4,477.7747,-84.0984,274.2131,0.3149,4,SIMULATED,SIMULATED,SIMULATED,SIMULATED
95.8,90.8,23,452.2572,202.4486,310.4203,-0.2222,3,SIMULATED,SIMULATED,SIMULATED,SIMULATED
95.8,90.8,16,491.8972,733.4769,265.0171,0.0,2,SIMULATED,SIMULATED,SIMULATED,SIMULATED
96.0,91.0,77,789.1001,-12.8045,275.9771,0.3408,3,SIMULATED,SIMULATED,SIMULATED,SIMULATED
96.0,91.0,44,197.1719,393.7361,252.7453,0.0,3,SIMULATED,SIMULATED,SIMULATED,SIMULATED
96.0,91.0,55,165.0805,661.8361,256.1857,0.0,2,SIMULATED,SIMULATED,SIMULATED,SIMULATED
96.0,91.0,4,462.5971,-81.4512,277.174,0.4192,4,SIMULATED,SIMULATED,SIMULATED,SIMULATED
96.0,91.0,23,469.3674,203.5418,308.7751,-0.2329,3,SIMULATED,SIMULATED,SIMULATED,SIMULATED
96.0,91.0,16,497.4422,720.0543,265.0171,0.0,2,SIMULATED,SIMULATED,SIMULATED,SIMULATED
96.2,91.2,77,781.0223,-26.0227,278.3931,0.342,3,SIMULATED,SIMULATED,SIMULATED,SIMULATED
96.2,91.2,44,184.8894,386.6351,252.7453,0.0,3,SIMULATED,SIMULATED,SIMULATED,SIMULATED
96.2,91.2,55,178.7471,665.4882,256.0437,-0.0201,2,SIMULATED,SIMULATED,SIMULATED,SIMULATED
96.2,91.2,4,447.0586,-79.2211,281.5628,0.6214,4,SIMULATED,SIMULATED,SIMULATED,SIMULATED
96.2,91.2,23,486.35,204.8562,306.8042,-0.279,3,SIMULATED,SIMULATED,SIMULATED,SIMULATED
96.2,91.2,16,499.8078,705.6758,265.013,-0.0006,2,SIMULATED,SIMULATED,SIMULATED,SIMULATED
96.4,91.4,77,772.5949,-39.0952,279.745,0.1914,4,SIMULATED,SIMULATED,SIMULATED,SIMULATED
96.4,91.4,44,174.3798,377.0421,252.7453,0.0,3,SIMULATED,SIMULATED,SIMULATED,SIMULATED
96.4,91.4,55,191.9735,670.1038,253.4971,-0.3605,2,SIMULATED,SIMULATED,SIMULATED,SIMULATED
96.4,91.4,4,431.2533,-77.8964,284.2215,0.3764,4,SIMULATED,SIMULATED,SIMULATED,SIMULATED
96.4,91.4,23,503.3028,206.4469,306.6127,-0.0271,3,SIMULATED,SIMULATED,SIMULATED,SIMULATED
96.4,91.4,16,499.2468,691.1397,263.5634,-0.2052,2,SIMULATED,SIMULATED,SIMULATED,SIMULATED
96.6,91.6,77,763.9451,-52.0323,279.8035,0.0083,4,SIMULATED,SIMULATED,SIMULATED,SIMULATED
96.6,91.6,44,166.7349,365.0272,252.7503,0.0007,3,SIMULATED,SIMULATED,SIMULATED,SIMULATED
96.6,91.6,55,204.8812,675.0453,249.1747,-0.612,2,SIMULATED,SIMULATED,SIMULATED,SIMULATED
96.6,91.6,4,415.0336,-78.6587,289.0894,0.6892,4,SIMULATED,SIMULATED,SIMULATED,SIMULATED
96.6,91.6,23,520.2356,208.2309,306.5261,-0.0123,3,SIMULATED,SIMULATED,SIMULATED,SIMULATED
96.6,91.6,16,494.6851,677.6459,259.8071,-0.5318,2,SIMULATED,SIMULATED,SIMULATED,SIMULATED
96.8,91.8,77,755.1542,-64.8849,280.1056,0.0428,4,SIMULATED,SIMULATED,SIMULATED,SIMULATED
96.8,91.8,44,163.13,351.0406,255.2384,0.3523,3,SIMULATED,SIMULATED,SIMULATED,SIMULATED
96.8,91.8,55,217.5897,680.1017,246.3788,-0.3958,2,SIMULATED,SIMULATED,SIMULATED,SIMULATED
96.8,91.8,4,398.9573,-82.3293,292.5792,0.4941,4,SIMULATED,SIMULATED,SIMULATED,SIMULATED
96.8,91.8,23,537.143,210.1146,306.259,-0.0378,3,SIMULATED,SIMULATED,SIMULATED,SIMULATED
96.8,91.8,16,487.6044,665.3907,257.141,-0.3775,2,SIMULATED,SIMULATED,SIMULATED,SIMULATED
97.0,92.0,77,746.2084,-77.6389,280.2318,0.0179,4,SIMULATED,SIMULATED,SIMULATED,SIMULATED
97.0,92.0,44,163.8852,336.3184,260.6573,0.7672,3,SIMULATED,SIMULATED,SIMULATED,SIMULATED
97.0,92.0,55,230.1645,685.2171,244.4875,-0.2678,2,SIMULATED,SIMULATED,SIMULATED,SIMULATED
97.0,92.0,4,383.824,-89.1386,294.9184,0.3312,4,SIMULATED,SIMULATED,SIMULATED,SIMULATED
97.0,92.0,23,554.0353,212.0854,306.1844,-0.0106,3,SIMULATED,SIMULATED,SIMULATED,SIMULATED
97.0,92.0,16,479.1035,654.1647,254.292,-0.4034,2,SIMULATED,SIMULATED,SIMULATED,SIMULATED
97.2,92.2,77,736.6727,-90.0359,280.2318,0.0,4,SIMULATED,SIMULATED,SIMULATED,SIMULATED
97.2,92.2,44,169.5725,322.461,265.2709,0.6532,3,SIMULATED,SIMULATED,SIMULATED,SIMULATED
97.2,92.2,55,242.7136,690.435,244.7589,0.0384,2,SIMULATED,SIMULATED,SIMULATED,SIMULATED
97.2,92.2,4,370.3482,-98.7222,294.9184,0.0,4,SIMULATED,SIMULATED,SIMULATED,SIMULATED
97.2,92.2,23,570.9209,214.1308,306.1844,0.0,3,SIMULATED,SIMULATED,SIMULATED,SIMULATED
97.2,92.2,16,469.9664,643.5542,252.483,-0.2561,2,SIMULATED,SIMULATED,SIMULATED,SIMULATED
97.4,92.4,77,725.6107,-101.2039,280.8766,0.0913,4,SIMULATED,SIMULATED,SIMULATED,SIMULATED
97.4,92.4,44,177.5794,309.889,266.5248,0.1775,3,SIMULATED,SIMULATED,SIMULATED,SIMULATED
97.4,92.4,55,255.2477,695.7572,245.3549,0.0844,2,SIMULATED,SIMULATED,SIMULATED,SIMULATED
97.4,92.4,4,358.7496,-110.5424,294.9184,0.0,4,SIMULATED,SIMULATED,SIMULATED,SIMULATED
97.4,92.4,23,587.7532,216.3015,305.5769,-0.086,3,SIMULATED,SIMULATED,SIMULATED,SIMULATED
97.4,92.4,16,460.6794,633.1269,251.2621,-0.1729,3,SIMULATED,SIMULATED,SIMULATED,SIMULATED
97.6,92.6,77,712.5838,-110.337,281.9112,0.1465,4,SIMULATED,SIMULATED,SIMULATED,SIMULATED
97.6,92.6,44,186.9021,298.2674,266.5248,0.0,3,SIMULATED,SIMULATED,SIMULATED,SIMULATED
97.6,92.6,55,267.7465,701.2332,245.8871,0.0753,2,SIMULATED,SIMULATED,SIMULATED,SIMULATED
97.6,92.6,4,348.6954,-123.6026,294.9184,0.0,4,SIMULATED,SIMULATED,SIMULATED,SIMULATED
97.6,92.6,23,604.5801,218.5461,305.5397,-0.0053,3,SIMULATED,SIMULATED,SIMULATED,SIMULATED
97.6,92.6,16,451.4732,622.5706,252.0482,0.1113,3,SIMULATED,SIMULATED,SIMULATED,SIMULATED
97.8,92.8,77,698.1413,-116.9167,283.4683,0.2204,4,SIMULATED,SIMULATED,SIMULATED,SIMULATED
97.8,92.8,44,197.1389,287.5099,266.5248,0.0,3,SIMULATED,SIMULATED,SIMULATED,SIMULATED
97.8,92.8,55,280.2653,706.8649,247.1952,0.1852,2,SIMULATED,SIMULATED,SIMULATED,SIMULATED
97.8,92.8,4,339.8691,-137.5328,294.9184,0.0,4,SIMULATED,SIMULATED,SIMULATED,SIMULATED
97.8,92.8,23,621.3741,220.5435,304.2877,-0.1773,3,SIMULATED,SIMULATED,SIMULATED,SIMULATED
97.8,92.8,16,442.4914,611.6952,253.6102,0.2211,3,SIMULATED,SIMULATED,SIMULATED,SIMULATED
98.0,93.0,77,682.6846,-120.9798,284.6862,0.1724,4,SIMULATED,SIMULATED,SIMULATED,SIMULATED
98.0,93.0,44,208.2671,277.6014,266.5248,-0.0,3,SIMULATED,SIMULATED,SIMULATED,SIMULATED
98.0,93.0,55,292.8171,712.6134,248.6283,0.2029,2,SIMULATED,SIMULATED,SIMULATED,SIMULATED
98.0,93.0,4,331.9938,-151.946,294.7357,-0.0259,4,SIMULATED,SIMULATED,SIMULATED,SIMULATED
98.0,93.0,23,638.1556,222.0945,303.0459,-0.1758,3,SIMULATED,SIMULATED,SIMULATED,SIMULATED
98.0,93.0,16,433.8168,600.371,256.2811,0.3781,3,SIMULATED,SIMULATED,SIMULATED,SIMULATED
98.2,93.2,77,666.8108,-122.0552,284.3004,-0.0546,4,SIMULATED,SIMULATED,SIMULATED,SIMULATED
98.2,93.2,44,219.8995,268.3466,266.867,0.0484,3,SIMULATED,SIMULATED,SIMULATED,SIMULATED
98.2,93.2,55,305.4726,718.4034,250.4726,0.2611,2,SIMULATED,SIMULATED,SIMULATED,SIMULATED
98.2,93.2,4,324.5638,-166.5199,294.128,-0.086,4,SIMULATED,SIMULATED,SIMULATED,SIMULATED
98.2,93.2,23,654.9573,222.96,302.2221,-0.1166,3,SIMULATED,SIMULATED,SIMULATED,SIMULATED
98.2,93.2,16,425.574,588.5634,258.8373,0.3619,3,SIMULATED,SIMULATED,SIMULATED,SIMULATED
98.4,93.4,77,650.9803,-121.1907,283.3772,-0.1307,4,SIMULATED,SIMULATED,SIMULATED,SIMULATED
98.4,93.4,44,231.9511,259.4984,268.316,0.2052,3,SIMULATED,SIMULATED,SIMULATED,SIMULATED
98.4,93.4,55,318.2359,724.2317,252.5655,0.2963,2,SIMULATED,SIMULATED,SIMULATED,SIMULATED
98.4,93.4,4,317.4985,-181.1457,291.8594,-0.3212,4,SIMULATED,SIMULATED,SIMULATED,SIMULATED
98.4,93.4,23,671.628,222.2676,299.8377,-0.3376,3,SIMULATED,SIMULATED,SIMULATED,SIMULATED
98.4,93.4,16,417.9003,576.1742,262.0298,0.452,3,SIMULATED,SIMULATED,SIMULATED,SIMULATED
98.6,93.6,77,635.4137,-118.9117,282.6267,-0.1062,4,SIMULATED,SIMULATED,SIMULATED,SIMULATED
98.6,93.6,44,244.3774,251.0719,269.744,0.2022,3,SIMULATED,SIMULATED,SIMULATED,SIMULATED
98.6,93.6,55,331.0861,730.043,253.6209,0.1494,2,SIMULATED,SIMULATED,SIMULATED,SIMULATED
98.6,93.6,4,310.7164,-195.6165,287.5555,-0.6093,4,SIMULATED,SIMULATED,SIMULATED,SIMULATED
98.6,93.6,23,687.9859,219.9229,296.6039,-0.4578,3,SIMULATED,SIMULATED,SIMULATED,SIMULATED
98.6,93.6,16,410.9131,563.1041,266.131,0.5806,3,SIMULATED,SIMULATED,SIMULATED,SIMULATED
98.8,93.8,77,620.129,-116.1004,279.1019,-0.499,4,SIMULATED,SIMULATED,SIMULATED,SIMULATED
98.8,93.8,44,257.269,243.0841,272.4014,0.3762,3,SIMULATED,SIMULATED,SIMULATED,SIMULATED
98.8,93.8,55,344.0483,735.7858,255.1384,0.2148,2,SIMULATED,SIMULATED,SIMULATED,SIMULATED
98.8,93.8,4,304.0962,-209.9418,283.9976,-0.5037,4,SIMULATED,SIMULATED,SIMULATED,SIMULATED
98.8,93.8,23,703.8033,215.5777,294.0243,-0.3652,3,SIMULATED,SIMULATED,SIMULATED,SIMULATED
98.8,93.8,16,404.5215,549.6043,268.5547,0.3431,3,SIMULATED,SIMULATED,SIMULATED,SIMULATED
99.0,94.0,77,605.0759,-113.0187,276.4477,-0.3758,4,SIMULATED,SIMULATED,SIMULATED,SIMULATED
99.0,94.0,44,270.7317,235.5817,276.3254,0.5556,3,SIMULATED,SIMULATED,SIMULATED,SIMULATED
99.0,94.0,55,357.0899,741.4895,256.0212,0.125,2,SIMULATED,SIMULATED,SIMULATED,SIMULATED
99.0,94.0,4,297.5464,-224.0882,280.6073,-0.48,4,SIMULATED,SIMULATED,SIMULATED,SIMULATED
99.0,94.0,23,718.5232,208.9164,290.3915,-0.5143,3,SIMULATED,SIMULATED,SIMULATED,SIMULATED
99.0,94.0,16,398.6423,535.6891,271.4294,0.407,3,SIMULATED,SIMULATED,SIMULATED,SIMULATED
99.2,94.2,77,590.2059,-109.8583,273.5487,-0.4104,4,SIMULATED,SIMULATED,SIMULATED,SIMULATED
99.2,94.2,44,284.718,228.6616,280.2318,0.5531,3,SIMULATED,SIMULATED,SIMULATED,SIMULATED
99.2,94.2,55,370.2985,747.0708,257.8305,0.2562,2,SIMULATED,SIMULATED,SIMULATED,SIMULATED
99.2,94.2,4,291.0392,-238.0708,277.6847,-0.4138,4,SIMULATED,SIMULATED,SIMULATED,SIMULATED
99.2,94.2,23,732.2139,200.2634,290.3915,0.0,3,SIMULATED,SIMULATED,SIMULATED,SIMULATED
99.2,94.2,16,393.3031,521.4515,273.5797,0.3044,3,SIMULATED,SIMULATED,SIMULATED,SIMULATED
99.4,94.4,77,575.4303,-106.6309,272.1439,-0.1989,4,SIMULATED,SIMULATED,SIMULATED,SIMULATED
99.4,94.4,44,299.3739,222.4701,285.3407,0.7233,3,SIMULATED,SIMULATED,SIMULATED,SIMULATED
99.4,94.4,55,383.7467,752.4712,260.5347,0.3829,2,SIMULATED,SIMULATED,SIMULATED,SIMULATED
99.4,94.4,4,284.5141,-251.9169,275.6148,-0.2931,4,SIMULATED,SIMULATED,SIMULATED,SIMULATED
99.4,94.4,23,744.6817,189.9205,290.3915,0.0,3,SIMULATED,SIMULATED,SIMULATED,SIMULATED
99.4,94.4,16,388.1256,507.1361,273.976,0.0561,3,SIMULATED,SIMULATED,SIMULATED,SIMULATED
99.6,94.6,77,560.6899,-103.3818,271.7009,-0.0627,4,SIMULATED,SIMULATED,SIMULATED,SIMULATED
99.6,94.6,44,314.6306,216.9206,291.1794,0.8266,3,SIMULATED,SIMULATED,SIMULATED,SIMULATED
99.6,94.6,55,397.5642,757.471,263.4365,0.4108,2,SIMULATED,SIMULATED,SIMULATED,SIMULATED
99.6,94.6,4,277.9347,-265.7186,275.3717,-0.0344,4,SIMULATED,SIMULATED,SIMULATED,SIMULATED
99.6,94.6,23,755.7468,178.1541,290.3915,0.0,3,SIMULATED,SIMULATED,SIMULATED,SIMULATED
99.6,94.6,16,382.5501,492.9728,274.2865,0.044,3,SIMULATED,SIMULATED,SIMULATED,SIMULATED
99.8,94.8,77,545.9784,-100.1418,271.1545,-0.0773,4,SIMULATED,SIMULATED,SIMULATED,SIMULATED
99.8,94.8,44,330.3904,211.9903,296.7709,0.7916,3,SIMULATED,SIMULATED,SIMULATED,SIMULATED
99.8,94.8,55,411.6653,761.7278,263.9351,0.0706,2,SIMULATED,SIMULATED,SIMULATED,SIMULATED
99.8,94.8,4,271.2925,-279.4708,274.9959,-0.0532,4,SIMULATED,SIMULATED,SIMULATED,SIMULATED
99.8,94.8,23,765.9253,165.5897,290.3915,0.0,3,SIMULATED,SIMULATED,SIMULATED,SIMULATED
99.8,94.8,16,376.5433,479.0581,273.3611,-0.131,3,SIMULATED,SIMULATED,SIMULATED,SIMULATED
100.0,95.0,77,531.2958,-96.9506,270.5871,-0.0803,4,SIMULATED,SIMULATED,SIMULATED,SIMULATED
100.0,95.0,44,346.7094,207.8884,301.7344,0.7027,3,SIMULATED,SIMULATED,SIMULATED,SIMULATED
100.0,95.0,55,426.3073,764.4794,264.9677,0.1462,2,SIMULATED,SIMULATED,SIMULATED,SIMULATED
100.0,95.0,4,264.612,-293.0955,273.2605,-0.2457,4,SIMULATED,SIMULATED,SIMULATED,SIMULATED
100.0,95.0,23,775.1219,152.2913,290.3915,0.0,3,SIMULATED,SIMULATED,SIMULATED,SIMULATED
100.0,95.0,16,369.193,465.9465,272.3176,-0.1477,3,SIMULATED,SIMULATED,SIMULATED,SIMULATED
100.2,95.2,77,516.5959,-93.8498,270.5432,-0.0062,4,SIMULATED,SIMULATED,SIMULATED,SIMULATED
100.2,95.2,44,363.5524,204.5941,307.847,0.8654,3,SIMULATED,SIMULATED,SIMULATED,SIMULATED
100.2,95.2,55,441.2096,764.7796,265.0198,0.0074,2,SIMULATED,SIMULATED,SIMULATED,SIMULATED
100.2,95.2,4,257.8425,-306.6534,272.9116,-0.0494,4,SIMULATED,SIMULATED,SIMULATED,SIMULATED
100.2,95.2,23,783.5066,138.4901,290.3915,0.0,3,SIMULATED,SIMULATED,SIMULATED,SIMULATED
100.2,95.2,16,359.9336,454.1083,272.2208,-0.0137,3,SIMULATED,SIMULATED,SIMULATED,SIMULATED
100.4,95.4,77,501.8523,-90.8608,270.8793,0.0476,4,SIMULATED,SIMULATED,SIMULATED,SIMULATED
100.4,95.4,44,380.7144,202.1134,311.5551,0.525,3,SIMULATED,SIMULATED,SIMULATED,SIMULATED
100.4,95.4,55,455.9963,762.5705,265.0198,0.0,2,SIMULATED,SIMULATED,SIMULATED,SIMULATED
100.4,95.4,4,250.9762,-320.1645,272.9334,0.0031,4,SIMULATED,SIMULATED,SIMULATED,SIMULATED
100.4,95.4,23,791.0893,124.2702,289.5379,-0.1209,3,SIMULATED,SIMULATED,SIMULATED,SIMULATED
100.4,95.4,16,349.1332,443.7547,271.385,-0.1183,3,SIMULATED,SIMULATED,SIMULATED,SIMULATED
100.6,95.6,77,486.9709,-88.015,273.015,0.3024,4,SIMULATED,SIMULATED,SIMULATED,SIMULATED
100.6,95.6,44,398.1433,200.6195,313.66,0.298,3,SIMULATED,SIMULATED,SIMULATED,SIMULATED
100.6,95.6,55,469.8835,757.0924,265.0171,-0.0004,2,SIMULATED,SIMULATED,SIMULATED,SIMULATED
100.6,95.6,4,244.0772,-333.5861,271.7972,-0.1609,4,SIMULATED,SIMULATED,SIMULATED,SIMULATED
100.6,95.6,23,797.7591,109.7801,286.6794,-0.4047,3,SIMULATED,SIMULATED,SIMULATED,SIMULATED
100.6,95.6,16,337.0021,435.0813,269.3941,-0.2819,3,SIMULATED,SIMULATED,SIMULATED,SIMULATED
100.8,95.8,77,471.9446,-85.2983,274.9624,0.2757,4,SIMULATED,SIMULATED,SIMULATED,SIMULATED
100.8,95.8,44,415.548,199.9651,312.915,-0.1055,3,SIMULATED,SIMULATED,SIMULATED,SIMULATED
100.8,95.8,55,482.209,748.5625,265.0171,0.0,2,SIMULATED,SIMULATED,SIMULATED,SIMULATED
100.8,95.8,4,237.123,-346.9503,271.2993,-0.0705,4,SIMULATED,SIMULATED,SIMULATED,SIMULATED
100.8,95.8,23,803.2575,95.0026,282.8718,-0.5391,3,SIMULATED,SIMULATED,SIMULATED,SIMULATED
100.8,95.8,16,323.9761,428.4696,264.9833,-0.6245,3,SIMULATED,SIMULATED,SIMULATED,SIMULATED
101.0,96.0,77,456.7047,-82.744,278.6259,0.5187,4,SIMULATED,SIMULATED,SIMULATED,SIMULATED
101.0,96.0,44,432.9428,200.1529,312.153,-0.1079,3,SIMULATED,SIMULATED,SIMULATED,SIMULATED
101.0,96.0,55,491.771,737.0318,265.0171,0.0,2,SIMULATED,SIMULATED,SIMULATED,SIMULATED
101.0,96.0,4,230.1176,-360.2393,270.4537,-0.1197,4,SIMULATED,SIMULATED,SIMULATED,SIMULATED
101.0,96.0,23,807.1664,79.9974,278.6319,-0.6003,3,SIMULATED,SIMULATED,SIMULATED,SIMULATED
101.0,96.0,16,310.544,423.2499,260.3067,-0.6621,3,SIMULATED,SIMULATED,SIMULATED,SIMULATED
101.2,96.2,77,441.1974,-80.8187,282.4627,0.5432,4,SIMULATED,SIMULATED,SIMULATED,SIMULATED
101.2,96.2,44,450.1966,200.8434,310.4975,-0.2344,3,SIMULATED,SIMULATED,SIMULATED,SIMULATED
101.2,96.2,55,498.2858,723.51,265.0171,0.0,2,SIMULATED,SIMULATED,SIMULATED,SIMULATED
101.2,96.2,4,223.0909,-373.4549,269.5316,-0.1306,4,SIMULATED,SIMULATED,SIMULATED,SIMULATED
101.2,96.2,23,809.739,64.7889,276.8241,-0.256,3,SIMULATED,SIMULATED,SIMULATED,SIMULATED
101.2,96.2,16,296.8431,419.1651,257.9041,-0.3402,3,SIMULATED,SIMULATED,SIMULATED,SIMULATED
101.4,96.4,77,425.457,-80.0632,285.9289,0.4907,4,SIMULATED,SIMULATED,SIMULATED,SIMULATED
101.4,96.4,44,467.3514,201.9021,309.0716,-0.2019,3,SIMULATED,SIMULATED,SIMULATED,SIMULATED
101.4,96.4,55,501.2444,708.9623,265.0166,-0.0001,2,SIMULATED,SIMULATED,SIMULATED,SIMULATED
101.4,96.4,4,216.0184,-386.5653,268.2585,-0.1802,4,SIMULATED,SIMULATED,SIMULATED,SIMULATED
101.4,96.4,23,810.646,49.6102,273.2504,-0.506,3,SIMULATED,SIMULATED,SIMULATED,SIMULATED
101.4,96.4,16,283.0756,415.637,256.0368,-0.2644,3,SIMULATED,SIMULATED,SIMULATED,SIMULATED
101.6,96.6,77,409.5884,-81.8511,290.8218,0.6927,4,SIMULATED,SIMULATED,SIMULATED,SIMULATED
101.6,96.6,44,484.3834,203.1738,307.0345,-0.2884,3,SIMULATED,SIMULATED,SIMULATED,SIMULATED
101.6,96.6,55,501.2332,694.059,264.0969,-0.1302,2,SIMULATED,SIMULATED,SIMULATED,SIMULATED
101.6,96.6,4,208.8521,-399.5757,267.5838,-0.0955,4,SIMULATED,SIMULATED,SIMULATED,SIMULATED
101.6,96.6,23,808.8268,34.6032,270.5981,-0.3755,3,SIMULATED,SIMULATED,SIMULATED,SIMULATED
101.6,96.6,16,269.2787,412.6074,254.6047,-0.2028,3,SIMULATED,SIMULATED,SIMULATED,SIMULATED
101.8,96.8,77,394.1763,-86.3289,293.9018,0.4361,4,SIMULATED,SIMULATED,SIMULATED,SIMULATED
101.8,96.8,44,501.3582,204.739,306.6127,-0.0597,3,SIMULATED,SIMULATED,SIMULATED,SIMULATED
101.8,96.8,55,497.4521,679.7666,260.7281,-0.477,2,SIMULATED,SIMULATED,SIMULATED,SIMULATED
101.8,96.8,4,201.5095,-412.4674,267.6487,0.0092,4,SIMULATED,SIMULATED,SIMULATED,SIMULATED
101.8,96.8,23,805.0868,19.9651,270.7948,0.0278,3,SIMULATED,SIMULATED,SIMULATED,SIMULATED
101.8,96.8,16,255.492,409.7327,253.5478,-0.1496,3,SIMULATED,SIMULATED,SIMULATED,SIMULATED
102.0,97.0,77,380.0182,-94.155,294.9184,0.1439,4,SIMULATED,SIMULATED,SIMULATED,SIMULATED
102.0,97.0,44,518.3018,206.5132,306.5601,-0.0074,3,SIMULATED,SIMULATED,SIMULATED,SIMULATED
102.0,97.0,55,490.7673,666.9576,257.8737,-0.4041,2,SIMULATED,SIMULATED,SIMULATED,SIMULATED
102.0,97.0,4,193.7069,-425.0617,267.8176,0.0239,4,SIMULATED,SIMULATED,SIMULATED,SIMULATED
102.0,97.0,23,798.9079,6.0823,272.6308,0.2599,3,SIMULATED,SIMULATED,SIMULATED,SIMULATED
102.0,97.0,16,241.7174,406.9582,252.9771,-0.0808,3,SIMULATED,SIMULATED,SIMULATED,SIMULATED
102.2,97.2,77,367.4292,-104.3224,294.9184,0.0,4,SIMULATED,SIMULATED,SIMULATED,SIMULATED
102.2,97.2,44,535.219,208.3881,306.2911,-0.0381,3,SIMULATED,SIMULATED,SIMULATED,SIMULATED
102.2,97.2,55,482.2939,655.3869,255.0034,-0.4064,2,SIMULATED,SIMULATED,SIMULATED,SIMULATED
102.2,97.2,4,184.9827,-436.9452,267.8176,0.0,4,SIMULATED,SIMULATED,SIMULATED,SIMULATED
102.2,97.2,23,791.62,-7.3794,275.3438,0.3841,3,SIMULATED,SIMULATED,SIMULATED,SIMULATED
102.2,97.2,16,227.9757,403.9606,252.7449,-0.0329,3,SIMULATED,SIMULATED,SIMULATED,SIMULATED
102.4,97.4,77,356.7061,-116.5363,294.9184,0.0,4,SIMULATED,SIMULATED,SIMULATED,SIMULATED
102.4,97.4,44,552.1231,210.3457,306.1844,-0.0151,3,SIMULATED,SIMULATED,SIMULATED,SIMULATED
102.4,97.4,55,473.1931,644.6583,252.5437,-0.3482,2,SIMULATED,SIMULATED,SIMULATED,SIMULATED
102.4,97.4,4,174.7525,-447.4405,267.8176,0.0,4,SIMULATED,SIMULATED,SIMULATED,SIMULATED
102.4,97.4,23,783.803,-20.693,277.4312,0.2955,3,SIMULATED,SIMULATED,SIMULATED,SIMULATED
102.4,97.4,16,214.4259,400.18,252.7453,0.0001,3,SIMULATED,SIMULATED,SIMULATED,SIMULATED
102.6,97.6,77,347.1958,-129.7506,294.9184,0.0,4,SIMULATED,SIMULATED,SIMULATED,SIMULATED
102.6,97.6,44,569.0128,212.3867,306.1844,0.0,3,SIMULATED,SIMULATED,SIMULATED,SIMULATED
102.6,97.6,55,463.9008,634.217,251.526,-0.1441,3,SIMULATED,SIMULATED,SIMULATED,SIMULATED
102.6,97.6,4,162.6026,-455.376,267.8176,0.0,4,SIMULATED,SIMULATED,SIMULATED,SIMULATED
102.6,97.6,23,775.4435,-33.7969,279.6736,0.3175,4,SIMULATED,SIMULATED,SIMULATED,SIMULATED
102.6,97.6,16,201.2789,395.1036,252.7453,0.0,3,SIMULATED,SIMULATED,SIMULATED,SIMULATED
102.8,97.8,77,338.876,-143.7729,294.9184,0.0,4,SIMULATED,SIMULATED,SIMULATED,SIMULATED
102.8,97.8,44,585.8687,214.5402,305.7025,-0.0682,3,SIMULATED,SIMULATED,SIMULATED,SIMULATED
102.8,97.8,55,454.6877,623.6914,251.9743,0.0635,3,SIMULATED,SIMULATED,SIMULATED,SIMULATED
102.8,97.8,4,149.0455,-460.7923,267.8176,0.0,4,SIMULATED,SIMULATED,SIMULATED,SIMULATED
102.8,97.8,23,766.8799,-46.7766,279.8035,0.0184,4,SIMULATED,SIMULATED,SIMULATED,SIMULATED
102.8,97.8,16,188.7974,388.6061,252.7453,0.0,3,SIMULATED,SIMULATED,SIMULATED,SIMULATED
103.0,98.0,77,331.2062,-158.2117,294.615,-0.043,4,SIMULATED,SIMULATED,SIMULATED,SIMULATED
103.0,98.0,44,602.6899,216.791,305.5397,-0.023,3,SIMULATED,SIMULATED,SIMULATED,SIMULATED
103.0,98.0,55,445.6877,612.9542,252.968,0.1407,3,SIMULATED,SIMULATED,SIMULATED,SIMULATED
103.0,98.0,4,134.5476,-463.0051,267.8176,0.0,4,SIMULATED,SIMULATED,SIMULATED,SIMULATED
103.0,98.0,23,758.1539,-59.6636,279.9937,0.0269,4,SIMULATED,SIMULATED,SIMULATED,SIMULATED
103.0,98.0,16,177.677,379.9246,252.7453,0.0,3,SIMULATED,SIMULATED,SIMULATED,SIMULATED
103.2,98.2,77,323.9583,-172.7746,293.2956,-0.1868,4,SIMULATED,SIMULATED,SIMULATED,SIMULATED
103.2,98.2,44,619.4608,218.8194,304.3737,-0.1651,3,SIMULATED,SIMULATED,SIMULATED,SIMULATED
103.2,98.2,55,436.9914,601.7612,255.7624,0.3956,3,SIMULATED,SIMULATED,SIMULATED,SIMULATED
103.2,98.2,4,120.1293,-462.247,267.8176,0.0,4,SIMULATED,SIMULATED,SIMULATED,SIMULATED
103.2,98.2,23,749.2601,-72.4457,280.2318,0.0337,4,SIMULATED,SIMULATED,SIMULATED,SIMULATED
103.2,98.2,16,169.0476,368.6867,252.7453,0.0,3,SIMULATED,SIMULATED,SIMULATED,SIMULATED
103.4,98.4,77,317.0158,-187.3168,290.2866,-0.426,4,SIMULATED,SIMULATED,SIMULATED,SIMULATED
103.4,98.4,44,636.1916,220.4425,303.2476,-0.1594,3,SIMULATED,SIMULATED,SIMULATED,SIMULATED
103.4,98.4,55,428.6564,590.1938,258.2861,0.3573,3,SIMULATED,SIMULATED,SIMULATED,SIMULATED
103.4,98.4,4,106.207,-457.676,267.8176,0.0,4,SIMULATED,SIMULATED,SIMULATED,SIMULATED
103.4,98.4,23,740.1137,-85.062,280.2318,0.0,4,SIMULATED,SIMULATED,SIMULATED,SIMULATED
103.4,98.4,16,164.2781,355.3479,253.9983,0.1774,3,SIMULATED,SIMULATED,SIMULATED,SIMULATED
103.6,98.6,77,310.3168,-201.7189,286.0747,-0.5963,4,SIMULATED,SIMULATED,SIMULATED,SIMULATED
103.6,98.6,44,652.9391,221.4401,302.5085,-0.1046,3,SIMULATED,SIMULATED,SIMULATED,SIMULATED
103.6,98.6,55,420.9457,577.959,261.1482,0.4052,3,SIMULATED,SIMULATED,SIMULATED,SIMULATED
103.6,98.6,4,93.7245,-450.2727,267.8176,0.0,4,SIMULATED,SIMULATED,SIMULATED,SIMULATED
103.6,98.6,23,729.6657,-96.7481,280.8224,0.0836,4,SIMULATED,SIMULATED,SIMULATED,SIMULATED
103.6,98.6,16,163.5644,340.8895,258.9766,0.7048,3,SIMULATED,SIMULATED,SIMULATED,SIMULATED
103.8,98.8,77,303.7261,-215.9782,282.7347,-0.4729,4,SIMULATED,SIMULATED,SIMULATED,SIMULATED
103.8,98.8,44,669.4682,220.9451,300.3068,-0.3117,3,SIMULATED,SIMULATED,SIMULATED,SIMULATED
103.8,98.8,55,413.8269,565.1256,265.2787,0.5848,3,SIMULATED,SIMULATED,SIMULATED,SIMULATED
103.8,98.8,4,83.0557,-440.2104,267.8176,0.0,4,SIMULATED,SIMULATED,SIMULATED,SIMULATED
103.8,98.8,23,717.5743,-106.713,280.9183,0.0136,4,SIMULATED,SIMULATED,SIMULATED,SIMULATED
103.8,98.8,16,167.9368,326.7429,264.5923,0.7951,3,SIMULATED,SIMULATED,SIMULATED,SIMULATED
104.0,99.0,77,297.1956,-230.0801,279.7284,-0.4256,4,SIMULATED,SIMULATED,SIMULATED,SIMULATED
104.0,99.0,44,685.7039,218.8528,296.873,-0.4862,3,SIMULATED,SIMULATED,SIMULATED,SIMULATED
104.0,99.0,55,407.3702,551.8053,267.9743,0.3816,3,SIMULATED,SIMULATED,SIMULATED,SIMULATED
104.0,99.0,4,73.7311,-428.8,267.8176,0.0,4,SIMULATED,SIMULATED,SIMULATED,SIMULATED
104.0,99.0,23,703.6516,-114.0844,282.7231,0.2555,4,SIMULATED,SIMULATED,SIMULATED,SIMULATED
104.0,99.0,16,175.3857,313.8929,266.5248,0.2736,3,SIMULATED,SIMULATED,SIMULATED,SIMULATED
104.2,99.2,77,290.6951,-243.9923,276.2639,-0.4905,4,SIMULATED,SIMULATED,SIMULATED,SIMULATED
104.2,99.2,44,701.4308,214.8249,294.5579,-0.3278,3,SIMULATED,SIMULATED,SIMULATED,SIMULATED
104.2,99.2,55,401.4287,538.0188,270.8195,0.4028,3,SIMULATED,SIMULATED,SIMULATED,SIMULATED
104.2,99.2,4,65.4013,-416.5084,267.8176,0.0,4,SIMULATED,SIMULATED,SIMULATED,SIMULATED
104.2,99.2,23,688.668,-119.2494,284.1457,0.2014,4,SIMULATED,SIMULATED,SIMULATED,SIMULATED
104.2,99.2,16,184.319,302.0274,266.5248,0.0,3,SIMULATED,SIMULATED,SIMULATED,SIMULATED
104.4,99.4,77,284.1401,-257.8271,275.5008,-0.108,4,SIMULATED,SIMULATED,SIMULATED,SIMULATED
104.4,99.4,44,716.0829,208.4463,290.6518,-0.553,3,SIMULATED,SIMULATED,SIMULATED,SIMULATED
104.4,99.4,55,396.0065,523.9006,273.2141,0.339,3,SIMULATED,SIMULATED,SIMULATED,SIMULATED
104.4,99.4,4,57.6625,-403.8675,268.0684,0.0355,4,SIMULATED,SIMULATED,SIMULATED,SIMULATED
104.4,99.4,23,672.9717,-121.417,284.1658,0.0028,4,SIMULATED,SIMULATED,SIMULATED,SIMULATED
104.4,99.4,16,194.3322,291.0627,266.5248,0.0,3,SIMULATED,SIMULATED,SIMULATED,SIMULATED
104.6,99.6,77,277.5323,-271.6224,275.2649,-0.0334,4,SIMULATED,SIMULATED,SIMULATED,SIMULATED
104.6,99.6,44,729.7306,200.1681,290.3915,-0.0369,3,SIMULATED,SIMULATED,SIMULATED,SIMULATED
104.6,99.6,55,390.8172,509.5915,274.0676,0.1208,3,SIMULATED,SIMULATED,SIMULATED,SIMULATED
104.6,99.6,4,50.2701,-390.9183,268.6404,0.081,4,SIMULATED,SIMULATED,SIMULATED,SIMULATED
104.6,99.6,23,657.1752,-121.232,283.5419,-0.0883,4,SIMULATED,SIMULATED,SIMULATED,SIMULATED
104.6,99.6,16,205.1223,280.8907,266.5248,0.0,3,SIMULATED,SIMULATED,SIMULATED,SIMULATED
104.8,99.8,77,270.8815,-285.3375,274.2886,-0.1382,4,SIMULATED,SIMULATED,SIMULATED,SIMULATED
104.8,99.8,44,742.2218,190.2739,290.3915,0.0,3,SIMULATED,SIMULATED,SIMULATED,SIMULATED
104.8,99.8,55,385.326,495.3426,274.1529,0.0121,3,SIMULATED,SIMULATED,SIMULATED,SIMULATED
104.8,99.8,4,43.0554,-377.7614,270.5407,0.269,4,SIMULATED,SIMULATED,SIMULATED,SIMULATED
104.8,99.8,23,641.5024,-119.4117,283.3477,-0.0275,4,SIMULATED,SIMULATED,SIMULATED,SIMULATED
104.8,99.8,16,216.6123,271.4876,266.5248,0.0,3,SIMULATED,SIMULATED,SIMULATED,SIMULATED
105.0,100.0,77,264.1735,-298.949,272.9275,-0.1927,4,SIMULATED,SIMULATED,SIMULATED,SIMULATED
105.0,100.0,44,753.3063,178.623,290.3915,0.0,3,SIMULATED,SIMULATED,SIMULATED,SIMULATED
105.0,100.0,55,379.4303,481.266,273.6729,-0.068,3,SIMULATED,SIMULATED,SIMULATED,SIMULATED
105.0,100.0,4,35.8436,-364.3459,274.1552,0.5117,4,SIMULATED,SIMULATED,SIMULATED,SIMULATED
105.0,100.0,23,626.1591,-116.7354,280.1634,-0.4508,4,SIMULATED,SIMULATED,SIMULATED,SIMULATED
105.0,100.0,16,228.5361,262.5729,267.8115,0.1822,3,SIMULATED,SIMULATED,SIMULATED,SIMULATED
105.2,100.2,77,257.3503,-312.5029,273.035,0.0152,4,SIMULATED,SIMULATED,SIMULATED,SIMULATED
105.2,100.2,44,763.5334,166.2642,290.3915,0.0,3,SIMULATED,SIMULATED,SIMULATED,SIMULATED
105.2,100.2,55,372.4247,467.7594,272.4625,-0.1714,3,SIMULATED,SIMULATED,SIMULATED,SIMULATED
105.2,100.2,4,28.5128,-350.7527,277.9529,0.5377,4,SIMULATED,SIMULATED,SIMULATED,SIMULATED
105.2,100.2,23,611.0296,-113.7451,277.4813,-0.3797,4,SIMULATED,SIMULATED,SIMULATED,SIMULATED
105.2,100.2,16,240.8162,253.9873,269.2381,0.202,3,SIMULATED,SIMULATED,SIMULATED,SIMULATED
105.4,100.4,77,250.4557,-325.9955,272.6785,-0.0505,4,SIMULATED,SIMULATED,SIMULATED,SIMULATED
105.4,100.4,44,772.7936,153.1604,290.3915,0.0,3,SIMULATED,SIMULATED,SIMULATED,SIMULATED
105.4,100.4,55,363.3198,455.3888,272.3663,-0.0136,3,SIMULATED,SIMULATED,SIMULATED,SIMULATED
105.4,100.4,4,21.0457,-337.0063,281.4997,0.5022,4,SIMULATED,SIMULATED,SIMULATED,SIMULATED
105.4,100.4,23,596.0938,-110.6155,274.5758,-0.4114,4,SIMULATED,SIMULATED,SIMULATED,SIMULATED
105.4,100.4,16,253.5714,245.899,271.5909,0.3331,3,SIMULATED,SIMULATED,SIMULATED,SIMULATED
105.6,100.6,77,243.5337,-339.4081,271.6065,-0.1518,4,SIMULATED,SIMULATED,SIMULATED,SIMULATED
105.6,100.6,44,781.2121,139.4447,290.3915,0.0,3,SIMULATED,SIMULATED,SIMULATED,SIMULATED
105.6,100.6,55,352.7474,444.5095,271.5699,-0.1128,3,SIMULATED,SIMULATED,SIMULATED,SIMULATED
105.6,100.6,4,13.4607,-323.1351,284.4991,0.4246,4,SIMULATED,SIMULATED,SIMULATED,SIMULATED
105.6,100.6,23,581.3112,-107.416,272.2043,-0.3358,4,SIMULATED,SIMULATED,SIMULATED,SIMULATED
105.6,100.6,16,266.8039,238.2442,274.9274,0.4724,3,SIMULATED,SIMULATED,SIMULATED,SIMULATED
105.8,100.8,77,236.5544,-352.7536,270.9838,-0.0882,4,SIMULATED,SIMULATED,SIMULATED,SIMULATED
105.8,100.8,44,788.8733,125.3757,289.736,-0.0928,3,SIMULATED,SIMULATED,SIMULATED,SIMULATED
105.8,100.8,55,340.5635,435.3824,270.1518,-0.2008,3,SIMULATED,SIMULATED,SIMULATED,SIMULATED
105.8,100.8,4,5.7206,-309.1195,288.1187,0.5125,4,SIMULATED,SIMULATED,SIMULATED,SIMULATED
105.8,100.8,23,566.5571,-104.1627,271.9552,-0.0353,4,SIMULATED,SIMULATED,SIMULATED,SIMULATED
105.8,100.8,16,280.6152,231.1504,278.8871,0.5606,3,SIMULATED,SIMULATED,SIMULATED,SIMULATED
106.0,101.0,77,229.5422,-366.0291,270.2064,-0.1101,4,SIMULATED,SIMULATED,SIMULATED,SIMULATED
106.0,101.0,44,795.6129,110.9952,286.9076,-0.4004,3,SIMULATED,SIMULATED,SIMULATED,SIMULATED
106.0,101.0,55,327.5143,428.1854,265.9963,-0.5883,3,SIMULATED,SIMULATED,SIMULATED,SIMULATED
106.0,101.0,4,-2.1165,-294.9665,291.2271,0.4401,4,SIMULATED,SIMULATED,SIMULATED,SIMULATED
106.0,101.0,23,551.835,-100.9195,271.3523,-0.0854,4,SIMULATED,SIMULATED,SIMULATED,SIMULATED
106.0,101.0,16,295.0442,224.7416,283.6981,0.6811,3,SIMULATED,SIMULATED,SIMULATED,SIMULATED
106.2,101.2,77,222.4994,-379.2137,268.9631,-0.176,4,SIMULATED,SIMULATED,SIMULATED,SIMULATED
106.2,101.2,44,801.2188,96.3585,283.4341,-0.4918,3,SIMULATED,SIMULATED,SIMULATED,SIMULATED
106.2,101.2,55,313.9701,422.5973,261.068,-0.6977,3,SIMULATED,SIMULATED,SIMULATED,SIMULATED
106.2,101.2,4,-10.044,-280.6519,294.4868,0.4615,4,SIMULATED,SIMULATED,SIMULATED,SIMULATED
106.2,101.2,23,537.1387,-97.7045,270.814,-0.0762,4,SIMULATED,SIMULATED,SIMULATED,SIMULATED
106.2,101.2,16,310.0766,218.9991,289.4074,0.8083,3,SIMULATED,SIMULATED,SIMULATED,SIMULATED
106.4,101.4,77,215.4006,-392.3085,268.0105,-0.1349,4,SIMULATED,SIMULATED,SIMULATED,SIMULATED
106.4,101.4,44,805.3024,81.5456,279.0568,-0.6197,3,SIMULATED,SIMULATED,SIMULATED,SIMULATED
106.4,101.4,55,300.2103,418.3276,258.2743,-0.3955,3,SIMULATED,SIMULATED,SIMULATED,SIMULATED
106.4,101.4,4,-18.1025,-266.1347,298.8871,0.623,4,SIMULATED,SIMULATED,SIMULATED,SIMULATED
106.4,101.4,23,522.4442,-94.5563,270.5432,-0.0383,4,SIMULATED,SIMULATED,SIMULATED,SIMULATED
106.4,101.4,16,325.6954,213.9262,295.1233,0.8092,3,SIMULATED,SIMULATED,SIMULATED,SIMULATED
106.6,101.6,77,208.161,-405.3036,267.3489,-0.0937,4,SIMULATED,SIMULATED,SIMULATED,SIMULATED
106.6,101.6,44,808.06,66.5077,277.2903,-0.2501,3,SIMULATED,SIMULATED,SIMULATED,SIMULATED
106.6,101.6,55,286.4008,414.718,256.4494,-0.2584,3,SIMULATED,SIMULATED,SIMULATED,SIMULATED
106.6,101.6,4,-26.2605,-251.4382,302.5388,0.517,4,SIMULATED,SIMULATED,SIMULATED,SIMULATED
106.6,101.6,23,507.7287,-91.5272,270.5432,0.0,4,SIMULATED,SIMULATED,SIMULATED,SIMULATED
106.6,101.6,16,341.8192,209.5289,300.2958,0.7323,3,SIMULATED,SIMULATED,SIMULATED,SIMULATED
106.8,101.8,77,200.6784,-418.1802,267.8176,0.0664,4,SIMULATED,SIMULATED,SIMULATED,SIMULATED
106.8,101.8,44,809.0857,51.4281,273.4115,-0.5492,3,SIMULATED,SIMULATED,SIMULATED,SIMULATED
106.8,101.8,55,272.5523,411.5608,254.8747,-0.2229,3,SIMULATED,SIMULATED,SIMULATED,SIMULATED
106.8,101.8,4,-34.5237,-236.5641,306.2906,0.5312,4,SIMULATED,SIMULATED,SIMULATED,SIMULATED
106.8,101.8,23,492.9096,-88.6246,271.9021,0.1924,4,SIMULATED,SIMULATED,SIMULATED,SIMULATED
106.8,101.8,16,358.4724,205.9968,306.1459,0.8283,3,SIMULATED,SIMULATED,SIMULATED,SIMULATED
107.0,102.0,77,192.4987,-430.7112,267.8176,0.0,4,SIMULATED,SIMULATED,SIMULATED,SIMULATED
107.0,102.0,44,807.6576,36.6725,271.037,-0.3362,3,SIMULATED,SIMULATED,SIMULATED,SIMULATED
107.0,102.0,55,258.7541,408.6673,253.6529,-0.173,3,SIMULATED,SIMULATED,SIMULATED,SIMULATED
107.0,102.0,4,-42.8741,-221.5072,309.9932,0.5242,4,SIMULATED,SIMULATED,SIMULATED,SIMULATED
107.0,102.0,23,477.9386,-85.854,274.1669,0.3206,4,SIMULATED,SIMULATED,SIMULATED,SIMULATED
107.0,102.0,16,375.5386,203.2908,310.543,0.6225,3,SIMULATED,SIMULATED,SIMULATED,SIMULATED
107.2,102.2,77,183.1545,-442.4224,267.8176,0.0,4,SIMULATED,SIMULATED,SIMULATED,SIMULATED
107.2,102.2,44,804.3338,22.2231,270.7143,-0.0457,3,SIMULATED,SIMULATED,SIMULATED,SIMULATED
107.2,102.2,55,244.9655,405.8719,253.1173,-0.0758,3,SIMULATED,SIMULATED,SIMULATED,SIMULATED
107.2,102.2,4,-51.2855,-206.2207,314.0633,0.5762,4,SIMULATED,SIMULATED,SIMULATED,SIMULATED
107.2,102.2,23,462.7798,-83.2068,277.0511,0.4084,4,SIMULATED,SIMULATED,SIMULATED,SIMULATED
107.2,102.2,16,392.863,201.4472,313.3267,0.3941,3,SIMULATED,SIMULATED,SIMULATED,SIMULATED
107.4,102.4,77,171.8288,-452.3246,267.8176,0.0,4,SIMULATED,SIMULATED,SIMULATED,SIMULATED
107.4,102.4,44,798.3952,8.4107,272.3492,0.2315,3,SIMULATED,SIMULATED,SIMULATED,SIMULATED
107.4,102.4,55,231.2441,402.9849,252.7442,-0.0528,3,SIMULATED,SIMULATED,SIMULATED,SIMULATED
107.4,102.4,4,-59.7867,-190.778,317.2963,0.4577,4,SIMULATED,SIMULATED,SIMULATED,SIMULATED
107.4,102.4,23,447.3335,-80.9669,281.4129,0.6175,4,SIMULATED,SIMULATED,SIMULATED,SIMULATED
107.4,102.4,16,410.2779,200.5913,313.2626,-0.0091,3,SIMULATED,SIMULATED,SIMULATED,SIMULATED
107.6,102.6,77,158.6967,-459.627,267.8176,0.0,4,SIMULATED,SIMULATED,SIMULATED,SIMULATED
107.6,102.6,44,791.2278,-5.0067,275.0554,0.3832,3,SIMULATED,SIMULATED,SIMULATED,SIMULATED
107.6,102.6,55,217.7779,399.4763,252.7453,0.0002,3,SIMULATED,SIMULATED,SIMULATED,SIMULATED
107.6,102.6,4,-68.3306,-175.2371,319.2269,0.2733,4,SIMULATED,SIMULATED,SIMULATED,SIMULATED
107.6,102.6,23,431.6435,-79.6222,284.0841,0.3782,4,SIMULATED,SIMULATED,SIMULATED,SIMULATED
107.6,102.6,16,427.6417,200.5199,312.3055,-0.1355,3,SIMULATED,SIMULATED,SIMULATED,SIMULATED
107.8,102.8,77,144.2521,-464.0975,267.8176,0.0,4,SIMULATED,SIMULATED,SIMULATED,SIMULATED
107.8,102.8,44,783.4981,-18.2855,277.1058,0.2903,3,SIMULATED,SIMULATED,SIMULATED,SIMULATED
107.8,102.8,55,204.6634,394.7236,252.7453,0.0,3,SIMULATED,SIMULATED,SIMULATED,SIMULATED
107.8,102.8,4,-76.9073,-159.6407,320.4,0.1661,4,SIMULATED,SIMULATED,SIMULATED,SIMULATED
107.8,102.8,23,415.7177,-80.2931,288.9397,0.6874,4,SIMULATED,SIMULATED,SIMULATED,SIMULATED
107.8,102.8,16,444.9201,201.0797,310.8047,-0.2125,3,SIMULATED,SIMULATED,SIMULATED,SIMULATED
108.0,103.0,77,129.2979,-465.3453,267.8176,0.0,4,SIMULATED,SIMULATED,SIMULATED,SIMULATED
108.0,103.0,44,775.2278,-31.3769,279.432,0.3293,4,SIMULATED,SIMULATED,SIMULATED,SIMULATED
108.0,103.0,55,192.2223,388.6204,252.7453,0.0,3,SIMULATED,SIMULATED,SIMULATED,SIMULATED
108.0,103.0,4,-85.4767,-144.0394,320.4,0.0,4,SIMULATED,SIMULATED,SIMULATED,SIMULATED
108.0,103.0,23,399.9775,-83.7787,292.5371,0.5093,4,SIMULATED,SIMULATED,SIMULATED,SIMULATED
108.0,103.0,16,462.112,202.0493,309.8007,-0.1422,3,SIMULATED,SIMULATED,SIMULATED,SIMULATED
108.2,103.2,77,114.4118,-463.045,267.8176,0.0,4,SIMULATED,SIMULATED,SIMULATED,SIMULATED
108.2,103.2,44,766.692,-44.3542,279.8035,0.0526,4,SIMULATED,SIMULATED,SIMULATED,SIMULATED
108.2,103.2,55,181.0023,380.7449,252.7453,0.0,3,SIMULATED,SIMULATED,SIMULATED,SIMULATED
108.2,103.2,4,-94.0507,-128.4399,320.4,0.0,4,SIMULATED,SIMULATED,SIMULATED,SIMULATED
108.2,103.2,23,385.1325,-90.3341,294.9184,0.3372,4,SIMULATED,SIMULATED,SIMULATED,SIMULATED
108.2,103.2,16,479.1608,203.2744,307.6009,-0.3114,3,SIMULATED,SIMULATED,SIMULATED,SIMULATED
108.4,103.4,77,100.4748,-457.2373,267.8176,0.0,4,SIMULATED,SIMULATED,SIMULATED,SIMULATED
108.4,103.4,44,758.0074,-57.2366,279.9536,0.0212,4,SIMULATED,SIMULATED,SIMULATED,SIMULATED
108.4,103.4,55,172.0742,370.336,252.7453,0.0,3,SIMULATED,SIMULATED,SIMULATED,SIMULATED
108.4,103.4,4,-102.6445,-112.8502,320.4,0.0,4,SIMULATED,SIMULATED,SIMULATED,SIMULATED
108.4,103.4,23,371.8171,-99.7141,294.9184,0.0,4,SIMULATED,SIMULATED,SIMULATED,SIMULATED
108.4,103.4,16,496.1417,204.7304,306.6575,-0.1336,3,SIMULATED,SIMULATED,SIMULATED,SIMULATED
108.6,103.6,77,88.2102,-448.5638,267.8176,0.0,4,SIMULATED,SIMULATED,SIMULATED,SIMULATED
108.6,103.6,44,749.1306,-70.0178,280.2318,0.0394,4,SIMULATED,SIMULATED,SIMULATED,SIMULATED
108.6,103.6,55,166.6129,357.8929,253.4026,0.0931,3,SIMULATED,SIMULATED,SIMULATED,SIMULATED
108.6,103.6,4,-111.2567,-97.2715,320.4,0.0,1,SIMULATED,SIMULATED,SIMULATED,SIMULATED
108.6,103.6,23,360.3672,-111.267,294.9184,0.0,4,SIMULATED,SIMULATED,SIMULATED,SIMULATED
108.6,103.6,16,513.0974,206.4538,306.6127,-0.0063,3,SIMULATED,SIMULATED,SIMULATED,SIMULATED
108.8,103.8,77,77.8833,-437.6466,267.8176,0.0,4,SIMULATED,SIMULATED,SIMULATED,SIMULATED
108.8,103.8,44,740.0625,-82.6311,280.2318,0.0,4,SIMULATED,SIMULATED,SIMULATED,SIMULATED
108.8,103.8,55,165.0872,344.0302,258.2196,0.682,3,SIMULATED,SIMULATED,SIMULATED,SIMULATED
108.8,103.8,4,-119.8663,-81.691,320.4,0.0,1,SIMULATED,SIMULATED,SIMULATED,SIMULATED
108.8,103.8,23,350.3701,-124.1828,294.9184,0.0,4,SIMULATED,SIMULATED,SIMULATED,SIMULATED
108.8,103.8,16,530.0193,208.3048,306.3699,-0.0344,3,SIMULATED,SIMULATED,SIMULATED,SIMULATED
109.0,104.0,77,68.88,-425.6705,267.8176,0.0,4,SIMULATED,SIMULATED,SIMULATED,SIMULATED
109.0,104.0,44,729.9548,-94.3148,280.656,0.0601,4,SIMULATED,SIMULATED,SIMULATED,SIMULATED
109.0,104.0,55,168.0964,330.2989,263.1711,0.701,3,SIMULATED,SIMULATED,SIMULATED,SIMULATED
109.0,104.0,4,-128.4828,-66.1159,320.4,-0.0,1,SIMULATED,SIMULATED,SIMULATED,SIMULATED
109.0,104.0,23,341.5918,-137.9494,294.9184,0.0,4,SIMULATED,SIMULATED,SIMULATED,SIMULATED
109.0,104.0,16,546.9208,210.238,306.1844,-0.0263,3,SIMULATED,SIMULATED,SIMULATED,SIMULATED
109.2,104.2,77,60.7043,-413.1796,267.8176,0.0,4,SIMULATED,SIMULATED,SIMULATED,SIMULATED
109.2,104.2,44,718.3874,-104.412,280.8766,0.0312,4,SIMULATED,SIMULATED,SIMULATED,SIMULATED
109.2,104.2,55,175.1176,317.4424,266.5248,0.4748,3,SIMULATED,SIMULATED,SIMULATED,SIMULATED
109.2,104.2,4,-137.1011,-50.5418,320.4,0.0,1,SIMULATED,SIMULATED,SIMULATED,SIMULATED
109.2,104.2,23,333.7325,-152.2887,294.7531,-0.0234,4,SIMULATED,SIMULATED,SIMULATED,SIMULATED
109.2,104.2,16,563.814,212.2557,306.1844,0.0,3,SIMULATED,SIMULATED,SIMULATED,SIMULATED
109.4,104.4,77,53.0824,-400.3488,268.121,0.043,4,SIMULATED,SIMULATED,SIMULATED,SIMULATED
109.4,104.4,44,704.8026,-111.9175,282.4244,0.2191,4,SIMULATED,SIMULATED,SIMULATED,SIMULATED
109.4,104.4,55,183.6681,305.527,266.5248,0.0,3,SIMULATED,SIMULATED,SIMULATED,SIMULATED
109.4,104.4,4,-145.7121,-34.9627,320.4,-0.0,1,SIMULATED,SIMULATED,SIMULATED,SIMULATED
109.4,104.4,23,326.3058,-166.8391,294.1983,-0.0785,4,SIMULATED,SIMULATED,SIMULATED,SIMULATED
109.4,104.4,16,580.6859,214.3662,306.0112,-0.0245,3,SIMULATED,SIMULATED,SIMULATED,SIMULATED
109.6,104.6,77,45.7356,-387.2848,269.33,0.1712,4,SIMULATED,SIMULATED,SIMULATED,SIMULATED
109.6,104.6,44,690.247,-117.3513,283.7957,0.1942,4,SIMULATED,SIMULATED,SIMULATED,SIMULATED
109.6,104.6,55,193.3438,294.4823,266.5248,-0.0,3,SIMULATED,SIMULATED,SIMULATED,SIMULATED
109.6,104.6,4,-154.329,-19.3872,320.4,0.0,1,SIMULATED,SIMULATED,SIMULATED,SIMULATED
109.6,104.6,23,319.2461,-181.4264,291.9277,-0.3215,4,SIMULATED,SIMULATED,SIMULATED,SIMULATED
109.6,104.6,16,597.5166,216.5995,305.5397,-0.0667,3,SIMULATED,SIMULATED,SIMULATED,SIMULATED
109.8,104.8,77,38.544,-374.0148,271.573,0.3176,4,SIMULATED,SIMULATED,SIMULATED,SIMULATED
109.8,104.8,44,674.8822,-119.8454,284.0558,0.0368,4,SIMULATED,SIMULATED,SIMULATED,SIMULATED
109.8,104.8,55,203.9541,284.2532,266.5248,0.0,3,SIMULATED,SIMULATED,SIMULATED,SIMULATED
109.8,104.8,4,-162.9459,-3.8122,320.4,0.0,1,SIMULATED,SIMULATED,SIMULATED,SIMULATED
109.8,104.8,23,312.4624,-195.8948,287.6816,-0.6012,4,SIMULATED,SIMULATED,SIMULATED,SIMULATED
109.8,104.8,16,614.308,218.7442,304.9157,-0.0883,3,SIMULATED,SIMULATED,SIMULATED,SIMULATED
110.0,105.0,77,31.2937,-360.5322,275.5878,0.5684,4,SIMULATED,SIMULATED,SIMULATED,SIMULATED
110.0,105.0,44,659.2487,-119.8926,283.665,-0.0553,4,SIMULATED,SIMULATED,SIMULATED,SIMULATED
110.0,105.0,55,215.1594,274.7372,266.5248,0.0,3,SIMULATED,SIMULATED,SIMULATED,SIMULATED
110.0,105.0,4,-171.5583,11.7651,320.4,0.0,1,SIMULATED,SIMULATED,SIMULATED,SIMULATED
110.0,105.0,23,305.8407,-210.2201,284.0962,-0.5076,4,SIMULATED,SIMULATED,SIMULATED,SIMULATED
110.0,105.0,16,631.0826,220.5144,303.7417,-0.1662,3,SIMULATED,SIMULATED,SIMULATED,SIMULATED
110.2,105.2,77,23.9154,-346.8911,279.1977,0.5111,4,SIMULATED,SIMULATED,SIMULATED,SIMULATED
110.2,105.2,44,643.6438,-118.2096,283.5271,-0.0195,4,SIMULATED,SIMULATED,SIMULATED,SIMULATED
110.2,105.2,55,227.0011,265.8033,267.4624,0.1327,3,SIMULATED,SIMULATED,SIMULATED,SIMULATED
110.2,105.2,4,-180.1725,27.3423,320.4,0.0,1,SIMULATED,SIMULATED,SIMULATED,SIMULATED
110.2,105.2,23,299.2891,-224.3706,280.6823,-0.4833,4,SIMULATED,SIMULATED,SIMULATED,SIMULATED
110.2,105.2,16,647.8438,221.6969,302.948,-0.1124,3,SIMULATED,SIMULATED,SIMULATED,SIMULATED
110.4,105.4,77,16.4135,-333.1053,282.5355,0.4726,4,SIMULATED,SIMULATED,SIMULATED,SIMULATED
110.4,105.4,44,628.3299,-115.6185,280.6009,-0.4143,4,SIMULATED,SIMULATED,SIMULATED,SIMULATED
110.4,105.4,55,239.1611,257.1714,268.9842,0.2155,3,SIMULATED,SIMULATED,SIMULATED,SIMULATED
110.4,105.4,4,-188.7785,42.9227,320.4,0.0,1,SIMULATED,SIMULATED,SIMULATED,SIMULATED
110.4,105.4,23,292.778,-238.3655,277.8058,-0.4072,4,SIMULATED,SIMULATED,SIMULATED,SIMULATED
110.4,105.4,16,664.4868,221.8687,300.9471,-0.2833,3,SIMULATED,SIMULATED,SIMULATED,SIMULATED
110.6,105.6,77,8.7775,-319.1811,285.9118,0.478,4,SIMULATED,SIMULATED,SIMULATED,SIMULATED
110.6,105.6,44,613.1977,-112.6542,277.8072,-0.3955,4,SIMULATED,SIMULATED,SIMULATED,SIMULATED
110.6,105.6,55,251.7165,249.0036,271.0303,0.2897,3,SIMULATED,SIMULATED,SIMULATED,SIMULATED
110.6,105.6,4,-197.3818,58.505,320.4,0.0,1,SIMULATED,SIMULATED,SIMULATED,SIMULATED
110.6,105.6,23,286.2513,-252.2198,275.6252,-0.3087,4,SIMULATED,SIMULATED,SIMULATED,SIMULATED
110.6,105.6,16,680.8926,220.1173,297.5378,-0.4827,3,SIMULATED,SIMULATED,SIMULATED,SIMULATED
110.8,105.8,77,0.9942,-305.1273,289.2313,0.47,4,SIMULATED,SIMULATED,SIMULATED,SIMULATED
110.8,105.8,44,598.2504,-109.5405,274.9564,-0.4036,4,SIMULATED,SIMULATED,SIMULATED,SIMULATED
110.8,105.8,55,264.8099,241.3181,273.9615,0.415,3,SIMULATED,SIMULATED,SIMULATED,SIMULATED
110.8,105.8,4,-205.9879,74.087,320.4,0.0,1,SIMULATED,SIMULATED,SIMULATED,SIMULATED
110.8,105.8,23,279.6699,-266.0325,275.3779,-0.035,4,SIMULATED,SIMULATED,SIMULATED,SIMULATED
110.8,105.8,16,696.8535,216.7929,295.4106,-0.3012,3,SIMULATED,SIMULATED,SIMULATED,SIMULATED
111.0,106.0,77,-6.8693,-290.9153,292.3471,0.4411,4,SIMULATED,SIMULATED,SIMULATED,SIMULATED
111.0,106.0,44,583.4676,-106.3556,272.3745,-0.3655,4,SIMULATED,SIMULATED,SIMULATED,SIMULATED
111.0,106.0,55,278.3675,234.0908,278.1342,0.5908,3,SIMULATED,SIMULATED,SIMULATED,SIMULATED
111.0,106.0,4,-214.6344,89.6497,320.4,0.0,1,SIMULATED,SIMULATED,SIMULATED,SIMULATED
111.0,106.0,23,273.0248,-279.7965,275.0419,-0.0476,4,SIMULATED,SIMULATED,SIMULATED,SIMULATED
111.0,106.0,16,711.9093,211.0595,291.7053,-0.5246,3,SIMULATED,SIMULATED,SIMULATED,SIMULATED
111.2,106.2,77,-14.8501,-276.533,296.1106,0.5328,4,SIMULATED,SIMULATED,SIMULATED,SIMULATED
111.2,106.2,44,568.7089,-103.101,272.0359,-0.0479,4,SIMULATED,SIMULATED,SIMULATED,SIMULATED
111.2,106.2,55,292.6168,227.6136,282.5666,0.6275,3,SIMULATED,SIMULATED,SIMULATED,SIMULATED
111.2,106.2,4,-223.2993,105.2009,320.4,0.0,1,SIMULATED,SIMULATED,SIMULATED,SIMULATED
111.2,106.2,23,266.3418,-293.4323,273.289,-0.2482,4,SIMULATED,SIMULATED,SIMULATED,SIMULATED
111.2,106.2,16,725.9906,203.3088,290.3915,-0.186,3,SIMULATED,SIMULATED,SIMULATED,SIMULATED
111.4,106.4,77,-22.9463,-261.9394,300.389,0.6057,4,SIMULATED,SIMULATED,SIMULATED,SIMULATED
111.4,106.4,44,553.9833,-99.8567,271.4151,-0.0879,4,SIMULATED,SIMULATED,SIMULATED,SIMULATED
111.4,106.4,55,307.4452,221.7669,288.1587,0.7917,3,SIMULATED,SIMULATED,SIMULATED,SIMULATED
111.4,106.4,4,-232.0017,120.7313,320.4,0.0,1,SIMULATED,SIMULATED,SIMULATED,SIMULATED
111.4,106.4,23,259.5704,-307.0008,272.901,-0.0549,4,SIMULATED,SIMULATED,SIMULATED,SIMULATED
111.4,106.4,16,738.8787,193.7722,290.3915,0.0,3,SIMULATED,SIMULATED,SIMULATED,SIMULATED
111.6,106.6,77,-31.143,-247.1837,303.8461,0.4895,4,SIMULATED,SIMULATED,SIMULATED,SIMULATED
111.6,106.6,44,539.2803,-96.6352,270.8861,-0.0749,4,SIMULATED,SIMULATED,SIMULATED,SIMULATED
111.6,106.6,55,322.8479,216.559,293.9373,0.8181,3,SIMULATED,SIMULATED,SIMULATED,SIMULATED
111.6,106.6,4,-240.7218,136.2509,320.4,0.0,1,SIMULATED,SIMULATED,SIMULATED,SIMULATED
111.6,106.6,23,252.7018,-320.5225,272.9382,0.0053,4,SIMULATED,SIMULATED,SIMULATED,SIMULATED
111.6,106.6,16,750.4002,182.5983,290.3915,0.0,3,SIMULATED,SIMULATED,SIMULATED,SIMULATED
111.8,106.8,77,-39.4415,-232.2357,307.7263,0.5494,4,SIMULATED,SIMULATED,SIMULATED,SIMULATED
111.8,106.8,44,524.581,-93.4773,270.5432,-0.0485,4,SIMULATED,SIMULATED,SIMULATED,SIMULATED
111.8,106.8,55,338.8027,212.0392,299.3036,0.7598,3,SIMULATED,SIMULATED,SIMULATED,SIMULATED
111.8,106.8,4,-249.4742,151.7546,320.4,0.0,1,SIMULATED,SIMULATED,SIMULATED,SIMULATED
111.8,106.8,23,245.799,-333.959,271.8393,-0.1556,4,SIMULATED,SIMULATED,SIMULATED,SIMULATED
111.8,106.8,16,760.9517,170.4221,290.3915,0.0,3,SIMULATED,SIMULATED,SIMULATED,SIMULATED
112.0,107.0,77,-47.8114,-217.0982,311.295,0.5053,4,SIMULATED,SIMULATED,SIMULATED,SIMULATED
112.0,107.0,44,509.8523,-90.4226,270.5432,0.0,4,SIMULATED,SIMULATED,SIMULATED,SIMULATED
112.0,107.0,55,355.2447,208.3479,304.8407,0.7839,3,SIMULATED,SIMULATED,SIMULATED,SIMULATED
112.0,107.0,4,-258.2534,167.2355,320.3467,-0.0075,1,SIMULATED,SIMULATED,SIMULATED,SIMULATED
112.0,107.0,23,238.842,-347.3344,271.3263,-0.0726,4,SIMULATED,SIMULATED,SIMULATED,SIMULATED
112.0,107.0,16,770.476,157.4684,290.3915,0.0,3,SIMULATED,SIMULATED,SIMULATED,SIMULATED
112.2,107.2,77,-56.2579,-201.7468,315.3893,0.5797,4,SIMULATED,SIMULATED,SIMULATED,SIMULATED
112.2,107.2,44,495.0417,-87.5034,271.5497,0.1425,4,SIMULATED,SIMULATED,SIMULATED,SIMULATED
112.2,107.2,55,372.1391,205.4472,309.8967,0.7158,3,SIMULATED,SIMULATED,SIMULATED,SIMULATED
112.2,107.2,4,-267.0028,182.6384,318.8399,-0.2133,1,SIMULATED,SIMULATED,SIMULATED,SIMULATED
112.2,107.2,23,231.8351,-360.6284,270.4748,-0.1205,4,SIMULATED,SIMULATED,SIMULATED,SIMULATED
112.2,107.2,16,779.1736,143.9272,290.3915,0.0,3,SIMULATED,SIMULATED,SIMULATED,SIMULATED
112.4,107.4,77,-64.7786,-186.264,318.0941,0.3829,4,SIMULATED,SIMULATED,SIMULATED,SIMULATED
112.4,107.4,44,480.0712,-84.7167,273.9798,0.344,4,SIMULATED,SIMULATED,SIMULATED,SIMULATED
112.4,107.4,55,389.3771,203.4839,313.0966,0.453,3,SIMULATED,SIMULATED,SIMULATED,SIMULATED
112.4,107.4,4,-275.6937,197.9303,316.6114,-0.3155,1,SIMULATED,SIMULATED,SIMULATED,SIMULATED
112.4,107.4,23,224.8051,-373.8556,269.5801,-0.1267,4,SIMULATED,SIMULATED,SIMULATED,SIMULATED
112.4,107.4,16,787.1617,129.9333,290.2258,-0.0235,3,SIMULATED,SIMULATED,SIMULATED,SIMULATED
112.6,107.6,77,-73.3403,-170.6978,319.7916,0.2403,4,SIMULATED,SIMULATED,SIMULATED,SIMULATED
112.6,107.6,44,464.9245,-82.0505,276.6065,0.3719,4,SIMULATED,SIMULATED,SIMULATED,SIMULATED
112.6,107.6,55,406.6652,202.3781,313.4003,0.043,3,SIMULATED,SIMULATED,SIMULATED,SIMULATED
112.6,107.6,4,-284.3208,213.1247,314.507,-0.2979,1,SIMULATED,SIMULATED,SIMULATED,SIMULATED
112.6,107.6,23,217.7297,-386.9767,268.2796,-0.1841,4,SIMULATED,SIMULATED,SIMULATED,SIMULATED
112.6,107.6,16,794.1015,115.5884,287.5246,-0.3824,3,SIMULATED,SIMULATED,SIMULATED,SIMULATED
112.8,107.8,77,-81.9133,-155.0972,320.4,0.0861,4,SIMULATED,SIMULATED,SIMULATED,SIMULATED
112.8,107.8,44,449.4538,-79.7131,280.807,0.5947,4,SIMULATED,SIMULATED,SIMULATED,SIMULATED
112.8,107.8,55,423.981,202.1934,312.411,-0.1401,3,SIMULATED,SIMULATED,SIMULATED,SIMULATED
112.8,107.8,4,-292.8523,228.1571,311.1355,-0.4773,1,SIMULATED,SIMULATED,SIMULATED,SIMULATED
112.8,107.8,23,210.5586,-400.0052,267.6038,-0.0957,4,SIMULATED,SIMULATED,SIMULATED,SIMULATED
112.8,107.8,16,800.1146,101.0203,284.7415,-0.394,3,SIMULATED,SIMULATED,SIMULATED,SIMULATED
113.0,108.0,77,-90.4826,-139.4958,320.4,0.0,4,SIMULATED,SIMULATED,SIMULATED,SIMULATED
113.0,108.0,44,433.7128,-78.2414,283.5286,0.3853,4,SIMULATED,SIMULATED,SIMULATED,SIMULATED
113.0,108.0,55,441.2366,202.6163,311.2409,-0.1657,3,SIMULATED,SIMULATED,SIMULATED,SIMULATED
113.0,108.0,4,-301.302,243.0399,308.0368,-0.4387,1,SIMULATED,SIMULATED,SIMULATED,SIMULATED
113.0,108.0,23,203.205,-412.9349,267.6293,0.0036,4,SIMULATED,SIMULATED,SIMULATED,SIMULATED
113.0,108.0,16,804.7591,86.1898,280.3464,-0.6223,3,SIMULATED,SIMULATED,SIMULATED,SIMULATED
113.2,108.2,77,-99.0629,-123.9021,320.4,0.0,4,SIMULATED,SIMULATED,SIMULATED,SIMULATED
113.2,108.2,44,417.5577,-78.5791,288.3344,0.6804,4,SIMULATED,SIMULATED,SIMULATED,SIMULATED
113.2,108.2,55,458.4033,203.5026,310.1959,-0.1479,3,SIMULATED,SIMULATED,SIMULATED,SIMULATED
113.2,108.2,4,-309.6697,257.7677,304.9028,-0.4437,1,SIMULATED,SIMULATED,SIMULATED,SIMULATED
113.2,108.2,23,195.376,-425.6198,267.8176,0.0267,4,SIMULATED,SIMULATED,SIMULATED,SIMULATED
113.2,108.2,16,807.8366,71.1027,278.2568,-0.2959,3,SIMULATED,SIMULATED,SIMULATED,SIMULATED
113.4,108.4,77,-107.658,-108.3167,320.4,0.0,1,SIMULATED,SIMULATED,SIMULATED,SIMULATED
113.4,108.4,44,401.5047,-81.7244,292.3666,0.5709,4,SIMULATED,SIMULATED,SIMULATED,SIMULATED
113.4,108.4,55,475.4624,204.6998,307.992,-0.312,3,SIMULATED,SIMULATED,SIMULATED,SIMULATED
113.4,108.4,4,-317.946,272.3449,301.7408,-0.4477,1,SIMULATED,SIMULATED,SIMULATED,SIMULATED
113.4,108.4,23,186.5837,-437.6763,267.8176,0.0,4,SIMULATED,SIMULATED,SIMULATED,SIMULATED
113.4,108.4,16,809.4355,56.02,274.5153,-0.5297,3,SIMULATED,SIMULATED,SIMULATED,SIMULATED
113.6,108.6,77,-116.2729,-92.7393,320.4,0.0,1,SIMULATED,SIMULATED,SIMULATED,SIMULATED
113.6,108.6,44,386.0942,-88.0001,294.872,0.3547,4,SIMULATED,SIMULATED,SIMULATED,SIMULATED
113.6,108.6,55,492.4255,206.1039,306.6914,-0.1841,3,SIMULATED,SIMULATED,SIMULATED,SIMULATED
113.6,108.6,4,-326.1436,286.78,298.7942,-0.4172,1,SIMULATED,SIMULATED,SIMULATED,SIMULATED
113.6,108.6,23,176.2161,-448.4181,267.8176,0.0,4,SIMULATED,SIMULATED,SIMULATED,SIMULATED
113.6,108.6,16,808.8679,41.0144,272.1124,-0.3402,3,SIMULATED,SIMULATED,SIMULATED,SIMULATED
113.8,108.8,77,-124.8865,-77.1632,320.4,0.0,1,SIMULATED,SIMULATED,SIMULATED,SIMULATED
113.8,108.8,44,372.428,-97.2648,294.9184,0.0066,4,SIMULATED,SIMULATED,SIMULATED,SIMULATED
113.8,108.8,55,509.3615,207.7737,306.6127,-0.0111,3,SIMULATED,SIMULATED,SIMULATED,SIMULATED
113.8,108.8,4,-334.2804,301.0652,295.8674,-0.4144,1,SIMULATED,SIMULATED,SIMULATED,SIMULATED
113.8,108.8,23,163.7346,-456.7236,267.8176,0.0,4,SIMULATED,SIMULATED,SIMULATED,SIMULATED
113.8,108.8,16,806.023,26.3357,270.5335,-0.2235,3,SIMULATED,SIMULATED,SIMULATED,SIMULATED
114.0,109.0,77,-133.5024,-61.5874,320.4,0.0,1,SIMULATED,SIMULATED,SIMULATED,SIMULATED
114.0,109.0,44,360.548,-108.7491,294.9184,0.0,4,SIMULATED,SIMULATED,SIMULATED,SIMULATED
114.0,109.0,55,526.2757,209.5934,306.4267,-0.0263,3,SIMULATED,SIMULATED,SIMULATED,SIMULATED
114.0,109.0,4,-342.3688,315.202,293.1225,-0.3886,1,SIMULATED,SIMULATED,SIMULATED,SIMULATED
114.0,109.0,23,149.8737,-462.3453,267.8176,0.0,4,SIMULATED,SIMULATED,SIMULATED,SIMULATED
114.0,109.0,16,800.8022,12.3209,271.7005,0.1652,3,SIMULATED,SIMULATED,SIMULATED,SIMULATED
114.2,109.2,77,-142.1186,-46.011,320.4,0.0,1,SIMULATED,SIMULATED,SIMULATED,SIMULATED
114.2,109.2,44,350.3299,-121.6588,294.9184,0.0,4,SIMULATED,SIMULATED,SIMULATED,SIMULATED
114.2,109.2,55,543.1735,211.5155,306.1844,-0.0343,3,SIMULATED,SIMULATED,SIMULATED,SIMULATED
114.2,109.2,4,-350.4134,329.2025,290.613,-0.3553,1,SIMULATED,SIMULATED,SIMULATED,SIMULATED
114.2,109.2,23,135.1248,-464.6678,267.8176,0.0,4,SIMULATED,SIMULATED,SIMULATED,SIMULATED
114.2,109.2,16,793.916,-1.2222,274.143,0.3458,3,SIMULATED,SIMULATED,SIMULATED,SIMULATED
114.4,109.4,77,-150.7314,-30.434,320.4,0.0,1,SIMULATED,SIMULATED,SIMULATED,SIMULATED
114.4,109.4,44,341.3092,-135.441,294.9184,0.0,4,SIMULATED,SIMULATED,SIMULATED,SIMULATED
114.4,109.4,55,560.0614,213.5118,306.1844,0.0,3,SIMULATED,SIMULATED,SIMULATED,SIMULATED
114.4,109.4,4,-358.4033,343.0592,287.9135,-0.3822,1,SIMULATED,SIMULATED,SIMULATED,SIMULATED
114.4,109.4,23,120.2058,-463.9827,267.8176,0.0,4,SIMULATED,SIMULATED,SIMULATED,SIMULATED
114.4,109.4,16,786.3161,-14.5412,276.3069,0.3064,3,SIMULATED,SIMULATED,SIMULATED,SIMULATED
114.6,109.6,77,-159.349,-14.8593,320.4,0.0,1,SIMULATED,SIMULATED,SIMULATED,SIMULATED
114.6,109.6,44,333.34,-149.7982,294.8237,-0.0134,4,SIMULATED,SIMULATED,SIMULATED,SIMULATED
114.6,109.6,55,576.9333,215.6008,306.1844,0.0,3,SIMULATED,SIMULATED,SIMULATED,SIMULATED
114.6,109.6,4,-366.349,356.7878,285.4767,-0.345,1,SIMULATED,SIMULATED,SIMULATED,SIMULATED
114.6,109.6,23,105.9356,-459.415,267.8176,0.0,4,SIMULATED,SIMULATED,SIMULATED,SIMULATED
114.6,109.6,16,778.1824,-27.7055,278.7932,0.352,3,SIMULATED,SIMULATED,SIMULATED,SIMULATED
114.8,109.8,77,-167.9653,0.7169,320.4,0.0,1,SIMULATED,SIMULATED,SIMULATED,SIMULATED
114.8,109.8,44,325.8677,-164.3692,294.4833,-0.0482,4,SIMULATED,SIMULATED,SIMULATED,SIMULATED
114.8,109.8,55,593.7547,217.8052,305.5397,-0.0913,3,SIMULATED,SIMULATED,SIMULATED,SIMULATED
114.8,109.8,4,-374.2194,370.3736,282.614,-0.4053,1,SIMULATED,SIMULATED,SIMULATED,SIMULATED
114.8,109.8,23,92.9915,-451.8729,267.8176,0.0,4,SIMULATED,SIMULATED,SIMULATED,SIMULATED
114.8,109.8,16,769.713,-40.7241,279.78,0.1397,4,SIMULATED,SIMULATED,SIMULATED,SIMULATED
115.0,110.0,77,-176.5766,16.295,320.4,0.0,1,SIMULATED,SIMULATED,SIMULATED,SIMULATED
115.0,110.0,44,318.7423,-178.9817,292.2046,-0.3226,4,SIMULATED,SIMULATED,SIMULATED,SIMULATED
115.0,110.0,55,610.5801,220.0227,305.3279,-0.03,3,SIMULATED,SIMULATED,SIMULATED,SIMULATED
115.0,110.0,4,-382.0061,383.8622,280.4137,-0.3115,1,SIMULATED,SIMULATED,SIMULATED,SIMULATED
115.0,110.0,23,82.0776,-441.6736,267.8176,0.0,4,SIMULATED,SIMULATED,SIMULATED,SIMULATED
115.0,110.0,16,761.053,-53.6325,279.855,0.0106,4,SIMULATED,SIMULATED,SIMULATED,SIMULATED
115.2,110.2,77,-185.1888,31.8735,320.4,0.0,1,SIMULATED,SIMULATED,SIMULATED,SIMULATED
115.2,110.2,44,311.9344,-193.4783,288.1922,-0.5681,4,SIMULATED,SIMULATED,SIMULATED,SIMULATED
115.2,110.2,55,627.4054,221.8582,304.0363,-0.1829,3,SIMULATED,SIMULATED,SIMULATED,SIMULATED
115.2,110.2,4,-389.7013,397.2636,278.2148,-0.3113,1,SIMULATED,SIMULATED,SIMULATED,SIMULATED
115.2,110.2,23,72.5945,-430.1439,267.8176,0.0,4,SIMULATED,SIMULATED,SIMULATED,SIMULATED
115.2,110.2,16,752.2416,-66.4518,280.1576,0.0428,4,SIMULATED,SIMULATED,SIMULATED,SIMULATED
115.4,110.4,77,-193.7949,47.4547,320.4,0.0,1,SIMULATED,SIMULATED,SIMULATED,SIMULATED
115.4,110.4,44,305.2957,-207.8263,284.4957,-0.5234,4,SIMULATED,SIMULATED,SIMULATED,SIMULATED
115.4,110.4,55,644.24,223.2264,302.948,-0.1541,3,SIMULATED,SIMULATED,SIMULATED,SIMULATED
115.4,110.4,4,-397.2963,410.5672,275.8524,-0.3345,1,SIMULATED,SIMULATED,SIMULATED,SIMULATED
115.4,110.4,23,64.2321,-417.824,267.8176,0.0,4,SIMULATED,SIMULATED,SIMULATED,SIMULATED
115.4,110.4,16,743.2869,-79.1674,280.2318,0.0105,4,SIMULATED,SIMULATED,SIMULATED,SIMULATED
115.6,110.6,77,-202.3961,63.0384,320.4,0.0,1,SIMULATED,SIMULATED,SIMULATED,SIMULATED
115.6,110.6,44,298.738,-221.9913,280.9931,-0.4959,4,SIMULATED,SIMULATED,SIMULATED,SIMULATED
115.6,110.6,55,661.031,223.66,301.3918,-0.2203,3,SIMULATED,SIMULATED,SIMULATED,SIMULATED
115.6,110.6,4,-404.7634,423.807,273.7902,-0.292,1,SIMULATED,SIMULATED,SIMULATED,SIMULATED
115.6,110.6,23,56.4202,-405.1147,268.0517,0.0331,4,SIMULATED,SIMULATED,SIMULATED,SIMULATED
115.6,110.6,16,733.6055,-91.2683,280.2468,0.0021,4,SIMULATED,SIMULATED,SIMULATED,SIMULATED
115.8,110.8,77,-211.0148,78.61,320.4,0.0,1,SIMULATED,SIMULATED,SIMULATED,SIMULATED
115.8,110.8,44,292.2238,-236.0089,278.2961,-0.3818,4,SIMULATED,SIMULATED,SIMULATED,SIMULATED
115.8,110.8,55,677.6941,222.2692,298.2933,-0.4387,3,SIMULATED,SIMULATED,SIMULATED,SIMULATED
115.8,110.8,4,-412.0433,436.9788,271.2237,-0.3634,1,SIMULATED,SIMULATED,SIMULATED,SIMULATED
115.8,110.8,23,49.0155,-392.1542,268.5815,0.075,4,SIMULATED,SIMULATED,SIMULATED,SIMULATED
115.8,110.8,16,722.336,-101.9416,280.8766,0.0892,4,SIMULATED,SIMULATED,SIMULATED,SIMULATED
116.0,111.0,77,-219.6642,94.1668,320.4,0.0,1,SIMULATED,SIMULATED,SIMULATED,SIMULATED
116.0,111.0,44,285.7066,-249.863,275.6676,-0.3721,4,SIMULATED,SIMULATED,SIMULATED,SIMULATED
116.0,111.0,55,693.9524,219.434,295.8412,-0.3472,3,SIMULATED,SIMULATED,SIMULATED,SIMULATED
116.0,111.0,4,-419.0555,450.1444,268.7107,-0.3558,1,SIMULATED,SIMULATED,SIMULATED,SIMULATED
116.0,111.0,23,41.7772,-378.9742,270.4828,0.2692,4,SIMULATED,SIMULATED,SIMULATED,SIMULATED
116.0,111.0,16,709.2635,-110.3222,282.1468,0.1798,4,SIMULATED,SIMULATED,SIMULATED,SIMULATED
116.2,111.2,77,-228.3375,109.7086,320.4,0.0,1,SIMULATED,SIMULATED,SIMULATED,SIMULATED
116.2,111.2,44,279.133,-263.675,275.4028,-0.0375,4,SIMULATED,SIMULATED,SIMULATED,SIMULATED
116.2,111.2,55,709.4849,213.987,292.458,-0.479,3,SIMULATED,SIMULATED,SIMULATED,SIMULATED
116.2,111.2,4,-425.8045,463.2657,266.1618,-0.3609,1,SIMULATED,SIMULATED,SIMULATED,SIMULATED
116.2,111.2,23,34.5689,-365.5649,274.0331,0.5026,4,SIMULATED,SIMULATED,SIMULATED,SIMULATED
116.2,111.2,16,694.8537,-116.4517,283.4683,0.1871,4,SIMULATED,SIMULATED,SIMULATED,SIMULATED
116.4,111.4,77,-237.0502,125.2278,320.4,0.0,1,SIMULATED,SIMULATED,SIMULATED,SIMULATED
116.4,111.4,44,272.5058,-277.437,275.0872,-0.0447,4,SIMULATED,SIMULATED,SIMULATED,SIMULATED
116.4,111.4,55,723.9711,206.5232,290.3915,-0.2926,3,SIMULATED,SIMULATED,SIMULATED,SIMULATED
116.4,111.4,4,-432.0632,476.455,263.5522,-0.3695,1,SIMULATED,SIMULATED,SIMULATED,SIMULATED
116.4,111.4,23,27.2431,-351.9791,277.8472,0.54,4,SIMULATED,SIMULATED,SIMULATED,SIMULATED
116.4,111.4,16,679.5715,-119.8726,284.3593,0.1262,4,SIMULATED,SIMULATED,SIMULATED,SIMULATED
116.6,111.6,77,-245.7754,140.7414,320.4,0.0,1,SIMULATED,SIMULATED,SIMULATED,SIMULATED
116.6,111.6,44,265.8331,-291.0757,273.4046,-0.2382,4,SIMULATED,SIMULATED,SIMULATED,SIMULATED
116.6,111.6,55,737.3953,197.2666,290.3915,0.0,3,SIMULATED,SIMULATED,SIMULATED,SIMULATED
116.6,111.6,4,-437.6373,489.7926,261.2738,-0.3226,1,SIMULATED,SIMULATED,SIMULATED,SIMULATED
116.6,111.6,23,19.7837,-338.2431,281.3894,0.5015,4,SIMULATED,SIMULATED,SIMULATED,SIMULATED
116.6,111.6,16,663.8922,-120.5337,284.043,-0.0448,4,SIMULATED,SIMULATED,SIMULATED,SIMULATED
116.8,111.8,77,-254.5414,156.2297,320.4,0.0,1,SIMULATED,SIMULATED,SIMULATED,SIMULATED
116.8,111.8,44,259.078,-304.6388,272.8579,-0.0774,4,SIMULATED,SIMULATED,SIMULATED,SIMULATED
116.8,111.8,55,749.3,186.2487,290.3915,0.0,3,SIMULATED,SIMULATED,SIMULATED,SIMULATED
116.8,111.8,4,-442.2283,503.3521,259.7745,-0.2123,1,SIMULATED,SIMULATED,SIMULATED,SIMULATED
116.8,111.8,23,12.2062,-324.3821,284.3784,0.4232,4,SIMULATED,SIMULATED,SIMULATED,SIMULATED
116.8,111.8,16,648.2634,-119.3208,283.5149,-0.0748,4,SIMULATED,SIMULATED,SIMULATED,SIMULATED
117.0,112.0,77,-263.3209,171.7061,320.2925,-0.0152,1,SIMULATED,SIMULATED,SIMULATED,SIMULATED
117.0,112.0,44,252.223,-318.1586,272.958,0.0142,4,SIMULATED,SIMULATED,SIMULATED,SIMULATED
117.0,112.0,55,760.0783,174.1163,290.3915,0.0,3,SIMULATED,SIMULATED,SIMULATED,SIMULATED
117.0,112.0,4,-445.8863,517.191,258.7791,-0.1409,1,SIMULATED,SIMULATED,SIMULATED,SIMULATED
117.0,112.0,23,4.4731,-310.3755,288.0237,0.5161,4,SIMULATED,SIMULATED,SIMULATED,SIMULATED
117.0,112.0,16,632.8029,-116.9596,281.8501,-0.2357,4,SIMULATED,SIMULATED,SIMULATED,SIMULATED
117.2,112.2,77,-272.0507,187.0665,318.0228,-0.3213,1,SIMULATED,SIMULATED,SIMULATED,SIMULATED
117.2,112.2,44,245.3269,-331.6013,272.0106,-0.1341,4,SIMULATED,SIMULATED,SIMULATED,SIMULATED
117.2,112.2,55,769.964,161.2299,290.3915,0.0,3,SIMULATED,SIMULATED,SIMULATED,SIMULATED
117.2,112.2,4,-447.8043,531.2145,258.7791,0.0,1,SIMULATED,SIMULATED,SIMULATED,SIMULATED
117.2,112.2,23,-3.3629,-296.2258,291.1313,0.44,4,SIMULATED,SIMULATED,SIMULATED,SIMULATED
117.2,112.2,16,617.618,-114.0607,278.5973,-0.4605,4,SIMULATED,SIMULATED,SIMULATED,SIMULATED
117.4,112.4,77,-280.721,202.3293,315.9534,-0.293,1,SIMULATED,SIMULATED,SIMULATED,SIMULATED
117.4,112.4,44,238.3882,-344.9763,271.3981,-0.0867,4,SIMULATED,SIMULATED,SIMULATED,SIMULATED
117.4,112.4,55,778.8521,147.72,290.3915,0.0,3,SIMULATED,SIMULATED,SIMULATED,SIMULATED
117.4,112.4,4,-447.7276,545.3624,258.7791,0.0,1,SIMULATED,SIMULATED,SIMULATED,SIMULATED
117.4,112.4,23,-11.2836,-281.9208,294.3481,0.4554,4,SIMULATED,SIMULATED,SIMULATED,SIMULATED
117.4,112.4,16,602.6106,-110.9678,275.8761,-0.3853,4,SIMULATED,SIMULATED,SIMULATED,SIMULATED
117.6,112.6,77,-289.315,217.4641,313.2843,-0.3779,1,SIMULATED,SIMULATED,SIMULATED,SIMULATED
117.6,112.6,44,231.3844,-358.2735,270.5607,-0.1186,4,SIMULATED,SIMULATED,SIMULATED,SIMULATED
117.6,112.6,55,786.9954,133.7176,290.3915,0.0,3,SIMULATED,SIMULATED,SIMULATED,SIMULATED
117.6,112.6,4,-444.5743,559.0835,258.7791,0.0,1,SIMULATED,SIMULATED,SIMULATED,SIMULATED
117.6,112.6,23,-19.3397,-267.4089,298.7588,0.6245,4,SIMULATED,SIMULATED,SIMULATED,SIMULATED
117.6,112.6,16,587.7754,-107.8003,273.0987,-0.3932,4,SIMULATED,SIMULATED,SIMULATED,SIMULATED
117.8,112.8,77,-297.8115,232.4413,309.9403,-0.4734,1,SIMULATED,SIMULATED,SIMULATED,SIMULATED
117.8,112.8,44,224.3619,-371.508,269.7775,-0.1109,4,SIMULATED,SIMULATED,SIMULATED,SIMULATED
117.8,112.8,55,794.2305,119.3352,288.3093,-0.2948,3,SIMULATED,SIMULATED,SIMULATED,SIMULATED
117.8,112.8,4,-437.8728,571.3067,258.7791,0.0,1,SIMULATED,SIMULATED,SIMULATED,SIMULATED
117.8,112.8,23,-27.4937,-252.7187,302.4353,0.5205,4,SIMULATED,SIMULATED,SIMULATED,SIMULATED
117.8,112.8,16,573.0115,-104.5614,272.1152,-0.1392,4,SIMULATED,SIMULATED,SIMULATED,SIMULATED
118.0,113.0,77,-306.2364,247.2704,307.0095,-0.4149,1,SIMULATED,SIMULATED,SIMULATED,SIMULATED
118.0,113.0,44,217.2976,-384.6308,268.3657,-0.1999,4,SIMULATED,SIMULATED,SIMULATED,SIMULATED
118.0,113.0,55,800.6294,104.6908,285.602,-0.3833,3,SIMULATED,SIMULATED,SIMULATED,SIMULATED
118.0,113.0,4,-428.1497,581.3609,258.7791,0.0,1,SIMULATED,SIMULATED,SIMULATED,SIMULATED
118.0,113.0,23,-35.7545,-237.8496,306.168,0.5285,4,SIMULATED,SIMULATED,SIMULATED,SIMULATED
118.0,113.0,16,558.2771,-101.3142,271.5801,-0.0758,4,SIMULATED,SIMULATED,SIMULATED,SIMULATED
118.2,113.2,77,-314.5702,261.9402,303.6878,-0.4703,1,SIMULATED,SIMULATED,SIMULATED,SIMULATED
118.2,113.2,44,210.1478,-397.6591,267.6854,-0.0963,4,SIMULATED,SIMULATED,SIMULATED,SIMULATED
118.2,113.2,55,805.4933,89.778,281.2379,-0.6179,3,SIMULATED,SIMULATED,SIMULATED,SIMULATED
118.2,113.2,4,-416.111,588.5719,258.7791,0.0,1,SIMULATED,SIMULATED,SIMULATED,SIMULATED
118.2,113.2,23,-44.1054,-222.7942,309.8904,0.527,4,SIMULATED,SIMULATED,SIMULATED,SIMULATED
118.2,113.2,16,543.5684,-98.0795,271.0598,-0.0737,4,SIMULATED,SIMULATED,SIMULATED,SIMULATED
118.4,113.4,77,-322.8155,276.4679,300.6724,-0.4269,1,SIMULATED,SIMULATED,SIMULATED,SIMULATED
118.4,113.4,44,202.8271,-410.5798,267.5501,-0.0191,4,SIMULATED,SIMULATED,SIMULATED,SIMULATED
118.4,113.4,55,808.9639,74.5804,278.3938,-0.4027,3,SIMULATED,SIMULATED,SIMULATED,SIMULATED
118.4,113.4,4,-402.6517,592.8355,258.7791,0.0,1,SIMULATED,SIMULATED,SIMULATED,SIMULATED
118.4,113.4,23,-52.515,-207.5125,313.9412,0.5735,4,SIMULATED,SIMULATED,SIMULATED,SIMULATED
118.4,113.4,16,528.8756,-94.9022,270.5432,-0.0731,4,SIMULATED,SIMULATED,SIMULATED,SIMULATED
118.6,113.6,77,-330.9867,290.8495,297.7455,-0.4144,1,SIMULATED,SIMULATED,SIMULATED,SIMULATED
118.6,113.6,44,195.1487,-423.2454,267.8176,0.0379,4,SIMULATED,SIMULATED,SIMULATED,SIMULATED
118.6,113.6,55,810.9862,59.3388,275.3969,-0.4243,3,SIMULATED,SIMULATED,SIMULATED,SIMULATED
118.6,113.6,4,-388.7492,594.3491,256.0167,-0.3911,1,SIMULATED,SIMULATED,SIMULATED,SIMULATED
118.6,113.6,23,-61.0139,-192.0736,317.2282,0.4654,4,SIMULATED,SIMULATED,SIMULATED,SIMULATED
118.6,113.6,16,514.1619,-91.8178,270.5432,0.0,4,SIMULATED,SIMULATED,SIMULATED,SIMULATED
118.8,113.8,77,-339.1046,305.0718,294.8137,-0.4151,1,SIMULATED,SIMULATED,SIMULATED,SIMULATED
118.8,113.8,44,186.6082,-435.2912,267.8176,0.0,4,SIMULATED,SIMULATED,SIMULATED,SIMULATED
118.8,113.8,55,810.8782,43.9768,272.7743,-0.3713,3,SIMULATED,SIMULATED,SIMULATED,SIMULATED
118.8,113.8,4,-375.0982,593.1747,251.0037,-0.7097,1,SIMULATED,SIMULATED,SIMULATED,SIMULATED
118.8,113.8,23,-69.5566,-176.5351,319.1734,0.2754,4,SIMULATED,SIMULATED,SIMULATED,SIMULATED
118.8,113.8,16,499.3893,-88.8395,271.125,0.0824,4,SIMULATED,SIMULATED,SIMULATED,SIMULATED
119.0,114.0,77,-347.1771,319.1557,292.2382,-0.3646,1,SIMULATED,SIMULATED,SIMULATED,SIMULATED
119.0,114.0,44,176.6213,-446.0675,267.8176,0.0,4,SIMULATED,SIMULATED,SIMULATED,SIMULATED
119.0,114.0,55,808.4151,29.002,270.4917,-0.3232,3,SIMULATED,SIMULATED,SIMULATED,SIMULATED
119.0,114.0,4,-362.0679,589.8077,246.5641,-0.6286,1,SIMULATED,SIMULATED,SIMULATED,SIMULATED
119.0,114.0,23,-78.1343,-160.9378,320.4,0.1737,4,SIMULATED,SIMULATED,SIMULATED,SIMULATED
119.0,114.0,16,484.4521,-86.0282,273.5311,0.3407,4,SIMULATED,SIMULATED,SIMULATED,SIMULATED
119.2,114.2,77,-355.2009,333.1011,289.6322,-0.3689,1,SIMULATED,SIMULATED,SIMULATED,SIMULATED
119.2,114.2,44,164.6209,-454.4875,267.8176,0.0,4,SIMULATED,SIMULATED,SIMULATED,SIMULATED
119.2,114.2,55,803.6994,14.4637,271.2631,0.1092,3,SIMULATED,SIMULATED,SIMULATED,SIMULATED
119.2,114.2,4,-349.7556,584.8139,242.1169,-0.6296,1,SIMULATED,SIMULATED,SIMULATED,SIMULATED
119.2,114.2,23,-86.7038,-145.3363,320.4,0.0,4,SIMULATED,SIMULATED,SIMULATED,SIMULATED
119.2,114.2,16,469.38,-83.3198,275.594,0.2921,4,SIMULATED,SIMULATED,SIMULATED,SIMULATED
119.4,114.4,77,-363.1708,346.9108,287.0347,-0.3678,1,SIMULATED,SIMULATED,SIMULATED,SIMULATED
119.4,114.4,44,151.1844,-460.4232,267.8176,0.0,4,SIMULATED,SIMULATED,SIMULATED,SIMULATED
119.4,114.4,55,796.9188,0.8121,273.5079,0.3178,3,SIMULATED,SIMULATED,SIMULATED,SIMULATED
119.4,114.4,4,-338.0971,578.8111,237.2198,-0.6933,1,SIMULATED,SIMULATED,SIMULATED,SIMULATED
119.4,114.4,23,-95.2773,-129.7374,320.4,0.0,4,SIMULATED,SIMULATED,SIMULATED,SIMULATED
119.4,114.4,16,454.0478,-80.8271,279.3796,0.536,4,SIMULATED,SIMULATED,SIMULATED,SIMULATED
119.6,114.6,77,-371.0922,360.5877,284.4981,-0.3591,1,SIMULATED,SIMULATED,SIMULATED,SIMULATED
119.6,114.6,44,136.8663,-463.0379,267.8176,0.0,4,SIMULATED,SIMULATED,SIMULATED,SIMULATED
119.6,114.6,55,789.433,-12.6371,275.9436,0.3448,3,SIMULATED,SIMULATED,SIMULATED,SIMULATED
119.6,114.6,4,-326.9445,572.2718,233.8074,-0.4831,1,SIMULATED,SIMULATED,SIMULATED,SIMULATED
119.6,114.6,23,-103.8695,-114.1492,320.4,0.0,4,SIMULATED,SIMULATED,SIMULATED,SIMULATED
119.6,114.6,16,438.4173,-79.0708,282.6185,0.4586,4,SIMULATED,SIMULATED,SIMULATED,SIMULATED
119.8,114.8,77,-378.9349,374.1239,281.5936,-0.4112,1,SIMULATED,SIMULATED,SIMULATED,SIMULATED
119.8,114.8,44,122.2578,-462.7666,267.8176,0.0,4,SIMULATED,SIMULATED,SIMULATED,SIMULATED
119.8,114.8,55,781.3607,-25.8618,278.3499,0.3407,3,SIMULATED,SIMULATED,SIMULATED,SIMULATED
119.8,114.8,4,-316.0802,565.438,231.4552,-0.333,1,SIMULATED,SIMULATED,SIMULATED,SIMULATED
119.8,114.8,23,-112.4805,-98.5715,320.4,0.0,1,SIMULATED,SIMULATED,SIMULATED,SIMULATED
119.8,114.8,16,422.4462,-78.6401,286.8638,0.601,4,SIMULATED,SIMULATED,SIMULATED,SIMULATED
120.0,115.0,77,-386.6914,387.5956,279.7543,-0.2604,1,SIMULATED,SIMULATED,SIMULATED,SIMULATED
120.0,115.0,44,108.2386,-458.7941,267.8176,0.0,4,SIMULATED,SIMULATED,SIMULATED,SIMULATED
120.0,115.0,55,772.9354,-38.9384,279.7412,0.197,4,SIMULATED,SIMULATED,SIMULATED,SIMULATED
120.0,115.0,4,-305.3609,558.4277,230.8235,-0.0894,1,SIMULATED,SIMULATED,SIMULATED,SIMULATED
120.0,115.0,23,-121.0894,-82.9918,320.4,0.0,1,SIMULATED,SIMULATED,SIMULATED,SIMULATED
120.0,115.0,16,406.3296,-81.0228,291.7096,0.6861,4,SIMULATED,SIMULATED,SIMULATED,SIMULATED
120.2,115.2,77,-394.3526,400.9636,277.2978,-0.3478,1,SIMULATED,SIMULATED,SIMULATED,SIMULATED
120.2,115.2,44,95.3712,-451.722,267.8176,0.0,4,SIMULATED,SIMULATED,SIMULATED,SIMULATED
120.2,115.2,55,764.2884,-51.8815,279.8035,0.0088,4,SIMULATED,SIMULATED,SIMULATED,SIMULATED
120.2,115.2,4,-294.6099,551.356,231.6593,0.1183,1,SIMULATED,SIMULATED,SIMULATED,SIMULATED
120.2,115.2,23,-129.7062,-67.4163,320.4,0.0,1,SIMULATED,SIMULATED,SIMULATED,SIMULATED
120.2,115.2,16,390.776,-86.2657,294.4344,0.3858,4,SIMULATED,SIMULATED,SIMULATED,SIMULATED
120.4,115.4,77,-401.9094,414.257,275.1498,-0.3041,1,SIMULATED,SIMULATED,SIMULATED,SIMULATED
120.4,115.4,44,84.4207,-441.9965,267.8176,0.0,4,SIMULATED,SIMULATED,SIMULATED,SIMULATED
120.4,115.4,55,755.4992,-64.7374,280.1,0.042,4,SIMULATED,SIMULATED,SIMULATED,SIMULATED
120.4,115.4,4,-283.8148,544.272,232.3704,0.1007,1,SIMULATED,SIMULATED,SIMULATED,SIMULATED
120.4,115.4,23,-138.3247,-51.8421,320.4,0.0,1,SIMULATED,SIMULATED,SIMULATED,SIMULATED
120.4,115.4,16,376.6589,-94.6856,294.9184,0.0685,4,SIMULATED,SIMULATED,SIMULATED,SIMULATED
120.6,115.6,77,-409.3201,427.4908,272.8636,-0.3237,1,SIMULATED,SIMULATED,SIMULATED,SIMULATED
120.6,115.6,44,74.9319,-430.71,267.8176,0.0,4,SIMULATED,SIMULATED,SIMULATED,SIMULATED
120.6,115.6,55,746.5548,-77.495,280.2318,0.0187,4,SIMULATED,SIMULATED,SIMULATED,SIMULATED
120.6,115.6,4,-272.92,537.1339,234.4403,0.2931,1,SIMULATED,SIMULATED,SIMULATED,SIMULATED
120.6,115.6,23,-146.9355,-36.2633,320.4,0.0,1,SIMULATED,SIMULATED,SIMULATED,SIMULATED
120.6,115.6,16,364.2124,-105.4261,294.9184,0.0,4,SIMULATED,SIMULATED,SIMULATED,SIMULATED
120.8,115.8,77,-416.5199,440.6868,270.3185,-0.3603,1,SIMULATED,SIMULATED,SIMULATED,SIMULATED
120.8,115.8,44,66.5049,-418.548,267.8176,0.0,4,SIMULATED,SIMULATED,SIMULATED,SIMULATED
120.8,115.8,55,737.0294,-89.9195,280.2318,0.0,4,SIMULATED,SIMULATED,SIMULATED,SIMULATED
120.8,115.8,4,-261.8324,529.9474,237.6943,0.4607,1,SIMULATED,SIMULATED,SIMULATED,SIMULATED
120.8,115.8,23,-155.5521,-20.688,320.4,0.0,1,SIMULATED,SIMULATED,SIMULATED,SIMULATED
120.8,115.8,16,353.6391,-118.0058,294.9184,0.0,4,SIMULATED,SIMULATED,SIMULATED,SIMULATED
121.0,116.0,77,-423.4726,453.8514,267.8061,-0.3557,1,SIMULATED,SIMULATED,SIMULATED,SIMULATED
121.0,116.0,44,58.6496,-405.9711,267.9837,0.0235,4,SIMULATED,SIMULATED,SIMULATED,SIMULATED
121.0,116.0,55,725.9793,-101.1341,280.8766,0.0913,4,SIMULATED,SIMULATED,SIMULATED,SIMULATED
121.0,116.0,4,-250.4805,522.6897,242.1279,0.6277,1,SIMULATED,SIMULATED,SIMULATED,SIMULATED
121.0,116.0,23,-164.1693,-5.1128,320.4,0.0,1,SIMULATED,SIMULATED,SIMULATED,SIMULATED
121.0,116.0,16,344.282,-131.5045,294.9184,0.0,4,SIMULATED,SIMULATED,SIMULATED,SIMULATED
121.2,116.2,77,-430.1013,467.035,265.1747,-0.3725,1,SIMULATED,SIMULATED,SIMULATED,SIMULATED
121.2,116.2,44,51.2416,-393.0473,268.3415,0.0507,4,SIMULATED,SIMULATED,SIMULATED,SIMULATED
121.2,116.2,55,712.9597,-110.3724,281.8587,0.1391,4,SIMULATED,SIMULATED,SIMULATED,SIMULATED
121.2,116.2,4,-238.7296,515.539,247.2323,0.7227,1,SIMULATED,SIMULATED,SIMULATED,SIMULATED
121.2,116.2,23,-172.7821,10.4649,320.4,0.0,1,SIMULATED,SIMULATED,SIMULATED,SIMULATED
121.2,116.2,16,336.0998,-145.7372,294.9184,0.0,4,SIMULATED,SIMULATED,SIMULATED,SIMULATED
121.4,116.4,77,-436.2113,480.3287,262.7678,-0.3408,1,SIMULATED,SIMULATED,SIMULATED,SIMULATED
121.4,116.4,44,43.9946,-379.9153,270.2472,0.2698,4,SIMULATED,SIMULATED,SIMULATED,SIMULATED
121.4,116.4,55,698.509,-117.0028,283.4683,0.2279,4,SIMULATED,SIMULATED,SIMULATED,SIMULATED
121.4,116.4,4,-226.4378,508.7113,251.9851,0.6729,1,SIMULATED,SIMULATED,SIMULATED,SIMULATED
121.4,116.4,23,-181.3959,26.0418,320.4,0.0,1,SIMULATED,SIMULATED,SIMULATED,SIMULATED
121.4,116.4,16,328.4964,-160.249,294.615,-0.043,4,SIMULATED,SIMULATED,SIMULATED,SIMULATED
121.6,116.6,77,-441.4622,493.9051,260.3976,-0.3356,1,SIMULATED,SIMULATED,SIMULATED,SIMULATED
121.6,116.6,44,36.7959,-366.5391,273.5308,0.4649,4,SIMULATED,SIMULATED,SIMULATED,SIMULATED
121.6,116.6,55,683.0261,-121.137,284.7216,0.1774,4,SIMULATED,SIMULATED,SIMULATED,SIMULATED
121.6,116.6,4,-213.2576,502.8702,256.9975,0.7097,1,SIMULATED,SIMULATED,SIMULATED,SIMULATED
121.6,116.6,23,-190.0027,41.6229,320.4,0.0,1,SIMULATED,SIMULATED,SIMULATED,SIMULATED
121.6,116.6,16,321.2824,-174.8393,292.874,-0.2465,4,SIMULATED,SIMULATED,SIMULATED,SIMULATED
121.8,116.8,77,-445.7789,507.6971,259.3914,-0.1425,1,SIMULATED,SIMULATED,SIMULATED,SIMULATED
121.8,116.8,44,29.4831,-352.9704,277.4173,0.5503,4,SIMULATED,SIMULATED,SIMULATED,SIMULATED
121.8,116.8,55,667.1262,-122.2575,284.3282,-0.0557,4,SIMULATED,SIMULATED,SIMULATED,SIMULATED
121.8,116.8,4,-198.9594,499.2468,261.9756,0.7048,1,SIMULATED,SIMULATED,SIMULATED,SIMULATED
121.8,116.8,23,-198.6064,57.2057,320.4,0.0,1,SIMULATED,SIMULATED,SIMULATED,SIMULATED
121.8,116.8,16,314.397,-189.3813,289.4622,-0.483,4,SIMULATED,SIMULATED,SIMULATED,SIMULATED
122.0,117.0,77,-448.9755,521.8418,258.7791,-0.0867,1,SIMULATED,SIMULATED,SIMULATED,SIMULATED
122.0,117.0,44,22.0396,-339.2474,280.9403,0.4988,4,SIMULATED,SIMULATED,SIMULATED,SIMULATED
122.0,117.0,55,651.2692,-121.4304,283.3623,-0.1368,4,SIMULATED,SIMULATED,SIMULATED,SIMULATED
122.0,117.0,4,-183.955,498.2525,266.7907,0.6817,1,SIMULATED,SIMULATED,SIMULATED,SIMULATED
122.0,117.0,23,-207.2118,72.787,320.4,0.0,1,SIMULATED,SIMULATED,SIMULATED,SIMULATED
122.0,117.0,16,307.7192,-203.768,285.4612,-0.5665,4,SIMULATED,SIMULATED,SIMULATED,SIMULATED
122.2,117.2,77,-450.2518,536.289,258.7791,0.0,1,SIMULATED,SIMULATED,SIMULATED,SIMULATED
122.2,117.2,44,14.4786,-325.4026,283.8873,0.4172,4,SIMULATED,SIMULATED,SIMULATED,SIMULATED
122.2,117.2,55,635.6898,-119.1601,282.7107,-0.0922,4,SIMULATED,SIMULATED,SIMULATED,SIMULATED
122.2,117.2,4,-169.0059,500.7224,269.4397,0.3751,1,SIMULATED,SIMULATED,SIMULATED,SIMULATED
122.2,117.2,23,-215.8547,88.3463,320.4,0.0,1,SIMULATED,SIMULATED,SIMULATED,SIMULATED
122.2,117.2,16,301.1418,-217.9903,282.0633,-0.4811,4,SIMULATED,SIMULATED,SIMULATED,SIMULATED
122.4,117.4,77,-449.1532,550.8065,258.7791,0.0,1,SIMULATED,SIMULATED,SIMULATED,SIMULATED
122.4,117.4,44,6.7595,-311.4068,287.6369,0.5309,4,SIMULATED,SIMULATED,SIMULATED,SIMULATED
122.4,117.4,55,620.393,-116.358,279.1565,-0.5032,4,SIMULATED,SIMULATED,SIMULATED,SIMULATED
122.4,117.4,4,-155.0039,506.6952,269.4528,0.0019,1,SIMULATED,SIMULATED,SIMULATED,SIMULATED
122.4,117.4,23,-224.5172,103.8952,320.4,0.0,1,SIMULATED,SIMULATED,SIMULATED,SIMULATED
122.4,117.4,16,294.6189,-232.0657,279.2741,-0.3949,4,SIMULATED,SIMULATED,SIMULATED,SIMULATED
122.6,117.6,77,-444.5366,564.5986,258.7791,0.0,1,SIMULATED,SIMULATED,SIMULATED,SIMULATED
122.6,117.6,44,-1.0668,-297.2775,290.7413,0.4395,4,SIMULATED,SIMULATED,SIMULATED,SIMULATED
122.6,117.6,55,605.3347,-113.2775,276.5095,-0.3748,4,SIMULATED,SIMULATED,SIMULATED,SIMULATED
122.6,117.6,4,-143.205,516.514,268.5811,-0.1234,1,SIMULATED,SIMULATED,SIMULATED,SIMULATED
122.6,117.6,23,-233.2169,119.4231,320.4,0.0,1,SIMULATED,SIMULATED,SIMULATED,SIMULATED
122.6,117.6,16,288.1169,-245.9356,275.7698,-0.4961,4,SIMULATED,SIMULATED,SIMULATED,SIMULATED
122.8,117.8,77,-436.3158,576.6878,258.7791,0.0,1,SIMULATED,SIMULATED,SIMULATED,SIMULATED
122.8,117.8,44,-8.9725,-282.9915,293.8686,0.4428,4,SIMULATED,SIMULATED,SIMULATED,SIMULATED
122.8,117.8,55,590.4608,-110.1178,273.5974,-0.4123,4,SIMULATED,SIMULATED,SIMULATED,SIMULATED
122.8,117.8,4,-134.5221,528.9006,268.5774,-0.0005,1,SIMULATED,SIMULATED,SIMULATED,SIMULATED
122.8,117.8,23,-241.9352,134.9411,320.4,0.0,1,SIMULATED,SIMULATED,SIMULATED,SIMULATED
122.8,117.8,16,281.5559,-259.7593,275.4631,-0.0434,4,SIMULATED,SIMULATED,SIMULATED,SIMULATED
123.0,118.0,77,-425.2419,586.2188,258.7791,0.0,1,SIMULATED,SIMULATED,SIMULATED,SIMULATED
123.0,118.0,44,-17.0153,-268.5067,298.2379,0.6186,4,SIMULATED,SIMULATED,SIMULATED,SIMULATED
123.0,118.0,55,575.6838,-106.8916,272.147,-0.2053,4,SIMULATED,SIMULATED,SIMULATED,SIMULATED
123.0,118.0,4,-128.3691,542.7239,268.5774,0.0,1,SIMULATED,SIMULATED,SIMULATED,SIMULATED
123.0,118.0,23,-250.6837,150.4411,320.4,-0.0,1,SIMULATED,SIMULATED,SIMULATED,SIMULATED
123.0,118.0,16,274.9427,-273.5416,275.1966,-0.0377,4,SIMULATED,SIMULATED,SIMULATED,SIMULATED
123.2,118.2,77,-412.1255,592.4895,258.7791,0.0,1,SIMULATED,SIMULATED,SIMULATED,SIMULATED
123.2,118.2,44,-25.1569,-253.8347,302.0148,0.5347,4,SIMULATED,SIMULATED,SIMULATED,SIMULATED
123.2,118.2,55,560.9426,-103.6423,271.7139,-0.0613,4,SIMULATED,SIMULATED,SIMULATED,SIMULATED
123.2,118.2,4,-124.9011,557.3198,268.5774,0.0,1,SIMULATED,SIMULATED,SIMULATED,SIMULATED
123.2,118.2,23,-259.463,165.9223,320.3513,-0.0069,1,SIMULATED,SIMULATED,SIMULATED,SIMULATED
123.2,118.2,16,268.2925,-287.227,273.9213,-0.1806,4,SIMULATED,SIMULATED,SIMULATED,SIMULATED
123.4,118.4,77,-398.0095,595.8308,258.2886,-0.0695,1,SIMULATED,SIMULATED,SIMULATED,SIMULATED
123.4,118.4,44,-33.4051,-238.9915,305.6705,0.5176,4,SIMULATED,SIMULATED,SIMULATED,SIMULATED
123.4,118.4,55,546.2307,-100.4021,271.1647,-0.0778,4,SIMULATED,SIMULATED,SIMULATED,SIMULATED
123.4,118.4,4,-123.2274,572.2867,268.5774,-0.0,1,SIMULATED,SIMULATED,SIMULATED,SIMULATED
123.4,118.4,23,-268.2132,181.3275,318.9114,-0.2039,1,SIMULATED,SIMULATED,SIMULATED,SIMULATED
123.4,118.4,16,261.5661,-300.7985,272.7546,-0.1652,4,SIMULATED,SIMULATED,SIMULATED,SIMULATED
123.6,118.6,77,-383.733,596.3422,254.1568,-0.585,1,SIMULATED,SIMULATED,SIMULATED,SIMULATED
123.6,118.6,44,-41.7452,-223.9573,309.473,0.5384,4,SIMULATED,SIMULATED,SIMULATED,SIMULATED
123.6,118.6,55,531.5492,-97.209,270.5988,-0.0801,4,SIMULATED,SIMULATED,SIMULATED,SIMULATED
123.6,118.6,4,-122.6771,587.2831,268.5774,0.0,1,SIMULATED,SIMULATED,SIMULATED,SIMULATED
123.6,118.6,23,-276.9065,196.6232,316.6789,-0.3161,1,SIMULATED,SIMULATED,SIMULATED,SIMULATED
123.6,118.6,16,254.7327,-314.3355,273.0055,0.0355,4,SIMULATED,SIMULATED,SIMULATED,SIMULATED
123.8,118.8,77,-369.8391,594.322,249.7458,-0.6245,1,SIMULATED,SIMULATED,SIMULATED,SIMULATED
123.8,118.8,44,-50.1442,-208.7099,313.3974,0.5556,4,SIMULATED,SIMULATED,SIMULATED,SIMULATED
123.8,118.8,55,516.8511,-94.1065,270.5432,-0.0079,4,SIMULATED,SIMULATED,SIMULATED,SIMULATED
123.8,118.8,4,-122.7694,602.2208,268.5774,0.0,1,SIMULATED,SIMULATED,SIMULATED,SIMULATED
123.8,118.8,23,-285.5363,211.8225,314.6113,-0.2927,1,SIMULATED,SIMULATED,SIMULATED,SIMULATED
123.8,118.8,16,247.8386,-327.8069,272.4227,-0.0825,4,SIMULATED,SIMULATED,SIMULATED,SIMULATED
124.0,119.0,77,-356.7009,590.2697,244.8236,-0.6969,1,SIMULATED,SIMULATED,SIMULATED,SIMULATED
124.0,119.0,44,-58.6352,-193.2835,316.9514,0.5032,4,SIMULATED,SIMULATED,SIMULATED,SIMULATED
124.0,119.0,55,502.1103,-91.1164,270.8527,0.0438,4,SIMULATED,SIMULATED,SIMULATED,SIMULATED
124.0,119.0,4,-123.0577,617.1509,268.5774,0.0,1,SIMULATED,SIMULATED,SIMULATED,SIMULATED
124.0,119.0,23,-294.0713,226.8605,311.2375,-0.4777,1,SIMULATED,SIMULATED,SIMULATED,SIMULATED
124.0,119.0,16,240.9111,-341.2045,271.5267,-0.1269,4,SIMULATED,SIMULATED,SIMULATED,SIMULATED
124.2,119.2,77,-344.495,584.728,240.5772,-0.6012,1,SIMULATED,SIMULATED,SIMULATED,SIMULATED
124.2,119.2,44,-67.1724,-177.7562,318.9562,0.2838,4,SIMULATED,SIMULATED,SIMULATED,SIMULATED
124.2,119.2,55,487.2361,-88.267,272.9578,0.298,4,SIMULATED,SIMULATED,SIMULATED,SIMULATED
124.2,119.2,4,-123.3774,632.0938,269.0183,0.0624,1,SIMULATED,SIMULATED,SIMULATED,SIMULATED
124.2,119.2,23,-302.5223,241.7465,308.1244,-0.4407,1,SIMULATED,SIMULATED,SIMULATED,SIMULATED
124.2,119.2,16,233.9258,-354.5269,270.8206,-0.1,4,SIMULATED,SIMULATED,SIMULATED,SIMULATED
124.4,119.4,77,-332.9653,578.4088,235.3193,-0.7444,1,SIMULATED,SIMULATED,SIMULATED,SIMULATED
124.4,119.4,44,-75.7509,-162.1606,320.4,0.2044,4,SIMULATED,SIMULATED,SIMULATED,SIMULATED
124.4,119.4,55,472.215,-85.5494,274.8941,0.2741,4,SIMULATED,SIMULATED,SIMULATED,SIMULATED
124.4,119.4,4,-123.5239,647.1413,271.3807,0.3345,1,SIMULATED,SIMULATED,SIMULATED,SIMULATED
124.4,119.4,23,-310.893,256.4794,305.0064,-0.4414,1,SIMULATED,SIMULATED,SIMULATED,SIMULATED
124.4,119.4,16,226.9128,-367.7902,270.0784,-0.1051,4,SIMULATED,SIMULATED,SIMULATED,SIMULATED
124.6,119.6,77,-321.8321,571.719,233.0394,-0.3228,1,SIMULATED,SIMULATED,SIMULATED,SIMULATED
124.6,119.6,44,-84.3206,-146.5594,320.4,0.0,4,SIMULATED,SIMULATED,SIMULATED,SIMULATED
124.6,119.6,55,456.9861,-82.9887,278.5445,0.5168,4,SIMULATED,SIMULATED,SIMULATED,SIMULATED
124.6,119.6,4,-123.3738,662.3913,274.8789,0.4953,1,SIMULATED,SIMULATED,SIMULATED,SIMULATED
124.6,119.6,23,-319.1724,271.0616,301.8319,-0.4494,1,SIMULATED,SIMULATED,SIMULATED,SIMULATED
124.6,119.6,16,219.8684,-380.9463,268.669,-0.1996,4,SIMULATED,SIMULATED,SIMULATED,SIMULATED
124.8,119.8,77,-311.0527,564.7842,230.5281,-0.3556,1,SIMULATED,SIMULATED,SIMULATED,SIMULATED
124.8,119.8,44,-92.8935,-130.9593,320.4,0.0,4,SIMULATED,SIMULATED,SIMULATED,SIMULATED
124.8,119.8,55,441.4944,-81.0454,282.4459,0.5524,4,SIMULATED,SIMULATED,SIMULATED,SIMULATED
124.8,119.8,4,-122.7606,677.7233,277.7362,0.4045,1,SIMULATED,SIMULATED,SIMULATED,SIMULATED
124.8,119.8,23,-327.3717,285.5003,298.8836,-0.4174,1,SIMULATED,SIMULATED,SIMULATED,SIMULATED
124.8,119.8,16,212.7522,-394.008,267.8822,-0.1114,4,SIMULATED,SIMULATED,SIMULATED,SIMULATED
125.0,120.0,77,-300.3176,557.7485,230.9652,0.0619,1,SIMULATED,SIMULATED,SIMULATED,SIMULATED
125.0,120.0,44,-101.4842,-115.3683,320.4,0.0,4,SIMULATED,SIMULATED,SIMULATED,SIMULATED
125.0,120.0,55,425.7833,-80.2549,285.8279,0.4788,4,SIMULATED,SIMULATED,SIMULATED,SIMULATED
125.0,120.0,4,-121.0275,693.1843,281.7293,0.5653,1,SIMULATED,SIMULATED,SIMULATED,SIMULATED
125.0,120.0,23,-335.5078,299.7868,295.9573,-0.4143,1,SIMULATED,SIMULATED,SIMULATED,SIMULATED
125.0,120.0,16,205.4844,-406.954,267.3595,-0.074,4,SIMULATED,SIMULATED,SIMULATED,SIMULATED
125.2,120.2,77,-289.539,550.6584,232.2526,0.1823,1,SIMULATED,SIMULATED,SIMULATED,SIMULATED
125.2,120.2,44,-110.0933,-99.7869,320.4,0.0,1,SIMULATED,SIMULATED,SIMULATED,SIMULATED
125.2,120.2,55,409.9461,-81.9877,290.7259,0.6934,4,SIMULATED,SIMULATED,SIMULATED,SIMULATED
125.2,120.2,4,-117.7541,708.5816,285.2254,0.495,1,SIMULATED,SIMULATED,SIMULATED,SIMULATED
125.2,120.2,23,-343.5956,313.9246,293.1979,-0.3907,1,SIMULATED,SIMULATED,SIMULATED,SIMULATED
125.2,120.2,16,197.9783,-419.7918,267.8176,0.0649,4,SIMULATED,SIMULATED,SIMULATED,SIMULATED
125.4,120.4,77,-278.7154,543.5598,232.9994,0.1057,1,SIMULATED,SIMULATED,SIMULATED,SIMULATED
125.4,120.4,44,-118.7023,-84.2073,320.4,0.0,1,SIMULATED,SIMULATED,SIMULATED,SIMULATED
125.4,120.4,55,394.5609,-86.3695,293.8207,0.4382,4,SIMULATED,SIMULATED,SIMULATED,SIMULATED
125.4,120.4,4,-112.7879,723.6523,289.0744,0.5449,1,SIMULATED,SIMULATED,SIMULATED,SIMULATED
125.4,120.4,23,-351.6404,327.9271,290.6966,-0.3541,1,SIMULATED,SIMULATED,SIMULATED,SIMULATED
125.4,120.4,16,189.6622,-432.0685,267.8176,0.0,4,SIMULATED,SIMULATED,SIMULATED,SIMULATED
125.6,120.6,77,-267.7679,536.4114,235.4291,0.344,1,SIMULATED,SIMULATED,SIMULATED,SIMULATED
125.6,120.6,44,-127.3195,-68.6325,320.4,0.0,1,SIMULATED,SIMULATED,SIMULATED,SIMULATED
125.6,120.6,55,380.404,-94.1279,294.9184,0.1554,4,SIMULATED,SIMULATED,SIMULATED,SIMULATED
125.6,120.6,4,-106.2,738.4444,293.3789,0.6094,1,SIMULATED,SIMULATED,SIMULATED,SIMULATED
125.6,120.6,23,-359.6323,341.7874,287.9885,-0.3834,1,SIMULATED,SIMULATED,SIMULATED,SIMULATED
125.6,120.6,16,180.1797,-443.4414,267.8176,0.0,4,SIMULATED,SIMULATED,SIMULATED,SIMULATED
125.8,120.8,77,-256.615,529.1974,239.2243,0.5373,1,SIMULATED,SIMULATED,SIMULATED,SIMULATED
125.8,120.8,44,-135.9375,-53.0575,320.4,0.0,1,SIMULATED,SIMULATED,SIMULATED,SIMULATED
125.8,120.8,55,367.8046,-104.229,294.9184,0.0,4,SIMULATED,SIMULATED,SIMULATED,SIMULATED
125.8,120.8,4,-98.2452,752.8093,296.9781,0.5096,2,SIMULATED,SIMULATED,SIMULATED,SIMULATED
125.8,120.8,23,-367.5776,355.5172,285.5511,-0.3451,1,SIMULATED,SIMULATED,SIMULATED,SIMULATED
125.8,120.8,16,168.7191,-452.6404,267.8176,0.0,4,SIMULATED,SIMULATED,SIMULATED,SIMULATED
126.0,121.0,77,-245.1649,521.9832,243.8395,0.6534,1,SIMULATED,SIMULATED,SIMULATED,SIMULATED
126.0,121.0,44,-144.5486,-37.4793,320.4,0.0,1,SIMULATED,SIMULATED,SIMULATED,SIMULATED
126.0,121.0,55,357.0681,-116.4,294.9184,0.0,4,SIMULATED,SIMULATED,SIMULATED,SIMULATED
126.0,121.0,4,-89.3313,766.7766,300.2032,0.4566,2,SIMULATED,SIMULATED,SIMULATED,SIMULATED
126.0,121.0,23,-375.4504,369.1072,282.7039,-0.4031,1,SIMULATED,SIMULATED,SIMULATED,SIMULATED
126.0,121.0,16,155.535,-459.2919,267.8176,0.0,4,SIMULATED,SIMULATED,SIMULATED,SIMULATED
126.2,121.2,77,-233.2872,514.9409,249.2629,0.7678,1,SIMULATED,SIMULATED,SIMULATED,SIMULATED
126.2,121.2,44,-153.165,-21.9036,320.4,0.0,1,SIMULATED,SIMULATED,SIMULATED,SIMULATED
126.2,121.2,55,347.5432,-129.5806,294.9184,0.0,4,SIMULATED,SIMULATED,SIMULATED,SIMULATED
126.2,121.2,4,-79.568,780.2652,300.5843,0.054,2,SIMULATED,SIMULATED,SIMULATED,SIMULATED
126.2,121.2,23,-383.2426,382.6023,280.47,-0.3163,1,SIMULATED,SIMULATED,SIMULATED,SIMULATED
126.2,121.2,16,141.2992,-463.0168,267.8176,0.0,4,SIMULATED,SIMULATED,SIMULATED,SIMULATED
126.4,121.4,77,-220.8745,508.4372,253.8213,0.6454,1,SIMULATED,SIMULATED,SIMULATED,SIMULATED
126.4,121.4,44,-161.7825,-6.3288,320.4,0.0,1,SIMULATED,SIMULATED,SIMULATED,SIMULATED
126.4,121.4,55,339.2099,-143.5777,294.9184,0.0,4,SIMULATED,SIMULATED,SIMULATED,SIMULATED
126.4,121.4,4,-69.1992,793.3382,301.126,0.0767,2,SIMULATED,SIMULATED,SIMULATED,SIMULATED
126.4,121.4,23,-390.9429,396.0104,278.2931,-0.3082,1,SIMULATED,SIMULATED,SIMULATED,SIMULATED
126.4,121.4,16,126.5412,-463.8323,267.8176,0.0,4,SIMULATED,SIMULATED,SIMULATED,SIMULATED
126.6,121.6,77,-207.6423,503.3731,258.7151,0.6929,1,SIMULATED,SIMULATED,SIMULATED,SIMULATED
126.6,121.6,44,-170.3956,9.2482,320.4,0.0,1,SIMULATED,SIMULATED,SIMULATED,SIMULATED
126.6,121.6,55,331.5366,-158.0107,294.615,-0.043,4,SIMULATED,SIMULATED,SIMULATED,SIMULATED
126.6,121.6,4,-58.3671,806.0393,301.2288,0.0146,2,SIMULATED,SIMULATED,SIMULATED,SIMULATED
126.6,121.6,23,-398.5459,409.3233,275.9124,-0.3371,1,SIMULATED,SIMULATED,SIMULATED,SIMULATED
126.6,121.6,16,112.1973,-460.7464,267.8176,0.0,4,SIMULATED,SIMULATED,SIMULATED,SIMULATED
126.8,121.8,77,-193.4197,500.7042,263.7365,0.7109,1,SIMULATED,SIMULATED,SIMULATED,SIMULATED
126.8,121.8,44,-179.0091,24.8256,320.4,0.0,1,SIMULATED,SIMULATED,SIMULATED,SIMULATED
126.8,121.8,55,324.2821,-172.567,293.3422,-0.1802,4,SIMULATED,SIMULATED,SIMULATED,SIMULATED
126.8,121.8,4,-47.3491,818.5215,299.9275,-0.1842,2,SIMULATED,SIMULATED,SIMULATED,SIMULATED
126.8,121.8,23,-406.0257,422.5775,273.8693,-0.2893,1,SIMULATED,SIMULATED,SIMULATED,SIMULATED
126.8,121.8,16,98.8304,-454.5928,267.8176,0.0,4,SIMULATED,SIMULATED,SIMULATED,SIMULATED
127.0,122.0,77,-178.8294,500.9879,268.1507,0.625,1,SIMULATED,SIMULATED,SIMULATED,SIMULATED
127.0,122.0,44,-187.6166,40.4054,320.4,0.0,1,SIMULATED,SIMULATED,SIMULATED,SIMULATED
127.0,122.0,55,317.3348,-187.1097,290.376,-0.4199,4,SIMULATED,SIMULATED,SIMULATED,SIMULATED
127.0,122.0,4,-36.2577,830.7844,297.8082,-0.3,2,SIMULATED,SIMULATED,SIMULATED,SIMULATED
127.0,122.0,23,-413.326,435.7724,271.3009,-0.3636,1,SIMULATED,SIMULATED,SIMULATED,SIMULATED
127.0,122.0,16,87.2261,-445.509,267.8176,0.0,4,SIMULATED,SIMULATED,SIMULATED,SIMULATED
127.2,122.2,77,-164.5234,504.5379,269.65,0.2123,1,SIMULATED,SIMULATED,SIMULATED,SIMULATED
127.2,122.2,44,-196.2209,55.9872,320.4,0.0,1,SIMULATED,SIMULATED,SIMULATED,SIMULATED
127.2,122.2,55,310.632,-201.5132,286.1575,-0.5973,4,SIMULATED,SIMULATED,SIMULATED,SIMULATED
127.2,122.2,4,-25.2492,842.9059,294.7376,-0.4347,2,SIMULATED,SIMULATED,SIMULATED,SIMULATED
127.2,122.2,23,-420.352,448.9544,268.7879,-0.3558,1,SIMULATED,SIMULATED,SIMULATED,SIMULATED
127.2,122.2,16,77.2791,-434.5439,267.8176,0.0,4,SIMULATED,SIMULATED,SIMULATED,SIMULATED
127.4,122.4,77,-151.758,511.6436,268.9882,-0.0937,1,SIMULATED,SIMULATED,SIMULATED,SIMULATED
127.4,122.4,44,-204.8255,71.57,320.4,0.0,1,SIMULATED,SIMULATED,SIMULATED,SIMULATED
127.4,122.4,55,304.0399,-215.7765,282.8073,-0.4743,4,SIMULATED,SIMULATED,SIMULATED,SIMULATED
127.4,122.4,4,-14.3598,854.931,291.9654,-0.3925,2,SIMULATED,SIMULATED,SIMULATED,SIMULATED
127.4,122.4,23,-427.133,462.1134,266.246,-0.3599,1,SIMULATED,SIMULATED,SIMULATED,SIMULATED
127.4,122.4,16,68.5441,-422.5542,267.8176,0.0,4,SIMULATED,SIMULATED,SIMULATED,SIMULATED
127.6,122.6,77,-141.5798,522.0749,268.5774,-0.0582,1,SIMULATED,SIMULATED,SIMULATED,SIMULATED
127.6,122.6,44,-213.465,87.1359,320.4,0.0,1,SIMULATED,SIMULATED,SIMULATED,SIMULATED
127.6,122.6,55,297.5083,-229.881,279.7775,-0.429,4,SIMULATED,SIMULATED,SIMULATED,SIMULATED
127.6,122.6,4,-3.5879,866.8488,289.1587,-0.3974,2,SIMULATED,SIMULATED,SIMULATED,SIMULATED
127.6,122.6,23,-433.4316,475.352,263.6192,-0.3719,1,SIMULATED,SIMULATED,SIMULATED,SIMULATED
127.6,122.6,16,60.5235,-410.0402,267.8199,0.0003,4,SIMULATED,SIMULATED,SIMULATED,SIMULATED
127.8,122.8,77,-134.0059,534.6711,268.5774,0.0,1,SIMULATED,SIMULATED,SIMULATED,SIMULATED
127.8,122.8,44,-222.1253,102.6892,320.4,0.0,1,SIMULATED,SIMULATED,SIMULATED,SIMULATED
127.8,122.8,55,291.0074,-243.7996,276.3433,-0.4862,4,SIMULATED,SIMULATED,SIMULATED,SIMULATED
127.8,122.8,4,7.1302,878.6981,287.6104,-0.2192,2,SIMULATED,SIMULATED,SIMULATED,SIMULATED
127.8,122.8,23,-439.0571,488.7583,261.3486,-0.3215,1,SIMULATED,SIMULATED,SIMULATED,SIMULATED
127.8,122.8,16,53.0118,-397.2025,268.121,0.0426,4,SIMULATED,SIMULATED,SIMULATED,SIMULATED
128.0,123.0,77,-129.0221,548.4805,268.5774,0.0,1,SIMULATED,SIMULATED,SIMULATED,SIMULATED
128.0,123.0,44,-230.8225,118.222,320.4,0.0,1,SIMULATED,SIMULATED,SIMULATED,SIMULATED
128.0,123.0,55,284.4531,-257.6358,275.5048,-0.1187,4,SIMULATED,SIMULATED,SIMULATED,SIMULATED
128.0,123.0,4,17.829,890.5091,286.8638,-0.1057,2,SIMULATED,SIMULATED,SIMULATED,SIMULATED
128.0,123.0,23,-443.7382,502.455,259.7971,-0.2197,1,SIMULATED,SIMULATED,SIMULATED,SIMULATED
128.0,123.0,16,45.7198,-384.123,269.6823,0.221,4,SIMULATED,SIMULATED,SIMULATED,SIMULATED
128.2,123.19999999999999,77,-126.3409,562.9988,268.5774,0.0,1,SIMULATED,SIMULATED,SIMULATED,SIMULATED
128.2,123.19999999999999,44,-239.5391,133.7421,320.4,0.0,1,SIMULATED,SIMULATED,SIMULATED,SIMULATED
128.2,123.19999999999999,55,277.8458,-271.4325,275.2722,-0.0329,4,SIMULATED,SIMULATED,SIMULATED,SIMULATED
128.2,123.19999999999999,4,28.5232,902.3262,286.8561,-0.0011,2,SIMULATED,SIMULATED,SIMULATED,SIMULATED
128.2,123.19999999999999,23,-447.438,516.3682,258.7791,-0.1441,1,SIMULATED,SIMULATED,SIMULATED,SIMULATED
128.2,123.19999999999999,16,38.5279,-370.8165,272.3191,0.3733,4,SIMULATED,SIMULATED,SIMULATED,SIMULATED
128.4,123.4,77,-125.1161,577.7695,268.5774,0.0,1,SIMULATED,SIMULATED,SIMULATED,SIMULATED
128.4,123.4,44,-248.284,149.2506,320.4,0.0,1,SIMULATED,SIMULATED,SIMULATED,SIMULATED
128.4,123.4,55,271.1949,-285.151,274.3281,-0.1337,4,SIMULATED,SIMULATED,SIMULATED,SIMULATED
128.4,123.4,4,39.1944,914.1085,286.1586,-0.0988,2,SIMULATED,SIMULATED,SIMULATED,SIMULATED
128.4,123.4,23,-449.472,530.6638,258.7791,0.0,1,SIMULATED,SIMULATED,SIMULATED,SIMULATED
128.4,123.4,16,31.2516,-357.2975,276.3323,0.5682,4,SIMULATED,SIMULATED,SIMULATED,SIMULATED
128.6,123.6,77,-124.8641,592.6358,268.5774,0.0,1,SIMULATED,SIMULATED,SIMULATED,SIMULATED
128.6,123.6,44,-257.0639,164.7325,320.3702,-0.0042,1,SIMULATED,SIMULATED,SIMULATED,SIMULATED
128.6,123.6,55,264.4904,-298.7594,272.9461,-0.1957,4,SIMULATED,SIMULATED,SIMULATED,SIMULATED
128.6,123.6,4,49.8179,925.8386,284.8646,-0.1832,2,SIMULATED,SIMULATED,SIMULATED,SIMULATED
128.6,123.6,23,-449.4643,545.1007,258.7791,0.0,1,SIMULATED,SIMULATED,SIMULATED,SIMULATED
128.6,123.6,16,23.8481,-343.6241,279.8624,0.4998,4,SIMULATED,SIMULATED,SIMULATED,SIMULATED
128.8,123.80000000000001,77,-125.0684,607.5476,268.5774,0.0,1,SIMULATED,SIMULATED,SIMULATED,SIMULATED
128.8,123.80000000000001,44,-265.821,180.154,319.2021,-0.1654,1,SIMULATED,SIMULATED,SIMULATED,SIMULATED
128.8,123.80000000000001,55,257.6666,-312.3227,273.0288,0.0117,4,SIMULATED,SIMULATED,SIMULATED,SIMULATED
128.8,123.80000000000001,4,60.4374,937.5527,284.6224,-0.0343,2,SIMULATED,SIMULATED,SIMULATED,SIMULATED
128.8,123.80000000000001,23,-446.3272,559.1922,258.7791,0.0,1,SIMULATED,SIMULATED,SIMULATED,SIMULATED
128.8,123.80000000000001,16,16.3276,-329.8138,283.039,0.4497,4,SIMULATED,SIMULATED,SIMULATED,SIMULATED
129.0,124.0,77,-125.3695,622.4632,268.5774,0.0,1,SIMULATED,SIMULATED,SIMULATED,SIMULATED
129.0,124.0,44,-274.5224,195.4619,316.9534,-0.3184,1,SIMULATED,SIMULATED,SIMULATED,SIMULATED
129.0,124.0,55,250.7719,-325.8177,272.7061,-0.0457,4,SIMULATED,SIMULATED,SIMULATED,SIMULATED
129.0,124.0,4,71.0663,949.2503,284.5191,-0.0146,2,SIMULATED,SIMULATED,SIMULATED,SIMULATED
129.0,124.0,23,-439.5022,571.9622,258.7791,0.0,1,SIMULATED,SIMULATED,SIMULATED,SIMULATED
129.0,124.0,16,8.6535,-315.8562,286.6457,0.5106,4,SIMULATED,SIMULATED,SIMULATED,SIMULATED
129.2,124.19999999999999,77,-125.653,637.4428,269.5268,0.1344,1,SIMULATED,SIMULATED,SIMULATED,SIMULATED
129.2,124.19999999999999,44,-283.1637,210.682,315.0353,-0.2716,1,SIMULATED,SIMULATED,SIMULATED,SIMULATED
129.2,124.19999999999999,55,243.8504,-339.232,271.6151,-0.1545,4,SIMULATED,SIMULATED,SIMULATED,SIMULATED
129.2,124.19999999999999,4,81.6999,960.894,283.9136,-0.0857,2,SIMULATED,SIMULATED,SIMULATED,SIMULATED
129.2,124.19999999999999,23,-429.5307,582.446,258.7791,0.0,1,SIMULATED,SIMULATED,SIMULATED,SIMULATED
129.2,124.19999999999999,16,0.8511,-301.7727,289.8083,0.4477,4,SIMULATED,SIMULATED,SIMULATED,SIMULATED
129.4,124.4,77,-125.7142,652.6033,272.646,0.4416,1,SIMULATED,SIMULATED,SIMULATED,SIMULATED
129.4,124.4,44,-291.7106,225.7388,311.6519,-0.479,1,SIMULATED,SIMULATED,SIMULATED,SIMULATED
129.4,124.4,55,236.8717,-352.5802,271.0014,-0.0869,4,SIMULATED,SIMULATED,SIMULATED,SIMULATED
129.4,124.4,4,92.4283,972.2981,282.2408,-0.2368,2,SIMULATED,SIMULATED,SIMULATED,SIMULATED
129.4,124.4,23,-417.1993,589.9503,258.7791,0.0,1,SIMULATED,SIMULATED,SIMULATED,SIMULATED
129.4,124.4,16,-7.0252,-287.5324,292.9282,0.4417,4,SIMULATED,SIMULATED,SIMULATED,SIMULATED
129.6,124.6,77,-125.4211,667.9754,276.0184,0.4775,1,SIMULATED,SIMULATED,SIMULATED,SIMULATED
129.6,124.6,44,-300.1704,240.6439,308.4805,-0.449,1,SIMULATED,SIMULATED,SIMULATED,SIMULATED
129.6,124.6,55,229.8595,-365.8572,270.2202,-0.1106,4,SIMULATED,SIMULATED,SIMULATED,SIMULATED
129.6,124.6,4,103.4374,983.1957,280.2834,-0.2771,2,SIMULATED,SIMULATED,SIMULATED,SIMULATED
129.6,124.6,23,-403.4655,594.3919,258.7791,0.0,1,SIMULATED,SIMULATED,SIMULATED,SIMULATED
129.6,124.6,16,-15.0343,-273.1087,296.9541,0.57,4,SIMULATED,SIMULATED,SIMULATED,SIMULATED
129.8,124.80000000000001,77,-124.4611,683.4813,278.9023,0.4083,1,SIMULATED,SIMULATED,SIMULATED,SIMULATED
129.8,124.80000000000001,44,-308.5529,255.3968,305.4277,-0.4322,1,SIMULATED,SIMULATED,SIMULATED,SIMULATED
129.8,124.80000000000001,55,222.8168,-379.045,268.9948,-0.1735,4,SIMULATED,SIMULATED,SIMULATED,SIMULATED
129.8,124.80000000000001,4,115.0839,993.1395,277.2381,-0.4311,2,SIMULATED,SIMULATED,SIMULATED,SIMULATED
129.8,124.80000000000001,23,-389.2655,596.0259,256.1472,-0.3726,1,SIMULATED,SIMULATED,SIMULATED,SIMULATED
129.8,124.80000000000001,16,-23.1474,-258.4856,301.0105,0.5743,4,SIMULATED,SIMULATED,SIMULATED,SIMULATED
130.0,125.0,77,-122.2836,699.1913,282.9658,0.5753,1,SIMULATED,SIMULATED,SIMULATED,SIMULATED
130.0,125.0,44,-316.8429,269.9959,302.2023,-0.4566,1,SIMULATED,SIMULATED,SIMULATED,SIMULATED
130.0,125.0,55,215.7186,-392.1423,268.0244,-0.1374,4,SIMULATED,SIMULATED,SIMULATED,SIMULATED
130.0,125.0,4,127.5376,1001.2559,272.1605,-0.7189,2,SIMULATED,SIMULATED,SIMULATED,SIMULATED
130.0,125.0,23,-375.2834,594.9174,251.1493,-0.7076,1,SIMULATED,SIMULATED,SIMULATED,SIMULATED
130.0,125.0,16,-31.3656,-243.6963,304.5406,0.4998,4,SIMULATED,SIMULATED,SIMULATED,SIMULATED
130.2,125.19999999999999,77,-118.2212,714.648,286.5133,0.5023,1,SIMULATED,SIMULATED,SIMULATED,SIMULATED
130.2,125.19999999999999,44,-325.0515,284.4536,299.2472,-0.4184,1,SIMULATED,SIMULATED,SIMULATED,SIMULATED
130.2,125.19999999999999,55,208.4824,-405.1454,267.362,-0.0938,4,SIMULATED,SIMULATED,SIMULATED,SIMULATED
130.2,125.19999999999999,4,140.9391,1007.2906,268.9715,-0.4515,2,SIMULATED,SIMULATED,SIMULATED,SIMULATED
130.2,125.19999999999999,23,-361.9249,591.552,246.7397,-0.6243,1,SIMULATED,SIMULATED,SIMULATED,SIMULATED
130.2,125.19999999999999,16,-39.6803,-228.7119,308.4703,0.5564,4,SIMULATED,SIMULATED,SIMULATED,SIMULATED
130.4,125.4,77,-112.6325,729.8656,290.6288,0.5827,1,SIMULATED,SIMULATED,SIMULATED,SIMULATED
130.4,125.4,44,-333.1951,298.7635,296.3226,-0.4141,1,SIMULATED,SIMULATED,SIMULATED,SIMULATED
130.4,125.4,55,201.0021,-418.0267,267.8176,0.0645,4,SIMULATED,SIMULATED,SIMULATED,SIMULATED
130.4,125.4,4,155.0433,1010.7411,265.0636,-0.5533,2,SIMULATED,SIMULATED,SIMULATED,SIMULATED
130.4,125.4,23,-349.3883,586.5234,242.2431,-0.6366,1,SIMULATED,SIMULATED,SIMULATED,SIMULATED
130.4,125.4,16,-48.0603,-213.5345,312.0994,0.5138,4,SIMULATED,SIMULATED,SIMULATED,SIMULATED
130.6,125.6,77,-105.4666,744.7324,294.7685,0.5861,1,SIMULATED,SIMULATED,SIMULATED,SIMULATED
130.6,125.6,44,-341.2892,312.921,293.5045,-0.399,1,SIMULATED,SIMULATED,SIMULATED,SIMULATED
130.6,125.6,55,192.8351,-430.588,267.8176,0.0,4,SIMULATED,SIMULATED,SIMULATED,SIMULATED
130.6,125.6,4,169.2841,1010.9172,261.9066,-0.447,2,SIMULATED,SIMULATED,SIMULATED,SIMULATED
130.6,125.6,23,-337.6348,580.4952,237.3824,-0.6882,1,SIMULATED,SIMULATED,SIMULATED,SIMULATED
130.6,125.6,16,-56.526,-198.1499,316.0779,0.5633,4,SIMULATED,SIMULATED,SIMULATED,SIMULATED
130.8,125.80000000000001,77,-97.0014,759.0072,298.1257,0.4753,2,SIMULATED,SIMULATED,SIMULATED,SIMULATED
130.8,125.80000000000001,44,-349.3428,326.9412,291.0366,-0.3494,1,SIMULATED,SIMULATED,SIMULATED,SIMULATED
130.8,125.80000000000001,55,183.5029,-442.339,267.8176,0.0,4,SIMULATED,SIMULATED,SIMULATED,SIMULATED
130.8,125.80000000000001,4,183.2251,1008.2742,261.4681,-0.0621,2,SIMULATED,SIMULATED,SIMULATED,SIMULATED
130.8,125.80000000000001,23,-326.3964,573.9292,233.864,-0.4981,1,SIMULATED,SIMULATED,SIMULATED,SIMULATED
130.8,125.80000000000001,16,-65.0528,-182.65,318.4365,0.3339,4,SIMULATED,SIMULATED,SIMULATED,SIMULATED
131.0,126.0,77,-87.7064,772.9227,300.3951,0.3213,2,SIMULATED,SIMULATED,SIMULATED,SIMULATED
131.0,126.0,44,-357.3428,340.8196,288.3135,-0.3855,1,SIMULATED,SIMULATED,SIMULATED,SIMULATED
131.0,126.0,55,172.187,-452.3165,267.8176,0.0,4,SIMULATED,SIMULATED,SIMULATED,SIMULATED
131.0,126.0,4,196.7068,1003.2163,261.4681,0.0,2,SIMULATED,SIMULATED,SIMULATED,SIMULATED
131.0,126.0,23,-315.4961,567.082,231.54,-0.329,1,SIMULATED,SIMULATED,SIMULATED,SIMULATED
131.0,126.0,16,-73.6238,-167.07,320.0752,0.232,4,SIMULATED,SIMULATED,SIMULATED,SIMULATED
131.2,126.19999999999999,77,-77.6972,786.3676,301.0731,0.096,2,SIMULATED,SIMULATED,SIMULATED,SIMULATED
131.2,126.19999999999999,44,-365.2946,354.5683,285.853,-0.3484,1,SIMULATED,SIMULATED,SIMULATED,SIMULATED
131.2,126.19999999999999,55,159.0506,-459.6825,267.8176,0.0,4,SIMULATED,SIMULATED,SIMULATED,SIMULATED
131.2,126.19999999999999,4,209.1368,996.1332,261.4681,0.0,2,SIMULATED,SIMULATED,SIMULATED,SIMULATED
131.2,126.19999999999999,23,-304.7564,560.0645,230.8094,-0.1034,1,SIMULATED,SIMULATED,SIMULATED,SIMULATED
131.2,126.19999999999999,16,-82.1944,-151.4693,320.4,0.046,4,SIMULATED,SIMULATED,SIMULATED,SIMULATED
131.4,126.4,77,-67.045,799.3227,300.8598,-0.0302,2,SIMULATED,SIMULATED,SIMULATED,SIMULATED
131.4,126.4,44,-373.1774,368.1762,283.0691,-0.3941,1,SIMULATED,SIMULATED,SIMULATED,SIMULATED
131.4,126.4,55,144.5753,-464.252,267.8176,0.0,4,SIMULATED,SIMULATED,SIMULATED,SIMULATED
131.4,126.4,4,220.6982,987.5897,261.4681,0.0,2,SIMULATED,SIMULATED,SIMULATED,SIMULATED
131.4,126.4,23,-294.0056,552.9936,231.6061,0.1128,1,SIMULATED,SIMULATED,SIMULATED,SIMULATED
131.4,126.4,16,-90.7648,-135.8681,320.4,0.0,4,SIMULATED,SIMULATED,SIMULATED,SIMULATED
131.6,126.6,77,-56.1025,811.9753,300.9314,0.0101,2,SIMULATED,SIMULATED,SIMULATED,SIMULATED
131.6,126.6,44,-380.9788,381.6752,280.6987,-0.3356,1,SIMULATED,SIMULATED,SIMULATED,SIMULATED
131.6,126.6,55,129.5941,-465.5466,267.8176,0.0,4,SIMULATED,SIMULATED,SIMULATED,SIMULATED
131.6,126.6,4,231.6153,978.0924,261.4681,0.0,2,SIMULATED,SIMULATED,SIMULATED,SIMULATED
131.6,126.6,23,-283.2141,545.9109,232.3648,0.1074,1,SIMULATED,SIMULATED,SIMULATED,SIMULATED
131.6,126.6,16,-99.3499,-120.2747,320.4,0.0,4,SIMULATED,SIMULATED,SIMULATED,SIMULATED
131.8,126.80000000000001,77,-45.0063,824.4089,299.6492,-0.1815,2,SIMULATED,SIMULATED,SIMULATED,SIMULATED
131.8,126.80000000000001,44,-388.6901,395.0933,278.6111,-0.2956,1,SIMULATED,SIMULATED,SIMULATED,SIMULATED
131.8,126.80000000000001,55,114.6496,-463.3129,267.8176,0.0,4,SIMULATED,SIMULATED,SIMULATED,SIMULATED
131.8,126.80000000000001,4,241.7855,967.8999,261.4681,0.0,2,SIMULATED,SIMULATED,SIMULATED,SIMULATED
131.8,126.80000000000001,23,-272.3239,538.7757,234.3562,0.2819,1,SIMULATED,SIMULATED,SIMULATED,SIMULATED
131.8,126.80000000000001,16,-107.9511,-104.6898,320.4,0.0,1,SIMULATED,SIMULATED,SIMULATED,SIMULATED
132.0,127.0,77,-33.9331,836.6163,296.642,-0.4258,2,SIMULATED,SIMULATED,SIMULATED,SIMULATED
132.0,127.0,44,-396.3045,408.4064,276.156,-0.3476,1,SIMULATED,SIMULATED,SIMULATED,SIMULATED
132.0,127.0,55,100.6359,-457.5572,267.8176,0.0,4,SIMULATED,SIMULATED,SIMULATED,SIMULATED
132.0,127.0,4,250.957,956.8243,261.4681,0.0,2,SIMULATED,SIMULATED,SIMULATED,SIMULATED
132.0,127.0,23,-261.2519,531.5962,237.5851,0.4571,1,SIMULATED,SIMULATED,SIMULATED,SIMULATED
132.0,127.0,16,-116.5626,-89.112,320.4,0.0,1,SIMULATED,SIMULATED,SIMULATED,SIMULATED
132.2,127.19999999999999,77,-22.9646,848.6957,293.7317,-0.412,2,SIMULATED,SIMULATED,SIMULATED,SIMULATED
132.2,127.19999999999999,44,-403.8009,421.667,274.1906,-0.2783,1,SIMULATED,SIMULATED,SIMULATED,SIMULATED
132.2,127.19999999999999,55,88.3116,-448.9074,267.8176,0.0,4,SIMULATED,SIMULATED,SIMULATED,SIMULATED
132.2,127.19999999999999,4,259.1383,944.9166,261.4681,0.0,2,SIMULATED,SIMULATED,SIMULATED,SIMULATED
132.2,127.19999999999999,23,-249.9375,524.3533,241.983,0.6226,1,SIMULATED,SIMULATED,SIMULATED,SIMULATED
132.2,127.19999999999999,16,-125.1788,-73.5361,320.4,0.0,1,SIMULATED,SIMULATED,SIMULATED,SIMULATED
132.4,127.4,77,-12.1229,860.687,290.9897,-0.3882,2,SIMULATED,SIMULATED,SIMULATED,SIMULATED
132.4,127.4,44,-411.1152,434.8559,271.6161,-0.3645,1,SIMULATED,SIMULATED,SIMULATED,SIMULATED
132.4,127.4,55,77.9288,-438.0019,267.8176,0.0,4,SIMULATED,SIMULATED,SIMULATED,SIMULATED
132.4,127.4,4,266.0173,932.3578,261.4681,0.0,2,SIMULATED,SIMULATED,SIMULATED,SIMULATED
132.4,127.4,23,-238.2241,517.2166,247.06,0.7188,1,SIMULATED,SIMULATED,SIMULATED,SIMULATED
132.4,127.4,16,-133.7954,-57.9604,320.4,0.0,1,SIMULATED,SIMULATED,SIMULATED,SIMULATED
132.6,127.6,77,-1.3722,872.5804,288.5762,-0.3417,2,SIMULATED,SIMULATED,SIMULATED,SIMULATED
132.6,127.6,44,-418.1713,448.0186,269.0999,-0.3562,1,SIMULATED,SIMULATED,SIMULATED,SIMULATED
132.6,127.6,55,68.8852,-426.0286,267.8176,0.0,4,SIMULATED,SIMULATED,SIMULATED,SIMULATED
132.6,127.6,4,270.835,918.8663,261.4681,0.0,2,SIMULATED,SIMULATED,SIMULATED,SIMULATED
132.6,127.6,23,-226.028,510.4165,251.8712,0.6812,1,SIMULATED,SIMULATED,SIMULATED,SIMULATED
132.6,127.6,16,-142.4092,-42.3838,320.4,0.0,1,SIMULATED,SIMULATED,SIMULATED,SIMULATED
132.8,127.80000000000001,77,9.3317,884.4084,287.1306,-0.2047,2,SIMULATED,SIMULATED,SIMULATED,SIMULATED
132.8,127.80000000000001,44,-424.981,461.1305,266.5881,-0.3556,1,SIMULATED,SIMULATED,SIMULATED,SIMULATED
132.8,127.80000000000001,55,60.6909,-413.5375,267.8176,0.0,4,SIMULATED,SIMULATED,SIMULATED,SIMULATED
132.8,127.80000000000001,4,273.1729,904.7705,261.4681,0.0,2,SIMULATED,SIMULATED,SIMULATED,SIMULATED
132.8,127.80000000000001,23,-213.0752,504.6163,256.8646,0.707,1,SIMULATED,SIMULATED,SIMULATED,SIMULATED
132.8,127.80000000000001,16,-151.0236,-26.8069,320.4,0.0,1,SIMULATED,SIMULATED,SIMULATED,SIMULATED
133.0,128.0,77,20.0324,896.2175,286.8569,-0.0388,2,SIMULATED,SIMULATED,SIMULATED,SIMULATED
133.0,128.0,44,-431.3206,474.3103,263.8912,-0.3818,1,SIMULATED,SIMULATED,SIMULATED,SIMULATED
133.0,128.0,55,53.0583,-400.7062,268.121,0.043,4,SIMULATED,SIMULATED,SIMULATED,SIMULATED
133.0,128.0,4,272.6552,890.6359,262.6961,0.1739,2,SIMULATED,SIMULATED,SIMULATED,SIMULATED
133.0,128.0,23,-199.1188,500.9973,261.8203,0.7016,1,SIMULATED,SIMULATED,SIMULATED,SIMULATED
133.0,128.0,16,-159.6416,-11.2323,320.4,0.0,1,SIMULATED,SIMULATED,SIMULATED,SIMULATED
133.2,128.2,77,30.7221,908.0354,286.8173,-0.0056,2,SIMULATED,SIMULATED,SIMULATED,SIMULATED
133.2,128.2,44,-437.003,487.6352,261.6524,-0.317,1,SIMULATED,SIMULATED,SIMULATED,SIMULATED
133.2,128.2,55,45.7033,-387.6433,269.2916,0.1657,4,SIMULATED,SIMULATED,SIMULATED,SIMULATED
133.2,128.2,4,268.675,876.6725,265.7485,0.4322,2,SIMULATED,SIMULATED,SIMULATED,SIMULATED
133.2,128.2,23,-184.5048,499.9243,266.641,0.6825,1,SIMULATED,SIMULATED,SIMULATED,SIMULATED
133.2,128.2,16,-168.2563,4.344,320.4,0.0,1,SIMULATED,SIMULATED,SIMULATED,SIMULATED
133.4,128.4,77,41.3813,919.7996,285.7572,-0.1501,2,SIMULATED,SIMULATED,SIMULATED,SIMULATED
133.4,128.4,44,-441.7984,501.1513,259.8891,-0.2496,1,SIMULATED,SIMULATED,SIMULATED,SIMULATED
133.4,128.4,55,38.5116,-374.3771,271.4928,0.3116,4,SIMULATED,SIMULATED,SIMULATED,SIMULATED
133.4,128.4,4,261.9839,863.5414,267.8494,0.2974,2,SIMULATED,SIMULATED,SIMULATED,SIMULATED
133.4,128.4,23,-169.8457,502.2699,269.3851,0.3885,1,SIMULATED,SIMULATED,SIMULATED,SIMULATED
133.4,128.4,16,-176.8685,19.922,320.4,0.0,1,SIMULATED,SIMULATED,SIMULATED,SIMULATED
133.6,128.6,77,51.9974,931.5192,284.6239,-0.1605,2,SIMULATED,SIMULATED,SIMULATED,SIMULATED
133.6,128.6,44,-445.5637,514.9719,258.7791,-0.1572,1,SIMULATED,SIMULATED,SIMULATED,SIMULATED
133.6,128.6,55,31.2641,-360.8984,275.5078,0.5684,4,SIMULATED,SIMULATED,SIMULATED,SIMULATED
133.6,128.6,4,253.1665,851.7713,268.5968,0.1058,2,SIMULATED,SIMULATED,SIMULATED,SIMULATED
133.6,128.6,23,-156.2083,507.9794,269.4559,0.01,1,SIMULATED,SIMULATED,SIMULATED,SIMULATED
133.6,128.6,16,-185.4787,35.5007,320.4,0.0,1,SIMULATED,SIMULATED,SIMULATED,SIMULATED
133.8,128.8,77,62.6214,943.2303,284.5996,-0.0034,2,SIMULATED,SIMULATED,SIMULATED,SIMULATED
133.8,128.8,44,-447.8587,528.9727,258.7791,0.0,1,SIMULATED,SIMULATED,SIMULATED,SIMULATED
133.8,128.8,55,23.8886,-347.2609,279.1262,0.5123,4,SIMULATED,SIMULATED,SIMULATED,SIMULATED
133.8,128.8,4,243.3016,840.8014,267.0422,-0.2201,2,SIMULATED,SIMULATED,SIMULATED,SIMULATED
133.8,128.8,23,-144.819,517.2172,268.5885,-0.1228,1,SIMULATED,SIMULATED,SIMULATED,SIMULATED
133.8,128.8,16,-194.0848,51.0819,320.4,0.0,1,SIMULATED,SIMULATED,SIMULATED,SIMULATED
134.0,129.0,77,73.2512,954.9192,284.369,-0.0327,2,SIMULATED,SIMULATED,SIMULATED,SIMULATED
134.0,129.0,44,-448.1591,543.1619,258.7791,0.0,1,SIMULATED,SIMULATED,SIMULATED,SIMULATED
134.0,129.0,55,16.3888,-333.4778,282.4814,0.475,4,SIMULATED,SIMULATED,SIMULATED,SIMULATED
134.0,129.0,4,232.9758,830.425,264.4301,-0.3698,2,SIMULATED,SIMULATED,SIMULATED,SIMULATED
134.0,129.0,23,-136.2418,529.2775,268.5774,-0.0016,1,SIMULATED,SIMULATED,SIMULATED,SIMULATED
134.0,129.0,16,-202.6867,66.6656,320.4,0.0,1,SIMULATED,SIMULATED,SIMULATED,SIMULATED
134.2,129.2,77,83.9147,966.5407,283.5115,-0.1214,2,SIMULATED,SIMULATED,SIMULATED,SIMULATED
134.2,129.2,44,-445.4581,557.0226,258.7791,0.0,1,SIMULATED,SIMULATED,SIMULATED,SIMULATED
134.2,129.2,55,8.7561,-319.5575,285.8329,0.4745,4,SIMULATED,SIMULATED,SIMULATED,SIMULATED
134.2,129.2,4,222.5799,820.3262,260.9497,-0.4928,2,SIMULATED,SIMULATED,SIMULATED,SIMULATED
134.2,129.2,23,-130.1295,542.7479,268.5774,-0.0,1,SIMULATED,SIMULATED,SIMULATED,SIMULATED
134.2,129.2,16,-211.3141,82.2364,320.4,0.0,1,SIMULATED,SIMULATED,SIMULATED,SIMULATED
134.4,129.4,77,94.7727,977.8177,281.4496,-0.2919,2,SIMULATED,SIMULATED,SIMULATED,SIMULATED
134.4,129.4,44,-439.361,569.6293,258.7791,0.0,1,SIMULATED,SIMULATED,SIMULATED,SIMULATED
134.4,129.4,55,0.9757,-305.5068,289.1691,0.4723,4,SIMULATED,SIMULATED,SIMULATED,SIMULATED
134.4,129.4,4,212.3855,810.3986,255.9539,-0.7073,2,SIMULATED,SIMULATED,SIMULATED,SIMULATED
134.4,129.4,23,-126.6581,557.2088,268.5774,0.0,1,SIMULATED,SIMULATED,SIMULATED,SIMULATED
134.4,129.4,16,-219.9648,97.7931,320.4,0.0,1,SIMULATED,SIMULATED,SIMULATED,SIMULATED
134.6,129.6,77,106.0187,988.5761,279.3903,-0.2916,2,SIMULATED,SIMULATED,SIMULATED,SIMULATED
134.6,129.6,44,-429.9272,580.1679,258.7791,0.0,1,SIMULATED,SIMULATED,SIMULATED,SIMULATED
134.6,129.6,55,-6.8864,-291.2979,292.2846,0.4411,4,SIMULATED,SIMULATED,SIMULATED,SIMULATED
134.6,129.6,4,202.5452,800.6186,249.5484,-0.9069,2,SIMULATED,SIMULATED,SIMULATED,SIMULATED
134.6,129.6,23,-124.9579,571.9634,268.5774,0.0,1,SIMULATED,SIMULATED,SIMULATED,SIMULATED
134.6,129.6,16,-228.6511,113.3321,320.4,0.0,1,SIMULATED,SIMULATED,SIMULATED,SIMULATED
134.8,129.8,77,118.1836,998.0673,275.6329,-0.532,2,SIMULATED,SIMULATED,SIMULATED,SIMULATED
134.8,129.8,44,-418.2359,587.8555,258.7791,0.0,1,SIMULATED,SIMULATED,SIMULATED,SIMULATED
134.8,129.8,55,-14.8638,-276.92,296.0199,0.5288,4,SIMULATED,SIMULATED,SIMULATED,SIMULATED
134.8,129.8,4,193.0274,790.9547,243.8372,-0.8086,2,SIMULATED,SIMULATED,SIMULATED,SIMULATED
134.8,129.8,23,-124.3786,586.8313,268.5774,0.0,1,SIMULATED,SIMULATED,SIMULATED,SIMULATED
134.8,129.8,16,-237.3661,128.8528,320.4,0.0,1,SIMULATED,SIMULATED,SIMULATED,SIMULATED
135.0,130.0,77,131.395,1005.6698,271.2745,-0.6171,2,SIMULATED,SIMULATED,SIMULATED,SIMULATED
135.0,130.0,44,-404.8726,592.5257,258.7791,0.0,1,SIMULATED,SIMULATED,SIMULATED,SIMULATED
135.0,130.0,55,-22.958,-262.3305,300.3051,0.6067,4,SIMULATED,SIMULATED,SIMULATED,SIMULATED
135.0,130.0,4,183.7605,781.3312,240.3361,-0.4957,2,SIMULATED,SIMULATED,SIMULATED,SIMULATED
135.0,130.0,23,-124.4642,601.7445,268.5774,0.0,1,SIMULATED,SIMULATED,SIMULATED,SIMULATED
135.0,130.0,16,-246.0951,144.3662,320.4,0.0,1,SIMULATED,SIMULATED,SIMULATED,SIMULATED
135.2,130.2,77,145.3648,1010.9733,267.3849,-0.5507,2,SIMULATED,SIMULATED,SIMULATED,SIMULATED
135.2,130.2,44,-390.9531,594.4416,256.6775,-0.2975,1,SIMULATED,SIMULATED,SIMULATED,SIMULATED
135.2,130.2,55,-31.1524,-247.5783,303.7713,0.4907,4,SIMULATED,SIMULATED,SIMULATED,SIMULATED
135.2,130.2,4,174.7324,771.7882,236.308,-0.5703,2,SIMULATED,SIMULATED,SIMULATED,SIMULATED
135.2,130.2,23,-124.7477,616.6577,268.5774,0.0,1,SIMULATED,SIMULATED,SIMULATED,SIMULATED
135.2,130.2,16,-254.872,159.8535,320.4,0.0,1,SIMULATED,SIMULATED,SIMULATED,SIMULATED
135.4,130.4,77,160.0616,1013.3268,263.8314,-0.5031,2,SIMULATED,SIMULATED,SIMULATED,SIMULATED
135.4,130.4,44,-377.2052,593.6726,251.7408,-0.6989,1,SIMULATED,SIMULATED,SIMULATED,SIMULATED
135.4,130.4,55,-39.4492,-232.6342,307.6461,0.5486,4,SIMULATED,SIMULATED,SIMULATED,SIMULATED
135.4,130.4,4,165.8915,762.1931,234.37,-0.2744,2,SIMULATED,SIMULATED,SIMULATED,SIMULATED
135.4,130.4,23,-125.067,631.597,268.9749,0.0563,1,SIMULATED,SIMULATED,SIMULATED,SIMULATED
135.4,130.4,16,-263.6439,175.3106,319.8999,-0.0708,1,SIMULATED,SIMULATED,SIMULATED,SIMULATED
135.6,130.6,77,174.7634,1012.5533,261.4681,-0.3346,2,SIMULATED,SIMULATED,SIMULATED,SIMULATED
135.6,130.6,44,-364.0029,590.6635,247.4535,-0.607,1,SIMULATED,SIMULATED,SIMULATED,SIMULATED
135.6,130.6,55,-47.818,-217.5009,311.2083,0.5043,4,SIMULATED,SIMULATED,SIMULATED,SIMULATED
135.6,130.6,4,157.2367,752.3915,235.0299,0.0934,2,SIMULATED,SIMULATED,SIMULATED,SIMULATED
135.6,130.6,23,-125.2248,646.6791,271.2866,0.3273,1,SIMULATED,SIMULATED,SIMULATED,SIMULATED
135.6,130.6,16,-272.363,190.6511,317.6123,-0.3239,1,SIMULATED,SIMULATED,SIMULATED,SIMULATED
135.8,130.8,77,188.8737,1008.787,261.4681,0.0,2,SIMULATED,SIMULATED,SIMULATED,SIMULATED
135.8,130.8,44,-351.501,585.8639,242.7563,-0.665,1,SIMULATED,SIMULATED,SIMULATED,SIMULATED
135.8,130.8,55,-56.2626,-202.1531,315.315,0.5814,4,SIMULATED,SIMULATED,SIMULATED,SIMULATED
135.8,130.8,4,148.7282,742.2416,237.6518,0.3712,2,SIMULATED,SIMULATED,SIMULATED,SIMULATED
135.8,130.8,23,-125.0821,661.9518,274.7818,0.4948,1,SIMULATED,SIMULATED,SIMULATED,SIMULATED
135.8,130.8,16,-281.022,205.8977,315.6144,-0.2829,1,SIMULATED,SIMULATED,SIMULATED,SIMULATED
136.0,131.0,77,202.2807,1002.7946,261.4681,0.0,2,SIMULATED,SIMULATED,SIMULATED,SIMULATED
136.0,131.0,44,-339.7797,579.9558,238.0413,-0.6675,1,SIMULATED,SIMULATED,SIMULATED,SIMULATED
136.0,131.0,55,-64.7823,-186.6726,318.0494,0.3871,4,SIMULATED,SIMULATED,SIMULATED,SIMULATED
136.0,131.0,4,140.3988,731.7184,240.7589,0.4399,2,SIMULATED,SIMULATED,SIMULATED,SIMULATED
136.0,131.0,23,-124.4958,677.3996,277.6588,0.4073,1,SIMULATED,SIMULATED,SIMULATED,SIMULATED
136.0,131.0,16,-289.5987,221.0019,312.6539,-0.4191,1,SIMULATED,SIMULATED,SIMULATED,SIMULATED
136.2,131.2,77,214.6799,994.9876,261.4681,0.0,2,SIMULATED,SIMULATED,SIMULATED,SIMULATED
136.2,131.2,44,-328.5545,573.4904,234.0939,-0.5589,1,SIMULATED,SIMULATED,SIMULATED,SIMULATED
136.2,131.2,55,-73.3429,-171.1078,319.761,0.2423,4,SIMULATED,SIMULATED,SIMULATED,SIMULATED
136.2,131.2,4,132.3478,720.5746,245.851,0.7209,2,SIMULATED,SIMULATED,SIMULATED,SIMULATED
136.2,131.2,23,-122.7822,692.9786,281.6242,0.5614,1,SIMULATED,SIMULATED,SIMULATED,SIMULATED
136.2,131.2,16,-298.0783,235.9502,309.3395,-0.4692,1,SIMULATED,SIMULATED,SIMULATED,SIMULATED
136.4,131.4,77,226.166,985.9411,261.4681,0.0,2,SIMULATED,SIMULATED,SIMULATED,SIMULATED
136.4,131.4,44,-317.6462,566.6748,231.8844,-0.3128,1,SIMULATED,SIMULATED,SIMULATED,SIMULATED
136.4,131.4,55,-81.9163,-155.5072,320.4,0.0905,4,SIMULATED,SIMULATED,SIMULATED,SIMULATED
136.4,131.4,4,125.1794,708.532,250.1687,0.6113,2,SIMULATED,SIMULATED,SIMULATED,SIMULATED
136.4,131.4,23,-119.5209,708.5072,285.1161,0.4944,1,SIMULATED,SIMULATED,SIMULATED,SIMULATED
136.4,131.4,16,-306.4893,250.752,306.4437,-0.41,1,SIMULATED,SIMULATED,SIMULATED,SIMULATED
136.6,131.6,77,236.8818,976.0854,261.4681,0.0,2,SIMULATED,SIMULATED,SIMULATED,SIMULATED
136.6,131.6,44,-306.9142,559.6867,230.7522,-0.1603,1,SIMULATED,SIMULATED,SIMULATED,SIMULATED
136.6,131.6,55,-90.4856,-139.9059,320.4,0.0,4,SIMULATED,SIMULATED,SIMULATED,SIMULATED
136.6,131.6,4,119.9577,695.1608,254.9354,0.6749,2,SIMULATED,SIMULATED,SIMULATED,SIMULATED
136.6,131.6,23,-114.5485,723.8365,288.952,0.5431,1,SIMULATED,SIMULATED,SIMULATED,SIMULATED
136.6,131.6,16,-314.8058,265.3933,303.0957,-0.474,1,SIMULATED,SIMULATED,SIMULATED,SIMULATED
136.8,131.8,77,246.9504,965.4408,261.4681,0.0,2,SIMULATED,SIMULATED,SIMULATED,SIMULATED
136.8,131.8,44,-296.174,552.6254,231.3899,0.0903,1,SIMULATED,SIMULATED,SIMULATED,SIMULATED
136.8,131.8,55,-99.0652,-124.3122,320.4,0.0,4,SIMULATED,SIMULATED,SIMULATED,SIMULATED
136.8,131.8,4,119.383,680.5429,256.1857,0.177,2,SIMULATED,SIMULATED,SIMULATED,SIMULATED
136.8,131.8,23,-107.9438,738.7599,293.2609,0.61,1,SIMULATED,SIMULATED,SIMULATED,SIMULATED
136.8,131.8,16,-323.0357,279.8945,300.1242,-0.4207,1,SIMULATED,SIMULATED,SIMULATED,SIMULATED
137.0,132.0,77,255.7961,953.8657,261.4681,0.0,2,SIMULATED,SIMULATED,SIMULATED,SIMULATED
137.0,132.0,44,-285.3828,545.539,232.3419,0.1348,1,SIMULATED,SIMULATED,SIMULATED,SIMULATED
137.0,132.0,55,-107.6596,-108.7268,320.4,0.0,1,SIMULATED,SIMULATED,SIMULATED,SIMULATED
137.0,132.0,4,125.3674,667.2183,256.1857,0.0,2,SIMULATED,SIMULATED,SIMULATED,SIMULATED
137.0,132.0,23,-99.9697,753.2239,296.8807,0.5125,2,SIMULATED,SIMULATED,SIMULATED,SIMULATED
137.0,132.0,16,-331.1937,294.2497,297.2037,-0.4135,1,SIMULATED,SIMULATED,SIMULATED,SIMULATED
137.2,132.2,77,263.7515,941.5595,261.4681,0.0,2,SIMULATED,SIMULATED,SIMULATED,SIMULATED
137.2,132.2,44,-274.5083,538.4133,234.0143,0.2368,1,SIMULATED,SIMULATED,SIMULATED,SIMULATED
137.2,132.2,55,-116.2749,-93.1493,320.4,0.0,1,SIMULATED,SIMULATED,SIMULATED,SIMULATED
137.2,132.2,4,137.5825,659.1459,256.1857,0.0,2,SIMULATED,SIMULATED,SIMULATED,SIMULATED
137.2,132.2,23,-91.0165,767.3346,300.1042,0.4564,2,SIMULATED,SIMULATED,SIMULATED,SIMULATED
137.2,132.2,16,-339.3051,308.4453,294.2704,-0.4153,1,SIMULATED,SIMULATED,SIMULATED,SIMULATED
137.4,132.4,77,270.0916,928.4119,261.4681,0.0,2,SIMULATED,SIMULATED,SIMULATED,SIMULATED
137.4,132.4,44,-263.4546,531.2332,237.1414,0.4427,1,SIMULATED,SIMULATED,SIMULATED,SIMULATED
137.4,132.4,55,-124.8882,-77.5733,320.4,0.0,1,SIMULATED,SIMULATED,SIMULATED,SIMULATED
137.4,132.4,4,152.1512,657.631,256.1857,0.0,2,SIMULATED,SIMULATED,SIMULATED,SIMULATED
137.4,132.4,23,-81.2325,780.8843,300.5424,0.062,2,SIMULATED,SIMULATED,SIMULATED,SIMULATED
137.4,132.4,16,-347.3722,322.5068,291.7821,-0.3523,1,SIMULATED,SIMULATED,SIMULATED,SIMULATED
137.6,132.6,77,274.0951,914.2468,261.4681,0.0,2,SIMULATED,SIMULATED,SIMULATED,SIMULATED
137.6,132.6,44,-252.1646,523.9855,241.394,0.6021,1,SIMULATED,SIMULATED,SIMULATED,SIMULATED
137.6,132.6,55,-133.504,-61.9974,320.4,0.0,1,SIMULATED,SIMULATED,SIMULATED,SIMULATED
137.6,132.6,4,166.478,659.7036,256.1857,0.0,2,SIMULATED,SIMULATED,SIMULATED,SIMULATED
137.6,132.6,23,-70.8407,794.0149,301.1488,0.0858,2,SIMULATED,SIMULATED,SIMULATED,SIMULATED
137.6,132.6,16,-355.3875,336.4275,289.1264,-0.376,1,SIMULATED,SIMULATED,SIMULATED,SIMULATED
137.8,132.8,77,275.7018,899.5923,261.7421,0.0388,2,SIMULATED,SIMULATED,SIMULATED,SIMULATED
137.8,132.8,44,-240.4725,516.8104,246.3883,0.7071,1,SIMULATED,SIMULATED,SIMULATED,SIMULATED
137.8,132.8,55,-142.1205,-46.421,320.4,0.0,1,SIMULATED,SIMULATED,SIMULATED,SIMULATED
137.8,132.8,4,180.2685,663.4447,255.9376,-0.0351,2,SIMULATED,SIMULATED,SIMULATED,SIMULATED
137.8,132.8,23,-59.985,806.7712,301.2096,0.0086,2,SIMULATED,SIMULATED,SIMULATED,SIMULATED
137.8,132.8,16,-363.3511,350.215,286.5815,-0.3603,1,SIMULATED,SIMULATED,SIMULATED,SIMULATED
138.0,133.0,77,273.5967,884.9918,263.403,0.2351,2,SIMULATED,SIMULATED,SIMULATED,SIMULATED
138.0,133.0,44,-228.2743,509.9029,251.4089,0.7108,1,SIMULATED,SIMULATED,SIMULATED,SIMULATED
138.0,133.0,55,-150.7332,-30.844,320.4,0.0,1,SIMULATED,SIMULATED,SIMULATED,SIMULATED
138.0,133.0,4,193.5946,668.1474,253.1168,-0.3994,2,SIMULATED,SIMULATED,SIMULATED,SIMULATED
138.0,133.0,23,-48.9581,819.272,299.9515,-0.1781,2,SIMULATED,SIMULATED,SIMULATED,SIMULATED
138.0,133.0,16,-371.2578,363.8656,283.95,-0.3726,1,SIMULATED,SIMULATED,SIMULATED,SIMULATED
138.2,133.2,77,268.5354,870.9367,266.049,0.3746,2,SIMULATED,SIMULATED,SIMULATED,SIMULATED
138.2,133.2,44,-215.2659,503.8313,256.3251,0.696,1,SIMULATED,SIMULATED,SIMULATED,SIMULATED
138.2,133.2,55,-159.3507,-15.2693,320.4,0.0,1,SIMULATED,SIMULATED,SIMULATED,SIMULATED
138.2,133.2,4,206.5246,673.1134,248.9359,-0.5919,2,SIMULATED,SIMULATED,SIMULATED,SIMULATED
138.2,133.2,23,-37.8562,831.5529,297.9198,-0.2876,2,SIMULATED,SIMULATED,SIMULATED,SIMULATED
138.2,133.2,16,-379.0881,377.3852,281.2504,-0.3822,1,SIMULATED,SIMULATED,SIMULATED,SIMULATED
138.4,133.4,77,260.8093,857.9927,268.315,0.3208,2,SIMULATED,SIMULATED,SIMULATED,SIMULATED
138.4,133.4,44,-201.1561,499.8182,261.1899,0.6888,1,SIMULATED,SIMULATED,SIMULATED,SIMULATED
138.4,133.4,55,-167.9669,0.3066,320.4,0.0,1,SIMULATED,SIMULATED,SIMULATED,SIMULATED
138.4,133.4,4,219.2378,678.1791,246.1522,-0.3941,2,SIMULATED,SIMULATED,SIMULATED,SIMULATED
138.4,133.4,23,-26.8445,843.678,294.8241,-0.4383,2,SIMULATED,SIMULATED,SIMULATED,SIMULATED
138.4,133.4,16,-386.8267,390.8393,279.3783,-0.265,1,SIMULATED,SIMULATED,SIMULATED,SIMULATED
138.6,133.6,77,251.3755,846.347,268.0134,-0.0427,2,SIMULATED,SIMULATED,SIMULATED,SIMULATED
138.6,133.6,44,-186.2657,498.3231,266.0336,0.6858,1,SIMULATED,SIMULATED,SIMULATED,SIMULATED
138.6,133.6,55,-176.5784,15.885,320.4,0.0,1,SIMULATED,SIMULATED,SIMULATED,SIMULATED
138.6,133.6,4,231.8265,683.3054,244.5365,-0.2287,2,SIMULATED,SIMULATED,SIMULATED,SIMULATED
138.6,133.6,23,-15.9536,855.7031,292.0489,-0.3929,2,SIMULATED,SIMULATED,SIMULATED,SIMULATED
138.6,133.6,16,-394.4673,404.1848,276.8239,-0.3616,1,SIMULATED,SIMULATED,SIMULATED,SIMULATED
138.8,133.8,77,241.2301,835.5026,266.273,-0.2464,2,SIMULATED,SIMULATED,SIMULATED,SIMULATED
138.8,133.8,44,-171.3076,500.3795,269.1633,0.4431,1,SIMULATED,SIMULATED,SIMULATED,SIMULATED
138.8,133.8,55,-185.1908,31.4634,320.4,0.0,1,SIMULATED,SIMULATED,SIMULATED,SIMULATED
138.8,133.8,4,244.3901,688.5352,244.7249,0.0267,2,SIMULATED,SIMULATED,SIMULATED,SIMULATED
138.8,133.8,23,-5.1785,867.6243,289.2461,-0.3968,2,SIMULATED,SIMULATED,SIMULATED,SIMULATED
138.8,133.8,16,-401.9977,417.4612,274.7868,-0.2884,1,SIMULATED,SIMULATED,SIMULATED,SIMULATED
139.0,134.0,77,230.7931,825.2278,263.3394,-0.4153,2,SIMULATED,SIMULATED,SIMULATED,SIMULATED
139.0,134.0,44,-157.1427,505.7805,269.4681,0.0432,1,SIMULATED,SIMULATED,SIMULATED,SIMULATED
139.0,134.0,55,-193.797,47.0447,320.4,0.0,1,SIMULATED,SIMULATED,SIMULATED,SIMULATED
139.0,134.0,4,256.9432,693.8746,245.4093,0.0969,2,SIMULATED,SIMULATED,SIMULATED,SIMULATED
139.0,134.0,23,5.5416,879.4763,287.6515,-0.2258,2,SIMULATED,SIMULATED,SIMULATED,SIMULATED
139.0,134.0,16,-409.3684,430.6723,272.3849,-0.3401,1,SIMULATED,SIMULATED,SIMULATED,SIMULATED
139.2,134.2,77,220.4554,815.1996,259.2488,-0.5791,2,SIMULATED,SIMULATED,SIMULATED,SIMULATED
139.2,134.2,44,-145.0549,514.8652,268.6186,-0.1203,1,SIMULATED,SIMULATED,SIMULATED,SIMULATED
139.2,134.2,55,-202.3985,62.629,320.4,0.0,1,SIMULATED,SIMULATED,SIMULATED,SIMULATED
139.2,134.2,4,269.4703,699.3737,246.0017,0.0839,2,SIMULATED,SIMULATED,SIMULATED,SIMULATED
139.2,134.2,23,16.2408,891.2882,286.8644,-0.1114,2,SIMULATED,SIMULATED,SIMULATED,SIMULATED
139.2,134.2,16,-416.5077,443.8459,269.8509,-0.3588,1,SIMULATED,SIMULATED,SIMULATED,SIMULATED
139.4,134.4,77,210.3741,805.3238,254.1774,-0.718,2,SIMULATED,SIMULATED,SIMULATED,SIMULATED
139.4,134.4,44,-135.8931,526.8865,268.5774,-0.0058,1,SIMULATED,SIMULATED,SIMULATED,SIMULATED
139.4,134.4,55,-211.0157,78.1999,320.4,0.0,1,SIMULATED,SIMULATED,SIMULATED,SIMULATED
139.4,134.4,4,282.0001,705.0146,247.2352,0.1746,2,SIMULATED,SIMULATED,SIMULATED,SIMULATED
139.4,134.4,23,26.9342,903.1037,286.8561,-0.0012,2,SIMULATED,SIMULATED,SIMULATED,SIMULATED
139.4,134.4,16,-423.4175,456.9871,267.3387,-0.3557,1,SIMULATED,SIMULATED,SIMULATED,SIMULATED
139.6,134.6,77,200.6796,795.6121,247.2737,-0.9774,2,SIMULATED,SIMULATED,SIMULATED,SIMULATED
139.6,134.6,44,-129.2586,540.4254,268.5774,0.0,1,SIMULATED,SIMULATED,SIMULATED,SIMULATED
139.6,134.6,55,-219.665,93.7568,320.4,0.0,1,SIMULATED,SIMULATED,SIMULATED,SIMULATED
139.6,134.6,4,294.5678,710.7758,248.7277,0.2113,2,SIMULATED,SIMULATED,SIMULATED,SIMULATED
139.6,134.6,23,37.6075,914.8889,286.1901,-0.0943,2,SIMULATED,SIMULATED,SIMULATED,SIMULATED
139.6,134.6,16,-429.9537,470.1429,264.6647,-0.3786,1,SIMULATED,SIMULATED,SIMULATED,SIMULATED
139.8,134.8,77,191.2769,785.984,242.3826,-0.6925,2,SIMULATED,SIMULATED,SIMULATED,SIMULATED
139.8,134.8,44,-125.5568,555.0901,268.5774,0.0,1,SIMULATED,SIMULATED,SIMULATED,SIMULATED
139.8,134.8,55,-228.3375,109.2986,320.4,0.0,1,SIMULATED,SIMULATED,SIMULATED,SIMULATED
139.8,134.8,4,307.2271,716.566,250.6059,0.2659,2,SIMULATED,SIMULATED,SIMULATED,SIMULATED
139.8,134.8,23,48.2325,926.6207,284.9073,-0.1816,2,SIMULATED,SIMULATED,SIMULATED,SIMULATED
139.8,134.8,16,-435.8785,483.4135,262.3625,-0.3259,1,SIMULATED,SIMULATED,SIMULATED,SIMULATED
140.0,135.0,77,182.1173,776.4209,238.6071,-0.5345,2,SIMULATED,SIMULATED,SIMULATED,SIMULATED
140.0,135.0,44,-123.6078,569.9939,268.5774,0.0,1,SIMULATED,SIMULATED,SIMULATED,SIMULATED
140.0,135.0,55,-237.0492,124.8177,320.4,0.0,1,SIMULATED,SIMULATED,SIMULATED,SIMULATED
140.0,135.0,4,319.9967,722.3974,252.6793,0.2935,2,SIMULATED,SIMULATED,SIMULATED,SIMULATED
140.0,135.0,23,58.8529,938.3365,284.6239,-0.0401,2,SIMULATED,SIMULATED,SIMULATED,SIMULATED
140.0,135.0,16,-440.9046,496.932,260.1112,-0.3187,1,SIMULATED,SIMULATED,SIMULATED,SIMULATED
140.2,135.2,77,173.1816,766.8863,235.3505,-0.4611,2,SIMULATED,SIMULATED,SIMULATED,SIMULATED
140.2,135.2,44,-122.885,584.9683,268.5774,0.0,1,SIMULATED,SIMULATED,SIMULATED,SIMULATED
140.2,135.2,55,-245.774,140.3314,320.4,0.0,1,SIMULATED,SIMULATED,SIMULATED,SIMULATED
140.2,135.2,4,332.8287,728.1905,253.6591,0.1387,2,SIMULATED,SIMULATED,SIMULATED,SIMULATED
140.2,135.2,23,69.4831,950.0365,284.5319,-0.013,2,SIMULATED,SIMULATED,SIMULATED,SIMULATED
140.2,135.2,16,-445.0527,510.666,259.1495,-0.1362,1,SIMULATED,SIMULATED,SIMULATED,SIMULATED
140.4,135.4,77,164.4295,757.2811,234.1749,-0.1664,2,SIMULATED,SIMULATED,SIMULATED,SIMULATED
140.4,135.4,44,-122.9439,599.9032,268.5774,0.0,1,SIMULATED,SIMULATED,SIMULATED,SIMULATED
140.4,135.4,55,-254.5388,155.8197,320.4,0.0,1,SIMULATED,SIMULATED,SIMULATED,SIMULATED
140.4,135.4,4,345.7882,733.9297,255.1786,0.2151,2,SIMULATED,SIMULATED,SIMULATED,SIMULATED
140.4,135.4,23,80.1209,961.6872,283.9479,-0.0827,2,SIMULATED,SIMULATED,SIMULATED,SIMULATED
140.4,135.4,16,-447.8736,524.703,258.7791,-0.0524,1,SIMULATED,SIMULATED,SIMULATED,SIMULATED
140.6,135.6,77,155.846,747.3687,236.5474,0.3359,2,SIMULATED,SIMULATED,SIMULATED,SIMULATED
140.6,135.6,44,-123.2091,614.8317,268.5774,0.0,1,SIMULATED,SIMULATED,SIMULATED,SIMULATED
140.6,135.6,55,-263.318,171.2963,320.2955,-0.0148,1,SIMULATED,SIMULATED,SIMULATED,SIMULATED
140.6,135.6,4,358.8178,739.6197,256.123,0.1337,2,SIMULATED,SIMULATED,SIMULATED,SIMULATED
140.6,135.6,23,90.8668,973.1232,282.3107,-0.2318,2,SIMULATED,SIMULATED,SIMULATED,SIMULATED
140.6,135.6,16,-448.7555,538.9651,258.7791,0.0,1,SIMULATED,SIMULATED,SIMULATED,SIMULATED
140.8,135.8,77,147.4529,737.1662,238.4671,0.2718,2,SIMULATED,SIMULATED,SIMULATED,SIMULATED
140.8,135.8,44,-123.5268,629.7623,268.7986,0.0313,1,SIMULATED,SIMULATED,SIMULATED,SIMULATED
140.8,135.8,55,-272.0489,186.6588,318.0674,-0.3155,1,SIMULATED,SIMULATED,SIMULATED,SIMULATED
140.8,135.8,4,372.0079,745.1811,257.9522,0.259,2,SIMULATED,SIMULATED,SIMULATED,SIMULATED
140.8,135.8,23,101.9346,984.1217,280.339,-0.2792,2,SIMULATED,SIMULATED,SIMULATED,SIMULATED
140.8,135.8,16,-447.1036,553.0868,258.7791,0.0,1,SIMULATED,SIMULATED,SIMULATED,SIMULATED
141.0,136.0,77,139.2454,726.5139,242.512,0.5727,2,SIMULATED,SIMULATED,SIMULATED,SIMULATED
141.0,136.0,44,-123.7281,644.7875,270.9048,0.2982,1,SIMULATED,SIMULATED,SIMULATED,SIMULATED
141.0,136.0,55,-280.7205,201.9233,315.9902,-0.2941,1,SIMULATED,SIMULATED,SIMULATED,SIMULATED
141.0,136.0,4,385.4116,750.5436,260.7431,0.3951,2,SIMULATED,SIMULATED,SIMULATED,SIMULATED
141.0,136.0,23,113.652,994.1682,277.3757,-0.4195,2,SIMULATED,SIMULATED,SIMULATED,SIMULATED
141.0,136.0,16,-441.957,566.2809,258.7791,0.0,1,SIMULATED,SIMULATED,SIMULATED,SIMULATED
141.2,136.2,77,131.5668,715.2495,246.8624,0.6159,2,SIMULATED,SIMULATED,SIMULATED,SIMULATED
141.2,136.2,44,-123.6172,660.0139,274.3875,0.4931,1,SIMULATED,SIMULATED,SIMULATED,SIMULATED
141.2,136.2,55,-289.3163,217.0614,313.3528,-0.3734,1,SIMULATED,SIMULATED,SIMULATED,SIMULATED
141.2,136.2,4,399.164,755.4798,263.5527,0.3978,2,SIMULATED,SIMULATED,SIMULATED,SIMULATED
141.2,136.2,23,126.3321,1002.5392,272.3278,-0.7147,2,SIMULATED,SIMULATED,SIMULATED,SIMULATED
141.2,136.2,16,-433.4043,577.649,258.7791,0.0,1,SIMULATED,SIMULATED,SIMULATED,SIMULATED
141.4,136.4,77,124.9711,703.1483,251.9375,0.7185,2,SIMULATED,SIMULATED,SIMULATED,SIMULATED
141.4,136.4,44,-123.0984,675.3871,277.3444,0.4186,1,SIMULATED,SIMULATED,SIMULATED,SIMULATED
141.4,136.4,55,-297.8149,232.0419,310.0072,-0.4737,1,SIMULATED,SIMULATED,SIMULATED,SIMULATED
141.4,136.4,4,413.1457,759.644,264.0291,0.0674,2,SIMULATED,SIMULATED,SIMULATED,SIMULATED
141.4,136.4,23,140.0035,1008.7797,269.1148,-0.4549,2,SIMULATED,SIMULATED,SIMULATED,SIMULATED
141.4,136.4,16,-422.1783,586.3417,258.7791,0.0,1,SIMULATED,SIMULATED,SIMULATED,SIMULATED
141.6,136.6,77,121.2774,689.7338,256.1857,0.6015,2,SIMULATED,SIMULATED,SIMULATED,SIMULATED
141.6,136.6,44,-121.6109,690.8078,281.0882,0.53,1,SIMULATED,SIMULATED,SIMULATED,SIMULATED
141.6,136.6,55,-306.2411,246.8738,307.0671,-0.4163,1,SIMULATED,SIMULATED,SIMULATED,SIMULATED
141.6,136.6,4,427.4168,762.1759,265.0043,0.1381,2,SIMULATED,SIMULATED,SIMULATED,SIMULATED
141.6,136.6,23,154.3325,1012.3481,265.1679,-0.5588,2,SIMULATED,SIMULATED,SIMULATED,SIMULATED
141.6,136.6,16,-409.1028,591.976,258.7791,0.0,1,SIMULATED,SIMULATED,SIMULATED,SIMULATED
141.8,136.8,77,122.7001,676.0786,256.1857,0.0,2,SIMULATED,SIMULATED,SIMULATED,SIMULATED
141.8,136.8,44,-118.5279,706.2278,284.6708,0.5072,1,SIMULATED,SIMULATED,SIMULATED,SIMULATED
141.8,136.8,55,-314.5767,261.5469,303.7558,-0.4688,1,SIMULATED,SIMULATED,SIMULATED,SIMULATED
141.8,136.8,4,441.9096,762.3205,265.0198,0.0022,2,SIMULATED,SIMULATED,SIMULATED,SIMULATED
141.8,136.8,23,168.9566,1012.6424,261.9921,-0.4496,2,SIMULATED,SIMULATED,SIMULATED,SIMULATED
141.8,136.8,16,-395.2142,594.7341,257.8552,-0.1308,1,SIMULATED,SIMULATED,SIMULATED,SIMULATED
142.0,137.0,77,130.5888,665.1415,256.1857,0.0,2,SIMULATED,SIMULATED,SIMULATED,SIMULATED
142.0,137.0,44,-113.9178,721.4087,288.4537,0.5356,1,SIMULATED,SIMULATED,SIMULATED,SIMULATED
142.0,137.0,55,-322.8239,276.0774,300.7323,-0.4281,1,SIMULATED,SIMULATED,SIMULATED,SIMULATED
142.0,137.0,4,456.1452,760.018,265.0198,0.0,2,SIMULATED,SIMULATED,SIMULATED,SIMULATED
142.0,137.0,23,183.3209,1010.0276,261.4681,-0.0742,2,SIMULATED,SIMULATED,SIMULATED,SIMULATED
142.0,137.0,16,-381.2157,594.7155,253.1641,-0.6642,1,SIMULATED,SIMULATED,SIMULATED,SIMULATED
142.2,137.2,77,143.1986,660.216,256.1857,0.0,2,SIMULATED,SIMULATED,SIMULATED,SIMULATED
142.2,137.2,44,-107.5169,736.2663,292.7803,0.6125,1,SIMULATED,SIMULATED,SIMULATED,SIMULATED
142.2,137.2,55,-330.9965,290.4619,297.8042,-0.4145,1,SIMULATED,SIMULATED,SIMULATED,SIMULATED
142.2,137.2,4,469.5197,754.5617,265.0171,-0.0004,2,SIMULATED,SIMULATED,SIMULATED,SIMULATED
142.2,137.2,23,196.9646,1004.9532,261.4681,0.0,2,SIMULATED,SIMULATED,SIMULATED,SIMULATED
142.2,137.2,16,-367.7167,592.2485,249.1194,-0.5726,1,SIMULATED,SIMULATED,SIMULATED,SIMULATED
142.4,137.4,77,157.0999,660.2514,256.1857,0.0,2,SIMULATED,SIMULATED,SIMULATED,SIMULATED
142.4,137.4,44,-99.7039,750.6902,296.484,0.5244,2,SIMULATED,SIMULATED,SIMULATED,SIMULATED
142.4,137.4,55,-339.115,304.687,294.8728,-0.415,1,SIMULATED,SIMULATED,SIMULATED,SIMULATED
142.4,137.4,4,481.1674,746.2275,265.0171,0.0,2,SIMULATED,SIMULATED,SIMULATED,SIMULATED
142.4,137.4,23,209.6855,997.8013,261.4681,0.0,2,SIMULATED,SIMULATED,SIMULATED,SIMULATED
142.4,137.4,16,-354.9804,587.8998,244.0172,-0.7224,1,SIMULATED,SIMULATED,SIMULATED,SIMULATED
142.6,137.6,77,170.8752,663.051,256.1857,0.0,2,SIMULATED,SIMULATED,SIMULATED,SIMULATED
142.6,137.6,44,-90.9842,764.769,299.7009,0.4555,2,SIMULATED,SIMULATED,SIMULATED,SIMULATED
142.6,137.6,55,-347.188,318.7733,292.2877,-0.366,1,SIMULATED,SIMULATED,SIMULATED,SIMULATED
142.6,137.6,4,490.1534,735.0519,265.0171,0.0,2,SIMULATED,SIMULATED,SIMULATED,SIMULATED
142.6,137.6,23,221.4373,989.1826,261.4681,0.0,2,SIMULATED,SIMULATED,SIMULATED,SIMULATED
142.6,137.6,16,-342.9769,582.2675,239.5982,-0.6256,1,SIMULATED,SIMULATED,SIMULATED,SIMULATED
142.8,137.8,77,184.3831,667.1398,255.4052,-0.1105,2,SIMULATED,SIMULATED,SIMULATED,SIMULATED
142.8,137.8,44,-81.3023,778.3118,300.3718,0.095,2,SIMULATED,SIMULATED,SIMULATED,SIMULATED
142.8,137.8,55,-355.2128,332.7213,289.6871,-0.3682,1,SIMULATED,SIMULATED,SIMULATED,SIMULATED
142.8,137.8,4,496.1914,722.0435,265.0171,-0.0,2,SIMULATED,SIMULATED,SIMULATED,SIMULATED
142.8,137.8,23,232.4237,979.6513,261.4681,0.0,2,SIMULATED,SIMULATED,SIMULATED,SIMULATED
142.8,137.8,16,-331.6206,575.8957,234.6477,-0.7009,1,SIMULATED,SIMULATED,SIMULATED,SIMULATED
143.0,138.0,77,197.4635,671.9572,251.5206,-0.55,2,SIMULATED,SIMULATED,SIMULATED,SIMULATED
143.0,138.0,44,-70.9952,791.4503,301.2417,0.1231,2,SIMULATED,SIMULATED,SIMULATED,SIMULATED
143.0,138.0,55,-363.1833,346.5333,287.0839,-0.3686,1,SIMULATED,SIMULATED,SIMULATED,SIMULATED
143.0,138.0,4,498.9819,707.7715,265.0156,-0.0002,2,SIMULATED,SIMULATED,SIMULATED,SIMULATED
143.0,138.0,23,242.746,969.3699,261.4681,0.0,2,SIMULATED,SIMULATED,SIMULATED,SIMULATED
143.0,138.0,16,-320.6155,569.163,232.6267,-0.2861,1,SIMULATED,SIMULATED,SIMULATED,SIMULATED
143.2,138.2,77,210.2857,676.9678,248.1337,-0.4795,2,SIMULATED,SIMULATED,SIMULATED,SIMULATED
143.2,138.2,44,-60.2213,804.2151,301.1316,-0.0156,2,SIMULATED,SIMULATED,SIMULATED,SIMULATED
143.2,138.2,55,-371.1063,360.2131,284.5577,-0.3577,1,SIMULATED,SIMULATED,SIMULATED,SIMULATED
143.2,138.2,4,498.7609,693.4161,263.9785,-0.1468,2,SIMULATED,SIMULATED,SIMULATED,SIMULATED
143.2,138.2,23,252.0541,958.1832,261.4681,0.0,2,SIMULATED,SIMULATED,SIMULATED,SIMULATED
143.2,138.2,16,-309.8589,562.2131,230.6143,-0.2849,1,SIMULATED,SIMULATED,SIMULATED,SIMULATED
143.4,138.4,77,222.9174,682.0385,245.086,-0.4315,2,SIMULATED,SIMULATED,SIMULATED,SIMULATED
143.4,138.4,44,-49.2271,816.7188,300.0726,-0.1499,2,SIMULATED,SIMULATED,SIMULATED,SIMULATED
143.4,138.4,55,-378.95,373.7511,281.6308,-0.4144,1,SIMULATED,SIMULATED,SIMULATED,SIMULATED
143.4,138.4,4,494.9077,679.9278,260.4677,-0.4971,2,SIMULATED,SIMULATED,SIMULATED,SIMULATED
143.4,138.4,23,260.3408,946.1963,261.4681,0.0,2,SIMULATED,SIMULATED,SIMULATED,SIMULATED
143.4,138.4,16,-299.1302,555.1706,231.0393,0.0602,1,SIMULATED,SIMULATED,SIMULATED,SIMULATED
143.6,138.6,77,235.4891,687.1997,244.8312,-0.0361,2,SIMULATED,SIMULATED,SIMULATED,SIMULATED
143.6,138.6,44,-38.1287,829.0216,298.3739,-0.2405,2,SIMULATED,SIMULATED,SIMULATED,SIMULATED
143.6,138.6,55,-386.7087,387.2246,279.7913,-0.2604,1,SIMULATED,SIMULATED,SIMULATED,SIMULATED
143.6,138.6,4,488.2673,667.5565,257.6666,-0.3966,2,SIMULATED,SIMULATED,SIMULATED,SIMULATED
143.6,138.6,23,267.4086,933.4292,261.4681,0.0,2,SIMULATED,SIMULATED,SIMULATED,SIMULATED
143.6,138.6,16,-288.3463,548.0811,232.2869,0.1766,1,SIMULATED,SIMULATED,SIMULATED,SIMULATED
143.8,138.8,77,248.0197,692.4619,244.7219,-0.0155,2,SIMULATED,SIMULATED,SIMULATED,SIMULATED
143.8,138.8,44,-27.1046,841.1604,295.1774,-0.4526,2,SIMULATED,SIMULATED,SIMULATED,SIMULATED
143.8,138.8,55,-394.3722,400.5952,277.3493,-0.3457,1,SIMULATED,SIMULATED,SIMULATED,SIMULATED
143.8,138.8,4,479.9043,656.2543,254.8053,-0.4051,2,SIMULATED,SIMULATED,SIMULATED,SIMULATED
143.8,138.8,23,272.3607,919.7355,261.4681,0.0,2,SIMULATED,SIMULATED,SIMULATED,SIMULATED
143.8,138.8,16,-277.5043,540.9734,233.3445,0.1497,1,SIMULATED,SIMULATED,SIMULATED,SIMULATED
144.0,139.0,77,260.5512,697.8256,245.475,0.1066,2,SIMULATED,SIMULATED,SIMULATED,SIMULATED
144.0,139.0,44,-16.1958,853.199,292.3887,-0.3948,2,SIMULATED,SIMULATED,SIMULATED,SIMULATED
144.0,139.0,55,-401.932,413.8906,275.1893,-0.3058,1,SIMULATED,SIMULATED,SIMULATED,SIMULATED
144.0,139.0,4,470.8348,645.6063,252.5265,-0.3226,2,SIMULATED,SIMULATED,SIMULATED,SIMULATED
144.0,139.0,23,274.8286,905.3555,261.4681,-0.0,2,SIMULATED,SIMULATED,SIMULATED,SIMULATED
144.0,139.0,16,-266.5152,533.8105,236.0766,0.3868,1,SIMULATED,SIMULATED,SIMULATED,SIMULATED
144.2,139.2,77,273.0561,703.3926,246.6905,0.1721,2,SIMULATED,SIMULATED,SIMULATED,SIMULATED
144.2,139.2,44,-5.407,865.1348,289.6019,-0.3946,2,SIMULATED,SIMULATED,SIMULATED,SIMULATED
144.2,139.2,55,-409.3472,427.1271,272.9157,-0.3219,1,SIMULATED,SIMULATED,SIMULATED,SIMULATED
144.2,139.2,4,461.549,635.1766,251.4331,-0.1548,3,SIMULATED,SIMULATED,SIMULATED,SIMULATED
144.2,139.2,23,274.4113,890.6802,262.6507,0.1674,2,SIMULATED,SIMULATED,SIMULATED,SIMULATED
144.2,139.2,16,-255.3044,526.5819,240.0375,0.5608,1,SIMULATED,SIMULATED,SIMULATED,SIMULATED
144.4,139.4,77,285.5797,709.0757,247.6586,0.1371,2,SIMULATED,SIMULATED,SIMULATED,SIMULATED
144.4,139.4,44,5.3178,876.9938,287.8187,-0.2525,2,SIMULATED,SIMULATED,SIMULATED,SIMULATED
144.4,139.4,55,-416.5539,440.3261,270.3694,-0.3605,1,SIMULATED,SIMULATED,SIMULATED,SIMULATED
144.4,139.4,4,452.327,624.6299,251.9952,0.0796,3,SIMULATED,SIMULATED,SIMULATED,SIMULATED
144.4,139.4,23,270.4089,876.3883,265.7233,0.435,2,SIMULATED,SIMULATED,SIMULATED,SIMULATED
144.4,139.4,16,-243.7651,519.3546,244.8161,0.6765,1,SIMULATED,SIMULATED,SIMULATED,SIMULATED
144.6,139.6,77,298.1726,714.8482,249.352,0.2398,2,SIMULATED,SIMULATED,SIMULATED,SIMULATED
144.6,139.6,44,16.0156,888.806,286.8668,-0.1348,2,SIMULATED,SIMULATED,SIMULATED,SIMULATED
144.6,139.6,55,-423.5113,453.4934,267.8569,-0.3557,1,SIMULATED,SIMULATED,SIMULATED,SIMULATED
144.6,139.6,4,443.2897,613.8027,253.1494,0.1634,3,SIMULATED,SIMULATED,SIMULATED,SIMULATED
144.6,139.6,23,263.6805,863.0826,267.8104,0.2955,2,SIMULATED,SIMULATED,SIMULATED,SIMULATED
144.6,139.6,16,-231.7465,512.341,250.3009,0.7765,1,SIMULATED,SIMULATED,SIMULATED,SIMULATED
144.8,139.8,77,310.8786,720.6513,251.4086,0.2912,2,SIMULATED,SIMULATED,SIMULATED,SIMULATED
144.8,139.8,44,26.7115,900.6212,286.8561,-0.0015,2,SIMULATED,SIMULATED,SIMULATED,SIMULATED
144.8,139.8,55,-430.1505,466.681,265.2302,-0.3719,1,SIMULATED,SIMULATED,SIMULATED,SIMULATED
144.8,139.8,4,434.5657,602.536,255.9089,0.3907,3,SIMULATED,SIMULATED,SIMULATED,SIMULATED
144.8,139.8,23,254.7623,851.0346,268.59,0.1104,2,SIMULATED,SIMULATED,SIMULATED,SIMULATED
144.8,139.8,16,-219.0713,505.9472,254.8998,0.6511,1,SIMULATED,SIMULATED,SIMULATED,SIMULATED
145.0,140.0,77,323.6858,726.4845,253.248,0.2604,2,SIMULATED,SIMULATED,SIMULATED,SIMULATED
145.0,140.0,44,37.3871,912.4119,286.3183,-0.0761,2,SIMULATED,SIMULATED,SIMULATED,SIMULATED
145.0,140.0,55,-436.2736,479.9788,262.8119,-0.3424,1,SIMULATED,SIMULATED,SIMULATED,SIMULATED
145.0,140.0,4,426.1748,590.7776,258.4393,0.3583,3,SIMULATED,SIMULATED,SIMULATED,SIMULATED
145.0,140.0,23,244.8437,839.9592,267.0819,-0.2135,2,SIMULATED,SIMULATED,SIMULATED,SIMULATED
145.0,140.0,16,-205.3717,501.2321,259.672,0.6756,1,SIMULATED,SIMULATED,SIMULATED,SIMULATED
145.2,140.2,77,336.5802,732.2617,254.2023,0.1351,2,SIMULATED,SIMULATED,SIMULATED,SIMULATED
145.2,140.2,44,48.0195,924.1507,285.0811,-0.1752,2,SIMULATED,SIMULATED,SIMULATED,SIMULATED
145.2,140.2,55,-441.5582,493.5653,260.4468,-0.3348,1,SIMULATED,SIMULATED,SIMULATED,SIMULATED
145.2,140.2,4,418.4373,578.4392,261.3972,0.4188,3,SIMULATED,SIMULATED,SIMULATED,SIMULATED
145.2,140.2,23,234.4774,829.5152,264.5238,-0.3622,2,SIMULATED,SIMULATED,SIMULATED,SIMULATED
145.2,140.2,16,-190.7902,498.9454,264.6098,0.6991,1,SIMULATED,SIMULATED,SIMULATED,SIMULATED
145.4,140.4,77,349.5625,737.9967,255.4215,0.1726,2,SIMULATED,SIMULATED,SIMULATED,SIMULATED
145.4,140.4,44,58.6376,935.8672,284.6239,-0.0647,2,SIMULATED,SIMULATED,SIMULATED,SIMULATED
145.4,140.4,55,-445.8903,507.3632,259.4176,-0.1457,1,SIMULATED,SIMULATED,SIMULATED,SIMULATED
145.4,140.4,4,411.2873,565.4345,265.5194,0.5836,3,SIMULATED,SIMULATED,SIMULATED,SIMULATED
145.4,140.4,23,224.0732,819.4064,261.0868,-0.4866,2,SIMULATED,SIMULATED,SIMULATED,SIMULATED
145.4,140.4,16,-175.831,499.918,268.5628,0.5597,1,SIMULATED,SIMULATED,SIMULATED,SIMULATED
145.6,140.6,77,362.6608,743.6652,256.7371,0.1863,2,SIMULATED,SIMULATED,SIMULATED,SIMULATED
145.6,140.6,44,69.2652,947.5686,284.5687,-0.0078,2,SIMULATED,SIMULATED,SIMULATED,SIMULATED
145.6,140.6,55,-449.132,521.5266,258.7791,-0.0904,1,SIMULATED,SIMULATED,SIMULATED,SIMULATED
145.6,140.6,4,404.814,551.9696,268.1195,0.3681,3,SIMULATED,SIMULATED,SIMULATED,SIMULATED
145.6,140.6,23,213.8805,809.4854,256.1043,-0.7054,2,SIMULATED,SIMULATED,SIMULATED,SIMULATED
145.6,140.6,16,-161.3169,504.1197,269.5362,0.1378,1,SIMULATED,SIMULATED,SIMULATED,SIMULATED
145.8,140.8,77,375.9659,749.1714,258.6865,0.276,2,SIMULATED,SIMULATED,SIMULATED,SIMULATED
145.8,140.8,44,79.8995,959.2259,284.0879,-0.0681,2,SIMULATED,SIMULATED,SIMULATED,SIMULATED
145.8,140.8,55,-450.4514,535.9991,258.7791,0.0,1,SIMULATED,SIMULATED,SIMULATED,SIMULATED
145.8,140.8,4,398.8654,538.1062,270.9915,0.4066,3,SIMULATED,SIMULATED,SIMULATED,SIMULATED
145.8,140.8,23,204.0402,799.7104,249.741,-0.9009,2,SIMULATED,SIMULATED,SIMULATED,SIMULATED
145.8,140.8,16,-148.6475,512.1744,268.6908,-0.1197,1,SIMULATED,SIMULATED,SIMULATED,SIMULATED
146.0,141.0,77,389.5645,754.4129,261.8911,0.4537,2,SIMULATED,SIMULATED,SIMULATED,SIMULATED
146.0,141.0,44,90.6108,970.6778,282.5953,-0.2113,2,SIMULATED,SIMULATED,SIMULATED,SIMULATED
146.0,141.0,55,-449.4118,550.5678,258.7791,0.0,1,SIMULATED,SIMULATED,SIMULATED,SIMULATED
146.0,141.0,4,393.4396,523.8674,273.332,0.3314,3,SIMULATED,SIMULATED,SIMULATED,SIMULATED
146.0,141.0,23,194.5298,790.0625,243.9845,-0.815,2,SIMULATED,SIMULATED,SIMULATED,SIMULATED
146.0,141.0,16,-138.7808,523.4501,268.5774,-0.0161,1,SIMULATED,SIMULATED,SIMULATED,SIMULATED
146.2,141.2,77,403.4107,759.2458,263.5527,0.2353,2,SIMULATED,SIMULATED,SIMULATED,SIMULATED
146.2,141.2,44,101.531,981.7064,280.5653,-0.2874,2,SIMULATED,SIMULATED,SIMULATED,SIMULATED
146.2,141.2,55,-444.841,564.4218,258.7791,0.0,1,SIMULATED,SIMULATED,SIMULATED,SIMULATED
146.2,141.2,4,388.2509,509.5491,274.0417,0.1005,3,SIMULATED,SIMULATED,SIMULATED,SIMULATED
146.2,141.2,23,185.2632,780.4432,240.482,-0.4959,2,SIMULATED,SIMULATED,SIMULATED,SIMULATED
146.2,141.2,16,-131.5216,536.5492,268.5774,0.0,1,SIMULATED,SIMULATED,SIMULATED,SIMULATED
146.4,141.4,77,417.7513,762.9268,264.5912,0.147,2,SIMULATED,SIMULATED,SIMULATED,SIMULATED
146.4,141.4,44,113.1127,991.8047,277.9358,-0.3723,2,SIMULATED,SIMULATED,SIMULATED,SIMULATED
146.4,141.4,55,-436.6588,576.6091,258.7791,0.0,1,SIMULATED,SIMULATED,SIMULATED,SIMULATED
146.4,141.4,4,382.759,495.3852,274.1906,0.0211,3,SIMULATED,SIMULATED,SIMULATED,SIMULATED
146.4,141.4,23,176.2382,770.9075,236.3934,-0.5789,2,SIMULATED,SIMULATED,SIMULATED,SIMULATED
146.4,141.4,16,-126.9325,550.8175,268.5774,0.0,1,SIMULATED,SIMULATED,SIMULATED,SIMULATED
146.6,141.6,77,432.539,764.7027,265.0198,0.0607,2,SIMULATED,SIMULATED,SIMULATED,SIMULATED
146.6,141.6,44,125.3927,1000.3366,273.0094,-0.6975,2,SIMULATED,SIMULATED,SIMULATED,SIMULATED
146.6,141.6,55,-425.5934,586.2375,258.7791,0.0,1,SIMULATED,SIMULATED,SIMULATED,SIMULATED
146.6,141.6,4,376.871,481.4452,273.5849,-0.0858,3,SIMULATED,SIMULATED,SIMULATED,SIMULATED
146.6,141.6,23,167.415,761.3445,234.4155,-0.28,2,SIMULATED,SIMULATED,SIMULATED,SIMULATED
146.6,141.6,16,-124.4875,565.5625,268.5774,0.0,1,SIMULATED,SIMULATED,SIMULATED,SIMULATED
146.8,141.8,77,447.4016,764.0342,265.0198,-0.0,2,SIMULATED,SIMULATED,SIMULATED,SIMULATED
146.8,141.8,44,138.8384,1006.7423,269.6985,-0.4687,2,SIMULATED,SIMULATED,SIMULATED,SIMULATED
146.8,141.8,55,-412.4655,592.5805,258.7791,0.0,1,SIMULATED,SIMULATED,SIMULATED,SIMULATED
146.8,141.8,4,369.8976,468.2449,272.4216,-0.1647,3,SIMULATED,SIMULATED,SIMULATED,SIMULATED
146.8,141.8,23,158.778,751.5725,234.9025,0.069,2,SIMULATED,SIMULATED,SIMULATED,SIMULATED
146.8,141.8,16,-123.508,580.4938,268.5774,0.0,1,SIMULATED,SIMULATED,SIMULATED,SIMULATED
147.0,142.0,77,461.9075,760.501,265.0195,-0.0,2,SIMULATED,SIMULATED,SIMULATED,SIMULATED
147.0,142.0,44,152.7858,1010.5779,265.6058,-0.5794,2,SIMULATED,SIMULATED,SIMULATED,SIMULATED
147.0,142.0,55,-398.3234,595.9853,258.3355,-0.0628,1,SIMULATED,SIMULATED,SIMULATED,SIMULATED
147.0,142.0,4,360.9204,456.2934,272.3405,-0.0115,3,SIMULATED,SIMULATED,SIMULATED,SIMULATED
147.0,142.0,23,150.2992,741.4795,237.6044,0.3825,2,SIMULATED,SIMULATED,SIMULATED,SIMULATED
147.0,142.0,16,-123.3948,595.4374,268.5774,0.0,1,SIMULATED,SIMULATED,SIMULATED,SIMULATED
147.2,142.2,77,475.2768,753.8396,265.0171,-0.0003,2,SIMULATED,SIMULATED,SIMULATED,SIMULATED
147.2,142.2,44,167.0716,1011.263,262.3405,-0.4623,2,SIMULATED,SIMULATED,SIMULATED,SIMULATED
147.2,142.2,55,-384.0038,596.5559,254.2646,-0.5764,1,SIMULATED,SIMULATED,SIMULATED,SIMULATED
147.2,142.2,4,350.5056,445.712,271.5176,-0.1165,3,SIMULATED,SIMULATED,SIMULATED,SIMULATED
147.2,142.2,23,142.0027,731.0235,240.6154,0.4263,2,SIMULATED,SIMULATED,SIMULATED,SIMULATED
147.2,142.2,16,-123.6205,610.3603,268.5774,0.0,1,SIMULATED,SIMULATED,SIMULATED,SIMULATED
147.4,142.4,77,486.5537,743.9851,265.0171,0.0,2,SIMULATED,SIMULATED,SIMULATED,SIMULATED
147.4,142.4,44,181.248,1009.1031,261.4681,-0.1235,2,SIMULATED,SIMULATED,SIMULATED,SIMULATED
147.4,142.4,55,-370.0599,594.583,249.8137,-0.6302,1,SIMULATED,SIMULATED,SIMULATED,SIMULATED
147.4,142.4,4,338.5021,436.901,270.0038,-0.2143,3,SIMULATED,SIMULATED,SIMULATED,SIMULATED
147.4,142.4,23,134.0027,720.0087,245.7664,0.7293,2,SIMULATED,SIMULATED,SIMULATED,SIMULATED
147.4,142.4,16,-123.9296,625.2796,268.5774,0.0,1,SIMULATED,SIMULATED,SIMULATED,SIMULATED
147.6,142.6,77,494.7258,731.639,265.0171,0.0,2,SIMULATED,SIMULATED,SIMULATED,SIMULATED
147.6,142.6,44,194.7309,1004.2702,261.4681,0.0,2,SIMULATED,SIMULATED,SIMULATED,SIMULATED
147.6,142.6,55,-356.8725,590.5608,244.911,-0.6941,1,SIMULATED,SIMULATED,SIMULATED,SIMULATED
147.6,142.6,4,325.6791,429.9629,265.7089,-0.6081,3,SIMULATED,SIMULATED,SIMULATED,SIMULATED
147.6,142.6,23,126.8874,708.1468,250.0206,0.6023,2,SIMULATED,SIMULATED,SIMULATED,SIMULATED
147.6,142.6,16,-124.1875,640.272,269.9904,0.2,1,SIMULATED,SIMULATED,SIMULATED,SIMULATED
147.8,142.8,77,499.6656,717.5175,265.0171,0.0,2,SIMULATED,SIMULATED,SIMULATED,SIMULATED
147.8,142.8,44,207.3683,997.507,261.4681,0.0,2,SIMULATED,SIMULATED,SIMULATED,SIMULATED
147.8,142.8,55,-344.6487,585.0236,240.6832,-0.5986,1,SIMULATED,SIMULATED,SIMULATED,SIMULATED
147.8,142.8,4,312.3975,424.6036,260.769,-0.6994,3,SIMULATED,SIMULATED,SIMULATED,SIMULATED
147.8,142.8,23,121.7096,695.1156,254.8249,0.6802,2,SIMULATED,SIMULATED,SIMULATED,SIMULATED
147.8,142.8,16,-124.2008,655.4412,273.3268,0.4724,1,SIMULATED,SIMULATED,SIMULATED,SIMULATED
148.0,143.0,77,501.4123,702.7089,265.0095,-0.0011,2,SIMULATED,SIMULATED,SIMULATED,SIMULATED
148.0,143.0,44,219.1016,989.1598,261.4681,0.0,2,SIMULATED,SIMULATED,SIMULATED,SIMULATED
148.0,143.0,55,-333.0905,578.7125,235.4252,-0.7444,1,SIMULATED,SIMULATED,SIMULATED,SIMULATED
148.0,143.0,4,298.751,420.4155,258.1698,-0.368,3,SIMULATED,SIMULATED,SIMULATED,SIMULATED
148.0,143.0,23,120.9933,681.2341,256.1857,0.1927,2,SIMULATED,SIMULATED,SIMULATED,SIMULATED
148.0,143.0,16,-123.7979,670.7885,276.5906,0.4621,1,SIMULATED,SIMULATED,SIMULATED,SIMULATED
148.2,143.2,77,499.9259,687.941,262.9491,-0.2917,2,SIMULATED,SIMULATED,SIMULATED,SIMULATED
148.2,143.2,44,230.0892,979.7312,261.4681,0.0,2,SIMULATED,SIMULATED,SIMULATED,SIMULATED
148.2,143.2,55,-321.9618,572.0386,233.0838,-0.3315,1,SIMULATED,SIMULATED,SIMULATED,SIMULATED
148.2,143.2,4,284.9954,416.8399,256.333,-0.2601,3,SIMULATED,SIMULATED,SIMULATED,SIMULATED
148.2,143.2,23,126.4401,668.6041,256.1857,0.0,2,SIMULATED,SIMULATED,SIMULATED,SIMULATED
148.2,143.2,16,-122.7096,686.2654,279.7413,0.4461,1,SIMULATED,SIMULATED,SIMULATED,SIMULATED
148.4,143.4,77,494.8129,674.2316,259.3506,-0.5095,2,SIMULATED,SIMULATED,SIMULATED,SIMULATED
148.4,143.4,44,240.4314,969.6834,261.4681,0.0,2,SIMULATED,SIMULATED,SIMULATED,SIMULATED
148.4,143.4,55,-311.1598,565.093,230.5211,-0.3628,1,SIMULATED,SIMULATED,SIMULATED,SIMULATED
148.4,143.4,4,271.2319,413.735,254.7985,-0.2172,3,SIMULATED,SIMULATED,SIMULATED,SIMULATED
148.4,143.4,23,137.8283,660.881,256.1857,0.0,2,SIMULATED,SIMULATED,SIMULATED,SIMULATED
148.4,143.4,16,-120.1302,701.7199,283.6137,0.5482,1,SIMULATED,SIMULATED,SIMULATED,SIMULATED
148.6,143.6,77,487.1556,662.1364,256.4399,-0.4121,2,SIMULATED,SIMULATED,SIMULATED,SIMULATED
148.6,143.6,44,249.7668,958.6569,261.4681,0.0,2,SIMULATED,SIMULATED,SIMULATED,SIMULATED
148.6,143.6,55,-300.4254,558.0589,230.9573,0.0617,1,SIMULATED,SIMULATED,SIMULATED,SIMULATED
148.6,143.6,4,257.4471,410.8489,253.6233,-0.1664,3,SIMULATED,SIMULATED,SIMULATED,SIMULATED
148.6,143.6,23,151.7055,659.3258,256.1857,0.0,2,SIMULATED,SIMULATED,SIMULATED,SIMULATED
148.6,143.6,16,-115.8771,717.0528,287.258,0.516,1,SIMULATED,SIMULATED,SIMULATED,SIMULATED
148.8,143.8,77,478.4432,650.9817,253.5955,-0.4027,2,SIMULATED,SIMULATED,SIMULATED,SIMULATED
148.8,143.8,44,258.1165,946.9093,261.4681,0.0,2,SIMULATED,SIMULATED,SIMULATED,SIMULATED
148.8,143.8,55,-289.646,550.968,232.2455,0.1824,1,SIMULATED,SIMULATED,SIMULATED,SIMULATED
148.8,143.8,4,243.6736,408.0617,253.0777,-0.0772,3,SIMULATED,SIMULATED,SIMULATED,SIMULATED
148.8,143.8,23,165.6672,661.2572,256.1857,0.0,2,SIMULATED,SIMULATED,SIMULATED,SIMULATED
148.8,143.8,16,-110.0924,732.1252,291.4625,0.5953,1,SIMULATED,SIMULATED,SIMULATED,SIMULATED
149.0,144.0,77,469.1631,640.4072,252.424,-0.1659,2,SIMULATED,SIMULATED,SIMULATED,SIMULATED
149.0,144.0,44,265.2832,934.3757,261.4681,0.0,2,SIMULATED,SIMULATED,SIMULATED,SIMULATED
149.0,144.0,55,-278.8244,543.8704,232.9622,0.1015,1,SIMULATED,SIMULATED,SIMULATED,SIMULATED
149.0,144.0,4,229.9175,405.1538,252.7444,-0.0472,3,SIMULATED,SIMULATED,SIMULATED,SIMULATED
149.0,144.0,23,179.3657,664.9458,255.9901,-0.0277,2,SIMULATED,SIMULATED,SIMULATED,SIMULATED
149.0,144.0,16,-102.619,746.6555,295.4979,0.5713,1,SIMULATED,SIMULATED,SIMULATED,SIMULATED
149.2,144.2,77,459.8972,629.9648,251.457,-0.1369,3,SIMULATED,SIMULATED,SIMULATED,SIMULATED
149.2,144.2,44,270.4446,921.0713,261.4681,0.0,2,SIMULATED,SIMULATED,SIMULATED,SIMULATED
149.2,144.2,55,-267.8809,536.7232,235.3735,0.3414,1,SIMULATED,SIMULATED,SIMULATED,SIMULATED
149.2,144.2,4,216.2416,401.5022,252.7453,0.0001,3,SIMULATED,SIMULATED,SIMULATED,SIMULATED
149.2,144.2,23,192.6135,669.5956,253.3048,-0.3802,2,SIMULATED,SIMULATED,SIMULATED,SIMULATED
149.2,144.2,16,-94.0691,760.8559,298.7311,0.4578,2,SIMULATED,SIMULATED,SIMULATED,SIMULATED
149.4,144.4,77,450.7155,619.3988,252.1207,0.094,3,SIMULATED,SIMULATED,SIMULATED,SIMULATED
149.4,144.4,44,273.1797,907.0099,261.4681,0.0,2,SIMULATED,SIMULATED,SIMULATED,SIMULATED
149.4,144.4,55,-256.7285,529.5081,239.1371,0.5328,1,SIMULATED,SIMULATED,SIMULATED,SIMULATED
149.4,144.4,4,202.9896,396.6374,252.7453,0.0,3,SIMULATED,SIMULATED,SIMULATED,SIMULATED
149.4,144.4,23,205.5239,674.5462,249.0539,-0.6018,2,SIMULATED,SIMULATED,SIMULATED,SIMULATED
149.4,144.4,16,-84.6846,774.6179,300.3636,0.2311,2,SIMULATED,SIMULATED,SIMULATED,SIMULATED
149.6,144.6,77,441.8512,608.4843,254.2407,0.3001,3,SIMULATED,SIMULATED,SIMULATED,SIMULATED
149.6,144.6,44,273.3025,892.6089,262.4661,0.1413,2,SIMULATED,SIMULATED,SIMULATED,SIMULATED
149.6,144.6,55,-245.2932,522.298,243.7401,0.6517,1,SIMULATED,SIMULATED,SIMULATED,SIMULATED
149.6,144.6,4,190.2957,390.2794,252.7453,0.0,3,SIMULATED,SIMULATED,SIMULATED,SIMULATED
149.6,144.6,23,218.2307,679.6057,246.2642,-0.395,2,SIMULATED,SIMULATED,SIMULATED,SIMULATED
149.6,144.6,16,-74.5421,787.8881,301.329,0.1367,2,SIMULATED,SIMULATED,SIMULATED,SIMULATED
149.8,144.8,77,433.3123,597.0921,256.7937,0.3615,3,SIMULATED,SIMULATED,SIMULATED,SIMULATED
149.8,144.8,44,269.5933,878.5875,265.573,0.4399,2,SIMULATED,SIMULATED,SIMULATED,SIMULATED
149.8,144.8,55,-233.433,515.2537,249.1488,0.7657,1,SIMULATED,SIMULATED,SIMULATED,SIMULATED
149.8,144.8,4,178.7392,381.9036,252.7453,0.0,3,SIMULATED,SIMULATED,SIMULATED,SIMULATED
149.8,144.8,23,230.8097,684.7254,244.5123,-0.248,2,SIMULATED,SIMULATED,SIMULATED,SIMULATED
149.8,144.8,16,-63.8617,800.7335,300.9446,-0.0544,2,SIMULATED,SIMULATED,SIMULATED,SIMULATED
150.0,145.0,77,425.2057,585.2371,259.4225,0.3722,3,SIMULATED,SIMULATED,SIMULATED,SIMULATED
150.0,145.0,44,263.2877,865.4131,267.5009,0.2729,2,SIMULATED,SIMULATED,SIMULATED,SIMULATED
150.0,145.0,55,-221.0513,508.7396,253.7057,0.6452,1,SIMULATED,SIMULATED,SIMULATED,SIMULATED
150.0,145.0,4,169.6053,370.943,252.7453,0.0,3,SIMULATED,SIMULATED,SIMULATED,SIMULATED
150.0,145.0,23,243.3608,689.9467,244.7417,0.0325,2,SIMULATED,SIMULATED,SIMULATED,SIMULATED
150.0,145.0,16,-52.9191,813.3351,300.6005,-0.0487,2,SIMULATED,SIMULATED,SIMULATED,SIMULATED
150.2,145.2,77,417.6982,572.8124,262.896,0.4918,3,SIMULATED,SIMULATED,SIMULATED,SIMULATED
150.2,145.2,44,254.7671,853.3992,268.5618,0.1502,2,SIMULATED,SIMULATED,SIMULATED,SIMULATED
150.2,145.2,55,-207.8758,503.6406,258.6125,0.6947,1,SIMULATED,SIMULATED,SIMULATED,SIMULATED
150.2,145.2,4,164.0835,357.6089,253.557,0.1149,3,SIMULATED,SIMULATED,SIMULATED,SIMULATED
150.2,145.2,23,255.902,695.277,245.3876,0.0915,2,SIMULATED,SIMULATED,SIMULATED,SIMULATED
150.2,145.2,16,-41.8043,825.7091,299.4601,-0.1615,2,SIMULATED,SIMULATED,SIMULATED,SIMULATED
150.4,145.4,77,410.8897,559.6801,266.82,0.5556,3,SIMULATED,SIMULATED,SIMULATED,SIMULATED
150.4,145.4,44,244.9987,842.3117,267.2446,-0.1865,2,SIMULATED,SIMULATED,SIMULATED,SIMULATED
150.4,145.4,55,-193.6978,500.9317,263.6429,0.7122,1,SIMULATED,SIMULATED,SIMULATED,SIMULATED
150.4,145.4,4,162.7403,343.0348,258.433,0.6903,3,SIMULATED,SIMULATED,SIMULATED,SIMULATED
150.4,145.4,23,268.4094,700.7622,245.9451,0.0789,2,SIMULATED,SIMULATED,SIMULATED,SIMULATED
150.4,145.4,16,-30.7508,837.8893,296.0746,-0.4793,2,SIMULATED,SIMULATED,SIMULATED,SIMULATED
150.6,145.6,77,404.6186,546.1519,269.149,0.3297,3,SIMULATED,SIMULATED,SIMULATED,SIMULATED
150.6,145.6,44,234.7158,831.8442,264.9076,-0.3309,2,SIMULATED,SIMULATED,SIMULATED,SIMULATED
150.6,145.6,55,-179.1566,501.1414,268.1065,0.632,1,SIMULATED,SIMULATED,SIMULATED,SIMULATED
150.6,145.6,4,166.3245,328.4555,263.5718,0.7275,3,SIMULATED,SIMULATED,SIMULATED,SIMULATED
150.6,145.6,23,280.9316,706.3976,247.2154,0.1799,2,SIMULATED,SIMULATED,SIMULATED,SIMULATED
150.6,145.6,16,-19.8046,849.9537,293.2044,-0.4064,2,SIMULATED,SIMULATED,SIMULATED,SIMULATED
150.8,145.8,77,398.9228,532.2167,272.0274,0.4075,3,SIMULATED,SIMULATED,SIMULATED,SIMULATED
150.8,145.8,44,224.2964,821.713,261.6486,-0.4614,2,SIMULATED,SIMULATED,SIMULATED,SIMULATED
150.8,145.8,55,-164.8739,504.6236,269.6622,0.2203,1,SIMULATED,SIMULATED,SIMULATED,SIMULATED
150.8,145.8,4,173.5796,315.3998,266.5248,0.4181,3,SIMULATED,SIMULATED,SIMULATED,SIMULATED
150.8,145.8,23,293.4887,712.1512,248.6786,0.2072,2,SIMULATED,SIMULATED,SIMULATED,SIMULATED
150.8,145.8,16,-8.9833,861.9238,290.4521,-0.3897,2,SIMULATED,SIMULATED,SIMULATED,SIMULATED
151.0,146.0,77,393.6307,517.9735,273.7725,0.2471,3,SIMULATED,SIMULATED,SIMULATED,SIMULATED
151.0,146.0,44,214.0705,811.7675,256.7202,-0.6978,2,SIMULATED,SIMULATED,SIMULATED,SIMULATED
151.0,146.0,55,-152.1172,511.6343,269.0207,-0.0908,1,SIMULATED,SIMULATED,SIMULATED,SIMULATED
151.0,146.0,4,182.3603,303.3299,266.5248,0.0,3,SIMULATED,SIMULATED,SIMULATED,SIMULATED
151.0,146.0,23,306.1468,717.9417,250.54,0.2635,2,SIMULATED,SIMULATED,SIMULATED,SIMULATED
151.0,146.0,16,1.7563,873.8043,288.2734,-0.3085,2,SIMULATED,SIMULATED,SIMULATED,SIMULATED
151.2,146.2,77,388.378,503.6688,273.8863,0.0161,3,SIMULATED,SIMULATED,SIMULATED,SIMULATED
151.2,146.2,44,204.1664,801.9616,250.617,-0.8641,2,SIMULATED,SIMULATED,SIMULATED,SIMULATED
151.2,146.2,55,-141.9223,521.9664,268.5774,-0.0628,1,SIMULATED,SIMULATED,SIMULATED,SIMULATED
151.2,146.2,4,192.2561,292.1683,266.5248,0.0,3,SIMULATED,SIMULATED,SIMULATED,SIMULATED
151.2,146.2,23,318.9132,723.7714,252.6231,0.2949,2,SIMULATED,SIMULATED,SIMULATED,SIMULATED
151.2,146.2,16,12.4524,885.6188,286.8793,-0.1974,2,SIMULATED,SIMULATED,SIMULATED,SIMULATED
151.4,146.4,77,382.7791,489.4992,274.133,0.0349,3,SIMULATED,SIMULATED,SIMULATED,SIMULATED
151.4,146.4,44,194.6097,792.2928,244.5857,-0.8539,2,SIMULATED,SIMULATED,SIMULATED,SIMULATED
151.4,146.4,55,-134.321,534.4983,268.5774,0.0,1,SIMULATED,SIMULATED,SIMULATED,SIMULATED
151.4,146.4,4,202.9905,281.8848,266.5248,0.0,3,SIMULATED,SIMULATED,SIMULATED,SIMULATED
151.4,146.4,23,331.7592,729.5758,253.6402,0.144,2,SIMULATED,SIMULATED,SIMULATED,SIMULATED
151.4,146.4,16,23.1517,897.4304,286.8561,-0.0033,2,SIMULATED,SIMULATED,SIMULATED,SIMULATED
151.6,146.6,77,376.5018,475.5603,273.0579,-0.1522,3,SIMULATED,SIMULATED,SIMULATED,SIMULATED
151.6,146.6,44,185.2998,782.653,240.966,-0.5125,2,SIMULATED,SIMULATED,SIMULATED,SIMULATED
151.6,146.6,55,-129.296,548.248,268.5774,0.0,1,SIMULATED,SIMULATED,SIMULATED,SIMULATED
151.6,146.6,4,214.4029,272.2947,266.5248,0.0,3,SIMULATED,SIMULATED,SIMULATED,SIMULATED
151.6,146.6,23,344.7213,735.3174,255.1587,0.215,2,SIMULATED,SIMULATED,SIMULATED,SIMULATED
151.6,146.6,16,33.8355,909.2372,286.6245,-0.0328,2,SIMULATED,SIMULATED,SIMULATED,SIMULATED
151.8,146.8,77,368.6936,462.5207,272.2366,-0.1163,3,SIMULATED,SIMULATED,SIMULATED,SIMULATED
151.8,146.8,44,176.2457,773.1034,236.7431,-0.5979,2,SIMULATED,SIMULATED,SIMULATED,SIMULATED
151.8,146.8,55,-126.5784,562.7291,268.5774,0.0,1,SIMULATED,SIMULATED,SIMULATED,SIMULATED
151.8,146.8,4,226.2994,263.3427,267.5608,0.1467,3,SIMULATED,SIMULATED,SIMULATED,SIMULATED
151.8,146.8,23,357.7612,741.016,256.0727,0.1294,2,SIMULATED,SIMULATED,SIMULATED,SIMULATED
151.8,146.8,16,44.4845,920.9919,285.4961,-0.1598,2,SIMULATED,SIMULATED,SIMULATED,SIMULATED
152.0,147.0,77,358.8955,450.7806,272.0584,-0.0252,3,SIMULATED,SIMULATED,SIMULATED,SIMULATED
152.0,147.0,44,167.3664,763.5322,234.6019,-0.3032,2,SIMULATED,SIMULATED,SIMULATED,SIMULATED
152.0,147.0,55,-125.3277,577.4791,268.5774,0.0,1,SIMULATED,SIMULATED,SIMULATED,SIMULATED
152.0,147.0,4,238.5246,254.6916,269.0558,0.2117,3,SIMULATED,SIMULATED,SIMULATED,SIMULATED
152.0,147.0,23,370.9667,746.5899,257.8921,0.2576,2,SIMULATED,SIMULATED,SIMULATED,SIMULATED
152.0,147.0,16,55.1011,932.7099,284.6239,-0.1235,2,SIMULATED,SIMULATED,SIMULATED,SIMULATED
152.2,147.2,77,347.612,440.6672,271.1468,-0.1291,3,SIMULATED,SIMULATED,SIMULATED,SIMULATED
152.2,147.2,44,158.7139,753.7811,234.3801,-0.0314,2,SIMULATED,SIMULATED,SIMULATED,SIMULATED
152.2,147.2,55,-125.0608,592.335,268.5774,0.0,1,SIMULATED,SIMULATED,SIMULATED,SIMULATED
152.2,147.2,4,251.2473,246.4836,271.1885,0.3019,3,SIMULATED,SIMULATED,SIMULATED,SIMULATED
152.2,147.2,23,384.413,751.9824,260.6402,0.3891,2,SIMULATED,SIMULATED,SIMULATED,SIMULATED
152.2,147.2,16,65.7258,944.4177,284.5877,-0.0051,2,SIMULATED,SIMULATED,SIMULATED,SIMULATED
152.4,147.4,77,335.1493,432.1089,268.5678,-0.3651,3,SIMULATED,SIMULATED,SIMULATED,SIMULATED
152.4,147.4,44,150.1639,743.6928,237.4102,0.429,2,SIMULATED,SIMULATED,SIMULATED,SIMULATED
152.4,147.4,55,-125.2628,607.2454,268.5774,0.0,1,SIMULATED,SIMULATED,SIMULATED,SIMULATED
152.4,147.4,4,264.4298,238.7778,274.2338,0.4312,3,SIMULATED,SIMULATED,SIMULATED,SIMULATED
152.4,147.4,23,398.2094,756.9509,263.5168,0.4073,2,SIMULATED,SIMULATED,SIMULATED,SIMULATED
152.4,147.4,16,76.3536,956.0977,284.2905,-0.0421,2,SIMULATED,SIMULATED,SIMULATED,SIMULATED
152.6,147.6,77,321.8018,425.9191,263.9968,-0.6472,3,SIMULATED,SIMULATED,SIMULATED,SIMULATED
152.6,147.6,44,141.8291,733.2663,240.0271,0.3705,2,SIMULATED,SIMULATED,SIMULATED,SIMULATED
152.6,147.6,55,-125.5632,622.1605,268.5774,0.0,1,SIMULATED,SIMULATED,SIMULATED,SIMULATED
152.6,147.6,4,278.1816,231.5247,278.3465,0.5823,3,SIMULATED,SIMULATED,SIMULATED,SIMULATED
152.6,147.6,23,412.2801,761.17,263.9828,0.066,2,SIMULATED,SIMULATED,SIMULATED,SIMULATED
152.6,147.6,16,87.0338,967.6432,283.2766,-0.1435,2,SIMULATED,SIMULATED,SIMULATED,SIMULATED
152.8,147.8,77,308.2036,420.8912,259.7275,-0.6044,3,SIMULATED,SIMULATED,SIMULATED,SIMULATED
152.8,147.8,44,133.7292,722.2466,245.2857,0.7445,2,SIMULATED,SIMULATED,SIMULATED,SIMULATED
152.8,147.8,55,-125.8493,637.1403,269.4985,0.1304,1,SIMULATED,SIMULATED,SIMULATED,SIMULATED
152.8,147.8,4,292.5401,225.0356,282.8857,0.6426,3,SIMULATED,SIMULATED,SIMULATED,SIMULATED
152.8,147.8,23,426.8202,763.8259,264.9863,0.1421,2,SIMULATED,SIMULATED,SIMULATED,SIMULATED
152.8,147.8,16,97.8989,978.8469,281.1071,-0.3072,2,SIMULATED,SIMULATED,SIMULATED,SIMULATED
153.0,148.0,77,294.4011,416.9381,257.5437,-0.3092,3,SIMULATED,SIMULATED,SIMULATED,SIMULATED
153.0,148.0,44,126.379,710.4065,249.3516,0.5756,2,SIMULATED,SIMULATED,SIMULATED,SIMULATED
153.0,148.0,55,-125.9147,652.2996,272.5733,0.4353,1,SIMULATED,SIMULATED,SIMULATED,SIMULATED
153.0,148.0,4,307.5299,219.1818,288.5127,0.7967,3,SIMULATED,SIMULATED,SIMULATED,SIMULATED
153.0,148.0,23,441.6034,764.0481,265.0198,0.0047,2,SIMULATED,SIMULATED,SIMULATED,SIMULATED
153.0,148.0,16,109.2352,989.3162,278.9055,-0.3117,2,SIMULATED,SIMULATED,SIMULATED,SIMULATED
153.2,148.2,77,280.5618,413.5357,255.6352,-0.2702,3,SIMULATED,SIMULATED,SIMULATED,SIMULATED
153.2,148.2,44,120.7349,697.2104,254.327,0.7044,2,SIMULATED,SIMULATED,SIMULATED,SIMULATED
153.2,148.2,55,-125.6342,667.6767,275.9549,0.4788,1,SIMULATED,SIMULATED,SIMULATED,SIMULATED
153.2,148.2,4,323.0971,213.9775,294.2717,0.8154,3,SIMULATED,SIMULATED,SIMULATED,SIMULATED
153.2,148.2,23,456.2218,761.7709,265.0198,0.0,2,SIMULATED,SIMULATED,SIMULATED,SIMULATED
153.2,148.2,16,121.3729,998.5028,274.6484,-0.6027,2,SIMULATED,SIMULATED,SIMULATED,SIMULATED
153.4,148.4,77,266.7427,410.5391,254.3498,-0.182,3,SIMULATED,SIMULATED,SIMULATED,SIMULATED
153.4,148.4,44,119.2321,682.7296,256.1857,0.2632,2,SIMULATED,SIMULATED,SIMULATED,SIMULATED
153.4,148.4,55,-124.6878,683.1874,278.8127,0.4046,1,SIMULATED,SIMULATED,SIMULATED,SIMULATED
153.4,148.4,4,339.1586,209.4642,299.5834,0.752,3,SIMULATED,SIMULATED,SIMULATED,SIMULATED
153.4,148.4,23,469.9447,756.264,265.0171,-0.0004,2,SIMULATED,SIMULATED,SIMULATED,SIMULATED
153.4,148.4,16,134.5826,1005.4267,270.8284,-0.5408,2,SIMULATED,SIMULATED,SIMULATED,SIMULATED
153.6,148.6,77,252.9504,407.6793,253.4455,-0.128,3,SIMULATED,SIMULATED,SIMULATED,SIMULATED
153.6,148.6,44,124.1745,669.0572,256.1857,0.0,2,SIMULATED,SIMULATED,SIMULATED,SIMULATED
153.6,148.6,55,-122.5525,698.8352,282.8966,0.5782,1,SIMULATED,SIMULATED,SIMULATED,SIMULATED
153.6,148.6,4,355.7937,205.7985,305.2294,0.7994,3,SIMULATED,SIMULATED,SIMULATED,SIMULATED
153.6,148.6,23,482.0415,747.7489,265.0171,0.0,2,SIMULATED,SIMULATED,SIMULATED,SIMULATED
153.6,148.6,16,148.4695,1010.3693,266.6921,-0.5856,2,SIMULATED,SIMULATED,SIMULATED,SIMULATED
153.8,148.8,77,239.1908,404.9048,252.8406,-0.0856,3,SIMULATED,SIMULATED,SIMULATED,SIMULATED
153.8,148.8,44,135.6356,660.1529,256.1857,0.0,2,SIMULATED,SIMULATED,SIMULATED,SIMULATED
153.8,148.8,55,-118.5093,714.4036,286.4394,0.5016,1,SIMULATED,SIMULATED,SIMULATED,SIMULATED
153.8,148.8,4,372.8512,202.9344,310.0791,0.6866,3,SIMULATED,SIMULATED,SIMULATED,SIMULATED
153.8,148.8,23,491.396,736.2906,265.0171,0.0,2,SIMULATED,SIMULATED,SIMULATED,SIMULATED
153.8,148.8,16,162.8288,1011.861,263.1866,-0.4963,2,SIMULATED,SIMULATED,SIMULATED,SIMULATED
154.0,149.0,77,225.5323,401.8014,252.7453,-0.0135,3,SIMULATED,SIMULATED,SIMULATED,SIMULATED
154.0,149.0,44,149.9661,657.805,256.1857,0.0,2,SIMULATED,SIMULATED,SIMULATED,SIMULATED
154.0,149.0,55,-112.9405,729.6396,290.5398,0.5805,1,SIMULATED,SIMULATED,SIMULATED,SIMULATED
154.0,149.0,4,390.1807,200.9973,313.1616,0.4364,3,SIMULATED,SIMULATED,SIMULATED,SIMULATED
154.0,149.0,23,497.7236,722.8984,265.0171,0.0,2,SIMULATED,SIMULATED,SIMULATED,SIMULATED
154.0,149.0,16,177.1326,1010.5056,261.4681,-0.2433,2,SIMULATED,SIMULATED,SIMULATED,SIMULATED
154.2,149.2,77,212.132,397.8627,252.7453,0.0,3,SIMULATED,SIMULATED,SIMULATED,SIMULATED
154.2,149.2,44,164.2489,659.3858,256.1857,0.0,2,SIMULATED,SIMULATED,SIMULATED,SIMULATED
154.2,149.2,55,-105.805,744.5472,294.6907,0.5877,1,SIMULATED,SIMULATED,SIMULATED,SIMULATED
154.2,149.2,4,407.6392,199.9542,313.3615,0.0283,3,SIMULATED,SIMULATED,SIMULATED,SIMULATED
154.2,149.2,23,500.6096,708.4265,265.0161,-0.0001,2,SIMULATED,SIMULATED,SIMULATED,SIMULATED
154.2,149.2,16,190.9488,1006.4148,261.4681,0.0,2,SIMULATED,SIMULATED,SIMULATED,SIMULATED
154.4,149.4,77,199.2911,392.5189,252.7453,0.0,3,SIMULATED,SIMULATED,SIMULATED,SIMULATED
154.4,149.4,44,178.1363,662.9993,256.1857,0.0,2,SIMULATED,SIMULATED,SIMULATED,SIMULATED
154.4,149.4,55,-97.3481,758.8312,298.0611,0.4772,2,SIMULATED,SIMULATED,SIMULATED,SIMULATED
154.4,149.4,4,425.0283,199.8009,312.3812,-0.1388,3,SIMULATED,SIMULATED,SIMULATED,SIMULATED
154.4,149.4,23,500.4942,693.6836,264.0368,-0.1386,2,SIMULATED,SIMULATED,SIMULATED,SIMULATED
154.4,149.4,16,204.0056,1000.1811,261.4681,0.0,2,SIMULATED,SIMULATED,SIMULATED,SIMULATED
154.6,149.6,77,187.1812,385.7864,252.7453,0.0,3,SIMULATED,SIMULATED,SIMULATED,SIMULATED
154.6,149.6,44,191.543,667.5943,254.0819,-0.2979,2,SIMULATED,SIMULATED,SIMULATED,SIMULATED
154.6,149.6,55,-88.0616,772.7647,300.3985,0.3309,2,SIMULATED,SIMULATED,SIMULATED,SIMULATED
154.6,149.6,4,442.3352,200.2499,311.1177,-0.1789,3,SIMULATED,SIMULATED,SIMULATED,SIMULATED
154.6,149.6,23,496.6364,679.6432,260.596,-0.4872,2,SIMULATED,SIMULATED,SIMULATED,SIMULATED
154.6,149.6,16,216.0141,992.1545,261.4681,0.0,2,SIMULATED,SIMULATED,SIMULATED,SIMULATED
154.8,149.8,77,176.8096,376.7797,252.7453,0.0,3,SIMULATED,SIMULATED,SIMULATED,SIMULATED
154.8,149.8,44,204.5145,672.536,249.5419,-0.6428,2,SIMULATED,SIMULATED,SIMULATED,SIMULATED
154.8,149.8,55,-78.0589,786.2219,301.0458,0.0916,2,SIMULATED,SIMULATED,SIMULATED,SIMULATED
154.8,149.8,4,459.5839,201.1769,310.159,-0.1357,3,SIMULATED,SIMULATED,SIMULATED,SIMULATED
154.8,149.8,23,489.8995,666.9234,257.7686,-0.4003,2,SIMULATED,SIMULATED,SIMULATED,SIMULATED
154.8,149.8,16,227.2094,982.9885,261.4681,0.0,2,SIMULATED,SIMULATED,SIMULATED,SIMULATED
155.0,150.0,77,169.146,365.4273,252.7482,0.0004,3,SIMULATED,SIMULATED,SIMULATED,SIMULATED
155.0,150.0,44,217.2577,677.5964,246.7271,-0.3985,2,SIMULATED,SIMULATED,SIMULATED,SIMULATED
155.0,150.0,55,-67.4141,799.1992,300.8747,-0.0242,2,SIMULATED,SIMULATED,SIMULATED,SIMULATED
155.0,150.0,4,476.6552,202.3831,307.8811,-0.3225,3,SIMULATED,SIMULATED,SIMULATED,SIMULATED
155.0,150.0,23,481.4826,655.4997,254.905,-0.4054,2,SIMULATED,SIMULATED,SIMULATED,SIMULATED
155.0,150.0,16,237.8214,973.0982,261.4681,0.0,2,SIMULATED,SIMULATED,SIMULATED,SIMULATED
155.2,150.2,77,165.4393,353.4238,232.8555,-2.8164,3,SIMULATED,SIMULATED,SIMULATED,SIMULATED
155.2,150.2,44,229.8508,682.7096,244.4639,-0.3204,2,SIMULATED,SIMULATED,SIMULATED,SIMULATED
155.2,150.2,55,-56.4715,811.8569,300.9666,0.013,2,SIMULATED,SIMULATED,SIMULATED,SIMULATED
155.2,150.2,4,493.6503,203.8042,306.6818,-0.1698,3,SIMULATED,SIMULATED,SIMULATED,SIMULATED
155.2,150.2,23,472.3864,644.7987,252.535,-0.3355,2,SIMULATED,SIMULATED,SIMULATED,SIMULATED
155.2,150.2,16,247.4794,962.3543,261.4681,0.0,2,SIMULATED,SIMULATED,SIMULATED,SIMULATED
155.4,150.4,77,165.0185,341.7342,214.3208,-2.6241,3,SIMULATED,SIMULATED,SIMULATED,SIMULATED
155.4,150.4,44,242.4172,687.9268,244.811,0.0491,2,SIMULATED,SIMULATED,SIMULATED,SIMULATED
155.4,150.4,55,-45.3768,824.2978,299.6647,-0.1843,2,SIMULATED,SIMULATED,SIMULATED,SIMULATED
155.4,150.4,4,510.6161,205.49,306.6127,-0.0098,3,SIMULATED,SIMULATED,SIMULATED,SIMULATED
155.4,150.4,23,463.0963,634.362,251.4788,-0.1495,3,SIMULATED,SIMULATED,SIMULATED,SIMULATED
155.4,150.4,16,256.184,950.7584,261.4681,0.0,2,SIMULATED,SIMULATED,SIMULATED,SIMULATED
155.6,150.6,77,167.4564,331.5385,194.5428,-2.8002,3,SIMULATED,SIMULATED,SIMULATED,SIMULATED
155.6,150.6,44,254.9745,693.2437,245.2557,0.063,2,SIMULATED,SIMULATED,SIMULATED,SIMULATED
155.6,150.6,55,-34.3016,836.5081,296.7023,-0.4194,2,SIMULATED,SIMULATED,SIMULATED,SIMULATED
155.6,150.6,4,527.5518,207.3221,306.4104,-0.0287,3,SIMULATED,SIMULATED,SIMULATED,SIMULATED
155.6,150.6,23,453.8816,623.829,251.9849,0.0717,3,SIMULATED,SIMULATED,SIMULATED,SIMULATED
155.6,150.6,16,263.7087,938.4283,261.4681,0.0,2,SIMULATED,SIMULATED,SIMULATED,SIMULATED
155.8,150.8,77,171.5137,323.0976,172.228,-3.1593,3,SIMULATED,SIMULATED,SIMULATED,SIMULATED
155.8,150.8,44,267.4946,698.7126,245.7112,0.0645,2,SIMULATED,SIMULATED,SIMULATED,SIMULATED
155.8,150.8,55,-23.3307,848.589,293.7877,-0.4126,2,SIMULATED,SIMULATED,SIMULATED,SIMULATED
155.8,150.8,4,544.4563,209.248,306.1844,-0.032,3,SIMULATED,SIMULATED,SIMULATED,SIMULATED
155.8,150.8,23,444.8742,613.0599,253.0601,0.1522,3,SIMULATED,SIMULATED,SIMULATED,SIMULATED
155.8,150.8,16,269.7901,925.295,261.4681,0.0,2,SIMULATED,SIMULATED,SIMULATED,SIMULATED
156.0,151.0,77,175.7664,316.0688,148.8416,-3.311,3,SIMULATED,SIMULATED,SIMULATED,SIMULATED
156.0,151.0,44,280.0224,704.3417,247.1338,0.2014,2,SIMULATED,SIMULATED,SIMULATED,SIMULATED
156.0,151.0,55,-12.4869,860.5826,291.0468,-0.3881,2,SIMULATED,SIMULATED,SIMULATED,SIMULATED
156.0,151.0,4,561.3557,211.2504,306.1844,0.0,3,SIMULATED,SIMULATED,SIMULATED,SIMULATED
156.0,151.0,23,436.1727,601.8409,255.8368,0.3931,3,SIMULATED,SIMULATED,SIMULATED,SIMULATED
156.0,151.0,16,273.0774,911.2853,261.4681,0.0,2,SIMULATED,SIMULATED,SIMULATED,SIMULATED
156.2,151.2,77,179.6893,310.3928,125.305,-3.3323,3,SIMULATED,SIMULATED,SIMULATED,SIMULATED
156.2,151.2,44,292.5815,710.0853,248.4757,0.19,2,SIMULATED,SIMULATED,SIMULATED,SIMULATED
156.2,151.2,55,-1.735,872.4773,288.6084,-0.3452,2,SIMULATED,SIMULATED,SIMULATED,SIMULATED
156.2,151.2,4,578.2416,213.3484,306.164,-0.0029,3,SIMULATED,SIMULATED,SIMULATED,SIMULATED
156.2,151.2,23,427.8317,590.2083,258.3639,0.3578,3,SIMULATED,SIMULATED,SIMULATED,SIMULATED
156.2,151.2,16,274.0477,896.9172,262.0232,0.0786,2,SIMULATED,SIMULATED,SIMULATED,SIMULATED
156.4,151.4,77,183.0806,305.9335,101.7683,-3.3323,3,SIMULATED,SIMULATED,SIMULATED,SIMULATED
156.4,151.4,44,305.2226,715.871,250.268,0.2538,2,SIMULATED,SIMULATED,SIMULATED,SIMULATED
156.4,151.4,55,8.9699,884.3067,287.1574,-0.2054,2,SIMULATED,SIMULATED,SIMULATED,SIMULATED
156.4,151.4,4,595.0802,215.5629,305.5397,-0.0884,3,SIMULATED,SIMULATED,SIMULATED,SIMULATED
156.4,151.4,23,420.1174,577.9372,261.2746,0.4121,3,SIMULATED,SIMULATED,SIMULATED,SIMULATED
156.4,151.4,16,271.3615,882.6662,264.247,0.3148,2,SIMULATED,SIMULATED,SIMULATED,SIMULATED
156.6,151.6,77,186.2316,302.0513,90.0,-1.6661,3,SIMULATED,SIMULATED,SIMULATED,SIMULATED
156.6,151.6,44,317.9778,721.6951,252.3909,0.3006,2,SIMULATED,SIMULATED,SIMULATED,SIMULATED
156.6,151.6,55,19.6706,896.1157,286.8573,-0.0425,2,SIMULATED,SIMULATED,SIMULATED,SIMULATED
156.6,151.6,4,611.8648,217.7656,305.2109,-0.0466,3,SIMULATED,SIMULATED,SIMULATED,SIMULATED
156.6,151.6,23,413.0044,565.0706,265.4009,0.5842,3,SIMULATED,SIMULATED,SIMULATED,SIMULATED
156.6,151.6,16,265.9449,869.0418,266.5577,0.3272,2,SIMULATED,SIMULATED,SIMULATED,SIMULATED
156.8,151.8,77,189.5171,298.3508,90.0,0.0,3,SIMULATED,SIMULATED,SIMULATED,SIMULATED
156.8,151.8,44,330.8048,727.5089,253.5621,0.1658,2,SIMULATED,SIMULATED,SIMULATED,SIMULATED
156.8,151.8,55,30.361,907.9347,286.8378,-0.0028,2,SIMULATED,SIMULATED,SIMULATED,SIMULATED
156.8,151.8,4,628.6404,219.5688,303.9862,-0.1734,3,SIMULATED,SIMULATED,SIMULATED,SIMULATED
156.8,151.8,23,406.546,551.6775,268.0351,0.373,3,SIMULATED,SIMULATED,SIMULATED,SIMULATED
156.8,151.8,16,257.9399,856.5313,268.4929,0.274,2,SIMULATED,SIMULATED,SIMULATED,SIMULATED
157.0,152.0,77,192.8552,294.6923,90.0,0.0,3,SIMULATED,SIMULATED,SIMULATED,SIMULATED
157.0,152.0,44,343.7487,733.2497,255.0529,0.2111,2,SIMULATED,SIMULATED,SIMULATED,SIMULATED
157.0,152.0,55,41.0213,919.7,285.785,-0.149,2,SIMULATED,SIMULATED,SIMULATED,SIMULATED
157.0,152.0,4,645.3566,220.877,302.948,-0.147,3,SIMULATED,SIMULATED,SIMULATED,SIMULATED
157.0,152.0,23,400.6063,537.8647,270.9066,0.4065,3,SIMULATED,SIMULATED,SIMULATED,SIMULATED
157.0,152.0,16,248.377,845.2209,267.6633,-0.1175,2,SIMULATED,SIMULATED,SIMULATED,SIMULATED
157.2,152.2,77,196.369,291.1352,90.0,0.0,3,SIMULATED,SIMULATED,SIMULATED,SIMULATED
157.2,152.2,44,356.759,738.9529,255.8649,0.115,2,SIMULATED,SIMULATED,SIMULATED,SIMULATED
157.2,152.2,55,51.6373,931.4197,284.6239,-0.1644,2,SIMULATED,SIMULATED,SIMULATED,SIMULATED
157.2,152.2,4,662.027,221.26,301.2653,-0.2382,3,SIMULATED,SIMULATED,SIMULATED,SIMULATED
157.2,152.2,23,395.1906,523.7068,273.2738,0.3351,3,SIMULATED,SIMULATED,SIMULATED,SIMULATED
157.2,152.2,16,238.1878,834.578,265.7978,-0.2641,2,SIMULATED,SIMULATED,SIMULATED,SIMULATED
157.4,152.4,77,199.9006,287.6731,90.0,0.0,3,SIMULATED,SIMULATED,SIMULATED,SIMULATED
157.4,152.4,44,369.9246,744.5348,257.6436,0.2518,2,SIMULATED,SIMULATED,SIMULATED,SIMULATED
157.4,152.4,55,62.2613,943.1312,284.6009,-0.0033,2,SIMULATED,SIMULATED,SIMULATED,SIMULATED
157.4,152.4,4,678.3428,219.7585,298.04,-0.4566,3,SIMULATED,SIMULATED,SIMULATED,SIMULATED
157.4,152.4,23,390.0024,509.3951,274.0545,0.1105,3,SIMULATED,SIMULATED,SIMULATED,SIMULATED
157.4,152.4,16,227.759,824.3749,262.7664,-0.4292,2,SIMULATED,SIMULATED,SIMULATED,SIMULATED
157.6,152.6,77,203.5979,284.307,90.0,0.0,3,SIMULATED,SIMULATED,SIMULATED,SIMULATED
157.6,152.6,44,383.3178,749.9346,260.2144,0.364,2,SIMULATED,SIMULATED,SIMULATED,SIMULATED
157.6,152.6,55,72.8912,954.8209,284.3773,-0.0317,2,SIMULATED,SIMULATED,SIMULATED,SIMULATED
157.6,152.6,4,694.2961,216.8656,295.719,-0.3286,3,SIMULATED,SIMULATED,SIMULATED,SIMULATED
157.6,152.6,23,384.5046,495.1729,274.172,0.0166,3,SIMULATED,SIMULATED,SIMULATED,SIMULATED
157.6,152.6,16,217.4647,814.3787,258.2598,-0.6381,2,SIMULATED,SIMULATED,SIMULATED,SIMULATED
157.8,152.8,77,207.2984,281.0116,90.0,0.0,3,SIMULATED,SIMULATED,SIMULATED,SIMULATED
157.8,152.8,44,396.9963,754.9546,263.1926,0.4216,2,SIMULATED,SIMULATED,SIMULATED,SIMULATED
157.8,152.8,55,83.5536,966.4513,283.5339,-0.1194,2,SIMULATED,SIMULATED,SIMULATED,SIMULATED
157.8,152.8,4,709.4577,211.4013,292.2282,-0.4942,3,SIMULATED,SIMULATED,SIMULATED,SIMULATED
157.8,152.8,23,378.6023,481.141,273.6283,-0.077,3,SIMULATED,SIMULATED,SIMULATED,SIMULATED
157.8,152.8,16,207.4412,804.5373,252.7978,-0.7733,2,SIMULATED,SIMULATED,SIMULATED,SIMULATED
158.0,153.0,77,211.1399,277.8111,90.0,0.0,3,SIMULATED,SIMULATED,SIMULATED,SIMULATED
158.0,153.0,44,410.9372,759.2486,263.7904,0.0846,2,SIMULATED,SIMULATED,SIMULATED,SIMULATED
158.0,153.0,55,94.4113,977.7366,281.4861,-0.2899,2,SIMULATED,SIMULATED,SIMULATED,SIMULATED
158.0,153.0,4,723.5485,203.9722,290.3915,-0.26,3,SIMULATED,SIMULATED,SIMULATED,SIMULATED
158.0,153.0,23,371.5567,467.665,272.4417,-0.168,3,SIMULATED,SIMULATED,SIMULATED,SIMULATED
158.0,153.0,16,197.8057,794.8292,246.0715,-0.9523,2,SIMULATED,SIMULATED,SIMULATED,SIMULATED
158.2,153.2,77,214.9532,274.643,90.0,0.0,3,SIMULATED,SIMULATED,SIMULATED,SIMULATED
158.2,153.2,44,425.1681,762.1584,264.9113,0.1587,2,SIMULATED,SIMULATED,SIMULATED,SIMULATED
158.2,153.2,55,105.6561,988.5134,279.4418,-0.2894,2,SIMULATED,SIMULATED,SIMULATED,SIMULATED
158.2,153.2,4,736.573,194.815,290.3915,0.0,3,SIMULATED,SIMULATED,SIMULATED,SIMULATED
158.2,153.2,23,362.4914,455.5063,272.3637,-0.011,3,SIMULATED,SIMULATED,SIMULATED,SIMULATED
158.2,153.2,16,188.4304,785.2006,241.8322,-0.6002,2,SIMULATED,SIMULATED,SIMULATED,SIMULATED
158.4,153.4,77,218.9262,271.6073,90.0,0.0,3,SIMULATED,SIMULATED,SIMULATED,SIMULATED
158.4,153.4,44,439.6909,762.6871,265.0198,0.0154,2,SIMULATED,SIMULATED,SIMULATED,SIMULATED
158.4,153.4,55,117.8201,998.0534,275.7222,-0.5266,2,SIMULATED,SIMULATED,SIMULATED,SIMULATED
158.4,153.4,4,748.271,183.8764,290.3915,0.0,3,SIMULATED,SIMULATED,SIMULATED,SIMULATED
158.4,153.4,23,351.9317,444.692,271.5434,-0.1161,3,SIMULATED,SIMULATED,SIMULATED,SIMULATED
158.4,153.4,16,179.317,775.6352,237.689,-0.5866,2,SIMULATED,SIMULATED,SIMULATED,SIMULATED
158.6,153.6,77,222.8992,268.5716,90.0,0.0,3,SIMULATED,SIMULATED,SIMULATED,SIMULATED
158.6,153.6,44,454.0592,760.858,265.0198,0.0,2,SIMULATED,SIMULATED,SIMULATED,SIMULATED
158.6,153.6,55,131.0389,1005.7323,271.3221,-0.623,2,SIMULATED,SIMULATED,SIMULATED,SIMULATED
158.6,153.6,4,758.8547,171.8384,290.3915,0.0,3,SIMULATED,SIMULATED,SIMULATED,SIMULATED
158.6,153.6,23,339.8002,435.7191,270.1001,-0.2043,3,SIMULATED,SIMULATED,SIMULATED,SIMULATED
158.6,153.6,16,170.3982,766.0912,235.0609,-0.3721,2,SIMULATED,SIMULATED,SIMULATED,SIMULATED
158.8,153.8,77,226.9106,265.6217,90.0,0.0,3,SIMULATED,SIMULATED,SIMULATED,SIMULATED
158.8,153.8,44,467.6434,755.8012,265.0171,-0.0004,2,SIMULATED,SIMULATED,SIMULATED,SIMULATED
158.8,153.8,55,145.0216,1011.0759,267.4588,-0.547,2,SIMULATED,SIMULATED,SIMULATED,SIMULATED
158.8,153.8,4,768.5258,159.0809,290.3915,0.0,3,SIMULATED,SIMULATED,SIMULATED,SIMULATED
158.8,153.8,23,326.8079,428.6208,265.85,-0.6017,3,SIMULATED,SIMULATED,SIMULATED,SIMULATED
158.8,153.8,16,161.6799,756.4213,234.0911,-0.1373,2,SIMULATED,SIMULATED,SIMULATED,SIMULATED
159.0,154.0,77,230.9452,262.6683,90.0,0.0,3,SIMULATED,SIMULATED,SIMULATED,SIMULATED
159.0,154.0,44,479.7014,747.9327,265.0171,-0.0,2,SIMULATED,SIMULATED,SIMULATED,SIMULATED
159.0,154.0,55,159.7658,1013.5231,263.9002,-0.5038,2,SIMULATED,SIMULATED,SIMULATED,SIMULATED
159.0,154.0,4,777.3415,145.6214,290.3915,0.0,3,SIMULATED,SIMULATED,SIMULATED,SIMULATED
159.0,154.0,23,313.3343,423.1236,260.9159,-0.6986,3,SIMULATED,SIMULATED,SIMULATED,SIMULATED
159.0,154.0,16,153.089,746.4397,236.9385,0.4031,2,SIMULATED,SIMULATED,SIMULATED,SIMULATED
159.2,154.2,77,235.0143,259.8066,90.0,0.0,3,SIMULATED,SIMULATED,SIMULATED,SIMULATED
159.2,154.2,44,489.2282,736.988,265.0171,0.0,2,SIMULATED,SIMULATED,SIMULATED,SIMULATED
159.2,154.2,55,174.5191,1012.8109,261.4681,-0.3443,2,SIMULATED,SIMULATED,SIMULATED,SIMULATED
159.2,154.2,4,785.3693,131.7071,290.3915,0.0,3,SIMULATED,SIMULATED,SIMULATED,SIMULATED
159.2,154.2,23,299.6059,418.8874,258.2211,-0.3815,3,SIMULATED,SIMULATED,SIMULATED,SIMULATED
159.2,154.2,16,144.7158,736.1184,238.9192,0.2804,2,SIMULATED,SIMULATED,SIMULATED,SIMULATED
159.4,154.4,77,239.1217,256.9553,90.0,0.0,3,SIMULATED,SIMULATED,SIMULATED,SIMULATED
159.4,154.4,44,495.7382,724.091,265.0171,0.0,2,SIMULATED,SIMULATED,SIMULATED,SIMULATED
159.4,154.4,55,188.6548,1009.0664,261.4681,0.0,2,SIMULATED,SIMULATED,SIMULATED,SIMULATED
159.4,154.4,4,792.4567,117.4601,288.0862,-0.3264,3,SIMULATED,SIMULATED,SIMULATED,SIMULATED
159.4,154.4,23,285.8124,415.2921,256.3901,-0.2592,3,SIMULATED,SIMULATED,SIMULATED,SIMULATED
159.4,154.4,16,136.522,725.3191,243.5791,0.6597,2,SIMULATED,SIMULATED,SIMULATED,SIMULATED
159.6,154.6,77,243.2519,254.1913,90.0,0.0,3,SIMULATED,SIMULATED,SIMULATED,SIMULATED
159.6,154.6,44,498.8843,710.0181,265.0171,0.0,2,SIMULATED,SIMULATED,SIMULATED,SIMULATED
159.6,154.6,55,202.1153,1003.1088,261.4681,0.0,2,SIMULATED,SIMULATED,SIMULATED,SIMULATED
159.6,154.6,4,798.6743,103.0132,285.3573,-0.3863,3,SIMULATED,SIMULATED,SIMULATED,SIMULATED
159.6,154.6,23,271.988,412.1572,254.8359,-0.22,3,SIMULATED,SIMULATED,SIMULATED,SIMULATED
159.6,154.6,16,128.9373,713.7931,247.6817,0.5808,2,SIMULATED,SIMULATED,SIMULATED,SIMULATED
159.8,154.8,77,247.442,251.4631,90.0,0.0,3,SIMULATED,SIMULATED,SIMULATED,SIMULATED
159.8,154.8,44,499.1713,695.61,264.2795,-0.1044,2,SIMULATED,SIMULATED,SIMULATED,SIMULATED
159.8,154.8,55,214.5611,995.3221,261.4681,0.0,2,SIMULATED,SIMULATED,SIMULATED,SIMULATED
159.8,154.8,4,803.443,88.2265,280.9844,-0.6191,3,SIMULATED,SIMULATED,SIMULATED,SIMULATED
159.8,154.8,23,258.1939,409.2668,253.6378,-0.1696,3,SIMULATED,SIMULATED,SIMULATED,SIMULATED
159.8,154.8,16,122.6192,701.1814,252.8614,0.7333,2,SIMULATED,SIMULATED,SIMULATED,SIMULATED
160.0,155.0,77,251.6419,248.815,90.0,0.0,3,SIMULATED,SIMULATED,SIMULATED,SIMULATED
160.0,155.0,44,495.9578,681.8558,261.1293,-0.446,2,SIMULATED,SIMULATED,SIMULATED,SIMULATED
160.0,155.0,55,226.0348,986.3126,261.4681,0.0,2,SIMULATED,SIMULATED,SIMULATED,SIMULATED
160.0,155.0,4,806.7544,73.267,278.3548,-0.3723,3,SIMULATED,SIMULATED,SIMULATED,SIMULATED
160.0,155.0,23,244.41,406.475,253.0971,-0.0766,3,SIMULATED,SIMULATED,SIMULATED,SIMULATED
160.0,155.0,16,119.6167,687.1758,256.1857,0.4707,2,SIMULATED,SIMULATED,SIMULATED,SIMULATED
160.2,155.2,77,255.923,246.232,90.0,0.0,3,SIMULATED,SIMULATED,SIMULATED,SIMULATED
160.2,155.2,44,489.534,669.2004,258.1929,-0.4157,2,SIMULATED,SIMULATED,SIMULATED,SIMULATED
160.2,155.2,55,236.8093,976.4329,261.4681,0.0,2,SIMULATED,SIMULATED,SIMULATED,SIMULATED
160.2,155.2,4,808.6612,58.2771,275.1463,-0.4543,3,SIMULATED,SIMULATED,SIMULATED,SIMULATED
160.2,155.2,23,230.679,403.579,252.7443,-0.05,3,SIMULATED,SIMULATED,SIMULATED,SIMULATED
160.2,155.2,16,122.2924,673.0925,256.1857,0.0,2,SIMULATED,SIMULATED,SIMULATED,SIMULATED
160.4,155.4,77,260.1925,243.6886,90.0,0.0,3,SIMULATED,SIMULATED,SIMULATED,SIMULATED
160.4,155.4,44,481.4077,657.7813,255.2292,-0.4196,2,SIMULATED,SIMULATED,SIMULATED,SIMULATED
160.4,155.4,55,246.9253,965.7949,261.4681,0.0,2,SIMULATED,SIMULATED,SIMULATED,SIMULATED
160.4,155.4,4,808.3995,43.3251,272.6483,-0.3537,3,SIMULATED,SIMULATED,SIMULATED,SIMULATED
160.4,155.4,23,217.1564,400.0112,252.7453,0.0001,3,SIMULATED,SIMULATED,SIMULATED,SIMULATED
160.4,155.4,16,131.9202,662.5471,256.1857,0.0,2,SIMULATED,SIMULATED,SIMULATED,SIMULATED
160.6,155.6,77,264.5492,241.2353,90.0,0.0,3,SIMULATED,SIMULATED,SIMULATED,SIMULATED
160.6,155.6,44,472.3871,647.08,252.5702,-0.3765,2,SIMULATED,SIMULATED,SIMULATED,SIMULATED
160.6,155.6,55,255.7871,954.2206,261.4681,-0.0,2,SIMULATED,SIMULATED,SIMULATED,SIMULATED
160.6,155.6,4,805.871,28.6902,270.5036,-0.3036,3,SIMULATED,SIMULATED,SIMULATED,SIMULATED
160.6,155.6,23,204.0061,395.2138,252.7453,0.0,3,SIMULATED,SIMULATED,SIMULATED,SIMULATED
160.6,155.6,16,145.6214,658.4864,256.1857,0.0,2,SIMULATED,SIMULATED,SIMULATED,SIMULATED
160.8,155.8,77,268.8791,238.8011,90.0,0.0,3,SIMULATED,SIMULATED,SIMULATED,SIMULATED
160.8,155.8,44,463.1068,636.639,251.6695,-0.1275,3,SIMULATED,SIMULATED,SIMULATED,SIMULATED
160.8,155.8,55,263.7914,941.9123,261.4681,0.0,2,SIMULATED,SIMULATED,SIMULATED,SIMULATED
160.8,155.8,4,801.1422,14.6723,271.388,0.1252,3,SIMULATED,SIMULATED,SIMULATED,SIMULATED
160.8,155.8,23,191.5026,389.0132,252.7453,0.0,3,SIMULATED,SIMULATED,SIMULATED,SIMULATED
160.8,155.8,16,159.9318,659.1233,256.1857,0.0,2,SIMULATED,SIMULATED,SIMULATED,SIMULATED
161.0,156.0,77,273.3139,236.492,90.0,0.0,3,SIMULATED,SIMULATED,SIMULATED,SIMULATED
161.0,156.0,44,453.8655,626.105,251.9202,0.0355,3,SIMULATED,SIMULATED,SIMULATED,SIMULATED
161.0,156.0,55,270.1606,928.7601,261.4681,0.0,2,SIMULATED,SIMULATED,SIMULATED,SIMULATED
161.0,156.0,4,794.3683,1.121,273.6892,0.3258,3,SIMULATED,SIMULATED,SIMULATED,SIMULATED
161.0,156.0,23,180.2102,380.9572,252.7453,0.0,3,SIMULATED,SIMULATED,SIMULATED,SIMULATED
161.0,156.0,16,173.8431,662.2817,256.1857,0.0,2,SIMULATED,SIMULATED,SIMULATED,SIMULATED
161.2,156.2,77,277.7488,234.1829,90.0,0.0,3,SIMULATED,SIMULATED,SIMULATED,SIMULATED
161.2,156.2,44,445.4646,616.1849,233.3957,-2.6227,3,SIMULATED,SIMULATED,SIMULATED,SIMULATED
161.2,156.2,55,274.2431,914.5695,261.4681,0.0,2,SIMULATED,SIMULATED,SIMULATED,SIMULATED
161.2,156.2,4,786.8995,-12.1987,276.042,0.3331,3,SIMULATED,SIMULATED,SIMULATED,SIMULATED
161.2,156.2,23,171.2546,370.3603,252.7453,0.0,3,SIMULATED,SIMULATED,SIMULATED,SIMULATED
161.2,156.2,16,187.3909,666.5794,255.2723,-0.1293,2,SIMULATED,SIMULATED,SIMULATED,SIMULATED
161.4,156.4,77,282.2266,232.0486,90.0,0.0,3,SIMULATED,SIMULATED,SIMULATED,SIMULATED
161.4,156.4,44,438.0132,606.7405,216.0563,-2.4549,3,SIMULATED,SIMULATED,SIMULATED,SIMULATED
161.4,156.4,55,275.9182,899.8754,261.7121,0.0345,2,SIMULATED,SIMULATED,SIMULATED,SIMULATED
161.4,156.4,4,778.8357,-25.3639,278.4764,0.3447,3,SIMULATED,SIMULATED,SIMULATED,SIMULATED
161.4,156.4,23,165.8336,357.6308,253.4811,0.1042,3,SIMULATED,SIMULATED,SIMULATED,SIMULATED
161.4,156.4,16,200.4483,671.4811,250.7536,-0.6397,2,SIMULATED,SIMULATED,SIMULATED,SIMULATED
161.6,156.6,77,286.7485,229.9149,90.0,0.0,3,SIMULATED,SIMULATED,SIMULATED,SIMULATED
161.6,156.6,44,431.4381,597.9104,197.6769,-2.6021,3,SIMULATED,SIMULATED,SIMULATED,SIMULATED
161.6,156.6,55,273.8596,885.2384,263.3129,0.2266,2,SIMULATED,SIMULATED,SIMULATED,SIMULATED
161.6,156.6,4,770.4228,-38.3975,279.7523,0.1806,4,SIMULATED,SIMULATED,SIMULATED,SIMULATED
161.6,156.6,23,164.4134,343.5535,258.3282,0.6862,3,SIMULATED,SIMULATED,SIMULATED,SIMULATED
161.6,156.6,16,213.2605,676.5398,247.7801,-0.421,2,SIMULATED,SIMULATED,SIMULATED,SIMULATED
161.8,156.8,77,291.3095,227.9561,90.0,0.0,3,SIMULATED,SIMULATED,SIMULATED,SIMULATED
161.8,156.8,44,425.7342,589.73,178.7032,-2.6863,3,SIMULATED,SIMULATED,SIMULATED,SIMULATED
161.8,156.8,55,268.8403,871.1305,266.0319,0.385,2,SIMULATED,SIMULATED,SIMULATED,SIMULATED
161.8,156.8,4,761.7791,-51.3082,279.8061,0.0076,4,SIMULATED,SIMULATED,SIMULATED,SIMULATED
161.8,156.8,23,167.6634,329.589,263.375,0.7145,3,SIMULATED,SIMULATED,SIMULATED,SIMULATED
161.8,156.8,16,225.8843,681.6198,244.8445,-0.4156,2,SIMULATED,SIMULATED,SIMULATED,SIMULATED
162.0,157.0,77,295.8922,226.0179,90.0,0.0,3,SIMULATED,SIMULATED,SIMULATED,SIMULATED
162.0,157.0,44,420.9447,582.2492,159.2404,-2.7555,3,SIMULATED,SIMULATED,SIMULATED,SIMULATED
162.0,157.0,55,261.1472,858.1242,268.2885,0.3195,2,SIMULATED,SIMULATED,SIMULATED,SIMULATED
162.0,157.0,4,752.9954,-64.1393,280.1164,0.0439,4,SIMULATED,SIMULATED,SIMULATED,SIMULATED
162.0,157.0,23,174.7729,316.6858,266.5248,0.4459,3,SIMULATED,SIMULATED,SIMULATED,SIMULATED
162.0,157.0,16,238.4658,686.8178,244.9823,0.0195,2,SIMULATED,SIMULATED,SIMULATED,SIMULATED
162.2,157.2,77,300.5342,224.16,90.0,0.0,3,SIMULATED,SIMULATED,SIMULATED,SIMULATED
162.2,157.2,44,416.9791,575.6066,139.2528,-2.8298,3,SIMULATED,SIMULATED,SIMULATED,SIMULATED
162.2,157.2,55,251.7243,846.4394,268.0506,-0.0337,2,SIMULATED,SIMULATED,SIMULATED,SIMULATED
162.2,157.2,4,744.0573,-76.8712,280.2318,0.0163,4,SIMULATED,SIMULATED,SIMULATED,SIMULATED
162.2,157.2,23,183.4073,304.7375,266.5248,0.0,3,SIMULATED,SIMULATED,SIMULATED,SIMULATED
162.2,157.2,16,251.009,692.0991,244.9298,-0.0074,2,SIMULATED,SIMULATED,SIMULATED,SIMULATED
162.4,157.4,77,305.173,222.3817,90.0,0.0,3,SIMULATED,SIMULATED,SIMULATED,SIMULATED
162.4,157.4,44,413.8133,569.7766,118.5597,-2.9297,3,SIMULATED,SIMULATED,SIMULATED,SIMULATED
162.4,157.4,55,241.5818,835.5718,266.3234,-0.2445,2,SIMULATED,SIMULATED,SIMULATED,SIMULATED
162.4,157.4,4,734.5883,-89.1022,280.2318,0.0,4,SIMULATED,SIMULATED,SIMULATED,SIMULATED
162.4,157.4,23,193.1611,293.6711,266.5248,-0.0,3,SIMULATED,SIMULATED,SIMULATED,SIMULATED
162.4,157.4,16,263.5434,697.5,245.5102,0.0822,2,SIMULATED,SIMULATED,SIMULATED,SIMULATED
162.6,157.6,77,309.871,220.6704,90.0,0.0,3,SIMULATED,SIMULATED,SIMULATED,SIMULATED
162.6,157.6,44,411.0155,564.4361,108.0,-1.495,3,SIMULATED,SIMULATED,SIMULATED,SIMULATED
162.6,157.6,55,231.1435,825.289,263.4002,-0.4139,2,SIMULATED,SIMULATED,SIMULATED,SIMULATED
162.6,157.6,4,723.6628,-100.0112,280.8766,0.0913,4,SIMULATED,SIMULATED,SIMULATED,SIMULATED
162.6,157.6,23,203.8147,283.4335,266.5248,0.0,3,SIMULATED,SIMULATED,SIMULATED,SIMULATED
162.6,157.6,16,276.067,703.1055,246.9332,0.2015,2,SIMULATED,SIMULATED,SIMULATED,SIMULATED
162.8,157.8,77,314.5684,219.0478,90.0,0.0,3,SIMULATED,SIMULATED,SIMULATED,SIMULATED
162.8,157.8,44,408.3501,559.0607,108.0,0.0,3,SIMULATED,SIMULATED,SIMULATED,SIMULATED
162.8,157.8,55,220.8016,815.2568,259.3538,-0.5729,2,SIMULATED,SIMULATED,SIMULATED,SIMULATED
162.8,157.8,4,711.0449,-108.6472,282.0127,0.1609,4,SIMULATED,SIMULATED,SIMULATED,SIMULATED
162.8,157.8,23,215.0909,273.9085,266.5248,0.0,3,SIMULATED,SIMULATED,SIMULATED,SIMULATED
162.8,157.8,16,288.6083,708.814,247.977,0.1478,2,SIMULATED,SIMULATED,SIMULATED,SIMULATED
163.0,158.0,77,319.3152,217.4771,90.0,0.0,3,SIMULATED,SIMULATED,SIMULATED,SIMULATED
163.0,158.0,44,405.7653,553.6039,108.0,0.0,3,SIMULATED,SIMULATED,SIMULATED,SIMULATED
163.0,158.0,55,210.7159,805.38,254.278,-0.7186,2,SIMULATED,SIMULATED,SIMULATED,SIMULATED
163.0,158.0,4,696.8459,-115.0338,283.4683,0.2061,4,SIMULATED,SIMULATED,SIMULATED,SIMULATED
163.0,158.0,23,226.9519,264.9718,267.5125,0.1398,3,SIMULATED,SIMULATED,SIMULATED,SIMULATED
163.0,158.0,16,301.2178,714.5928,249.6862,0.242,2,SIMULATED,SIMULATED,SIMULATED,SIMULATED
163.2,158.2,77,324.0587,215.9855,90.0,0.0,3,SIMULATED,SIMULATED,SIMULATED,SIMULATED
163.2,158.2,44,403.3124,548.1282,108.0,0.0,3,SIMULATED,SIMULATED,SIMULATED,SIMULATED
163.2,158.2,55,201.0154,795.6684,247.4024,-0.9734,2,SIMULATED,SIMULATED,SIMULATED,SIMULATED
163.2,158.2,4,681.79,-118.8777,284.6179,0.1628,4,SIMULATED,SIMULATED,SIMULATED,SIMULATED
163.2,158.2,23,239.1345,256.3378,269.0206,0.2135,3,SIMULATED,SIMULATED,SIMULATED,SIMULATED
163.2,158.2,16,313.9446,720.4027,251.8211,0.3022,2,SIMULATED,SIMULATED,SIMULATED,SIMULATED
163.4,158.4,77,328.8464,214.5439,90.0,0.0,3,SIMULATED,SIMULATED,SIMULATED,SIMULATED
163.4,158.4,44,400.947,542.5857,108.0,0.0,3,SIMULATED,SIMULATED,SIMULATED,SIMULATED
163.4,158.4,55,191.61,786.0405,242.4416,-0.7024,2,SIMULATED,SIMULATED,SIMULATED,SIMULATED
163.4,158.4,4,666.2145,-119.8508,284.2466,-0.0526,4,SIMULATED,SIMULATED,SIMULATED,SIMULATED
163.4,158.4,23,251.747,248.1676,271.1108,0.2959,3,SIMULATED,SIMULATED,SIMULATED,SIMULATED
163.4,158.4,16,326.7571,726.2272,253.3704,0.2194,2,SIMULATED,SIMULATED,SIMULATED,SIMULATED
163.6,158.6,77,333.6228,213.1933,90.0,0.0,3,SIMULATED,SIMULATED,SIMULATED,SIMULATED
163.6,158.6,44,398.6409,537.0465,108.0,0.0,3,SIMULATED,SIMULATED,SIMULATED,SIMULATED
163.6,158.6,55,182.4459,776.478,238.7054,-0.529,2,SIMULATED,SIMULATED,SIMULATED,SIMULATED
163.6,158.6,4,650.658,-118.9294,283.4059,-0.119,4,SIMULATED,SIMULATED,SIMULATED,SIMULATED
163.6,158.6,23,264.8722,240.4796,274.1001,0.4232,3,SIMULATED,SIMULATED,SIMULATED,SIMULATED
163.6,158.6,16,339.6664,731.9899,254.5338,0.1647,2,SIMULATED,SIMULATED,SIMULATED,SIMULATED
163.8,158.8,77,338.4586,211.9228,90.0,0.0,3,SIMULATED,SIMULATED,SIMULATED,SIMULATED
163.8,158.8,44,396.4775,531.4182,108.0,0.0,3,SIMULATED,SIMULATED,SIMULATED,SIMULATED
163.8,158.8,55,173.5085,766.9447,235.3815,-0.4706,2,SIMULATED,SIMULATED,SIMULATED,SIMULATED
163.8,158.8,4,635.1755,-116.6424,282.4644,-0.1333,4,SIMULATED,SIMULATED,SIMULATED,SIMULATED
163.8,158.8,23,278.4954,233.2564,278.2422,0.5864,3,SIMULATED,SIMULATED,SIMULATED,SIMULATED
163.8,158.8,16,352.6546,737.7198,255.551,0.144,2,SIMULATED,SIMULATED,SIMULATED,SIMULATED
164.0,159.0,77,343.2827,210.7308,90.0,0.0,3,SIMULATED,SIMULATED,SIMULATED,SIMULATED
164.0,159.0,44,394.3544,525.7909,108.0,0.0,3,SIMULATED,SIMULATED,SIMULATED,SIMULATED
164.0,159.0,55,164.7552,757.344,234.1839,-0.1696,2,SIMULATED,SIMULATED,SIMULATED,SIMULATED
164.0,159.0,4,619.9788,-113.8252,278.9964,-0.491,4,SIMULATED,SIMULATED,SIMULATED,SIMULATED
164.0,159.0,23,292.783,226.7809,282.729,0.6352,3,SIMULATED,SIMULATED,SIMULATED,SIMULATED
164.0,159.0,16,365.7655,743.3535,257.0648,0.2143,2,SIMULATED,SIMULATED,SIMULATED,SIMULATED
164.2,159.2,77,348.1549,209.6076,90.0,0.0,3,SIMULATED,SIMULATED,SIMULATED,SIMULATED
164.2,159.2,44,392.2976,520.1545,108.0,0.0,3,SIMULATED,SIMULATED,SIMULATED,SIMULATED
164.2,159.2,55,156.1729,747.4446,236.4606,0.3223,2,SIMULATED,SIMULATED,SIMULATED,SIMULATED
164.2,159.2,4,604.9485,-110.7439,276.3282,-0.3778,4,SIMULATED,SIMULATED,SIMULATED,SIMULATED
164.2,159.2,23,307.6667,220.9412,288.3389,0.7942,3,SIMULATED,SIMULATED,SIMULATED,SIMULATED
164.2,159.2,16,379.0872,748.7952,259.1689,0.2979,2,SIMULATED,SIMULATED,SIMULATED,SIMULATED
164.4,159.4,77,353.0083,208.5738,90.0,0.0,3,SIMULATED,SIMULATED,SIMULATED,SIMULATED
164.4,159.4,44,390.2508,514.51,108.0,0.0,3,SIMULATED,SIMULATED,SIMULATED,SIMULATED
164.4,159.4,55,147.7785,737.256,238.4182,0.2772,2,SIMULATED,SIMULATED,SIMULATED,SIMULATED
164.4,159.4,4,590.095,-107.584,273.4546,-0.4068,4,SIMULATED,SIMULATED,SIMULATED,SIMULATED
164.4,159.4,23,323.125,215.7445,294.1075,0.8167,3,SIMULATED,SIMULATED,SIMULATED,SIMULATED
164.4,159.4,16,392.7016,753.9673,262.3964,0.4569,2,SIMULATED,SIMULATED,SIMULATED,SIMULATED
164.6,159.6,77,357.9186,207.6306,90.0,0.0,3,SIMULATED,SIMULATED,SIMULATED,SIMULATED
164.6,159.6,44,388.2171,508.8652,108.0,0.0,3,SIMULATED,SIMULATED,SIMULATED,SIMULATED
164.6,159.6,55,139.5726,726.6168,242.3967,0.5633,2,SIMULATED,SIMULATED,SIMULATED,SIMULATED
164.6,159.6,4,575.3309,-104.3561,272.1379,-0.1864,4,SIMULATED,SIMULATED,SIMULATED,SIMULATED
164.6,159.6,23,339.1163,211.233,299.4459,0.7558,3,SIMULATED,SIMULATED,SIMULATED,SIMULATED
164.6,159.6,16,406.551,758.5698,263.5527,0.1637,2,SIMULATED,SIMULATED,SIMULATED,SIMULATED
164.8,159.8,77,362.8121,206.7433,90.0,0.0,3,SIMULATED,SIMULATED,SIMULATED,SIMULATED
164.8,159.8,44,386.0808,503.2886,108.0,0.0,3,SIMULATED,SIMULATED,SIMULATED,SIMULATED
164.8,159.8,55,131.8868,715.3799,246.8044,0.624,2,SIMULATED,SIMULATED,SIMULATED,SIMULATED
164.8,159.8,4,560.5914,-101.1073,271.6756,-0.0654,4,SIMULATED,SIMULATED,SIMULATED,SIMULATED
164.8,159.8,23,355.6224,207.5625,305.0385,0.7918,3,SIMULATED,SIMULATED,SIMULATED,SIMULATED
164.8,159.8,16,420.8068,762.0627,264.7279,0.1664,2,SIMULATED,SIMULATED,SIMULATED,SIMULATED
165.0,160.0,77,367.7454,205.9292,90.0,0.0,3,SIMULATED,SIMULATED,SIMULATED,SIMULATED
165.0,160.0,44,383.8913,497.7024,108.0,0.0,3,SIMULATED,SIMULATED,SIMULATED,SIMULATED
165.0,160.0,55,125.2139,703.2346,251.836,0.7124,2,SIMULATED,SIMULATED,SIMULATED,SIMULATED
165.0,160.0,4,545.8807,-97.8676,271.1349,-0.0766,4,SIMULATED,SIMULATED,SIMULATED,SIMULATED
165.0,160.0,23,372.5687,204.6855,309.9895,0.701,3,SIMULATED,SIMULATED,SIMULATED,SIMULATED
165.0,160.0,16,435.3541,763.2338,265.0198,0.0413,2,SIMULATED,SIMULATED,SIMULATED,SIMULATED
165.2,160.2,77,372.6535,205.1786,90.0,0.0,3,SIMULATED,SIMULATED,SIMULATED,SIMULATED
165.2,160.2,44,381.6765,492.1327,108.0,0.0,3,SIMULATED,SIMULATED,SIMULATED,SIMULATED
165.2,160.2,55,121.5077,689.998,256.1795,0.6149,2,SIMULATED,SIMULATED,SIMULATED,SIMULATED
165.2,160.2,4,531.183,-94.6774,270.5646,-0.0807,4,SIMULATED,SIMULATED,SIMULATED,SIMULATED
165.2,160.2,23,389.835,202.7376,313.1296,0.4446,3,SIMULATED,SIMULATED,SIMULATED,SIMULATED
165.2,160.2,16,449.9206,762.101,265.0198,0.0,2,SIMULATED,SIMULATED,SIMULATED,SIMULATED
165.4,160.4,77,377.6117,204.5337,90.0,0.0,3,SIMULATED,SIMULATED,SIMULATED,SIMULATED
165.4,160.4,44,379.4672,486.6099,108.0,0.0,3,SIMULATED,SIMULATED,SIMULATED,SIMULATED
165.4,160.4,55,122.8123,676.4105,256.1857,0.0009,2,SIMULATED,SIMULATED,SIMULATED,SIMULATED
165.4,160.4,4,516.4677,-91.5774,270.5432,-0.003,4,SIMULATED,SIMULATED,SIMULATED,SIMULATED
165.4,160.4,23,407.1733,201.6658,313.3806,0.0355,3,SIMULATED,SIMULATED,SIMULATED,SIMULATED
165.4,160.4,16,463.8792,758.0121,265.0185,-0.0002,2,SIMULATED,SIMULATED,SIMULATED,SIMULATED
165.6,160.6,77,382.539,203.9288,90.0,0.0,3,SIMULATED,SIMULATED,SIMULATED,SIMULATED
165.6,160.6,44,376.9595,481.1591,108.0,0.0,3,SIMULATED,SIMULATED,SIMULATED,SIMULATED
165.6,160.6,55,130.5104,665.4831,256.1857,0.0,2,SIMULATED,SIMULATED,SIMULATED,SIMULATED
165.6,160.6,4,501.7094,-88.5885,270.9306,0.0548,4,SIMULATED,SIMULATED,SIMULATED,SIMULATED
165.6,160.6,23,424.5101,201.4972,312.3958,-0.1394,3,SIMULATED,SIMULATED,SIMULATED,SIMULATED
165.6,160.6,16,476.6047,750.9554,265.0171,-0.0002,2,SIMULATED,SIMULATED,SIMULATED,SIMULATED
165.8,160.8,77,387.5169,203.4587,90.0,0.0,3,SIMULATED,SIMULATED,SIMULATED,SIMULATED
165.8,160.8,44,374.3677,475.8326,108.0,0.0,3,SIMULATED,SIMULATED,SIMULATED,SIMULATED
165.8,160.8,55,142.9548,660.4678,256.1857,0.0,2,SIMULATED,SIMULATED,SIMULATED,SIMULATED
165.8,160.8,4,486.785,-85.7442,273.1257,0.3108,4,SIMULATED,SIMULATED,SIMULATED,SIMULATED
165.8,160.8,23,441.7791,201.9331,311.1782,-0.1724,3,SIMULATED,SIMULATED,SIMULATED,SIMULATED
165.8,160.8,16,487.0073,740.8425,265.0171,0.0,2,SIMULATED,SIMULATED,SIMULATED,SIMULATED
166.0,161.0,77,392.4948,202.9886,90.0,0.0,3,SIMULATED,SIMULATED,SIMULATED,SIMULATED
166.0,161.0,44,371.4684,470.5796,108.0,0.0,3,SIMULATED,SIMULATED,SIMULATED,SIMULATED
166.0,161.0,55,156.7942,660.4227,256.1857,0.0,2,SIMULATED,SIMULATED,SIMULATED,SIMULATED
166.0,161.0,4,471.7385,-83.0273,275.0943,0.2787,4,SIMULATED,SIMULATED,SIMULATED,SIMULATED
166.0,161.0,23,458.9689,202.8392,310.1771,-0.1417,3,SIMULATED,SIMULATED,SIMULATED,SIMULATED
166.0,161.0,16,494.4971,728.3629,265.0171,0.0,2,SIMULATED,SIMULATED,SIMULATED,SIMULATED
166.2,161.2,77,397.4489,202.6642,90.0,0.0,3,SIMULATED,SIMULATED,SIMULATED,SIMULATED
166.2,161.2,44,368.3377,465.5718,108.0,0.0,3,SIMULATED,SIMULATED,SIMULATED,SIMULATED
166.2,161.2,55,170.5459,663.1711,256.1857,0.0,2,SIMULATED,SIMULATED,SIMULATED,SIMULATED
166.2,161.2,4,456.4307,-80.478,278.7834,0.5223,4,SIMULATED,SIMULATED,SIMULATED,SIMULATED
166.2,161.2,23,476.0301,204.0407,307.9356,-0.3174,3,SIMULATED,SIMULATED,SIMULATED,SIMULATED
166.2,161.2,16,498.7961,714.4657,265.0171,0.0,2,SIMULATED,SIMULATED,SIMULATED,SIMULATED
166.4,161.4,77,402.4401,202.3678,90.0,0.0,3,SIMULATED,SIMULATED,SIMULATED,SIMULATED
166.4,161.4,44,365.0564,460.7018,108.0,0.0,3,SIMULATED,SIMULATED,SIMULATED,SIMULATED
166.4,161.4,55,184.0469,667.2366,255.4195,-0.1085,2,SIMULATED,SIMULATED,SIMULATED,SIMULATED
166.4,161.4,4,440.7805,-78.5741,282.4953,0.5255,4,SIMULATED,SIMULATED,SIMULATED,SIMULATED
166.4,161.4,23,493.0022,205.4529,306.6865,-0.1768,3,SIMULATED,SIMULATED,SIMULATED,SIMULATED
166.4,161.4,16,500.0106,699.8672,264.8735,-0.0203,2,SIMULATED,SIMULATED,SIMULATED,SIMULATED
166.6,161.6,77,407.3996,202.1605,90.0,0.0,3,SIMULATED,SIMULATED,SIMULATED,SIMULATED
166.6,161.6,44,361.0981,456.1928,108.0,0.0,3,SIMULATED,SIMULATED,SIMULATED,SIMULATED
166.6,161.6,55,197.1287,672.0445,251.6031,-0.5403,2,SIMULATED,SIMULATED,SIMULATED,SIMULATED
166.6,161.6,4,424.7796,-77.8799,286.1242,0.5138,4,SIMULATED,SIMULATED,SIMULATED,SIMULATED
166.6,161.6,23,509.9466,207.1302,306.6127,-0.0104,3,SIMULATED,SIMULATED,SIMULATED,SIMULATED
166.6,161.6,16,497.7353,685.6902,262.3816,-0.3528,2,SIMULATED,SIMULATED,SIMULATED,SIMULATED
166.8,161.8,77,412.3981,202.041,90.0,0.0,3,SIMULATED,SIMULATED,SIMULATED,SIMULATED
166.8,161.8,44,357.1028,451.8261,108.0,0.0,3,SIMULATED,SIMULATED,SIMULATED,SIMULATED
166.8,161.8,55,209.9512,677.0497,248.1717,-0.4858,2,SIMULATED,SIMULATED,SIMULATED,SIMULATED
166.8,161.8,4,408.5635,-79.8046,291.0072,0.6913,4,SIMULATED,SIMULATED,SIMULATED,SIMULATED
166.8,161.8,23,526.8667,208.9556,306.4184,-0.0275,3,SIMULATED,SIMULATED,SIMULATED,SIMULATED
166.8,161.8,16,492.1323,672.6325,258.9505,-0.4858,2,SIMULATED,SIMULATED,SIMULATED,SIMULATED
167.0,162.0,77,417.3657,201.9455,90.0,0.0,3,SIMULATED,SIMULATED,SIMULATED,SIMULATED
167.0,162.0,44,352.8058,447.6385,108.0,0.0,3,SIMULATED,SIMULATED,SIMULATED,SIMULATED
167.0,162.0,55,222.584,682.1195,245.112,-0.4332,2,SIMULATED,SIMULATED,SIMULATED,SIMULATED
167.0,162.0,4,392.6632,-84.6083,294.0586,0.432,4,SIMULATED,SIMULATED,SIMULATED,SIMULATED
167.0,162.0,23,543.7663,210.8794,306.1844,-0.0331,3,SIMULATED,SIMULATED,SIMULATED,SIMULATED
167.0,162.0,16,484.3714,660.777,255.9673,-0.4223,2,SIMULATED,SIMULATED,SIMULATED,SIMULATED
167.2,162.2,77,422.3656,201.9817,90.0,0.0,3,SIMULATED,SIMULATED,SIMULATED,SIMULATED
167.2,162.2,44,348.3618,443.7874,108.0,0.0,3,SIMULATED,SIMULATED,SIMULATED,SIMULATED
167.2,162.2,55,234.2187,686.8857,226.5724,-2.6248,2,SIMULATED,SIMULATED,SIMULATED,SIMULATED
167.2,162.2,4,378.2283,-92.7246,294.9184,0.1217,4,SIMULATED,SIMULATED,SIMULATED,SIMULATED
167.2,162.2,23,560.6567,212.878,306.1844,0.0,3,SIMULATED,SIMULATED,SIMULATED,SIMULATED
167.2,162.2,16,475.535,649.9251,252.9495,-0.4273,2,SIMULATED,SIMULATED,SIMULATED,SIMULATED
167.4,162.4,77,427.3655,202.0179,90.0,0.0,3,SIMULATED,SIMULATED,SIMULATED,SIMULATED
167.4,162.4,44,343.6296,440.0987,108.0,0.0,3,SIMULATED,SIMULATED,SIMULATED,SIMULATED
167.4,162.4,55,244.882,691.35,208.1869,-2.603,2,SIMULATED,SIMULATED,SIMULATED,SIMULATED
167.4,162.4,4,365.4189,-103.2232,294.9184,0.0,4,SIMULATED,SIMULATED,SIMULATED,SIMULATED
167.4,162.4,23,577.5336,214.9718,306.1844,0.0,3,SIMULATED,SIMULATED,SIMULATED,SIMULATED
167.4,162.4,16,466.272,639.426,252.137,-0.115,2,SIMULATED,SIMULATED,SIMULATED,SIMULATED
167.6,162.6,77,432.3394,202.1348,90.0,0.0,3,SIMULATED,SIMULATED,SIMULATED,SIMULATED
167.6,162.6,44,338.7172,436.8028,108.0,0.0,3,SIMULATED,SIMULATED,SIMULATED,SIMULATED
167.6,162.6,55,254.6137,695.4839,190.4581,-2.51,2,SIMULATED,SIMULATED,SIMULATED,SIMULATED
167.6,162.6,4,354.5818,-115.6778,294.9184,0.0,4,SIMULATED,SIMULATED,SIMULATED,SIMULATED
167.6,162.6,23,594.3597,217.1808,305.5397,-0.0913,3,SIMULATED,SIMULATED,SIMULATED,SIMULATED
167.6,162.6,16,457.0084,628.9502,251.6369,-0.0708,3,SIMULATED,SIMULATED,SIMULATED,SIMULATED
167.8,162.8,77,437.3369,202.2929,90.0,0.0,3,SIMULATED,SIMULATED,SIMULATED,SIMULATED
167.8,162.8,44,333.7639,433.6599,108.0,0.0,3,SIMULATED,SIMULATED,SIMULATED,SIMULATED
167.8,162.8,55,263.3815,699.2889,172.3018,-2.5706,2,SIMULATED,SIMULATED,SIMULATED,SIMULATED
167.8,162.8,4,344.9997,-129.0975,294.9184,0.0,4,SIMULATED,SIMULATED,SIMULATED,SIMULATED
167.8,162.8,23,611.1775,219.3937,305.2683,-0.0384,3,SIMULATED,SIMULATED,SIMULATED,SIMULATED
167.8,162.8,16,447.8354,618.3321,252.1877,0.078,3,SIMULATED,SIMULATED,SIMULATED,SIMULATED
168.0,163.0,77,442.3159,202.4511,90.0,0.0,3,SIMULATED,SIMULATED,SIMULATED,SIMULATED
168.0,163.0,44,328.3648,431.0426,108.0,0.0,3,SIMULATED,SIMULATED,SIMULATED,SIMULATED
168.0,163.0,55,271.2066,702.7775,154.3205,-2.5458,2,SIMULATED,SIMULATED,SIMULATED,SIMULATED
168.0,163.0,4,336.6376,-143.2838,294.9184,0.0,4,SIMULATED,SIMULATED,SIMULATED,SIMULATED
168.0,163.0,23,627.9832,221.212,304.0153,-0.1774,3,SIMULATED,SIMULATED,SIMULATED,SIMULATED
168.0,163.0,16,439.0206,607.2395,254.8005,0.3699,3,SIMULATED,SIMULATED,SIMULATED,SIMULATED
168.2,163.2,77,447.3097,202.7013,90.0,0.0,3,SIMULATED,SIMULATED,SIMULATED,SIMULATED
168.2,163.2,44,322.9517,428.5786,108.0,0.0,3,SIMULATED,SIMULATED,SIMULATED,SIMULATED
168.2,163.2,55,278.0877,705.8823,135.8847,-2.6101,2,SIMULATED,SIMULATED,SIMULATED,SIMULATED
168.2,163.2,4,328.9534,-157.7793,294.615,-0.043,4,SIMULATED,SIMULATED,SIMULATED,SIMULATED
168.2,163.2,23,644.7841,222.5516,302.948,-0.1511,3,SIMULATED,SIMULATED,SIMULATED,SIMULATED
168.2,163.2,16,430.5022,595.746,257.2803,0.3511,3,SIMULATED,SIMULATED,SIMULATED,SIMULATED
168.4,163.4,77,452.3034,202.9515,90.0,0.0,3,SIMULATED,SIMULATED,SIMULATED,SIMULATED
168.4,163.4,44,317.4273,426.2375,108.0,0.0,3,SIMULATED,SIMULATED,SIMULATED,SIMULATED
168.4,163.4,55,284.0158,708.5788,117.3559,-2.6233,2,SIMULATED,SIMULATED,SIMULATED,SIMULATED
168.4,163.4,4,321.7026,-172.381,293.2061,-0.1995,4,SIMULATED,SIMULATED,SIMULATED,SIMULATED
168.4,163.4,23,661.5386,222.96,301.3274,-0.2294,3,SIMULATED,SIMULATED,SIMULATED,SIMULATED
168.4,163.4,16,422.4453,583.7359,259.9626,0.3797,3,SIMULATED,SIMULATED,SIMULATED,SIMULATED
168.6,163.6,77,457.2783,203.2261,90.0,0.0,3,SIMULATED,SIMULATED,SIMULATED,SIMULATED
168.6,163.6,44,311.8674,424.2167,108.0,0.0,3,SIMULATED,SIMULATED,SIMULATED,SIMULATED
168.6,163.6,55,289.47,711.0792,108.0,-1.3246,2,SIMULATED,SIMULATED,SIMULATED,SIMULATED
168.6,163.6,4,314.7591,-186.9489,290.1137,-0.4378,4,SIMULATED,SIMULATED,SIMULATED,SIMULATED
168.6,163.6,23,678.0954,221.508,298.1642,-0.4478,3,SIMULATED,SIMULATED,SIMULATED,SIMULATED
168.6,163.6,16,415.0547,571.0424,263.6954,0.5285,3,SIMULATED,SIMULATED,SIMULATED,SIMULATED
168.8,163.8,77,462.2669,203.5632,90.0,0.0,3,SIMULATED,SIMULATED,SIMULATED,SIMULATED
168.8,163.8,44,306.1737,422.3241,108.0,0.0,3,SIMULATED,SIMULATED,SIMULATED,SIMULATED
168.8,163.8,55,294.9244,713.5793,108.0,0.0,2,SIMULATED,SIMULATED,SIMULATED,SIMULATED
168.8,163.8,4,308.0602,-201.3583,285.94,-0.5909,4,SIMULATED,SIMULATED,SIMULATED,SIMULATED
168.8,163.8,23,694.3515,218.6307,295.7789,-0.3377,3,SIMULATED,SIMULATED,SIMULATED,SIMULATED
168.8,163.8,16,408.2902,557.8143,267.1963,0.4957,3,SIMULATED,SIMULATED,SIMULATED,SIMULATED
169.0,164.0,77,467.2555,203.9002,90.0,0.0,3,SIMULATED,SIMULATED,SIMULATED,SIMULATED
169.0,164.0,44,300.4603,420.6779,108.0,0.0,3,SIMULATED,SIMULATED,SIMULATED,SIMULATED
169.0,164.0,55,300.3808,716.0794,108.0,0.0,2,SIMULATED,SIMULATED,SIMULATED,SIMULATED
169.0,164.0,4,301.4733,-215.6077,282.594,-0.4737,4,SIMULATED,SIMULATED,SIMULATED,SIMULATED
169.0,164.0,23,709.6704,213.1529,292.3298,-0.4883,3,SIMULATED,SIMULATED,SIMULATED,SIMULATED
169.0,164.0,16,402.1287,544.1233,269.6947,0.3537,3,SIMULATED,SIMULATED,SIMULATED,SIMULATED
169.2,164.2,77,472.2349,204.2555,90.0,0.0,3,SIMULATED,SIMULATED,SIMULATED,SIMULATED
169.2,164.2,44,294.1443,418.9417,117.9045,1.4023,3,SIMULATED,SIMULATED,SIMULATED,SIMULATED
169.2,164.2,55,305.8392,718.5707,108.0,0.0,2,SIMULATED,SIMULATED,SIMULATED,SIMULATED
169.2,164.2,4,294.9451,-229.7044,279.6332,-0.4192,4,SIMULATED,SIMULATED,SIMULATED,SIMULATED
169.2,164.2,23,724.0267,205.6706,290.3915,-0.2744,3,SIMULATED,SIMULATED,SIMULATED,SIMULATED
169.2,164.2,16,396.4947,530.0608,272.4446,0.3893,3,SIMULATED,SIMULATED,SIMULATED,SIMULATED
169.4,164.4,77,477.2207,204.6321,90.0,0.0,3,SIMULATED,SIMULATED,SIMULATED,SIMULATED
169.4,164.4,44,287.2889,417.2087,127.6899,1.3854,3,SIMULATED,SIMULATED,SIMULATED,SIMULATED
169.4,164.4,55,311.297,721.0623,108.0,0.0,2,SIMULATED,SIMULATED,SIMULATED,SIMULATED
169.4,164.4,4,288.4513,-243.5909,276.11,-0.4988,4,SIMULATED,SIMULATED,SIMULATED,SIMULATED
169.4,164.4,23,737.3148,196.4159,290.3915,0.0,3,SIMULATED,SIMULATED,SIMULATED,SIMULATED
169.4,164.4,16,391.2359,515.7692,273.9491,0.213,3,SIMULATED,SIMULATED,SIMULATED,SIMULATED
169.6,164.6,77,482.2065,205.0087,90.0,0.0,3,SIMULATED,SIMULATED,SIMULATED,SIMULATED
169.6,164.6,44,279.8933,415.4361,137.4013,1.3749,3,SIMULATED,SIMULATED,SIMULATED,SIMULATED
169.6,164.6,55,316.7546,723.5551,108.0,0.0,2,SIMULATED,SIMULATED,SIMULATED,SIMULATED
169.6,164.6,4,281.898,-257.4173,275.4929,-0.0874,4,SIMULATED,SIMULATED,SIMULATED,SIMULATED
169.6,164.6,23,749.147,185.4081,290.3915,0.0,3,SIMULATED,SIMULATED,SIMULATED,SIMULATED
169.6,164.6,16,385.9265,501.5248,273.906,-0.0061,3,SIMULATED,SIMULATED,SIMULATED,SIMULATED
169.8,164.8,77,487.1743,205.4322,90.0,0.0,3,SIMULATED,SIMULATED,SIMULATED,SIMULATED
169.8,164.8,44,271.9273,413.6774,147.021,1.3619,3,SIMULATED,SIMULATED,SIMULATED,SIMULATED
169.8,164.8,55,322.2203,726.0412,108.0,0.0,2,SIMULATED,SIMULATED,SIMULATED,SIMULATED
169.8,164.8,4,275.292,-271.2037,275.2506,-0.0343,4,SIMULATED,SIMULATED,SIMULATED,SIMULATED
169.8,164.8,23,759.8556,173.2915,290.3915,0.0,3,SIMULATED,SIMULATED,SIMULATED,SIMULATED
169.8,164.8,16,380.3176,487.3775,273.9907,0.012,3,SIMULATED,SIMULATED,SIMULATED,SIMULATED
170.0,165.0,77,492.1543,205.8788,90.0,0.0,3,SIMULATED,SIMULATED,SIMULATED,SIMULATED
170.0,165.0,44,263.4176,411.8813,156.5489,1.349,3,SIMULATED,SIMULATED,SIMULATED,SIMULATED
170.0,165.0,55,327.6872,728.5135,108.0,0.0,2,SIMULATED,SIMULATED,SIMULATED,SIMULATED
170.0,165.0,4,268.645,-284.9051,274.212,-0.1471,4,SIMULATED,SIMULATED,SIMULATED,SIMULATED
170.0,165.0,23,769.6625,160.4304,290.3915,0.0,3,SIMULATED,SIMULATED,SIMULATED,SIMULATED
170.0,165.0,16,373.8029,473.7747,272.7796,-0.1715,3,SIMULATED,SIMULATED,SIMULATED,SIMULATED
170.2,165.2,77,497.1343,206.3255,90.0,0.0,3,SIMULATED,SIMULATED,SIMULATED,SIMULATED
170.2,165.2,44,254.3839,410.0155,166.1363,1.3574,3,SIMULATED,SIMULATED,SIMULATED,SIMULATED
170.2,165.2,55,333.1715,730.9682,108.0,0.0,2,SIMULATED,SIMULATED,SIMULATED,SIMULATED
170.2,165.2,4,261.9432,-298.4879,272.8914,-0.187,4,SIMULATED,SIMULATED,SIMULATED,SIMULATED
170.2,165.2,23,778.5236,146.9313,290.3915,0.0,3,SIMULATED,SIMULATED,SIMULATED,SIMULATED
170.2,165.2,16,365.8461,460.979,272.2789,-0.0709,3,SIMULATED,SIMULATED,SIMULATED,SIMULATED
170.4,165.4,77,502.0961,206.8255,90.0,0.0,3,SIMULATED,SIMULATED,SIMULATED,SIMULATED
170.4,165.4,44,244.825,408.0871,175.6334,1.3446,3,SIMULATED,SIMULATED,SIMULATED,SIMULATED
170.4,165.4,55,338.656,733.4014,108.0,0.0,2,SIMULATED,SIMULATED,SIMULATED,SIMULATED
170.4,165.4,4,255.1229,-312.0283,273.0288,0.0195,4,SIMULATED,SIMULATED,SIMULATED,SIMULATED
170.4,165.4,23,786.6231,132.9485,290.3915,0.0,3,SIMULATED,SIMULATED,SIMULATED,SIMULATED
170.4,165.4,16,355.7994,449.8577,271.909,-0.0524,3,SIMULATED,SIMULATED,SIMULATED,SIMULATED
170.6,165.6,77,507.0699,207.337,90.0,0.0,3,SIMULATED,SIMULATED,SIMULATED,SIMULATED
170.6,165.6,44,234.7365,405.9894,185.1968,1.354,3,SIMULATED,SIMULATED,SIMULATED,SIMULATED
170.6,165.6,55,344.1463,735.829,108.0,0.0,2,SIMULATED,SIMULATED,SIMULATED,SIMULATED
170.6,165.6,4,248.2313,-325.5109,272.6252,-0.0572,4,SIMULATED,SIMULATED,SIMULATED,SIMULATED
170.6,165.6,23,793.8004,118.6011,288.1957,-0.3109,3,SIMULATED,SIMULATED,SIMULATED,SIMULATED
170.6,165.6,16,344.4473,440.1022,270.8225,-0.1538,3,SIMULATED,SIMULATED,SIMULATED,SIMULATED
170.8,165.8,77,512.0385,207.8481,90.0,0.0,3,SIMULATED,SIMULATED,SIMULATED,SIMULATED
170.8,165.8,44,224.1645,403.5204,194.8472,1.3663,3,SIMULATED,SIMULATED,SIMULATED,SIMULATED
170.8,165.8,55,349.637,738.248,108.0,0.0,2,SIMULATED,SIMULATED,SIMULATED,SIMULATED
170.8,165.8,4,241.3117,-338.9134,271.5899,-0.1466,4,SIMULATED,SIMULATED,SIMULATED,SIMULATED
170.8,165.8,23,800.1265,104.0094,285.4774,-0.3848,3,SIMULATED,SIMULATED,SIMULATED,SIMULATED
170.8,165.8,16,331.9742,432.2367,267.8094,-0.4266,3,SIMULATED,SIMULATED,SIMULATED,SIMULATED
171.0,166.0,77,517.0096,208.3852,90.0,0.0,3,SIMULATED,SIMULATED,SIMULATED,SIMULATED
171.0,166.0,44,213.2033,400.3105,204.4969,1.3662,3,SIMULATED,SIMULATED,SIMULATED,SIMULATED
171.0,166.0,55,355.1455,740.6542,108.0,0.0,2,SIMULATED,SIMULATED,SIMULATED,SIMULATED
171.0,166.0,4,234.3362,-352.2445,270.9498,-0.0906,4,SIMULATED,SIMULATED,SIMULATED,SIMULATED
171.0,166.0,23,804.9508,89.1329,281.1089,-0.6185,3,SIMULATED,SIMULATED,SIMULATED,SIMULATED
171.0,166.0,16,318.6862,426.228,263.0408,-0.6751,3,SIMULATED,SIMULATED,SIMULATED,SIMULATED
171.2,166.2,77,521.9807,208.9223,90.0,0.0,3,SIMULATED,SIMULATED,SIMULATED,SIMULATED
171.2,166.2,44,201.9922,395.9889,214.1466,1.3662,3,SIMULATED,SIMULATED,SIMULATED,SIMULATED
171.2,166.2,55,360.6583,743.0225,108.0,0.0,2,SIMULATED,SIMULATED,SIMULATED,SIMULATED
171.2,166.2,4,227.3258,-365.5137,270.1797,-0.109,4,SIMULATED,SIMULATED,SIMULATED,SIMULATED
171.2,166.2,23,808.3534,74.0002,278.374,-0.3872,3,SIMULATED,SIMULATED,SIMULATED,SIMULATED
171.2,166.2,16,305.1505,421.4571,259.1964,-0.5443,3,SIMULATED,SIMULATED,SIMULATED,SIMULATED
171.4,166.4,77,526.9461,209.4678,90.0,0.0,3,SIMULATED,SIMULATED,SIMULATED,SIMULATED
171.4,166.4,44,190.8245,390.3537,223.7962,1.3662,3,SIMULATED,SIMULATED,SIMULATED,SIMULATED
171.4,166.4,55,366.1962,745.3719,108.0,0.0,2,SIMULATED,SIMULATED,SIMULATED,SIMULATED
171.4,166.4,4,220.2875,-378.6834,268.9017,-0.1809,4,SIMULATED,SIMULATED,SIMULATED,SIMULATED
171.4,166.4,23,810.3355,58.8102,275.2693,-0.4395,3,SIMULATED,SIMULATED,SIMULATED,SIMULATED
171.4,166.4,16,291.3971,417.7231,257.2133,-0.2808,3,SIMULATED,SIMULATED,SIMULATED,SIMULATED
171.6,166.6,77,531.9146,210.0281,90.0,0.0,3,SIMULATED,SIMULATED,SIMULATED,SIMULATED
171.6,166.6,44,180.0118,382.84,233.4459,1.3662,3,SIMULATED,SIMULATED,SIMULATED,SIMULATED
171.6,166.6,55,371.7396,747.6677,108.0,0.0,2,SIMULATED,SIMULATED,SIMULATED,SIMULATED
171.6,166.6,4,213.1924,-391.7642,267.9838,-0.13,4,SIMULATED,SIMULATED,SIMULATED,SIMULATED
171.6,166.6,23,810.1353,43.5909,272.7347,-0.3588,3,SIMULATED,SIMULATED,SIMULATED,SIMULATED
171.6,166.6,16,277.6151,414.4195,255.3762,-0.2601,3,SIMULATED,SIMULATED,SIMULATED,SIMULATED
171.8,166.8,77,536.8831,210.5884,90.0,0.0,3,SIMULATED,SIMULATED,SIMULATED,SIMULATED
171.8,166.8,44,170.921,372.5962,243.0956,1.3662,3,SIMULATED,SIMULATED,SIMULATED,SIMULATED
171.8,166.8,55,377.3191,749.923,108.0,0.0,2,SIMULATED,SIMULATED,SIMULATED,SIMULATED
171.8,166.8,4,205.9667,-404.7072,267.3235,-0.0935,4,SIMULATED,SIMULATED,SIMULATED,SIMULATED
171.8,166.8,23,807.6269,28.7196,270.4978,-0.3167,3,SIMULATED,SIMULATED,SIMULATED,SIMULATED
171.8,166.8,16,263.8176,411.4547,254.1164,-0.1784,3,SIMULATED,SIMULATED,SIMULATED,SIMULATED
172.0,167.0,77,541.8473,211.1606,90.0,0.0,3,SIMULATED,SIMULATED,SIMULATED,SIMULATED
172.0,167.0,44,164.8227,359.7164,253.17,1.4263,3,SIMULATED,SIMULATED,SIMULATED,SIMULATED
172.0,167.0,55,382.8967,752.1342,108.0,0.0,2,SIMULATED,SIMULATED,SIMULATED,SIMULATED
172.0,167.0,4,198.493,-417.5522,267.8176,0.07,4,SIMULATED,SIMULATED,SIMULATED,SIMULATED
172.0,167.0,23,802.8685,14.3452,271.3269,0.1174,3,SIMULATED,SIMULATED,SIMULATED,SIMULATED
172.0,167.0,16,250.0376,408.6159,253.3515,-0.1083,3,SIMULATED,SIMULATED,SIMULATED,SIMULATED
172.2,167.2,77,546.8141,211.7356,90.0,0.0,3,SIMULATED,SIMULATED,SIMULATED,SIMULATED
172.2,167.2,44,162.8498,345.2823,257.7979,0.6552,3,SIMULATED,SIMULATED,SIMULATED,SIMULATED
172.2,167.2,55,388.5432,754.2508,108.0,0.0,2,SIMULATED,SIMULATED,SIMULATED,SIMULATED
172.2,167.2,4,190.38,-429.8856,267.8176,0.0,4,SIMULATED,SIMULATED,SIMULATED,SIMULATED
172.2,167.2,23,796.0813,0.7247,273.6004,0.3219,3,SIMULATED,SIMULATED,SIMULATED,SIMULATED
172.2,167.2,16,236.2719,405.8093,252.7428,-0.0862,3,SIMULATED,SIMULATED,SIMULATED,SIMULATED
172.4,167.4,77,551.7761,212.3185,90.0,0.0,3,SIMULATED,SIMULATED,SIMULATED,SIMULATED
172.4,167.4,44,165.63,330.7008,262.6293,0.684,3,SIMULATED,SIMULATED,SIMULATED,SIMULATED
172.4,167.4,55,394.2031,756.3293,108.0,0.0,2,SIMULATED,SIMULATED,SIMULATED,SIMULATED
172.4,167.4,4,181.1459,-441.3565,267.8176,0.0,4,SIMULATED,SIMULATED,SIMULATED,SIMULATED
172.4,167.4,23,788.5906,-12.6825,275.9938,0.3389,3,SIMULATED,SIMULATED,SIMULATED,SIMULATED
172.4,167.4,16,222.5851,402.6088,252.7453,0.0004,3,SIMULATED,SIMULATED,SIMULATED,SIMULATED
172.6,167.6,77,556.7407,212.9128,90.0,0.0,3,SIMULATED,SIMULATED,SIMULATED,SIMULATED
172.6,167.6,44,172.5391,317.3801,266.2455,0.512,3,SIMULATED,SIMULATED,SIMULATED,SIMULATED
172.6,167.6,55,399.8843,758.2591,108.0,0.0,2,SIMULATED,SIMULATED,SIMULATED,SIMULATED
172.6,167.6,4,170.09,-450.8594,267.8176,0.0,4,SIMULATED,SIMULATED,SIMULATED,SIMULATED
172.6,167.6,23,780.5155,-25.8885,278.4145,0.3427,3,SIMULATED,SIMULATED,SIMULATED,SIMULATED
172.6,167.6,16,209.1421,398.3564,252.7453,0.0,3,SIMULATED,SIMULATED,SIMULATED,SIMULATED
172.8,167.8,77,561.7026,213.5091,90.0,0.0,3,SIMULATED,SIMULATED,SIMULATED,SIMULATED
172.8,167.8,44,181.1115,305.1858,266.5248,0.0395,3,SIMULATED,SIMULATED,SIMULATED,SIMULATED
172.8,167.8,55,405.6717,760.092,108.0,0.0,2,SIMULATED,SIMULATED,SIMULATED,SIMULATED
172.8,167.8,4,157.2452,-457.8767,267.8176,0.0,4,SIMULATED,SIMULATED,SIMULATED,SIMULATED
172.8,167.8,23,772.0897,-38.9549,279.7469,0.1886,4,SIMULATED,SIMULATED,SIMULATED,SIMULATED
172.8,167.8,16,196.2441,392.7506,252.7453,0.0,3,SIMULATED,SIMULATED,SIMULATED,SIMULATED
173.0,168.0,77,566.6658,214.115,90.0,0.0,3,SIMULATED,SIMULATED,SIMULATED,SIMULATED
173.0,168.0,44,190.8032,293.9305,266.5248,0.0,3,SIMULATED,SIMULATED,SIMULATED,SIMULATED
173.0,168.0,55,411.46,761.6717,108.0,0.0,2,SIMULATED,SIMULATED,SIMULATED,SIMULATED
173.0,168.0,4,143.3623,-462.005,267.8176,0.0,4,SIMULATED,SIMULATED,SIMULATED,SIMULATED
173.0,168.0,23,763.4425,-51.883,279.8035,0.008,4,SIMULATED,SIMULATED,SIMULATED,SIMULATED
173.0,168.0,16,184.138,385.5093,252.7453,0.0,3,SIMULATED,SIMULATED,SIMULATED,SIMULATED
173.2,168.2,77,571.6233,214.7211,90.0,0.0,3,SIMULATED,SIMULATED,SIMULATED,SIMULATED
173.2,168.2,44,201.4776,283.5327,266.5248,0.0,3,SIMULATED,SIMULATED,SIMULATED,SIMULATED
173.2,168.2,55,417.3608,763.0457,108.0,0.0,2,SIMULATED,SIMULATED,SIMULATED,SIMULATED
173.2,168.2,4,128.7332,-463.1426,267.8176,0.0,4,SIMULATED,SIMULATED,SIMULATED,SIMULATED
173.2,168.2,23,754.6531,-64.7306,280.1084,0.0432,4,SIMULATED,SIMULATED,SIMULATED,SIMULATED
173.2,168.2,16,173.9266,375.7667,252.7453,0.0,3,SIMULATED,SIMULATED,SIMULATED,SIMULATED
173.4,168.4,77,576.583,215.3545,90.0,0.0,3,SIMULATED,SIMULATED,SIMULATED,SIMULATED
173.4,168.4,44,212.7488,273.8675,266.5248,0.0,3,SIMULATED,SIMULATED,SIMULATED,SIMULATED
173.4,168.4,55,423.3878,764.1959,108.0,0.0,2,SIMULATED,SIMULATED,SIMULATED,SIMULATED
173.4,168.4,4,114.4947,-460.7928,267.8176,0.0,4,SIMULATED,SIMULATED,SIMULATED,SIMULATED
173.4,168.4,23,745.7088,-77.4795,280.2318,0.0175,4,SIMULATED,SIMULATED,SIMULATED,SIMULATED
173.4,168.4,16,166.6594,363.603,252.7521,0.001,3,SIMULATED,SIMULATED,SIMULATED,SIMULATED
173.6,168.6,77,581.5428,215.9878,90.0,0.0,3,SIMULATED,SIMULATED,SIMULATED,SIMULATED
173.6,168.6,44,224.61,264.8272,267.3437,0.1159,3,SIMULATED,SIMULATED,SIMULATED,SIMULATED
173.6,168.6,55,429.3597,764.7759,108.0,0.0,2,SIMULATED,SIMULATED,SIMULATED,SIMULATED
173.6,168.6,4,101.0512,-455.0376,267.8176,0.0,4,SIMULATED,SIMULATED,SIMULATED,SIMULATED
173.6,168.6,23,736.1872,-89.8379,280.2318,0.0,4,SIMULATED,SIMULATED,SIMULATED,SIMULATED
173.6,168.6,16,163.4691,349.7067,255.6773,0.4142,3,SIMULATED,SIMULATED,SIMULATED,SIMULATED
173.8,168.8,77,586.496,216.6401,90.0,0.0,3,SIMULATED,SIMULATED,SIMULATED,SIMULATED
173.8,168.8,44,236.7903,256.1391,268.875,0.2168,3,SIMULATED,SIMULATED,SIMULATED,SIMULATED
173.8,168.8,55,435.4574,764.9351,108.0,0.0,2,SIMULATED,SIMULATED,SIMULATED,SIMULATED
173.8,168.8,4,89.2687,-446.5617,267.8176,0.0,4,SIMULATED,SIMULATED,SIMULATED,SIMULATED
173.8,168.8,23,725.1545,-100.9454,280.8766,0.0913,4,SIMULATED,SIMULATED,SIMULATED,SIMULATED
173.8,168.8,16,164.6631,335.1488,261.2039,0.7824,3,SIMULATED,SIMULATED,SIMULATED,SIMULATED
174.0,169.0,77,591.4531,217.2934,90.0,0.0,3,SIMULATED,SIMULATED,SIMULATED,SIMULATED
174.0,169.0,44,249.4049,247.8288,270.7892,0.271,3,SIMULATED,SIMULATED,SIMULATED,SIMULATED
174.0,169.0,55,441.5521,764.7539,108.0,0.0,2,SIMULATED,SIMULATED,SIMULATED,SIMULATED
174.0,169.0,4,79.1588,-435.7641,267.8176,0.0,4,SIMULATED,SIMULATED,SIMULATED,SIMULATED
174.0,169.0,23,712.2174,-109.9613,281.9373,0.1502,4,SIMULATED,SIMULATED,SIMULATED,SIMULATED
174.0,169.0,16,170.6621,321.5701,265.3257,0.5836,3,SIMULATED,SIMULATED,SIMULATED,SIMULATED
174.2,169.2,77,596.4044,217.9625,90.0,0.0,3,SIMULATED,SIMULATED,SIMULATED,SIMULATED
174.2,169.2,44,262.5146,240.0857,273.5462,0.3903,3,SIMULATED,SIMULATED,SIMULATED,SIMULATED
174.2,169.2,55,447.6288,764.1996,108.0,0.0,2,SIMULATED,SIMULATED,SIMULATED,SIMULATED
174.2,169.2,4,70.3592,-423.9435,267.8176,0.0,4,SIMULATED,SIMULATED,SIMULATED,SIMULATED
174.2,169.2,23,697.8293,-116.4948,283.4683,0.2167,4,SIMULATED,SIMULATED,SIMULATED,SIMULATED
174.2,169.2,16,178.7601,309.1228,266.5248,0.1698,3,SIMULATED,SIMULATED,SIMULATED,SIMULATED
174.4,169.4,77,601.3591,218.634,90.0,0.0,3,SIMULATED,SIMULATED,SIMULATED,SIMULATED
174.4,169.4,44,276.1378,232.7668,277.8105,0.6037,3,SIMULATED,SIMULATED,SIMULATED,SIMULATED
174.4,169.4,55,453.5497,763.2286,108.0,0.0,2,SIMULATED,SIMULATED,SIMULATED,SIMULATED
174.4,169.4,4,62.2715,-411.532,267.8176,0.0,4,SIMULATED,SIMULATED,SIMULATED,SIMULATED
174.4,169.4,23,682.463,-120.5044,284.6687,0.1699,4,SIMULATED,SIMULATED,SIMULATED,SIMULATED
174.4,169.4,16,188.1537,297.6236,266.5248,0.0,3,SIMULATED,SIMULATED,SIMULATED,SIMULATED
174.6,169.6,77,606.3249,219.2744,90.0,0.0,3,SIMULATED,SIMULATED,SIMULATED,SIMULATED
174.6,169.6,44,290.4287,226.1576,282.1236,0.6106,3,SIMULATED,SIMULATED,SIMULATED,SIMULATED
174.6,169.6,55,459.4614,761.5222,108.0,0.0,2,SIMULATED,SIMULATED,SIMULATED,SIMULATED
174.6,169.6,4,54.6981,-398.7487,268.121,0.043,4,SIMULATED,SIMULATED,SIMULATED,SIMULATED
174.6,169.6,23,666.6569,-121.5541,284.2865,-0.0541,4,SIMULATED,SIMULATED,SIMULATED,SIMULATED
174.6,169.6,16,198.4736,286.9437,266.5248,0.0,3,SIMULATED,SIMULATED,SIMULATED,SIMULATED
174.8,169.8,77,611.2842,219.9115,90.0,0.0,3,SIMULATED,SIMULATED,SIMULATED,SIMULATED
174.8,169.8,44,305.313,220.2021,287.6199,0.7782,3,SIMULATED,SIMULATED,SIMULATED,SIMULATED
174.8,169.8,55,465.1749,759.3034,108.0,0.0,2,SIMULATED,SIMULATED,SIMULATED,SIMULATED
174.8,169.8,4,47.3897,-385.7231,269.4042,0.1817,4,SIMULATED,SIMULATED,SIMULATED,SIMULATED
174.8,169.8,23,650.8888,-120.6744,283.3846,-0.1277,4,SIMULATED,SIMULATED,SIMULATED,SIMULATED
174.8,169.8,16,209.5979,277.1434,266.5248,0.0,3,SIMULATED,SIMULATED,SIMULATED,SIMULATED
175.0,170.0,77,616.2686,220.4736,90.0,0.0,3,SIMULATED,SIMULATED,SIMULATED,SIMULATED
175.0,170.0,44,320.7557,214.8938,293.4282,0.8223,3,SIMULATED,SIMULATED,SIMULATED,SIMULATED
175.0,170.0,55,470.6729,756.6665,108.0,0.0,2,SIMULATED,SIMULATED,SIMULATED,SIMULATED
175.0,170.0,4,40.2036,-372.4556,271.7282,0.329,4,SIMULATED,SIMULATED,SIMULATED,SIMULATED
175.0,170.0,23,635.3416,-118.393,282.585,-0.1132,4,SIMULATED,SIMULATED,SIMULATED,SIMULATED
175.0,170.0,16,221.2532,267.9415,266.9745,0.0637,3,SIMULATED,SIMULATED,SIMULATED,SIMULATED
175.2,170.2,77,621.2374,221.0313,90.0,0.0,3,SIMULATED,SIMULATED,SIMULATED,SIMULATED
175.2,170.2,44,336.7736,210.2976,298.8746,0.7711,3,SIMULATED,SIMULATED,SIMULATED,SIMULATED
175.2,170.2,55,476.4603,753.1956,118.4678,1.482,2,SIMULATED,SIMULATED,SIMULATED,SIMULATED
175.2,170.2,4,32.9461,-358.9621,275.7427,0.5684,4,SIMULATED,SIMULATED,SIMULATED,SIMULATED
175.2,170.2,23,620.0772,-115.5797,279.0748,-0.497,4,SIMULATED,SIMULATED,SIMULATED,SIMULATED
175.2,170.2,16,233.3287,259.1508,268.4636,0.2108,3,SIMULATED,SIMULATED,SIMULATED,SIMULATED
175.4,170.4,77,626.2244,221.5401,90.0,0.0,3,SIMULATED,SIMULATED,SIMULATED,SIMULATED
175.4,170.4,44,353.3047,206.4803,304.2489,0.7609,3,SIMULATED,SIMULATED,SIMULATED,SIMULATED
175.4,170.4,55,482.1505,748.6194,128.9356,1.482,2,SIMULATED,SIMULATED,SIMULATED,SIMULATED
175.4,170.4,4,25.5605,-345.3104,279.336,0.5087,4,SIMULATED,SIMULATED,SIMULATED,SIMULATED
175.4,170.4,23,605.0295,-112.4981,276.4169,-0.3763,4,SIMULATED,SIMULATED,SIMULATED,SIMULATED
175.4,170.4,16,245.7756,250.7581,269.98,0.2147,3,SIMULATED,SIMULATED,SIMULATED,SIMULATED
175.6,170.6,77,631.2,222.0334,90.0,0.0,3,SIMULATED,SIMULATED,SIMULATED,SIMULATED
175.6,170.6,44,370.2683,203.4859,309.6189,0.7603,3,SIMULATED,SIMULATED,SIMULATED,SIMULATED
175.6,170.6,55,487.615,742.8828,139.4034,1.482,2,SIMULATED,SIMULATED,SIMULATED,SIMULATED
175.6,170.6,4,18.0533,-331.5169,282.6403,0.4678,4,SIMULATED,SIMULATED,SIMULATED,SIMULATED
175.6,170.6,23,590.1635,-109.3377,273.5245,-0.4095,4,SIMULATED,SIMULATED,SIMULATED,SIMULATED
175.6,170.6,16,258.7026,242.8061,272.6393,0.3765,3,SIMULATED,SIMULATED,SIMULATED,SIMULATED
175.8,170.8,77,636.2062,222.4492,90.0,0.0,3,SIMULATED,SIMULATED,SIMULATED,SIMULATED
175.8,170.8,44,387.6004,201.4419,312.9436,0.4707,3,SIMULATED,SIMULATED,SIMULATED,SIMULATED
175.8,170.8,55,492.4151,735.9419,149.8712,1.482,2,SIMULATED,SIMULATED,SIMULATED,SIMULATED
175.8,170.8,4,10.4077,-317.5797,286.0645,0.4848,4,SIMULATED,SIMULATED,SIMULATED,SIMULATED
175.8,170.8,23,575.3905,-106.1101,272.1424,-0.1957,4,SIMULATED,SIMULATED,SIMULATED,SIMULATED
175.8,170.8,16,272.1854,235.3884,276.7303,0.5792,3,SIMULATED,SIMULATED,SIMULATED,SIMULATED
176.0,171.0,77,641.1921,222.8243,90.0,0.0,3,SIMULATED,SIMULATED,SIMULATED,SIMULATED
176.0,171.0,44,405.0396,200.2164,313.4596,0.0731,3,SIMULATED,SIMULATED,SIMULATED,SIMULATED
176.0,171.0,55,496.5394,727.8833,160.339,1.482,2,SIMULATED,SIMULATED,SIMULATED,SIMULATED
176.0,171.0,4,2.616,-303.5147,289.3515,0.4654,4,SIMULATED,SIMULATED,SIMULATED,SIMULATED
176.0,171.0,23,560.6503,-102.8611,271.6944,-0.0634,4,SIMULATED,SIMULATED,SIMULATED,SIMULATED
176.0,171.0,16,286.1997,228.5153,280.6597,0.5563,3,SIMULATED,SIMULATED,SIMULATED,SIMULATED
176.2,171.2,77,646.2102,223.1204,90.0,0.0,3,SIMULATED,SIMULATED,SIMULATED,SIMULATED
176.2,171.2,44,422.426,199.9821,312.4564,-0.142,3,SIMULATED,SIMULATED,SIMULATED,SIMULATED
176.2,171.2,55,499.5502,718.7347,170.8069,1.482,2,SIMULATED,SIMULATED,SIMULATED,SIMULATED
176.2,171.2,4,-5.2494,-289.2982,292.468,0.4412,4,SIMULATED,SIMULATED,SIMULATED,SIMULATED
176.2,171.2,23,545.9391,-99.6212,271.1495,-0.0771,4,SIMULATED,SIMULATED,SIMULATED,SIMULATED
176.2,171.2,16,300.8866,222.4032,285.8233,0.7311,3,SIMULATED,SIMULATED,SIMULATED,SIMULATED
176.4,171.4,77,651.2044,223.3594,90.0,0.0,3,SIMULATED,SIMULATED,SIMULATED,SIMULATED
176.4,171.4,44,439.7464,200.3681,311.4287,-0.1455,3,SIMULATED,SIMULATED,SIMULATED,SIMULATED
176.4,171.4,55,501.2824,708.6775,181.2718,1.4816,2,SIMULATED,SIMULATED,SIMULATED,SIMULATED
176.4,171.4,4,-13.2378,-274.9042,296.2861,0.5406,4,SIMULATED,SIMULATED,SIMULATED,SIMULATED
176.4,171.4,23,531.253,-96.4304,270.5813,-0.0804,4,SIMULATED,SIMULATED,SIMULATED,SIMULATED
176.4,171.4,16,316.1721,216.9372,291.7002,0.832,3,SIMULATED,SIMULATED,SIMULATED,SIMULATED
176.6,171.6,77,656.2499,223.46,90.0,0.0,3,SIMULATED,SIMULATED,SIMULATED,SIMULATED
176.6,171.6,44,456.9977,201.2026,310.2522,-0.1666,3,SIMULATED,SIMULATED,SIMULATED,SIMULATED
176.6,171.6,55,501.5906,697.8026,191.2311,1.41,2,SIMULATED,SIMULATED,SIMULATED,SIMULATED
176.6,171.6,4,-21.3373,-260.3048,300.5187,0.5992,4,SIMULATED,SIMULATED,SIMULATED,SIMULATED
176.6,171.6,23,516.5496,-93.3298,270.5432,-0.0054,4,SIMULATED,SIMULATED,SIMULATED,SIMULATED
176.6,171.6,16,331.9836,212.073,297.2464,0.7852,3,SIMULATED,SIMULATED,SIMULATED,SIMULATED
176.8,171.8,77,661.2499,223.46,90.0,0.0,3,SIMULATED,SIMULATED,SIMULATED,SIMULATED
176.8,171.8,44,474.0845,202.3895,308.161,-0.2961,3,SIMULATED,SIMULATED,SIMULATED,SIMULATED
176.8,171.8,55,499.7707,686.6492,200.3083,1.2851,2,SIMULATED,SIMULATED,SIMULATED,SIMULATED
176.8,171.8,4,-29.5392,-245.5407,303.9906,0.4916,4,SIMULATED,SIMULATED,SIMULATED,SIMULATED
176.8,171.8,23,501.8026,-90.3409,270.8925,0.0495,4,SIMULATED,SIMULATED,SIMULATED,SIMULATED
176.8,171.8,16,348.2974,208.0354,302.2696,0.7112,3,SIMULATED,SIMULATED,SIMULATED,SIMULATED
177.0,172.0,77,666.3242,223.2185,90.0,0.0,3,SIMULATED,SIMULATED,SIMULATED,SIMULATED
177.0,172.0,44,491.081,203.7745,306.706,-0.206,3,SIMULATED,SIMULATED,SIMULATED,SIMULATED
177.0,172.0,55,495.6761,675.6523,208.7761,1.1989,2,SIMULATED,SIMULATED,SIMULATED,SIMULATED
177.0,172.0,4,-37.8401,-230.587,307.8811,0.5508,4,SIMULATED,SIMULATED,SIMULATED,SIMULATED
177.0,172.0,23,486.9111,-87.4957,273.0435,0.3045,4,SIMULATED,SIMULATED,SIMULATED,SIMULATED
177.0,172.0,16,365.1554,204.8364,308.3487,0.8607,3,SIMULATED,SIMULATED,SIMULATED,SIMULATED
177.2,172.2,77,671.3064,222.7966,90.0,0.0,3,SIMULATED,SIMULATED,SIMULATED,SIMULATED
177.2,172.2,44,508.0474,205.4269,306.6127,-0.0132,3,SIMULATED,SIMULATED,SIMULATED,SIMULATED
177.2,172.2,55,489.4477,665.0588,217.1162,1.1808,2,SIMULATED,SIMULATED,SIMULATED,SIMULATED
177.2,172.2,4,-46.2092,-215.4465,311.4624,0.507,4,SIMULATED,SIMULATED,SIMULATED,SIMULATED
177.2,172.2,23,471.88,-84.779,274.9963,0.2765,4,SIMULATED,SIMULATED,SIMULATED,SIMULATED
177.2,172.2,16,382.3469,202.4402,311.8697,0.4985,3,SIMULATED,SIMULATED,SIMULATED,SIMULATED
177.4,172.4,77,676.3265,222.2538,90.0,0.0,3,SIMULATED,SIMULATED,SIMULATED,SIMULATED
177.4,172.4,44,524.9814,207.2349,306.4517,-0.0228,3,SIMULATED,SIMULATED,SIMULATED,SIMULATED
177.4,172.4,55,481.9397,654.9527,225.1834,1.1421,2,SIMULATED,SIMULATED,SIMULATED,SIMULATED
177.4,172.4,4,-54.6594,-200.0883,315.5325,0.5762,4,SIMULATED,SIMULATED,SIMULATED,SIMULATED
177.4,172.4,23,456.6244,-82.2263,278.6664,0.5196,4,SIMULATED,SIMULATED,SIMULATED,SIMULATED
177.4,172.4,16,399.7299,201.0261,313.6599,0.2534,3,SIMULATED,SIMULATED,SIMULATED,SIMULATED
177.6,172.6,77,681.2807,221.5783,90.0,0.0,3,SIMULATED,SIMULATED,SIMULATED,SIMULATED
177.6,172.6,44,541.8911,209.1523,306.1888,-0.0372,3,SIMULATED,SIMULATED,SIMULATED,SIMULATED
177.6,172.6,55,473.5292,645.0431,233.2613,1.1436,2,SIMULATED,SIMULATED,SIMULATED,SIMULATED
177.6,172.6,4,-63.1814,-184.6023,318.1803,0.3749,4,SIMULATED,SIMULATED,SIMULATED,SIMULATED
177.6,172.6,23,441.0844,-80.307,282.4711,0.5387,4,SIMULATED,SIMULATED,SIMULATED,SIMULATED
177.6,172.6,16,417.1291,200.4437,312.8095,-0.1204,3,SIMULATED,SIMULATED,SIMULATED,SIMULATED
177.8,172.8,77,686.278,220.7773,90.0,0.0,3,SIMULATED,SIMULATED,SIMULATED,SIMULATED
177.8,172.8,44,558.7883,211.1437,306.1844,-0.0006,3,SIMULATED,SIMULATED,SIMULATED,SIMULATED
177.8,172.8,55,464.5818,634.9881,242.0105,1.2387,3,SIMULATED,SIMULATED,SIMULATED,SIMULATED
177.8,172.8,4,-71.7459,-169.0319,319.8507,0.2365,4,SIMULATED,SIMULATED,SIMULATED,SIMULATED
177.8,172.8,23,425.2844,-79.5675,285.9791,0.4967,4,SIMULATED,SIMULATED,SIMULATED,SIMULATED
177.8,172.8,16,434.475,200.7016,312.0614,-0.1059,3,SIMULATED,SIMULATED,SIMULATED,SIMULATED
178.0,173.0,77,691.1793,219.7891,90.0,0.0,3,SIMULATED,SIMULATED,SIMULATED,SIMULATED
178.0,173.0,44,575.6789,213.2228,306.1844,0.0,3,SIMULATED,SIMULATED,SIMULATED,SIMULATED
178.0,173.0,55,455.3686,624.4797,251.9369,1.4054,3,SIMULATED,SIMULATED,SIMULATED,SIMULATED
178.0,173.0,4,-80.3174,-153.4329,320.4,0.0778,4,SIMULATED,SIMULATED,SIMULATED,SIMULATED
178.0,173.0,23,409.3368,-81.3895,290.8695,0.6924,4,SIMULATED,SIMULATED,SIMULATED,SIMULATED
178.0,173.0,16,451.7153,201.4202,310.4417,-0.2293,3,SIMULATED,SIMULATED,SIMULATED,SIMULATED
178.2,173.2,77,696.1369,218.5919,90.0,0.0,3,SIMULATED,SIMULATED,SIMULATED,SIMULATED
178.2,173.2,44,592.5185,215.4176,305.5397,-0.0913,3,SIMULATED,SIMULATED,SIMULATED,SIMULATED
178.2,173.2,55,446.3489,613.7753,252.7412,0.1139,3,SIMULATED,SIMULATED,SIMULATED,SIMULATED
178.2,173.2,4,-88.8869,-137.8313,320.4,0.0,4,SIMULATED,SIMULATED,SIMULATED,SIMULATED
178.2,173.2,23,393.815,-85.946,293.9421,0.435,4,SIMULATED,SIMULATED,SIMULATED,SIMULATED
178.2,173.2,16,468.848,202.5044,308.8573,-0.2243,3,SIMULATED,SIMULATED,SIMULATED,SIMULATED
178.4,173.4,77,700.9053,217.0878,90.0,0.0,3,SIMULATED,SIMULATED,SIMULATED,SIMULATED
178.4,173.4,44,609.3372,217.6449,305.5066,-0.0047,3,SIMULATED,SIMULATED,SIMULATED,SIMULATED
178.4,173.4,55,437.6356,602.6085,255.5792,0.4018,3,SIMULATED,SIMULATED,SIMULATED,SIMULATED
178.4,173.4,4,-97.4698,-122.2352,320.4,0.0,4,SIMULATED,SIMULATED,SIMULATED,SIMULATED
178.4,173.4,23,379.5957,-93.841,294.9184,0.1382,4,SIMULATED,SIMULATED,SIMULATED,SIMULATED
178.4,173.4,16,485.8571,203.808,306.868,-0.2816,3,SIMULATED,SIMULATED,SIMULATED,SIMULATED
178.6,173.6,77,705.6783,215.3438,90.0,0.0,3,SIMULATED,SIMULATED,SIMULATED,SIMULATED
178.6,173.6,44,626.0978,219.5177,304.0992,-0.1993,3,SIMULATED,SIMULATED,SIMULATED,SIMULATED
178.6,173.6,55,429.2218,591.0411,258.0946,0.3561,3,SIMULATED,SIMULATED,SIMULATED,SIMULATED
178.6,173.6,4,-106.0676,-106.6471,320.4,0.0,1,SIMULATED,SIMULATED,SIMULATED,SIMULATED
178.6,173.6,23,366.9588,-104.0862,294.9184,-0.0,4,SIMULATED,SIMULATED,SIMULATED,SIMULATED
178.6,173.6,16,502.8235,205.3924,306.6127,-0.0361,3,SIMULATED,SIMULATED,SIMULATED,SIMULATED
178.8,173.8,77,710.2992,213.434,90.0,0.0,3,SIMULATED,SIMULATED,SIMULATED,SIMULATED
178.8,173.8,44,642.8428,220.9428,302.948,-0.163,3,SIMULATED,SIMULATED,SIMULATED,SIMULATED
178.8,173.8,55,421.5048,578.8955,260.8663,0.3924,3,SIMULATED,SIMULATED,SIMULATED,SIMULATED
178.8,173.8,4,-114.6809,-91.0712,320.4,0.0,1,SIMULATED,SIMULATED,SIMULATED,SIMULATED
178.8,173.8,23,356.2114,-116.3563,294.9184,0.0,4,SIMULATED,SIMULATED,SIMULATED,SIMULATED
178.8,173.8,16,519.7624,207.1739,306.5355,-0.0109,3,SIMULATED,SIMULATED,SIMULATED,SIMULATED
179.0,174.0,77,714.8772,211.2697,90.0,0.0,3,SIMULATED,SIMULATED,SIMULATED,SIMULATED
179.0,174.0,44,659.5099,221.46,301.5912,-0.1921,3,SIMULATED,SIMULATED,SIMULATED,SIMULATED
179.0,174.0,55,414.3478,566.1028,264.9782,0.5822,3,SIMULATED,SIMULATED,SIMULATED,SIMULATED
179.0,174.0,4,-123.2961,-75.4937,320.4,0.0,1,SIMULATED,SIMULATED,SIMULATED,SIMULATED
179.0,174.0,23,346.6863,-129.6184,294.9184,0.0,4,SIMULATED,SIMULATED,SIMULATED,SIMULATED
179.0,174.0,16,536.6752,209.0555,306.2679,-0.0379,3,SIMULATED,SIMULATED,SIMULATED,SIMULATED
179.2,174.2,77,719.3626,209.0603,90.0,0.0,3,SIMULATED,SIMULATED,SIMULATED,SIMULATED
179.2,174.2,44,675.911,220.292,298.6801,-0.4121,3,SIMULATED,SIMULATED,SIMULATED,SIMULATED
179.2,174.2,55,407.8263,552.8234,267.8257,0.4031,3,SIMULATED,SIMULATED,SIMULATED,SIMULATED
179.2,174.2,4,-131.912,-59.9178,320.4,0.0,1,SIMULATED,SIMULATED,SIMULATED,SIMULATED
179.2,174.2,23,338.3581,-143.6786,294.9184,0.0,4,SIMULATED,SIMULATED,SIMULATED,SIMULATED
179.2,174.2,16,553.5747,211.0231,306.1844,-0.0118,3,SIMULATED,SIMULATED,SIMULATED,SIMULATED
179.4,174.4,77,723.7227,206.44,90.0,0.0,3,SIMULATED,SIMULATED,SIMULATED,SIMULATED
179.4,174.4,44,692.0577,217.5717,296.0278,-0.3755,3,SIMULATED,SIMULATED,SIMULATED,SIMULATED
179.4,174.4,55,401.8621,539.0598,270.605,0.3935,3,SIMULATED,SIMULATED,SIMULATED,SIMULATED
179.4,174.4,4,-140.5271,-44.3424,320.4,0.0,1,SIMULATED,SIMULATED,SIMULATED,SIMULATED
179.4,174.4,23,330.6867,-158.1265,294.615,-0.043,4,SIMULATED,SIMULATED,SIMULATED,SIMULATED
179.4,174.4,16,570.4628,213.0674,306.1844,0.0,3,SIMULATED,SIMULATED,SIMULATED,SIMULATED
179.6,174.6,77,728.0373,203.7901,90.0,0.0,3,SIMULATED,SIMULATED,SIMULATED,SIMULATED
179.6,174.6,44,707.2885,212.5143,292.8504,-0.4499,3,SIMULATED,SIMULATED,SIMULATED,SIMULATED
179.6,174.6,55,396.3958,524.9675,273.0671,0.3486,3,SIMULATED,SIMULATED,SIMULATED,SIMULATED
179.6,174.6,4,-149.1406,-28.7647,320.4,-0.0,1,SIMULATED,SIMULATED,SIMULATED,SIMULATED
179.6,174.6,23,323.4373,-172.7023,293.2725,-0.1901,4,SIMULATED,SIMULATED,SIMULATED,SIMULATED
179.6,174.6,16,587.3072,215.2341,305.6117,-0.0811,3,SIMULATED,SIMULATED,SIMULATED,SIMULATED
179.8,174.8,77,732.1366,200.9272,90.0,0.0,3,SIMULATED,SIMULATED,SIMULATED,SIMULATED
179.8,174.8,44,721.5751,205.404,290.3915,-0.3481,3,SIMULATED,SIMULATED,SIMULATED,SIMULATED
179.8,174.8,55,391.2015,510.6583,274.0999,0.1462,3,SIMULATED,SIMULATED,SIMULATED,SIMULATED
179.8,174.8,4,-157.7585,-13.1898,320.4,0.0,1,SIMULATED,SIMULATED,SIMULATED,SIMULATED
179.8,174.8,23,316.4961,-187.2464,290.2421,-0.429,4,SIMULATED,SIMULATED,SIMULATED,SIMULATED
179.8,174.8,16,604.1306,217.4802,305.5397,-0.0102,3,SIMULATED,SIMULATED,SIMULATED,SIMULATED
180.0,175.0,77,736.2742,197.958,90.0,0.0,3,SIMULATED,SIMULATED,SIMULATED,SIMULATED
180.0,175.0,44,734.852,196.542,290.3915,0.0,3,SIMULATED,SIMULATED,SIMULATED,SIMULATED
180.0,175.0,55,385.7463,496.4065,274.1059,0.0008,3,SIMULATED,SIMULATED,SIMULATED,SIMULATED
180.0,175.0,4,-166.374,2.3856,320.4,0.0,1,SIMULATED,SIMULATED,SIMULATED,SIMULATED
180.0,175.0,23,309.7963,-201.6535,286.0344,-0.5957,4,SIMULATED,SIMULATED,SIMULATED,SIMULATED
180.0,175.0,16,620.9089,219.485,304.3116,-0.1739,3,SIMULATED,SIMULATED,SIMULATED,SIMULATED
180.2,175.2,77,740.0822,194.7177,90.0,0.0,3,SIMULATED,SIMULATED,SIMULATED,SIMULATED
180.2,175.2,44,746.704,185.7443,290.3915,-0.0,3,SIMULATED,SIMULATED,SIMULATED,SIMULATED
180.2,175.2,55,379.9035,482.2944,273.7529,-0.05,3,SIMULATED,SIMULATED,SIMULATED,SIMULATED
180.2,175.2,4,-174.9857,17.9641,320.4,0.0,1,SIMULATED,SIMULATED,SIMULATED,SIMULATED
180.2,175.2,23,303.2066,-215.9103,282.6986,-0.4723,4,SIMULATED,SIMULATED,SIMULATED,SIMULATED
180.2,175.2,16,637.655,221.054,303.1018,-0.1713,3,SIMULATED,SIMULATED,SIMULATED,SIMULATED
180.4,175.4,77,743.9283,191.3927,90.0,0.0,3,SIMULATED,SIMULATED,SIMULATED,SIMULATED
180.4,175.4,44,757.4492,173.8306,290.3915,0.0,3,SIMULATED,SIMULATED,SIMULATED,SIMULATED
180.4,175.4,55,372.9704,468.7481,272.5135,-0.1755,3,SIMULATED,SIMULATED,SIMULATED,SIMULATED
180.4,175.4,4,-183.597,33.5417,320.4,0.0,1,SIMULATED,SIMULATED,SIMULATED,SIMULATED
180.4,175.4,23,296.6766,-230.0109,279.7039,-0.424,4,SIMULATED,SIMULATED,SIMULATED,SIMULATED
180.4,175.4,16,654.3845,221.96,302.3015,-0.1133,3,SIMULATED,SIMULATED,SIMULATED,SIMULATED
180.6,175.6,77,747.4452,187.8387,90.0,0.0,3,SIMULATED,SIMULATED,SIMULATED,SIMULATED
180.6,175.6,44,767.3196,161.1998,290.3915,0.0,3,SIMULATED,SIMULATED,SIMULATED,SIMULATED
180.6,175.6,55,364.0654,456.2382,272.3497,-0.0232,3,SIMULATED,SIMULATED,SIMULATED,SIMULATED
180.6,175.6,4,-192.2031,49.1229,320.4,0.0,1,SIMULATED,SIMULATED,SIMULATED,SIMULATED
180.6,175.6,23,290.1776,-243.917,276.2244,-0.4926,4,SIMULATED,SIMULATED,SIMULATED,SIMULATED
180.6,175.6,16,670.9809,221.3188,299.9833,-0.3282,3,SIMULATED,SIMULATED,SIMULATED,SIMULATED
180.8,175.8,77,750.9603,184.2181,90.0,0.0,3,SIMULATED,SIMULATED,SIMULATED,SIMULATED
180.8,175.8,44,776.2083,147.7801,290.3915,0.0,3,SIMULATED,SIMULATED,SIMULATED,SIMULATED
180.8,175.8,55,353.5542,445.2958,271.6353,-0.1011,3,SIMULATED,SIMULATED,SIMULATED,SIMULATED
180.8,175.8,4,-200.8046,64.7069,320.4,0.0,1,SIMULATED,SIMULATED,SIMULATED,SIMULATED
180.8,175.8,23,283.623,-257.7499,275.4988,-0.1027,4,SIMULATED,SIMULATED,SIMULATED,SIMULATED
180.8,175.8,16,687.2387,219.0534,296.6783,-0.4679,3,SIMULATED,SIMULATED,SIMULATED,SIMULATED
181.0,176.0,77,754.3057,180.5021,90.0,0.0,3,SIMULATED,SIMULATED,SIMULATED,SIMULATED
181.0,176.0,44,784.3591,133.9261,290.3915,0.0,3,SIMULATED,SIMULATED,SIMULATED,SIMULATED
181.0,176.0,55,341.4999,435.9959,270.2795,-0.1919,3,SIMULATED,SIMULATED,SIMULATED,SIMULATED
181.0,176.0,4,-209.4273,80.2823,320.4,0.0,1,SIMULATED,SIMULATED,SIMULATED,SIMULATED
181.0,176.0,23,277.0155,-271.543,275.2612,-0.0336,4,SIMULATED,SIMULATED,SIMULATED,SIMULATED
181.0,176.0,16,702.9109,214.8645,294.172,-0.3548,3,SIMULATED,SIMULATED,SIMULATED,SIMULATED
181.2,176.2,77,757.636,176.7248,90.0,0.0,3,SIMULATED,SIMULATED,SIMULATED,SIMULATED
181.2,176.2,44,791.6245,119.7186,288.6494,-0.2466,3,SIMULATED,SIMULATED,SIMULATED,SIMULATED
181.2,176.2,55,328.5037,428.665,266.357,-0.5553,3,SIMULATED,SIMULATED,SIMULATED,SIMULATED
181.2,176.2,4,-218.0773,95.8397,320.4,0.0,1,SIMULATED,SIMULATED,SIMULATED,SIMULATED
181.2,176.2,23,270.3656,-285.2549,274.2689,-0.1405,4,SIMULATED,SIMULATED,SIMULATED,SIMULATED
181.2,176.2,16,717.5858,208.2634,290.3915,-0.5352,3,SIMULATED,SIMULATED,SIMULATED,SIMULATED
181.4,176.4,77,760.8437,172.8893,90.0,0.0,3,SIMULATED,SIMULATED,SIMULATED,SIMULATED
181.4,176.4,44,798.0614,105.2336,285.975,-0.3786,3,SIMULATED,SIMULATED,SIMULATED,SIMULATED
181.4,176.4,55,314.9936,422.9375,261.4432,-0.6957,3,SIMULATED,SIMULATED,SIMULATED,SIMULATED
181.4,176.4,4,-226.7559,111.386,320.4,0.0,1,SIMULATED,SIMULATED,SIMULATED,SIMULATED
181.4,176.4,23,263.6588,-298.8597,272.9183,-0.1912,4,SIMULATED,SIMULATED,SIMULATED,SIMULATED
181.4,176.4,16,731.1885,199.7598,290.3915,0.0,3,SIMULATED,SIMULATED,SIMULATED,SIMULATED
181.6,176.6,77,764.005,168.9549,90.0,0.0,3,SIMULATED,SIMULATED,SIMULATED,SIMULATED
181.6,176.6,44,802.9898,90.5188,281.6361,-0.6143,3,SIMULATED,SIMULATED,SIMULATED,SIMULATED
181.6,176.6,55,301.2432,418.6116,258.4054,-0.4301,3,SIMULATED,SIMULATED,SIMULATED,SIMULATED
181.6,176.6,4,-235.4703,126.9074,320.4,0.0,1,SIMULATED,SIMULATED,SIMULATED,SIMULATED
181.6,176.6,23,256.8362,-312.4105,273.0334,0.0163,4,SIMULATED,SIMULATED,SIMULATED,SIMULATED
181.6,176.6,16,743.5824,189.6098,290.3915,0.0,3,SIMULATED,SIMULATED,SIMULATED,SIMULATED
181.8,176.8,77,767.0228,164.9683,90.0,0.0,3,SIMULATED,SIMULATED,SIMULATED,SIMULATED
181.8,176.8,44,806.5582,75.5899,278.4531,-0.4506,3,SIMULATED,SIMULATED,SIMULATED,SIMULATED
181.8,176.8,55,287.4321,414.9765,256.5955,-0.2562,3,SIMULATED,SIMULATED,SIMULATED,SIMULATED
181.8,176.8,4,-244.1973,142.4227,320.4,0.0,1,SIMULATED,SIMULATED,SIMULATED,SIMULATED
181.8,176.8,23,249.9423,-325.9007,272.6648,-0.0522,4,SIMULATED,SIMULATED,SIMULATED,SIMULATED
181.8,176.8,16,754.6341,177.8955,290.3915,0.0,3,SIMULATED,SIMULATED,SIMULATED,SIMULATED
182.0,177.0,77,769.9678,160.8698,90.0,0.0,3,SIMULATED,SIMULATED,SIMULATED,SIMULATED
182.0,177.0,44,808.66,60.4947,275.7789,-0.3786,3,SIMULATED,SIMULATED,SIMULATED,SIMULATED
182.0,177.0,55,273.5975,411.7886,254.9703,-0.2301,3,SIMULATED,SIMULATED,SIMULATED,SIMULATED
182.0,177.0,4,-252.9684,157.9157,320.4,0.0,1,SIMULATED,SIMULATED,SIMULATED,SIMULATED
182.0,177.0,23,243.0208,-339.3109,271.6022,-0.1504,4,SIMULATED,SIMULATED,SIMULATED,SIMULATED
182.0,177.0,16,764.7946,165.4266,290.3915,-0.0,3,SIMULATED,SIMULATED,SIMULATED,SIMULATED
182.2,177.2,77,772.7895,156.742,90.0,0.0,3,SIMULATED,SIMULATED,SIMULATED,SIMULATED
182.2,177.2,44,808.8287,45.5671,272.8929,-0.4086,3,SIMULATED,SIMULATED,SIMULATED,SIMULATED
182.2,177.2,55,259.7864,408.8793,253.7261,-0.1762,3,SIMULATED,SIMULATED,SIMULATED,SIMULATED
182.2,177.2,4,-261.748,173.3912,320.2438,-0.0221,1,SIMULATED,SIMULATED,SIMULATED,SIMULATED
182.2,177.2,23,236.0422,-352.6531,270.9751,-0.0888,4,SIMULATED,SIMULATED,SIMULATED,SIMULATED
182.2,177.2,16,773.9816,152.2218,290.3915,0.0,3,SIMULATED,SIMULATED,SIMULATED,SIMULATED
182.4,177.4,77,775.5574,152.5381,90.0,0.0,3,SIMULATED,SIMULATED,SIMULATED,SIMULATED
182.4,177.4,44,806.5992,30.8553,270.4734,-0.3425,3,SIMULATED,SIMULATED,SIMULATED,SIMULATED
182.4,177.4,55,245.9963,406.0773,253.1668,-0.0792,3,SIMULATED,SIMULATED,SIMULATED,SIMULATED
182.4,177.4,4,-270.4757,188.7476,317.937,-0.3266,1,SIMULATED,SIMULATED,SIMULATED,SIMULATED
182.4,177.4,23,229.0304,-365.9272,270.1995,-0.1098,4,SIMULATED,SIMULATED,SIMULATED,SIMULATED
182.4,177.4,16,782.3645,138.4628,290.3915,0.0,3,SIMULATED,SIMULATED,SIMULATED,SIMULATED
182.6,177.6,77,778.2367,148.3165,90.0,0.0,3,SIMULATED,SIMULATED,SIMULATED,SIMULATED
182.6,177.6,44,802.2198,16.6051,271.0723,0.0848,3,SIMULATED,SIMULATED,SIMULATED,SIMULATED
182.6,177.6,55,232.2715,403.2066,252.7439,-0.0599,3,SIMULATED,SIMULATED,SIMULATED,SIMULATED
182.6,177.6,4,-279.1431,204.0061,315.8826,-0.2909,1,SIMULATED,SIMULATED,SIMULATED,SIMULATED
182.6,177.6,23,221.9886,-379.1082,268.9473,-0.1773,4,SIMULATED,SIMULATED,SIMULATED,SIMULATED
182.6,177.6,16,789.9495,124.3214,289.5931,-0.113,3,SIMULATED,SIMULATED,SIMULATED,SIMULATED
182.8,177.8,77,780.8584,144.0166,90.0,0.0,3,SIMULATED,SIMULATED,SIMULATED,SIMULATED
182.8,177.8,44,795.6262,3.0767,273.2639,0.3103,3,SIMULATED,SIMULATED,SIMULATED,SIMULATED
182.8,177.8,55,218.778,399.7994,252.7453,0.0002,3,SIMULATED,SIMULATED,SIMULATED,SIMULATED
182.8,177.8,4,-287.7337,219.1347,313.1526,-0.3865,1,SIMULATED,SIMULATED,SIMULATED,SIMULATED
182.8,177.8,23,214.8906,-392.1997,268.0037,-0.1336,4,SIMULATED,SIMULATED,SIMULATED,SIMULATED
182.8,177.8,16,796.6253,109.8912,286.743,-0.4035,3,SIMULATED,SIMULATED,SIMULATED,SIMULATED
183.0,178.0,77,783.3798,139.6989,90.0,0.0,3,SIMULATED,SIMULATED,SIMULATED,SIMULATED
183.0,178.0,44,788.266,-10.3002,275.7934,0.3581,3,SIMULATED,SIMULATED,SIMULATED,SIMULATED
183.0,178.0,55,205.6386,395.1157,252.7453,0.0,3,SIMULATED,SIMULATED,SIMULATED,SIMULATED
183.0,178.0,4,-296.2259,234.1049,309.8116,-0.473,1,SIMULATED,SIMULATED,SIMULATED,SIMULATED
183.0,178.0,23,207.6539,-405.1828,267.3424,-0.0936,4,SIMULATED,SIMULATED,SIMULATED,SIMULATED
183.0,178.0,16,802.1503,95.2126,283.0286,-0.5259,3,SIMULATED,SIMULATED,SIMULATED,SIMULATED
183.2,178.2,77,785.8621,135.3367,90.0,0.0,3,SIMULATED,SIMULATED,SIMULATED,SIMULATED
183.2,178.2,44,780.2603,-23.4865,278.1569,0.3346,3,SIMULATED,SIMULATED,SIMULATED,SIMULATED
183.2,178.2,55,193.1326,389.1459,252.7453,0.0,3,SIMULATED,SIMULATED,SIMULATED,SIMULATED
183.2,178.2,4,-304.6491,248.93,306.8989,-0.4124,1,SIMULATED,SIMULATED,SIMULATED,SIMULATED
183.2,178.2,23,200.1731,-418.0521,267.8176,0.0673,4,SIMULATED,SIMULATED,SIMULATED,SIMULATED
183.2,178.2,16,806.0769,80.3114,278.6808,-0.6156,3,SIMULATED,SIMULATED,SIMULATED,SIMULATED
183.4,178.4,77,788.3,130.9714,90.0,0.0,3,SIMULATED,SIMULATED,SIMULATED,SIMULATED
183.4,178.4,44,771.865,-36.5488,279.7243,0.2219,4,SIMULATED,SIMULATED,SIMULATED,SIMULATED
183.4,178.4,55,181.7632,381.47,252.7453,0.0,3,SIMULATED,SIMULATED,SIMULATED,SIMULATED
183.4,178.4,4,-312.979,263.5932,303.5569,-0.4732,1,SIMULATED,SIMULATED,SIMULATED,SIMULATED
183.4,178.4,23,192.0072,-430.5373,267.8176,0.0,4,SIMULATED,SIMULATED,SIMULATED,SIMULATED
183.4,178.4,16,808.6916,65.2141,276.955,-0.2443,3,SIMULATED,SIMULATED,SIMULATED,SIMULATED
183.6,178.6,77,790.5693,126.4588,90.0,0.0,3,SIMULATED,SIMULATED,SIMULATED,SIMULATED
183.6,178.6,44,763.2607,-49.4733,279.8035,0.0112,4,SIMULATED,SIMULATED,SIMULATED,SIMULATED
183.6,178.6,55,172.648,371.2166,252.7453,0.0,3,SIMULATED,SIMULATED,SIMULATED,SIMULATED
183.6,178.6,4,-321.2205,278.1146,300.5574,-0.4247,1,SIMULATED,SIMULATED,SIMULATED,SIMULATED
183.6,178.6,23,182.6866,-442.1926,267.8176,0.0,4,SIMULATED,SIMULATED,SIMULATED,SIMULATED
183.6,178.6,16,809.6294,50.1017,273.2957,-0.5181,3,SIMULATED,SIMULATED,SIMULATED,SIMULATED
183.8,178.8,77,792.7774,121.9728,90.0,0.0,3,SIMULATED,SIMULATED,SIMULATED,SIMULATED
183.8,178.8,44,754.497,-62.3177,280.075,0.0384,4,SIMULATED,SIMULATED,SIMULATED,SIMULATED
183.8,178.8,55,166.8389,358.8101,253.2092,0.0657,3,SIMULATED,SIMULATED,SIMULATED,SIMULATED
183.8,178.8,4,-329.3896,292.4917,297.6326,-0.4141,1,SIMULATED,SIMULATED,SIMULATED,SIMULATED
183.8,178.8,23,171.4198,-452.0014,267.8176,0.0,4,SIMULATED,SIMULATED,SIMULATED,SIMULATED
183.8,178.8,16,807.9279,35.2814,270.7214,-0.3645,3,SIMULATED,SIMULATED,SIMULATED,SIMULATED
184.0,179.0,77,794.9013,117.423,90.0,0.0,3,SIMULATED,SIMULATED,SIMULATED,SIMULATED
184.0,179.0,44,745.5775,-75.0651,280.2318,0.0222,4,SIMULATED,SIMULATED,SIMULATED,SIMULATED
184.0,179.0,55,165.0445,345.0134,257.9049,0.6648,3,SIMULATED,SIMULATED,SIMULATED,SIMULATED
184.0,179.0,4,-337.5084,306.7126,294.7003,-0.4151,1,SIMULATED,SIMULATED,SIMULATED,SIMULATED
184.0,179.0,23,158.3514,-459.2364,267.8176,0.0,4,SIMULATED,SIMULATED,SIMULATED,SIMULATED
184.0,179.0,16,804.3337,20.803,270.7722,0.0072,3,SIMULATED,SIMULATED,SIMULATED,SIMULATED
184.2,179.2,77,796.9991,112.847,90.0,0.0,3,SIMULATED,SIMULATED,SIMULATED,SIMULATED
184.2,179.2,44,736.2452,-87.4206,280.2318,0.0,4,SIMULATED,SIMULATED,SIMULATED,SIMULATED
184.2,179.2,55,167.7825,331.2081,262.7001,0.6789,3,SIMULATED,SIMULATED,SIMULATED,SIMULATED
184.2,179.2,4,-345.5817,320.7952,292.1429,-0.3621,1,SIMULATED,SIMULATED,SIMULATED,SIMULATED
184.2,179.2,23,144.0331,-463.6244,267.8176,0.0,4,SIMULATED,SIMULATED,SIMULATED,SIMULATED
184.2,179.2,16,798.2676,7.0118,272.5517,0.2519,3,SIMULATED,SIMULATED,SIMULATED,SIMULATED
184.4,179.4,77,798.9547,108.2453,90.0,0.0,3,SIMULATED,SIMULATED,SIMULATED,SIMULATED
184.4,179.4,44,725.5212,-98.5553,280.8766,0.0913,4,SIMULATED,SIMULATED,SIMULATED,SIMULATED
184.4,179.4,55,174.5111,318.3819,266.2951,0.509,3,SIMULATED,SIMULATED,SIMULATED,SIMULATED
184.4,179.4,4,-353.6053,334.7382,289.5266,-0.3704,1,SIMULATED,SIMULATED,SIMULATED,SIMULATED
184.4,179.4,23,129.1526,-464.8446,267.8176,0.0,4,SIMULATED,SIMULATED,SIMULATED,SIMULATED
184.4,179.4,16,791.004,-6.432,275.2876,0.3873,3,SIMULATED,SIMULATED,SIMULATED,SIMULATED
184.6,179.6,77,800.821,103.5396,90.0,0.0,3,SIMULATED,SIMULATED,SIMULATED,SIMULATED
184.6,179.6,44,713.1401,-107.7695,281.6237,0.1058,4,SIMULATED,SIMULATED,SIMULATED,SIMULATED
184.6,179.6,55,182.9634,306.3952,266.5248,0.0325,3,SIMULATED,SIMULATED,SIMULATED,SIMULATED
184.6,179.6,4,-361.5757,348.5464,286.94,-0.3662,1,SIMULATED,SIMULATED,SIMULATED,SIMULATED
184.6,179.6,23,114.3936,-462.524,267.8176,0.0,4,SIMULATED,SIMULATED,SIMULATED,SIMULATED
184.6,179.6,16,783.227,-19.7149,277.3401,0.2906,3,SIMULATED,SIMULATED,SIMULATED,SIMULATED
184.8,179.8,77,802.4749,98.8211,90.0,0.0,3,SIMULATED,SIMULATED,SIMULATED,SIMULATED
184.8,179.8,44,699.1616,-114.4565,283.3911,0.2502,4,SIMULATED,SIMULATED,SIMULATED,SIMULATED
184.8,179.8,55,192.5579,295.2778,266.5248,0.0,3,SIMULATED,SIMULATED,SIMULATED,SIMULATED
184.8,179.8,4,-369.4942,362.218,284.3837,-0.3619,1,SIMULATED,SIMULATED,SIMULATED,SIMULATED
184.8,179.8,23,100.591,-456.729,267.8176,0.0,4,SIMULATED,SIMULATED,SIMULATED,SIMULATED
184.8,179.8,16,774.8965,-32.8037,279.6193,0.3227,4,SIMULATED,SIMULATED,SIMULATED,SIMULATED
185.0,180.0,77,804.0609,94.0218,90.0,0.0,3,SIMULATED,SIMULATED,SIMULATED,SIMULATED
185.0,180.0,44,684.0619,-118.7603,284.8803,0.2108,4,SIMULATED,SIMULATED,SIMULATED,SIMULATED
185.0,180.0,55,203.1273,285.006,266.5248,0.0,3,SIMULATED,SIMULATED,SIMULATED,SIMULATED
185.0,180.0,4,-377.3349,375.7509,281.5219,-0.4052,1,SIMULATED,SIMULATED,SIMULATED,SIMULATED
185.0,180.0,23,88.4154,-448.0845,267.8176,0.0,4,SIMULATED,SIMULATED,SIMULATED,SIMULATED
185.0,180.0,16,766.3443,-45.7771,279.8035,0.0261,4,SIMULATED,SIMULATED,SIMULATED,SIMULATED
